,Model1,Model2,Prompt1,Prompt2,Processor1,Processor2,Kappa
0,magicoder:7b-s-cl,magicoder:7b-s-cl,llm4cc-clone_type,llm4cc-integrated,defaultpatch,defaultpatch,0.015919071058843715
1,magicoder:7b-s-cl,magicoder:7b-s-cl,llm4cc-clone_type,llm4cc-clone_type-patch,defaultpatch,defaultpatch,0.023935343487721528
2,magicoder:7b-s-cl,magicoder:7b-s-cl,llm4cc-clone_type,llm4cc-integrated-patch,defaultpatch,defaultpatch,0.01641357587666714
3,magicoder:7b-s-cl,codellama:7b-instruct,llm4cc-clone_type,llm4cc-clone_type,defaultpatch,defaultpatch,0.011590352341836141
4,magicoder:7b-s-cl,codellama:7b-instruct,llm4cc-clone_type,llm4cc-integrated,defaultpatch,defaultpatch,-0.0021840313063201666
5,magicoder:7b-s-cl,codellama:7b-instruct,llm4cc-clone_type,llm4cc-clone_type-patch,defaultpatch,defaultpatch,0.016350979439857527
6,magicoder:7b-s-cl,codellama:7b-instruct,llm4cc-clone_type,llm4cc-integrated-patch,defaultpatch,defaultpatch,-0.01712635225530934
7,magicoder:7b-s-cl,codellama:13b-instruct,llm4cc-clone_type,llm4cc-clone_type,defaultpatch,defaultpatch,-0.02223670277755141
8,magicoder:7b-s-cl,codellama:13b-instruct,llm4cc-clone_type,llm4cc-integrated,defaultpatch,defaultpatch,-0.0010470134579534385
9,magicoder:7b-s-cl,codellama:13b-instruct,llm4cc-clone_type,llm4cc-clone_type-patch,defaultpatch,defaultpatch,0.05571329758979515
10,magicoder:7b-s-cl,codellama:13b-instruct,llm4cc-clone_type,llm4cc-integrated-patch,defaultpatch,defaultpatch,0.043254847370350125
11,magicoder:7b-s-cl,deepseek-coder:6.7b,llm4cc-clone_type,llm4cc-clone_type,defaultpatch,defaultpatch,0.018810860639888016
12,magicoder:7b-s-cl,deepseek-coder:6.7b,llm4cc-clone_type,llm4cc-integrated,defaultpatch,defaultpatch,-0.04763418872765368
13,magicoder:7b-s-cl,deepseek-coder:6.7b,llm4cc-clone_type,llm4cc-clone_type-patch,defaultpatch,defaultpatch,0.009296769502441071
14,magicoder:7b-s-cl,deepseek-coder:6.7b,llm4cc-clone_type,llm4cc-integrated-patch,defaultpatch,defaultpatch,-0.0222478858416284
15,magicoder:7b-s-cl,codegemma:7b-instruct,llm4cc-clone_type,llm4cc-clone_type,defaultpatch,defaultpatch,0.011906784645345225
16,magicoder:7b-s-cl,codegemma:7b-instruct,llm4cc-clone_type,llm4cc-integrated,defaultpatch,defaultpatch,0.03423333779827409
17,magicoder:7b-s-cl,codegemma:7b-instruct,llm4cc-clone_type,llm4cc-clone_type-patch,defaultpatch,defaultpatch,0.015982121347254963
18,magicoder:7b-s-cl,codegemma:7b-instruct,llm4cc-clone_type,llm4cc-integrated-patch,defaultpatch,defaultpatch,0.0010345461049823257
19,magicoder:7b-s-cl,qwen2.5:7b,llm4cc-clone_type,llm4cc-clone_type,defaultpatch,defaultpatch,-0.03270743122321895
20,magicoder:7b-s-cl,qwen2.5:7b,llm4cc-clone_type,llm4cc-integrated,defaultpatch,defaultpatch,-0.006922929428505142
21,magicoder:7b-s-cl,qwen2.5:7b,llm4cc-clone_type,llm4cc-clone_type-patch,defaultpatch,defaultpatch,-0.018665487508291
22,magicoder:7b-s-cl,qwen2.5:7b,llm4cc-clone_type,llm4cc-integrated-patch,defaultpatch,defaultpatch,0.009846042757304718
23,magicoder:7b-s-cl,qwen2.5-coder:7b,llm4cc-clone_type,llm4cc-clone_type,defaultpatch,defaultpatch,0.03162417172034304
24,magicoder:7b-s-cl,qwen2.5-coder:7b,llm4cc-clone_type,llm4cc-integrated,defaultpatch,defaultpatch,-0.056413599262631564
25,magicoder:7b-s-cl,qwen2.5-coder:7b,llm4cc-clone_type,llm4cc-clone_type-patch,defaultpatch,defaultpatch,0.058211058190192344
26,magicoder:7b-s-cl,qwen2.5-coder:7b,llm4cc-clone_type,llm4cc-integrated-patch,defaultpatch,defaultpatch,-0.061411307505219837
27,magicoder:7b-s-cl,yi-coder:9b,llm4cc-clone_type,llm4cc-clone_type,defaultpatch,defaultpatch,0.027142778647205934
28,magicoder:7b-s-cl,yi-coder:9b,llm4cc-clone_type,llm4cc-integrated,defaultpatch,defaultpatch,0.0173312310502326
29,magicoder:7b-s-cl,yi-coder:9b,llm4cc-clone_type,llm4cc-clone_type-patch,defaultpatch,defaultpatch,-0.0012688546844701332
30,magicoder:7b-s-cl,yi-coder:9b,llm4cc-clone_type,llm4cc-integrated-patch,defaultpatch,defaultpatch,0.015559715733832191
31,magicoder:7b-s-cl,hermes3:8b,llm4cc-clone_type,llm4cc-clone_type,defaultpatch,defaultpatch,-9.22843804491702e-05
32,magicoder:7b-s-cl,hermes3:8b,llm4cc-clone_type,llm4cc-integrated,defaultpatch,defaultpatch,0.0001759169671913252
33,magicoder:7b-s-cl,hermes3:8b,llm4cc-clone_type,llm4cc-clone_type-patch,defaultpatch,defaultpatch,-0.003773948503321689
34,magicoder:7b-s-cl,hermes3:8b,llm4cc-clone_type,llm4cc-integrated-patch,defaultpatch,defaultpatch,0.002622364598077964
35,magicoder:7b-s-cl,magicoder:7b-s-cl,llm4cc-clone_type,llm4cc-clone_type,defaultpatch,method,-0.03131537656903771
36,magicoder:7b-s-cl,magicoder:7b-s-cl,llm4cc-clone_type,llm4cc-integrated,defaultpatch,method,0.010274891524632568
37,magicoder:7b-s-cl,magicoder:7b-s-cl,llm4cc-clone_type,llm4cc-clone_type-patch,defaultpatch,method,-0.047797836329482424
38,magicoder:7b-s-cl,magicoder:7b-s-cl,llm4cc-clone_type,llm4cc-integrated-patch,defaultpatch,method,-0.03561620730963666
39,magicoder:7b-s-cl,codellama:7b-instruct,llm4cc-clone_type,llm4cc-clone_type,defaultpatch,method,-0.048135195924054575
40,magicoder:7b-s-cl,codellama:7b-instruct,llm4cc-clone_type,llm4cc-integrated,defaultpatch,method,0.00011241420310204031
41,magicoder:7b-s-cl,codellama:7b-instruct,llm4cc-clone_type,llm4cc-clone_type-patch,defaultpatch,method,-0.008949517954689457
42,magicoder:7b-s-cl,codellama:7b-instruct,llm4cc-clone_type,llm4cc-integrated-patch,defaultpatch,method,-0.003960548488918247
43,magicoder:7b-s-cl,codellama:13b-instruct,llm4cc-clone_type,llm4cc-clone_type,defaultpatch,method,-0.05622348916761677
44,magicoder:7b-s-cl,codellama:13b-instruct,llm4cc-clone_type,llm4cc-integrated,defaultpatch,method,-0.04484882025334258
45,magicoder:7b-s-cl,codellama:13b-instruct,llm4cc-clone_type,llm4cc-clone_type-patch,defaultpatch,method,-0.03581239530988278
46,magicoder:7b-s-cl,codellama:13b-instruct,llm4cc-clone_type,llm4cc-integrated-patch,defaultpatch,method,-0.011853244704921106
47,magicoder:7b-s-cl,deepseek-coder:6.7b,llm4cc-clone_type,llm4cc-clone_type,defaultpatch,method,0.010590408341091706
48,magicoder:7b-s-cl,deepseek-coder:6.7b,llm4cc-clone_type,llm4cc-integrated,defaultpatch,method,0.0034841276169722546
49,magicoder:7b-s-cl,deepseek-coder:6.7b,llm4cc-clone_type,llm4cc-clone_type-patch,defaultpatch,method,-0.00635366290813133
50,magicoder:7b-s-cl,deepseek-coder:6.7b,llm4cc-clone_type,llm4cc-integrated-patch,defaultpatch,method,0.006972555632562383
51,magicoder:7b-s-cl,codegemma:7b-instruct,llm4cc-clone_type,llm4cc-clone_type,defaultpatch,method,0.006992550987803825
52,magicoder:7b-s-cl,codegemma:7b-instruct,llm4cc-clone_type,llm4cc-integrated,defaultpatch,method,-0.004512003202066683
53,magicoder:7b-s-cl,codegemma:7b-instruct,llm4cc-clone_type,llm4cc-clone_type-patch,defaultpatch,method,0.0069040476501021075
54,magicoder:7b-s-cl,codegemma:7b-instruct,llm4cc-clone_type,llm4cc-integrated-patch,defaultpatch,method,0.0006712174920154856
55,magicoder:7b-s-cl,qwen2.5:7b,llm4cc-clone_type,llm4cc-clone_type,defaultpatch,method,-0.005968258520961722
56,magicoder:7b-s-cl,qwen2.5:7b,llm4cc-clone_type,llm4cc-integrated,defaultpatch,method,-0.015239057432748115
57,magicoder:7b-s-cl,qwen2.5:7b,llm4cc-clone_type,llm4cc-clone_type-patch,defaultpatch,method,-0.03460353545605033
58,magicoder:7b-s-cl,qwen2.5:7b,llm4cc-clone_type,llm4cc-integrated-patch,defaultpatch,method,-0.003749440832153228
59,magicoder:7b-s-cl,qwen2.5-coder:7b,llm4cc-clone_type,llm4cc-clone_type,defaultpatch,method,0.003934268868859281
60,magicoder:7b-s-cl,qwen2.5-coder:7b,llm4cc-clone_type,llm4cc-integrated,defaultpatch,method,-0.01100533426780359
61,magicoder:7b-s-cl,qwen2.5-coder:7b,llm4cc-clone_type,llm4cc-clone_type-patch,defaultpatch,method,-0.002315487992949894
62,magicoder:7b-s-cl,qwen2.5-coder:7b,llm4cc-clone_type,llm4cc-integrated-patch,defaultpatch,method,-0.024475280385668485
63,magicoder:7b-s-cl,yi-coder:9b,llm4cc-clone_type,llm4cc-clone_type,defaultpatch,method,0.004186096718480248
64,magicoder:7b-s-cl,yi-coder:9b,llm4cc-clone_type,llm4cc-integrated,defaultpatch,method,-0.012395445373819092
65,magicoder:7b-s-cl,yi-coder:9b,llm4cc-clone_type,llm4cc-clone_type-patch,defaultpatch,method,0.02586963187571334
66,magicoder:7b-s-cl,yi-coder:9b,llm4cc-clone_type,llm4cc-integrated-patch,defaultpatch,method,0.014202528049993002
67,magicoder:7b-s-cl,hermes3:8b,llm4cc-clone_type,llm4cc-clone_type,defaultpatch,method,-0.004758634608680534
68,magicoder:7b-s-cl,hermes3:8b,llm4cc-clone_type,llm4cc-integrated,defaultpatch,method,0.020180353257938544
69,magicoder:7b-s-cl,hermes3:8b,llm4cc-clone_type,llm4cc-clone_type-patch,defaultpatch,method,0.0008076410790084365
70,magicoder:7b-s-cl,hermes3:8b,llm4cc-clone_type,llm4cc-integrated-patch,defaultpatch,method,-0.012963182647895088
71,magicoder:7b-s-cl,magicoder:7b-s-cl,llm4cc-integrated,llm4cc-clone_type-patch,defaultpatch,defaultpatch,-0.030154397069670935
72,magicoder:7b-s-cl,magicoder:7b-s-cl,llm4cc-integrated,llm4cc-integrated-patch,defaultpatch,defaultpatch,-0.033221781432148934
73,magicoder:7b-s-cl,codellama:7b-instruct,llm4cc-integrated,llm4cc-clone_type,defaultpatch,defaultpatch,0.0015381422009803636
74,magicoder:7b-s-cl,codellama:7b-instruct,llm4cc-integrated,llm4cc-integrated,defaultpatch,defaultpatch,0.008990102379399234
75,magicoder:7b-s-cl,codellama:7b-instruct,llm4cc-integrated,llm4cc-clone_type-patch,defaultpatch,defaultpatch,-0.01125699947392067
76,magicoder:7b-s-cl,codellama:7b-instruct,llm4cc-integrated,llm4cc-integrated-patch,defaultpatch,defaultpatch,0.005104921518159222
77,magicoder:7b-s-cl,codellama:13b-instruct,llm4cc-integrated,llm4cc-clone_type,defaultpatch,defaultpatch,-0.021104517975244708
78,magicoder:7b-s-cl,codellama:13b-instruct,llm4cc-integrated,llm4cc-integrated,defaultpatch,defaultpatch,0.008658829110502198
79,magicoder:7b-s-cl,codellama:13b-instruct,llm4cc-integrated,llm4cc-clone_type-patch,defaultpatch,defaultpatch,0.028730231721214694
80,magicoder:7b-s-cl,codellama:13b-instruct,llm4cc-integrated,llm4cc-integrated-patch,defaultpatch,defaultpatch,0.009410422756113146
81,magicoder:7b-s-cl,deepseek-coder:6.7b,llm4cc-integrated,llm4cc-clone_type,defaultpatch,defaultpatch,0.001934248006667194
82,magicoder:7b-s-cl,deepseek-coder:6.7b,llm4cc-integrated,llm4cc-integrated,defaultpatch,defaultpatch,-0.04923667357680661
83,magicoder:7b-s-cl,deepseek-coder:6.7b,llm4cc-integrated,llm4cc-clone_type-patch,defaultpatch,defaultpatch,0.02150243939838903
84,magicoder:7b-s-cl,deepseek-coder:6.7b,llm4cc-integrated,llm4cc-integrated-patch,defaultpatch,defaultpatch,0.002510166723300733
85,magicoder:7b-s-cl,codegemma:7b-instruct,llm4cc-integrated,llm4cc-clone_type,defaultpatch,defaultpatch,-0.0033669399755875684
86,magicoder:7b-s-cl,codegemma:7b-instruct,llm4cc-integrated,llm4cc-integrated,defaultpatch,defaultpatch,-0.011383953830485405
87,magicoder:7b-s-cl,codegemma:7b-instruct,llm4cc-integrated,llm4cc-clone_type-patch,defaultpatch,defaultpatch,-0.013727979685764113
88,magicoder:7b-s-cl,codegemma:7b-instruct,llm4cc-integrated,llm4cc-integrated-patch,defaultpatch,defaultpatch,0.005126439420023665
89,magicoder:7b-s-cl,qwen2.5:7b,llm4cc-integrated,llm4cc-clone_type,defaultpatch,defaultpatch,-0.0251135198399135
90,magicoder:7b-s-cl,qwen2.5:7b,llm4cc-integrated,llm4cc-integrated,defaultpatch,defaultpatch,-0.00917454510506932
91,magicoder:7b-s-cl,qwen2.5:7b,llm4cc-integrated,llm4cc-clone_type-patch,defaultpatch,defaultpatch,0.014923535075345384
92,magicoder:7b-s-cl,qwen2.5:7b,llm4cc-integrated,llm4cc-integrated-patch,defaultpatch,defaultpatch,0.009056713760738022
93,magicoder:7b-s-cl,qwen2.5-coder:7b,llm4cc-integrated,llm4cc-clone_type,defaultpatch,defaultpatch,-0.02643666175075854
94,magicoder:7b-s-cl,qwen2.5-coder:7b,llm4cc-integrated,llm4cc-integrated,defaultpatch,defaultpatch,-0.012346404687412216
95,magicoder:7b-s-cl,qwen2.5-coder:7b,llm4cc-integrated,llm4cc-clone_type-patch,defaultpatch,defaultpatch,-0.012715258476700297
96,magicoder:7b-s-cl,qwen2.5-coder:7b,llm4cc-integrated,llm4cc-integrated-patch,defaultpatch,defaultpatch,0.013538141109086022
97,magicoder:7b-s-cl,yi-coder:9b,llm4cc-integrated,llm4cc-clone_type,defaultpatch,defaultpatch,0.00012847714208119587
98,magicoder:7b-s-cl,yi-coder:9b,llm4cc-integrated,llm4cc-integrated,defaultpatch,defaultpatch,-0.016259260286895616
99,magicoder:7b-s-cl,yi-coder:9b,llm4cc-integrated,llm4cc-clone_type-patch,defaultpatch,defaultpatch,0.03606375628645342
100,magicoder:7b-s-cl,yi-coder:9b,llm4cc-integrated,llm4cc-integrated-patch,defaultpatch,defaultpatch,0.003199305051617918
101,magicoder:7b-s-cl,hermes3:8b,llm4cc-integrated,llm4cc-clone_type,defaultpatch,defaultpatch,0.0015583843345116088
102,magicoder:7b-s-cl,hermes3:8b,llm4cc-integrated,llm4cc-integrated,defaultpatch,defaultpatch,0.0009147884003575246
103,magicoder:7b-s-cl,hermes3:8b,llm4cc-integrated,llm4cc-clone_type-patch,defaultpatch,defaultpatch,0.00022143748644409822
104,magicoder:7b-s-cl,hermes3:8b,llm4cc-integrated,llm4cc-integrated-patch,defaultpatch,defaultpatch,-0.014131237572199362
105,magicoder:7b-s-cl,magicoder:7b-s-cl,llm4cc-integrated,llm4cc-clone_type,defaultpatch,method,0.006607110088753476
106,magicoder:7b-s-cl,magicoder:7b-s-cl,llm4cc-integrated,llm4cc-integrated,defaultpatch,method,0.000154492768550063
107,magicoder:7b-s-cl,magicoder:7b-s-cl,llm4cc-integrated,llm4cc-clone_type-patch,defaultpatch,method,0.010216017673562727
108,magicoder:7b-s-cl,magicoder:7b-s-cl,llm4cc-integrated,llm4cc-integrated-patch,defaultpatch,method,-0.00046072630026494643
109,magicoder:7b-s-cl,codellama:7b-instruct,llm4cc-integrated,llm4cc-clone_type,defaultpatch,method,0.031014591231923183
110,magicoder:7b-s-cl,codellama:7b-instruct,llm4cc-integrated,llm4cc-integrated,defaultpatch,method,-0.0187608215783297
111,magicoder:7b-s-cl,codellama:7b-instruct,llm4cc-integrated,llm4cc-clone_type-patch,defaultpatch,method,0.01647212849085533
112,magicoder:7b-s-cl,codellama:7b-instruct,llm4cc-integrated,llm4cc-integrated-patch,defaultpatch,method,-0.01896850155483576
113,magicoder:7b-s-cl,codellama:13b-instruct,llm4cc-integrated,llm4cc-clone_type,defaultpatch,method,0.019191533388771664
114,magicoder:7b-s-cl,codellama:13b-instruct,llm4cc-integrated,llm4cc-integrated,defaultpatch,method,-0.006948793051206881
115,magicoder:7b-s-cl,codellama:13b-instruct,llm4cc-integrated,llm4cc-clone_type-patch,defaultpatch,method,0.006733463041610266
116,magicoder:7b-s-cl,codellama:13b-instruct,llm4cc-integrated,llm4cc-integrated-patch,defaultpatch,method,0.012928748927852118
117,magicoder:7b-s-cl,deepseek-coder:6.7b,llm4cc-integrated,llm4cc-clone_type,defaultpatch,method,-0.003205271458398551
118,magicoder:7b-s-cl,deepseek-coder:6.7b,llm4cc-integrated,llm4cc-integrated,defaultpatch,method,0.012729474357308312
119,magicoder:7b-s-cl,deepseek-coder:6.7b,llm4cc-integrated,llm4cc-clone_type-patch,defaultpatch,method,-0.002500606867877009
120,magicoder:7b-s-cl,deepseek-coder:6.7b,llm4cc-integrated,llm4cc-integrated-patch,defaultpatch,method,0.0006402840286400258
121,magicoder:7b-s-cl,codegemma:7b-instruct,llm4cc-integrated,llm4cc-clone_type,defaultpatch,method,0.0008055376887500243
122,magicoder:7b-s-cl,codegemma:7b-instruct,llm4cc-integrated,llm4cc-integrated,defaultpatch,method,-0.024251700646400032
123,magicoder:7b-s-cl,codegemma:7b-instruct,llm4cc-integrated,llm4cc-clone_type-patch,defaultpatch,method,-0.0038089576598252517
124,magicoder:7b-s-cl,codegemma:7b-instruct,llm4cc-integrated,llm4cc-integrated-patch,defaultpatch,method,-0.0008066224583198611
125,magicoder:7b-s-cl,qwen2.5:7b,llm4cc-integrated,llm4cc-clone_type,defaultpatch,method,0.007049944610374226
126,magicoder:7b-s-cl,qwen2.5:7b,llm4cc-integrated,llm4cc-integrated,defaultpatch,method,-0.006929599420726795
127,magicoder:7b-s-cl,qwen2.5:7b,llm4cc-integrated,llm4cc-clone_type-patch,defaultpatch,method,-0.000503631051842035
128,magicoder:7b-s-cl,qwen2.5:7b,llm4cc-integrated,llm4cc-integrated-patch,defaultpatch,method,-0.0010163094196726785
129,magicoder:7b-s-cl,qwen2.5-coder:7b,llm4cc-integrated,llm4cc-clone_type,defaultpatch,method,3.591237685696136e-05
130,magicoder:7b-s-cl,qwen2.5-coder:7b,llm4cc-integrated,llm4cc-integrated,defaultpatch,method,-0.001008531463548179
131,magicoder:7b-s-cl,qwen2.5-coder:7b,llm4cc-integrated,llm4cc-clone_type-patch,defaultpatch,method,-0.000453110708516391
132,magicoder:7b-s-cl,qwen2.5-coder:7b,llm4cc-integrated,llm4cc-integrated-patch,defaultpatch,method,-0.005465840556305945
133,magicoder:7b-s-cl,yi-coder:9b,llm4cc-integrated,llm4cc-clone_type,defaultpatch,method,-0.01865638212835319
134,magicoder:7b-s-cl,yi-coder:9b,llm4cc-integrated,llm4cc-integrated,defaultpatch,method,0.01726881100987787
135,magicoder:7b-s-cl,yi-coder:9b,llm4cc-integrated,llm4cc-clone_type-patch,defaultpatch,method,0.006201718511174459
136,magicoder:7b-s-cl,yi-coder:9b,llm4cc-integrated,llm4cc-integrated-patch,defaultpatch,method,-0.02167639422116685
137,magicoder:7b-s-cl,hermes3:8b,llm4cc-integrated,llm4cc-clone_type,defaultpatch,method,0.00270518616047577
138,magicoder:7b-s-cl,hermes3:8b,llm4cc-integrated,llm4cc-integrated,defaultpatch,method,0.004449679259120987
139,magicoder:7b-s-cl,hermes3:8b,llm4cc-integrated,llm4cc-clone_type-patch,defaultpatch,method,0.0017399648808313906
140,magicoder:7b-s-cl,hermes3:8b,llm4cc-integrated,llm4cc-integrated-patch,defaultpatch,method,0.0053424029942305
141,magicoder:7b-s-cl,magicoder:7b-s-cl,llm4cc-clone_type-patch,llm4cc-integrated-patch,defaultpatch,defaultpatch,0.007384609099172934
142,magicoder:7b-s-cl,codellama:7b-instruct,llm4cc-clone_type-patch,llm4cc-clone_type,defaultpatch,defaultpatch,0.011361551664777703
143,magicoder:7b-s-cl,codellama:7b-instruct,llm4cc-clone_type-patch,llm4cc-integrated,defaultpatch,defaultpatch,-0.017911238420667663
144,magicoder:7b-s-cl,codellama:7b-instruct,llm4cc-clone_type-patch,llm4cc-clone_type-patch,defaultpatch,defaultpatch,0.0011011483404121947
145,magicoder:7b-s-cl,codellama:7b-instruct,llm4cc-clone_type-patch,llm4cc-integrated-patch,defaultpatch,defaultpatch,-0.013592000074342359
146,magicoder:7b-s-cl,codellama:13b-instruct,llm4cc-clone_type-patch,llm4cc-clone_type,defaultpatch,defaultpatch,0.004435505593765154
147,magicoder:7b-s-cl,codellama:13b-instruct,llm4cc-clone_type-patch,llm4cc-integrated,defaultpatch,defaultpatch,0.001808590677326971
148,magicoder:7b-s-cl,codellama:13b-instruct,llm4cc-clone_type-patch,llm4cc-clone_type-patch,defaultpatch,defaultpatch,0.038890041587356095
149,magicoder:7b-s-cl,codellama:13b-instruct,llm4cc-clone_type-patch,llm4cc-integrated-patch,defaultpatch,defaultpatch,0.018420626670048068
150,magicoder:7b-s-cl,deepseek-coder:6.7b,llm4cc-clone_type-patch,llm4cc-clone_type,defaultpatch,defaultpatch,-0.02689354268997257
151,magicoder:7b-s-cl,deepseek-coder:6.7b,llm4cc-clone_type-patch,llm4cc-integrated,defaultpatch,defaultpatch,-0.008606088309954796
152,magicoder:7b-s-cl,deepseek-coder:6.7b,llm4cc-clone_type-patch,llm4cc-clone_type-patch,defaultpatch,defaultpatch,0.004808109587311593
153,magicoder:7b-s-cl,deepseek-coder:6.7b,llm4cc-clone_type-patch,llm4cc-integrated-patch,defaultpatch,defaultpatch,-0.007158187592588572
154,magicoder:7b-s-cl,codegemma:7b-instruct,llm4cc-clone_type-patch,llm4cc-clone_type,defaultpatch,defaultpatch,-0.012853655033749911
155,magicoder:7b-s-cl,codegemma:7b-instruct,llm4cc-clone_type-patch,llm4cc-integrated,defaultpatch,defaultpatch,-0.02714225692409622
156,magicoder:7b-s-cl,codegemma:7b-instruct,llm4cc-clone_type-patch,llm4cc-clone_type-patch,defaultpatch,defaultpatch,-0.010897966987445162
157,magicoder:7b-s-cl,codegemma:7b-instruct,llm4cc-clone_type-patch,llm4cc-integrated-patch,defaultpatch,defaultpatch,0.0015261836162769882
158,magicoder:7b-s-cl,qwen2.5:7b,llm4cc-clone_type-patch,llm4cc-clone_type,defaultpatch,defaultpatch,0.03660445051659589
159,magicoder:7b-s-cl,qwen2.5:7b,llm4cc-clone_type-patch,llm4cc-integrated,defaultpatch,defaultpatch,0.028752994663478026
160,magicoder:7b-s-cl,qwen2.5:7b,llm4cc-clone_type-patch,llm4cc-clone_type-patch,defaultpatch,defaultpatch,0.017674638095945605
161,magicoder:7b-s-cl,qwen2.5:7b,llm4cc-clone_type-patch,llm4cc-integrated-patch,defaultpatch,defaultpatch,-0.016949548326277597
162,magicoder:7b-s-cl,qwen2.5-coder:7b,llm4cc-clone_type-patch,llm4cc-clone_type,defaultpatch,defaultpatch,0.010452685271917672
163,magicoder:7b-s-cl,qwen2.5-coder:7b,llm4cc-clone_type-patch,llm4cc-integrated,defaultpatch,defaultpatch,0.009013876814385258
164,magicoder:7b-s-cl,qwen2.5-coder:7b,llm4cc-clone_type-patch,llm4cc-clone_type-patch,defaultpatch,defaultpatch,-0.0036897732218605928
165,magicoder:7b-s-cl,qwen2.5-coder:7b,llm4cc-clone_type-patch,llm4cc-integrated-patch,defaultpatch,defaultpatch,0.020205572838118302
166,magicoder:7b-s-cl,yi-coder:9b,llm4cc-clone_type-patch,llm4cc-clone_type,defaultpatch,defaultpatch,-0.002808224322402575
167,magicoder:7b-s-cl,yi-coder:9b,llm4cc-clone_type-patch,llm4cc-integrated,defaultpatch,defaultpatch,-0.004838526360226636
168,magicoder:7b-s-cl,yi-coder:9b,llm4cc-clone_type-patch,llm4cc-clone_type-patch,defaultpatch,defaultpatch,-0.03936272007841701
169,magicoder:7b-s-cl,yi-coder:9b,llm4cc-clone_type-patch,llm4cc-integrated-patch,defaultpatch,defaultpatch,-0.012280691453132153
170,magicoder:7b-s-cl,hermes3:8b,llm4cc-clone_type-patch,llm4cc-clone_type,defaultpatch,defaultpatch,0.0020902079887628044
171,magicoder:7b-s-cl,hermes3:8b,llm4cc-clone_type-patch,llm4cc-integrated,defaultpatch,defaultpatch,-0.0038278012215275936
172,magicoder:7b-s-cl,hermes3:8b,llm4cc-clone_type-patch,llm4cc-clone_type-patch,defaultpatch,defaultpatch,0.0034457538458032566
173,magicoder:7b-s-cl,hermes3:8b,llm4cc-clone_type-patch,llm4cc-integrated-patch,defaultpatch,defaultpatch,-0.0063041186141032934
174,magicoder:7b-s-cl,magicoder:7b-s-cl,llm4cc-clone_type-patch,llm4cc-clone_type,defaultpatch,method,0.04849359128013142
175,magicoder:7b-s-cl,magicoder:7b-s-cl,llm4cc-clone_type-patch,llm4cc-integrated,defaultpatch,method,-0.015074074726696196
176,magicoder:7b-s-cl,magicoder:7b-s-cl,llm4cc-clone_type-patch,llm4cc-clone_type-patch,defaultpatch,method,0.07341834205146203
177,magicoder:7b-s-cl,magicoder:7b-s-cl,llm4cc-clone_type-patch,llm4cc-integrated-patch,defaultpatch,method,-0.0037687795047629535
178,magicoder:7b-s-cl,codellama:7b-instruct,llm4cc-clone_type-patch,llm4cc-clone_type,defaultpatch,method,0.041272308762471566
179,magicoder:7b-s-cl,codellama:7b-instruct,llm4cc-clone_type-patch,llm4cc-integrated,defaultpatch,method,0.010851729998074489
180,magicoder:7b-s-cl,codellama:7b-instruct,llm4cc-clone_type-patch,llm4cc-clone_type-patch,defaultpatch,method,0.041539347100038926
181,magicoder:7b-s-cl,codellama:7b-instruct,llm4cc-clone_type-patch,llm4cc-integrated-patch,defaultpatch,method,0.02576005835053763
182,magicoder:7b-s-cl,codellama:13b-instruct,llm4cc-clone_type-patch,llm4cc-clone_type,defaultpatch,method,0.020366921153800344
183,magicoder:7b-s-cl,codellama:13b-instruct,llm4cc-clone_type-patch,llm4cc-integrated,defaultpatch,method,-0.003498308315065035
184,magicoder:7b-s-cl,codellama:13b-instruct,llm4cc-clone_type-patch,llm4cc-clone_type-patch,defaultpatch,method,0.024487613997198898
185,magicoder:7b-s-cl,codellama:13b-instruct,llm4cc-clone_type-patch,llm4cc-integrated-patch,defaultpatch,method,0.022272082840187224
186,magicoder:7b-s-cl,deepseek-coder:6.7b,llm4cc-clone_type-patch,llm4cc-clone_type,defaultpatch,method,0.011066837191078482
187,magicoder:7b-s-cl,deepseek-coder:6.7b,llm4cc-clone_type-patch,llm4cc-integrated,defaultpatch,method,-0.047036423679033934
188,magicoder:7b-s-cl,deepseek-coder:6.7b,llm4cc-clone_type-patch,llm4cc-clone_type-patch,defaultpatch,method,0.0023949553386169997
189,magicoder:7b-s-cl,deepseek-coder:6.7b,llm4cc-clone_type-patch,llm4cc-integrated-patch,defaultpatch,method,-0.04937999550587646
190,magicoder:7b-s-cl,codegemma:7b-instruct,llm4cc-clone_type-patch,llm4cc-clone_type,defaultpatch,method,-0.006314254245026962
191,magicoder:7b-s-cl,codegemma:7b-instruct,llm4cc-clone_type-patch,llm4cc-integrated,defaultpatch,method,0.019389455266431987
192,magicoder:7b-s-cl,codegemma:7b-instruct,llm4cc-clone_type-patch,llm4cc-clone_type-patch,defaultpatch,method,0.0015833590372139605
193,magicoder:7b-s-cl,codegemma:7b-instruct,llm4cc-clone_type-patch,llm4cc-integrated-patch,defaultpatch,method,-0.012823492359987698
194,magicoder:7b-s-cl,qwen2.5:7b,llm4cc-clone_type-patch,llm4cc-clone_type,defaultpatch,method,0.05846648279494027
195,magicoder:7b-s-cl,qwen2.5:7b,llm4cc-clone_type-patch,llm4cc-integrated,defaultpatch,method,-0.004568936119018652
196,magicoder:7b-s-cl,qwen2.5:7b,llm4cc-clone_type-patch,llm4cc-clone_type-patch,defaultpatch,method,0.047254796256062215
197,magicoder:7b-s-cl,qwen2.5:7b,llm4cc-clone_type-patch,llm4cc-integrated-patch,defaultpatch,method,-0.015603712514209223
198,magicoder:7b-s-cl,qwen2.5-coder:7b,llm4cc-clone_type-patch,llm4cc-clone_type,defaultpatch,method,0.0007873886403583219
199,magicoder:7b-s-cl,qwen2.5-coder:7b,llm4cc-clone_type-patch,llm4cc-integrated,defaultpatch,method,0.018096088670834565
200,magicoder:7b-s-cl,qwen2.5-coder:7b,llm4cc-clone_type-patch,llm4cc-clone_type-patch,defaultpatch,method,0.0005684898871235466
201,magicoder:7b-s-cl,qwen2.5-coder:7b,llm4cc-clone_type-patch,llm4cc-integrated-patch,defaultpatch,method,-0.028523837615693104
202,magicoder:7b-s-cl,yi-coder:9b,llm4cc-clone_type-patch,llm4cc-clone_type,defaultpatch,method,-0.01579918554339499
203,magicoder:7b-s-cl,yi-coder:9b,llm4cc-clone_type-patch,llm4cc-integrated,defaultpatch,method,-0.012948753826162562
204,magicoder:7b-s-cl,yi-coder:9b,llm4cc-clone_type-patch,llm4cc-clone_type-patch,defaultpatch,method,0.0009489207991905113
205,magicoder:7b-s-cl,yi-coder:9b,llm4cc-clone_type-patch,llm4cc-integrated-patch,defaultpatch,method,-0.02125309216167115
206,magicoder:7b-s-cl,hermes3:8b,llm4cc-clone_type-patch,llm4cc-clone_type,defaultpatch,method,-0.002459129458658449
207,magicoder:7b-s-cl,hermes3:8b,llm4cc-clone_type-patch,llm4cc-integrated,defaultpatch,method,-0.009811188939006676
208,magicoder:7b-s-cl,hermes3:8b,llm4cc-clone_type-patch,llm4cc-clone_type-patch,defaultpatch,method,-0.0003511574848911181
209,magicoder:7b-s-cl,hermes3:8b,llm4cc-clone_type-patch,llm4cc-integrated-patch,defaultpatch,method,-0.01774095955183963
210,magicoder:7b-s-cl,codellama:7b-instruct,llm4cc-integrated-patch,llm4cc-clone_type,defaultpatch,defaultpatch,0.003040373329562418
211,magicoder:7b-s-cl,codellama:7b-instruct,llm4cc-integrated-patch,llm4cc-integrated,defaultpatch,defaultpatch,0.025571275293066464
212,magicoder:7b-s-cl,codellama:7b-instruct,llm4cc-integrated-patch,llm4cc-clone_type-patch,defaultpatch,defaultpatch,0.012809965918439303
213,magicoder:7b-s-cl,codellama:7b-instruct,llm4cc-integrated-patch,llm4cc-integrated-patch,defaultpatch,defaultpatch,-0.002771596705718249
214,magicoder:7b-s-cl,codellama:13b-instruct,llm4cc-integrated-patch,llm4cc-clone_type,defaultpatch,defaultpatch,0.03851913975918053
215,magicoder:7b-s-cl,codellama:13b-instruct,llm4cc-integrated-patch,llm4cc-integrated,defaultpatch,defaultpatch,0.012228205854962093
216,magicoder:7b-s-cl,codellama:13b-instruct,llm4cc-integrated-patch,llm4cc-clone_type-patch,defaultpatch,defaultpatch,0.021362119898296728
217,magicoder:7b-s-cl,codellama:13b-instruct,llm4cc-integrated-patch,llm4cc-integrated-patch,defaultpatch,defaultpatch,0.015386177829685654
218,magicoder:7b-s-cl,deepseek-coder:6.7b,llm4cc-integrated-patch,llm4cc-clone_type,defaultpatch,defaultpatch,0.024455937850867526
219,magicoder:7b-s-cl,deepseek-coder:6.7b,llm4cc-integrated-patch,llm4cc-integrated,defaultpatch,defaultpatch,-0.0007246195747232509
220,magicoder:7b-s-cl,deepseek-coder:6.7b,llm4cc-integrated-patch,llm4cc-clone_type-patch,defaultpatch,defaultpatch,-0.015875347511248084
221,magicoder:7b-s-cl,deepseek-coder:6.7b,llm4cc-integrated-patch,llm4cc-integrated-patch,defaultpatch,defaultpatch,0.014632592221741847
222,magicoder:7b-s-cl,codegemma:7b-instruct,llm4cc-integrated-patch,llm4cc-clone_type,defaultpatch,defaultpatch,0.010241185733037117
223,magicoder:7b-s-cl,codegemma:7b-instruct,llm4cc-integrated-patch,llm4cc-integrated,defaultpatch,defaultpatch,-0.021499092459160707
224,magicoder:7b-s-cl,codegemma:7b-instruct,llm4cc-integrated-patch,llm4cc-clone_type-patch,defaultpatch,defaultpatch,0.008306608198616727
225,magicoder:7b-s-cl,codegemma:7b-instruct,llm4cc-integrated-patch,llm4cc-integrated-patch,defaultpatch,defaultpatch,0.03723523969091502
226,magicoder:7b-s-cl,qwen2.5:7b,llm4cc-integrated-patch,llm4cc-clone_type,defaultpatch,defaultpatch,-0.020532465120689514
227,magicoder:7b-s-cl,qwen2.5:7b,llm4cc-integrated-patch,llm4cc-integrated,defaultpatch,defaultpatch,-0.011123019412870416
228,magicoder:7b-s-cl,qwen2.5:7b,llm4cc-integrated-patch,llm4cc-clone_type-patch,defaultpatch,defaultpatch,-0.025724205016895985
229,magicoder:7b-s-cl,qwen2.5:7b,llm4cc-integrated-patch,llm4cc-integrated-patch,defaultpatch,defaultpatch,-0.01607362401019885
230,magicoder:7b-s-cl,qwen2.5-coder:7b,llm4cc-integrated-patch,llm4cc-clone_type,defaultpatch,defaultpatch,-0.007849240973759386
231,magicoder:7b-s-cl,qwen2.5-coder:7b,llm4cc-integrated-patch,llm4cc-integrated,defaultpatch,defaultpatch,0.005323414086077727
232,magicoder:7b-s-cl,qwen2.5-coder:7b,llm4cc-integrated-patch,llm4cc-clone_type-patch,defaultpatch,defaultpatch,-0.01270242797172405
233,magicoder:7b-s-cl,qwen2.5-coder:7b,llm4cc-integrated-patch,llm4cc-integrated-patch,defaultpatch,defaultpatch,0.0015089379793448154
234,magicoder:7b-s-cl,yi-coder:9b,llm4cc-integrated-patch,llm4cc-clone_type,defaultpatch,defaultpatch,0.005323665673795608
235,magicoder:7b-s-cl,yi-coder:9b,llm4cc-integrated-patch,llm4cc-integrated,defaultpatch,defaultpatch,-0.030337553539637074
236,magicoder:7b-s-cl,yi-coder:9b,llm4cc-integrated-patch,llm4cc-clone_type-patch,defaultpatch,defaultpatch,0.00861834201041245
237,magicoder:7b-s-cl,yi-coder:9b,llm4cc-integrated-patch,llm4cc-integrated-patch,defaultpatch,defaultpatch,0.020051732701561797
238,magicoder:7b-s-cl,hermes3:8b,llm4cc-integrated-patch,llm4cc-clone_type,defaultpatch,defaultpatch,-0.0020820184898777683
239,magicoder:7b-s-cl,hermes3:8b,llm4cc-integrated-patch,llm4cc-integrated,defaultpatch,defaultpatch,0.012591506612896985
240,magicoder:7b-s-cl,hermes3:8b,llm4cc-integrated-patch,llm4cc-clone_type-patch,defaultpatch,defaultpatch,0.004113238449657497
241,magicoder:7b-s-cl,hermes3:8b,llm4cc-integrated-patch,llm4cc-integrated-patch,defaultpatch,defaultpatch,0.014225918854755881
242,magicoder:7b-s-cl,magicoder:7b-s-cl,llm4cc-integrated-patch,llm4cc-clone_type,defaultpatch,method,0.004200781370979567
243,magicoder:7b-s-cl,magicoder:7b-s-cl,llm4cc-integrated-patch,llm4cc-integrated,defaultpatch,method,-0.013997547257580178
244,magicoder:7b-s-cl,magicoder:7b-s-cl,llm4cc-integrated-patch,llm4cc-clone_type-patch,defaultpatch,method,-0.02366335020320509
245,magicoder:7b-s-cl,magicoder:7b-s-cl,llm4cc-integrated-patch,llm4cc-integrated-patch,defaultpatch,method,0.016636261269072805
246,magicoder:7b-s-cl,codellama:7b-instruct,llm4cc-integrated-patch,llm4cc-clone_type,defaultpatch,method,0.011426566995450749
247,magicoder:7b-s-cl,codellama:7b-instruct,llm4cc-integrated-patch,llm4cc-integrated,defaultpatch,method,0.007754857997010367
248,magicoder:7b-s-cl,codellama:7b-instruct,llm4cc-integrated-patch,llm4cc-clone_type-patch,defaultpatch,method,-0.03232243252627853
249,magicoder:7b-s-cl,codellama:7b-instruct,llm4cc-integrated-patch,llm4cc-integrated-patch,defaultpatch,method,-0.013178176892355786
250,magicoder:7b-s-cl,codellama:13b-instruct,llm4cc-integrated-patch,llm4cc-clone_type,defaultpatch,method,-0.02923992245470952
251,magicoder:7b-s-cl,codellama:13b-instruct,llm4cc-integrated-patch,llm4cc-integrated,defaultpatch,method,-0.004066986736698919
252,magicoder:7b-s-cl,codellama:13b-instruct,llm4cc-integrated-patch,llm4cc-clone_type-patch,defaultpatch,method,0.006915267502708988
253,magicoder:7b-s-cl,codellama:13b-instruct,llm4cc-integrated-patch,llm4cc-integrated-patch,defaultpatch,method,-0.006348631336242638
254,magicoder:7b-s-cl,deepseek-coder:6.7b,llm4cc-integrated-patch,llm4cc-clone_type,defaultpatch,method,0.01378210020024706
255,magicoder:7b-s-cl,deepseek-coder:6.7b,llm4cc-integrated-patch,llm4cc-integrated,defaultpatch,method,0.02581562393216852
256,magicoder:7b-s-cl,deepseek-coder:6.7b,llm4cc-integrated-patch,llm4cc-clone_type-patch,defaultpatch,method,0.00035669566971452404
257,magicoder:7b-s-cl,deepseek-coder:6.7b,llm4cc-integrated-patch,llm4cc-integrated-patch,defaultpatch,method,0.02851659305485932
258,magicoder:7b-s-cl,codegemma:7b-instruct,llm4cc-integrated-patch,llm4cc-clone_type,defaultpatch,method,-0.002920426899130746
259,magicoder:7b-s-cl,codegemma:7b-instruct,llm4cc-integrated-patch,llm4cc-integrated,defaultpatch,method,-0.012151216448518687
260,magicoder:7b-s-cl,codegemma:7b-instruct,llm4cc-integrated-patch,llm4cc-clone_type-patch,defaultpatch,method,0.0007674472562544388
261,magicoder:7b-s-cl,codegemma:7b-instruct,llm4cc-integrated-patch,llm4cc-integrated-patch,defaultpatch,method,0.003563550259316095
262,magicoder:7b-s-cl,qwen2.5:7b,llm4cc-integrated-patch,llm4cc-clone_type,defaultpatch,method,-0.015679204374057232
263,magicoder:7b-s-cl,qwen2.5:7b,llm4cc-integrated-patch,llm4cc-integrated,defaultpatch,method,0.007446424705967236
264,magicoder:7b-s-cl,qwen2.5:7b,llm4cc-integrated-patch,llm4cc-clone_type-patch,defaultpatch,method,0.013767093033671629
265,magicoder:7b-s-cl,qwen2.5:7b,llm4cc-integrated-patch,llm4cc-integrated-patch,defaultpatch,method,0.004093911956735252
266,magicoder:7b-s-cl,qwen2.5-coder:7b,llm4cc-integrated-patch,llm4cc-clone_type,defaultpatch,method,-0.0010457210685190788
267,magicoder:7b-s-cl,qwen2.5-coder:7b,llm4cc-integrated-patch,llm4cc-integrated,defaultpatch,method,0.011570255999843848
268,magicoder:7b-s-cl,qwen2.5-coder:7b,llm4cc-integrated-patch,llm4cc-clone_type-patch,defaultpatch,method,0.0006283073627531
269,magicoder:7b-s-cl,qwen2.5-coder:7b,llm4cc-integrated-patch,llm4cc-integrated-patch,defaultpatch,method,-0.011029208097574461
270,magicoder:7b-s-cl,yi-coder:9b,llm4cc-integrated-patch,llm4cc-clone_type,defaultpatch,method,0.02823207008801898
271,magicoder:7b-s-cl,yi-coder:9b,llm4cc-integrated-patch,llm4cc-integrated,defaultpatch,method,0.01477780873537582
272,magicoder:7b-s-cl,yi-coder:9b,llm4cc-integrated-patch,llm4cc-clone_type-patch,defaultpatch,method,-0.004485365425359822
273,magicoder:7b-s-cl,yi-coder:9b,llm4cc-integrated-patch,llm4cc-integrated-patch,defaultpatch,method,0.009195414760366338
274,magicoder:7b-s-cl,hermes3:8b,llm4cc-integrated-patch,llm4cc-clone_type,defaultpatch,method,0.002102503006593648
275,magicoder:7b-s-cl,hermes3:8b,llm4cc-integrated-patch,llm4cc-integrated,defaultpatch,method,0.006549628684730413
276,magicoder:7b-s-cl,hermes3:8b,llm4cc-integrated-patch,llm4cc-clone_type-patch,defaultpatch,method,-0.004674955113655788
277,magicoder:7b-s-cl,hermes3:8b,llm4cc-integrated-patch,llm4cc-integrated-patch,defaultpatch,method,0.013601408696995887
278,codellama:7b-instruct,codellama:7b-instruct,llm4cc-clone_type,llm4cc-integrated,defaultpatch,defaultpatch,-0.004115837983058146
279,codellama:7b-instruct,codellama:7b-instruct,llm4cc-clone_type,llm4cc-clone_type-patch,defaultpatch,defaultpatch,0.06292278319361733
280,codellama:7b-instruct,codellama:7b-instruct,llm4cc-clone_type,llm4cc-integrated-patch,defaultpatch,defaultpatch,0.013614290669441531
281,codellama:7b-instruct,codellama:13b-instruct,llm4cc-clone_type,llm4cc-clone_type,defaultpatch,defaultpatch,0.07053121330637668
282,codellama:7b-instruct,codellama:13b-instruct,llm4cc-clone_type,llm4cc-integrated,defaultpatch,defaultpatch,0.023120442576570643
283,codellama:7b-instruct,codellama:13b-instruct,llm4cc-clone_type,llm4cc-clone_type-patch,defaultpatch,defaultpatch,0.00013418647682805762
284,codellama:7b-instruct,codellama:13b-instruct,llm4cc-clone_type,llm4cc-integrated-patch,defaultpatch,defaultpatch,-0.016743566569947133
285,codellama:7b-instruct,deepseek-coder:6.7b,llm4cc-clone_type,llm4cc-clone_type,defaultpatch,defaultpatch,0.001179396613359529
286,codellama:7b-instruct,deepseek-coder:6.7b,llm4cc-clone_type,llm4cc-integrated,defaultpatch,defaultpatch,0.018988638225815313
287,codellama:7b-instruct,deepseek-coder:6.7b,llm4cc-clone_type,llm4cc-clone_type-patch,defaultpatch,defaultpatch,0.02161319594767641
288,codellama:7b-instruct,deepseek-coder:6.7b,llm4cc-clone_type,llm4cc-integrated-patch,defaultpatch,defaultpatch,0.030066109796985097
289,codellama:7b-instruct,codegemma:7b-instruct,llm4cc-clone_type,llm4cc-clone_type,defaultpatch,defaultpatch,-0.03950936018384055
290,codellama:7b-instruct,codegemma:7b-instruct,llm4cc-clone_type,llm4cc-integrated,defaultpatch,defaultpatch,-0.06648414895933796
291,codellama:7b-instruct,codegemma:7b-instruct,llm4cc-clone_type,llm4cc-clone_type-patch,defaultpatch,defaultpatch,-0.03112830576201575
292,codellama:7b-instruct,codegemma:7b-instruct,llm4cc-clone_type,llm4cc-integrated-patch,defaultpatch,defaultpatch,-0.023395471037157556
293,codellama:7b-instruct,qwen2.5:7b,llm4cc-clone_type,llm4cc-clone_type,defaultpatch,defaultpatch,0.04266365314264864
294,codellama:7b-instruct,qwen2.5:7b,llm4cc-clone_type,llm4cc-integrated,defaultpatch,defaultpatch,0.02044761329549094
295,codellama:7b-instruct,qwen2.5:7b,llm4cc-clone_type,llm4cc-clone_type-patch,defaultpatch,defaultpatch,0.08016812923795835
296,codellama:7b-instruct,qwen2.5:7b,llm4cc-clone_type,llm4cc-integrated-patch,defaultpatch,defaultpatch,0.038216992503408265
297,codellama:7b-instruct,qwen2.5-coder:7b,llm4cc-clone_type,llm4cc-clone_type,defaultpatch,defaultpatch,-0.004821973700432691
298,codellama:7b-instruct,qwen2.5-coder:7b,llm4cc-clone_type,llm4cc-integrated,defaultpatch,defaultpatch,0.10453483410205822
299,codellama:7b-instruct,qwen2.5-coder:7b,llm4cc-clone_type,llm4cc-clone_type-patch,defaultpatch,defaultpatch,-0.008750957645028423
300,codellama:7b-instruct,qwen2.5-coder:7b,llm4cc-clone_type,llm4cc-integrated-patch,defaultpatch,defaultpatch,0.14968391812016701
301,codellama:7b-instruct,yi-coder:9b,llm4cc-clone_type,llm4cc-clone_type,defaultpatch,defaultpatch,0.004900432304295044
302,codellama:7b-instruct,yi-coder:9b,llm4cc-clone_type,llm4cc-integrated,defaultpatch,defaultpatch,-0.009237183245391467
303,codellama:7b-instruct,yi-coder:9b,llm4cc-clone_type,llm4cc-clone_type-patch,defaultpatch,defaultpatch,0.032580129686612724
304,codellama:7b-instruct,yi-coder:9b,llm4cc-clone_type,llm4cc-integrated-patch,defaultpatch,defaultpatch,-0.0420078176839378
305,codellama:7b-instruct,hermes3:8b,llm4cc-clone_type,llm4cc-clone_type,defaultpatch,defaultpatch,-0.007126795348473491
306,codellama:7b-instruct,hermes3:8b,llm4cc-clone_type,llm4cc-integrated,defaultpatch,defaultpatch,-0.014478996067304184
307,codellama:7b-instruct,hermes3:8b,llm4cc-clone_type,llm4cc-clone_type-patch,defaultpatch,defaultpatch,-0.012373319095319912
308,codellama:7b-instruct,hermes3:8b,llm4cc-clone_type,llm4cc-integrated-patch,defaultpatch,defaultpatch,-0.025585286034949473
309,codellama:7b-instruct,magicoder:7b-s-cl,llm4cc-clone_type,llm4cc-clone_type,defaultpatch,method,0.06780172362887538
310,codellama:7b-instruct,magicoder:7b-s-cl,llm4cc-clone_type,llm4cc-integrated,defaultpatch,method,0.014097510741806096
311,codellama:7b-instruct,magicoder:7b-s-cl,llm4cc-clone_type,llm4cc-clone_type-patch,defaultpatch,method,0.18743095371471807
312,codellama:7b-instruct,magicoder:7b-s-cl,llm4cc-clone_type,llm4cc-integrated-patch,defaultpatch,method,0.054803245663354705
313,codellama:7b-instruct,codellama:7b-instruct,llm4cc-clone_type,llm4cc-clone_type,defaultpatch,method,0.08158851223339814
314,codellama:7b-instruct,codellama:7b-instruct,llm4cc-clone_type,llm4cc-integrated,defaultpatch,method,0.005041598373410117
315,codellama:7b-instruct,codellama:7b-instruct,llm4cc-clone_type,llm4cc-clone_type-patch,defaultpatch,method,0.03239882635171776
316,codellama:7b-instruct,codellama:7b-instruct,llm4cc-clone_type,llm4cc-integrated-patch,defaultpatch,method,-0.008416376145373716
317,codellama:7b-instruct,codellama:13b-instruct,llm4cc-clone_type,llm4cc-clone_type,defaultpatch,method,0.13155742139317472
318,codellama:7b-instruct,codellama:13b-instruct,llm4cc-clone_type,llm4cc-integrated,defaultpatch,method,0.03336620989234684
319,codellama:7b-instruct,codellama:13b-instruct,llm4cc-clone_type,llm4cc-clone_type-patch,defaultpatch,method,0.13525499363194227
320,codellama:7b-instruct,codellama:13b-instruct,llm4cc-clone_type,llm4cc-integrated-patch,defaultpatch,method,0.09913825229713658
321,codellama:7b-instruct,deepseek-coder:6.7b,llm4cc-clone_type,llm4cc-clone_type,defaultpatch,method,-0.08205191845575888
322,codellama:7b-instruct,deepseek-coder:6.7b,llm4cc-clone_type,llm4cc-integrated,defaultpatch,method,-0.13209869220960235
323,codellama:7b-instruct,deepseek-coder:6.7b,llm4cc-clone_type,llm4cc-clone_type-patch,defaultpatch,method,-0.04364820846905548
324,codellama:7b-instruct,deepseek-coder:6.7b,llm4cc-clone_type,llm4cc-integrated-patch,defaultpatch,method,-0.1635463828681687
325,codellama:7b-instruct,codegemma:7b-instruct,llm4cc-clone_type,llm4cc-clone_type,defaultpatch,method,0.013344161198803328
326,codellama:7b-instruct,codegemma:7b-instruct,llm4cc-clone_type,llm4cc-integrated,defaultpatch,method,0.026926425184248037
327,codellama:7b-instruct,codegemma:7b-instruct,llm4cc-clone_type,llm4cc-clone_type-patch,defaultpatch,method,0.002753733929592994
328,codellama:7b-instruct,codegemma:7b-instruct,llm4cc-clone_type,llm4cc-integrated-patch,defaultpatch,method,-0.044134173944216704
329,codellama:7b-instruct,qwen2.5:7b,llm4cc-clone_type,llm4cc-clone_type,defaultpatch,method,0.21975291988444112
330,codellama:7b-instruct,qwen2.5:7b,llm4cc-clone_type,llm4cc-integrated,defaultpatch,method,-0.02810177815531545
331,codellama:7b-instruct,qwen2.5:7b,llm4cc-clone_type,llm4cc-clone_type-patch,defaultpatch,method,0.15411824479278002
332,codellama:7b-instruct,qwen2.5:7b,llm4cc-clone_type,llm4cc-integrated-patch,defaultpatch,method,-0.041298037871050575
333,codellama:7b-instruct,qwen2.5-coder:7b,llm4cc-clone_type,llm4cc-clone_type,defaultpatch,method,-0.000826794904243533
334,codellama:7b-instruct,qwen2.5-coder:7b,llm4cc-clone_type,llm4cc-integrated,defaultpatch,method,-0.02352182342793463
335,codellama:7b-instruct,qwen2.5-coder:7b,llm4cc-clone_type,llm4cc-clone_type-patch,defaultpatch,method,1.055106080360968e-05
336,codellama:7b-instruct,qwen2.5-coder:7b,llm4cc-clone_type,llm4cc-integrated-patch,defaultpatch,method,-0.009606878100385963
337,codellama:7b-instruct,yi-coder:9b,llm4cc-clone_type,llm4cc-clone_type,defaultpatch,method,-0.045552344601397676
338,codellama:7b-instruct,yi-coder:9b,llm4cc-clone_type,llm4cc-integrated,defaultpatch,method,-0.11444695523145287
339,codellama:7b-instruct,yi-coder:9b,llm4cc-clone_type,llm4cc-clone_type-patch,defaultpatch,method,-0.01755922918707653
340,codellama:7b-instruct,yi-coder:9b,llm4cc-clone_type,llm4cc-integrated-patch,defaultpatch,method,-0.07839075789531003
341,codellama:7b-instruct,hermes3:8b,llm4cc-clone_type,llm4cc-clone_type,defaultpatch,method,-0.018664300936222178
342,codellama:7b-instruct,hermes3:8b,llm4cc-clone_type,llm4cc-integrated,defaultpatch,method,-0.011449078760281894
343,codellama:7b-instruct,hermes3:8b,llm4cc-clone_type,llm4cc-clone_type-patch,defaultpatch,method,-0.014420582191262188
344,codellama:7b-instruct,hermes3:8b,llm4cc-clone_type,llm4cc-integrated-patch,defaultpatch,method,-0.0325477203241511
345,codellama:7b-instruct,codellama:7b-instruct,llm4cc-integrated,llm4cc-clone_type-patch,defaultpatch,defaultpatch,-0.021479328165374678
346,codellama:7b-instruct,codellama:7b-instruct,llm4cc-integrated,llm4cc-integrated-patch,defaultpatch,defaultpatch,0.025859129192698505
347,codellama:7b-instruct,codellama:13b-instruct,llm4cc-integrated,llm4cc-clone_type,defaultpatch,defaultpatch,0.05220353885042328
348,codellama:7b-instruct,codellama:13b-instruct,llm4cc-integrated,llm4cc-integrated,defaultpatch,defaultpatch,0.028592281163427935
349,codellama:7b-instruct,codellama:13b-instruct,llm4cc-integrated,llm4cc-clone_type-patch,defaultpatch,defaultpatch,0.01508021206607879
350,codellama:7b-instruct,codellama:13b-instruct,llm4cc-integrated,llm4cc-integrated-patch,defaultpatch,defaultpatch,0.018161473650847526
351,codellama:7b-instruct,deepseek-coder:6.7b,llm4cc-integrated,llm4cc-clone_type,defaultpatch,defaultpatch,0.004394285806943343
352,codellama:7b-instruct,deepseek-coder:6.7b,llm4cc-integrated,llm4cc-integrated,defaultpatch,defaultpatch,-0.02778179486919674
353,codellama:7b-instruct,deepseek-coder:6.7b,llm4cc-integrated,llm4cc-clone_type-patch,defaultpatch,defaultpatch,-0.021710305384474493
354,codellama:7b-instruct,deepseek-coder:6.7b,llm4cc-integrated,llm4cc-integrated-patch,defaultpatch,defaultpatch,0.015156736149748662
355,codellama:7b-instruct,codegemma:7b-instruct,llm4cc-integrated,llm4cc-clone_type,defaultpatch,defaultpatch,0.0018568958808435898
356,codellama:7b-instruct,codegemma:7b-instruct,llm4cc-integrated,llm4cc-integrated,defaultpatch,defaultpatch,0.005975828855281584
357,codellama:7b-instruct,codegemma:7b-instruct,llm4cc-integrated,llm4cc-clone_type-patch,defaultpatch,defaultpatch,0.002178992984240846
358,codellama:7b-instruct,codegemma:7b-instruct,llm4cc-integrated,llm4cc-integrated-patch,defaultpatch,defaultpatch,-0.03676911554715301
359,codellama:7b-instruct,qwen2.5:7b,llm4cc-integrated,llm4cc-clone_type,defaultpatch,defaultpatch,0.019736112651069893
360,codellama:7b-instruct,qwen2.5:7b,llm4cc-integrated,llm4cc-integrated,defaultpatch,defaultpatch,0.007023106637468635
361,codellama:7b-instruct,qwen2.5:7b,llm4cc-integrated,llm4cc-clone_type-patch,defaultpatch,defaultpatch,0.05962377086558912
362,codellama:7b-instruct,qwen2.5:7b,llm4cc-integrated,llm4cc-integrated-patch,defaultpatch,defaultpatch,-0.0007427299107016783
363,codellama:7b-instruct,qwen2.5-coder:7b,llm4cc-integrated,llm4cc-clone_type,defaultpatch,defaultpatch,-0.02822007074699462
364,codellama:7b-instruct,qwen2.5-coder:7b,llm4cc-integrated,llm4cc-integrated,defaultpatch,defaultpatch,0.04877256371002281
365,codellama:7b-instruct,qwen2.5-coder:7b,llm4cc-integrated,llm4cc-clone_type-patch,defaultpatch,defaultpatch,-0.01912068027723768
366,codellama:7b-instruct,qwen2.5-coder:7b,llm4cc-integrated,llm4cc-integrated-patch,defaultpatch,defaultpatch,0.019588748974278425
367,codellama:7b-instruct,yi-coder:9b,llm4cc-integrated,llm4cc-clone_type,defaultpatch,defaultpatch,0.016828627877133462
368,codellama:7b-instruct,yi-coder:9b,llm4cc-integrated,llm4cc-integrated,defaultpatch,defaultpatch,0.012841068079297857
369,codellama:7b-instruct,yi-coder:9b,llm4cc-integrated,llm4cc-clone_type-patch,defaultpatch,defaultpatch,0.01246562166712839
370,codellama:7b-instruct,yi-coder:9b,llm4cc-integrated,llm4cc-integrated-patch,defaultpatch,defaultpatch,-0.010588643213399918
371,codellama:7b-instruct,hermes3:8b,llm4cc-integrated,llm4cc-clone_type,defaultpatch,defaultpatch,0.000231293629256335
372,codellama:7b-instruct,hermes3:8b,llm4cc-integrated,llm4cc-integrated,defaultpatch,defaultpatch,-0.011011889327375401
373,codellama:7b-instruct,hermes3:8b,llm4cc-integrated,llm4cc-clone_type-patch,defaultpatch,defaultpatch,-0.003245807968880632
374,codellama:7b-instruct,hermes3:8b,llm4cc-integrated,llm4cc-integrated-patch,defaultpatch,defaultpatch,0.007129357982678219
375,codellama:7b-instruct,magicoder:7b-s-cl,llm4cc-integrated,llm4cc-clone_type,defaultpatch,method,-0.00634254658766098
376,codellama:7b-instruct,magicoder:7b-s-cl,llm4cc-integrated,llm4cc-integrated,defaultpatch,method,0.009165439900422512
377,codellama:7b-instruct,magicoder:7b-s-cl,llm4cc-integrated,llm4cc-clone_type-patch,defaultpatch,method,0.0254355150195974
378,codellama:7b-instruct,magicoder:7b-s-cl,llm4cc-integrated,llm4cc-integrated-patch,defaultpatch,method,0.015609889243671127
379,codellama:7b-instruct,codellama:7b-instruct,llm4cc-integrated,llm4cc-clone_type,defaultpatch,method,0.016325498168463626
380,codellama:7b-instruct,codellama:7b-instruct,llm4cc-integrated,llm4cc-integrated,defaultpatch,method,-0.02480016733038304
381,codellama:7b-instruct,codellama:7b-instruct,llm4cc-integrated,llm4cc-clone_type-patch,defaultpatch,method,-0.0002857677982168738
382,codellama:7b-instruct,codellama:7b-instruct,llm4cc-integrated,llm4cc-integrated-patch,defaultpatch,method,0.004703970150807368
383,codellama:7b-instruct,codellama:13b-instruct,llm4cc-integrated,llm4cc-clone_type,defaultpatch,method,0.032838912350551586
384,codellama:7b-instruct,codellama:13b-instruct,llm4cc-integrated,llm4cc-integrated,defaultpatch,method,0.042437203351645025
385,codellama:7b-instruct,codellama:13b-instruct,llm4cc-integrated,llm4cc-clone_type-patch,defaultpatch,method,0.030539008897882858
386,codellama:7b-instruct,codellama:13b-instruct,llm4cc-integrated,llm4cc-integrated-patch,defaultpatch,method,0.028660192000895868
387,codellama:7b-instruct,deepseek-coder:6.7b,llm4cc-integrated,llm4cc-clone_type,defaultpatch,method,-0.012842845269427805
388,codellama:7b-instruct,deepseek-coder:6.7b,llm4cc-integrated,llm4cc-integrated,defaultpatch,method,-0.008206166589967756
389,codellama:7b-instruct,deepseek-coder:6.7b,llm4cc-integrated,llm4cc-clone_type-patch,defaultpatch,method,0.0026683625972289127
390,codellama:7b-instruct,deepseek-coder:6.7b,llm4cc-integrated,llm4cc-integrated-patch,defaultpatch,method,0.002397859028448801
391,codellama:7b-instruct,codegemma:7b-instruct,llm4cc-integrated,llm4cc-clone_type,defaultpatch,method,-0.010033908858943175
392,codellama:7b-instruct,codegemma:7b-instruct,llm4cc-integrated,llm4cc-integrated,defaultpatch,method,0.01631570355860279
393,codellama:7b-instruct,codegemma:7b-instruct,llm4cc-integrated,llm4cc-clone_type-patch,defaultpatch,method,-0.007455878029742458
394,codellama:7b-instruct,codegemma:7b-instruct,llm4cc-integrated,llm4cc-integrated-patch,defaultpatch,method,0.0035879108018124217
395,codellama:7b-instruct,qwen2.5:7b,llm4cc-integrated,llm4cc-clone_type,defaultpatch,method,-0.016423455794285058
396,codellama:7b-instruct,qwen2.5:7b,llm4cc-integrated,llm4cc-integrated,defaultpatch,method,-0.017824430574694183
397,codellama:7b-instruct,qwen2.5:7b,llm4cc-integrated,llm4cc-clone_type-patch,defaultpatch,method,-0.004424260867529561
398,codellama:7b-instruct,qwen2.5:7b,llm4cc-integrated,llm4cc-integrated-patch,defaultpatch,method,-0.0064059256448048
399,codellama:7b-instruct,qwen2.5-coder:7b,llm4cc-integrated,llm4cc-clone_type,defaultpatch,method,-0.0005895627071095255
400,codellama:7b-instruct,qwen2.5-coder:7b,llm4cc-integrated,llm4cc-integrated,defaultpatch,method,-0.010731851743426946
401,codellama:7b-instruct,qwen2.5-coder:7b,llm4cc-integrated,llm4cc-clone_type-patch,defaultpatch,method,-0.004138856337358554
402,codellama:7b-instruct,qwen2.5-coder:7b,llm4cc-integrated,llm4cc-integrated-patch,defaultpatch,method,-0.01475964557315268
403,codellama:7b-instruct,yi-coder:9b,llm4cc-integrated,llm4cc-clone_type,defaultpatch,method,-0.004166344336755445
404,codellama:7b-instruct,yi-coder:9b,llm4cc-integrated,llm4cc-integrated,defaultpatch,method,-0.002647028490887937
405,codellama:7b-instruct,yi-coder:9b,llm4cc-integrated,llm4cc-clone_type-patch,defaultpatch,method,-0.006812682238337864
406,codellama:7b-instruct,yi-coder:9b,llm4cc-integrated,llm4cc-integrated-patch,defaultpatch,method,0.022658188730838136
407,codellama:7b-instruct,hermes3:8b,llm4cc-integrated,llm4cc-clone_type,defaultpatch,method,-0.0010080427215530818
408,codellama:7b-instruct,hermes3:8b,llm4cc-integrated,llm4cc-integrated,defaultpatch,method,-0.006833766887923254
409,codellama:7b-instruct,hermes3:8b,llm4cc-integrated,llm4cc-clone_type-patch,defaultpatch,method,0.002789121202221634
410,codellama:7b-instruct,hermes3:8b,llm4cc-integrated,llm4cc-integrated-patch,defaultpatch,method,0.00767236273935723
411,codellama:7b-instruct,codellama:7b-instruct,llm4cc-clone_type-patch,llm4cc-integrated-patch,defaultpatch,defaultpatch,-0.0025378049036262063
412,codellama:7b-instruct,codellama:13b-instruct,llm4cc-clone_type-patch,llm4cc-clone_type,defaultpatch,defaultpatch,-0.010504873655325708
413,codellama:7b-instruct,codellama:13b-instruct,llm4cc-clone_type-patch,llm4cc-integrated,defaultpatch,defaultpatch,-0.012300467934654113
414,codellama:7b-instruct,codellama:13b-instruct,llm4cc-clone_type-patch,llm4cc-clone_type-patch,defaultpatch,defaultpatch,0.01423251776209078
415,codellama:7b-instruct,codellama:13b-instruct,llm4cc-clone_type-patch,llm4cc-integrated-patch,defaultpatch,defaultpatch,0.001185457500016751
416,codellama:7b-instruct,deepseek-coder:6.7b,llm4cc-clone_type-patch,llm4cc-clone_type,defaultpatch,defaultpatch,0.003694184697082825
417,codellama:7b-instruct,deepseek-coder:6.7b,llm4cc-clone_type-patch,llm4cc-integrated,defaultpatch,defaultpatch,0.01834729391595924
418,codellama:7b-instruct,deepseek-coder:6.7b,llm4cc-clone_type-patch,llm4cc-clone_type-patch,defaultpatch,defaultpatch,-0.014439020371171285
419,codellama:7b-instruct,deepseek-coder:6.7b,llm4cc-clone_type-patch,llm4cc-integrated-patch,defaultpatch,defaultpatch,-0.04630582704021147
420,codellama:7b-instruct,codegemma:7b-instruct,llm4cc-clone_type-patch,llm4cc-clone_type,defaultpatch,defaultpatch,4.495877280463745e-06
421,codellama:7b-instruct,codegemma:7b-instruct,llm4cc-clone_type-patch,llm4cc-integrated,defaultpatch,defaultpatch,-0.019027362405213966
422,codellama:7b-instruct,codegemma:7b-instruct,llm4cc-clone_type-patch,llm4cc-clone_type-patch,defaultpatch,defaultpatch,0.007980187121628957
423,codellama:7b-instruct,codegemma:7b-instruct,llm4cc-clone_type-patch,llm4cc-integrated-patch,defaultpatch,defaultpatch,0.007200523674449122
424,codellama:7b-instruct,qwen2.5:7b,llm4cc-clone_type-patch,llm4cc-clone_type,defaultpatch,defaultpatch,-0.008308450937101863
425,codellama:7b-instruct,qwen2.5:7b,llm4cc-clone_type-patch,llm4cc-integrated,defaultpatch,defaultpatch,0.006642703787605675
426,codellama:7b-instruct,qwen2.5:7b,llm4cc-clone_type-patch,llm4cc-clone_type-patch,defaultpatch,defaultpatch,0.004857187456381529
427,codellama:7b-instruct,qwen2.5:7b,llm4cc-clone_type-patch,llm4cc-integrated-patch,defaultpatch,defaultpatch,0.018006418016124903
428,codellama:7b-instruct,qwen2.5-coder:7b,llm4cc-clone_type-patch,llm4cc-clone_type,defaultpatch,defaultpatch,0.11167048255271828
429,codellama:7b-instruct,qwen2.5-coder:7b,llm4cc-clone_type-patch,llm4cc-integrated,defaultpatch,defaultpatch,-0.053928804269598674
430,codellama:7b-instruct,qwen2.5-coder:7b,llm4cc-clone_type-patch,llm4cc-clone_type-patch,defaultpatch,defaultpatch,0.11896805354822904
431,codellama:7b-instruct,qwen2.5-coder:7b,llm4cc-clone_type-patch,llm4cc-integrated-patch,defaultpatch,defaultpatch,-0.051607940946954756
432,codellama:7b-instruct,yi-coder:9b,llm4cc-clone_type-patch,llm4cc-clone_type,defaultpatch,defaultpatch,-0.0025971427329616326
433,codellama:7b-instruct,yi-coder:9b,llm4cc-clone_type-patch,llm4cc-integrated,defaultpatch,defaultpatch,0.017895798393829487
434,codellama:7b-instruct,yi-coder:9b,llm4cc-clone_type-patch,llm4cc-clone_type-patch,defaultpatch,defaultpatch,-0.01134376709120577
435,codellama:7b-instruct,yi-coder:9b,llm4cc-clone_type-patch,llm4cc-integrated-patch,defaultpatch,defaultpatch,-0.0070867768972902034
436,codellama:7b-instruct,hermes3:8b,llm4cc-clone_type-patch,llm4cc-clone_type,defaultpatch,defaultpatch,0.0018531631403687632
437,codellama:7b-instruct,hermes3:8b,llm4cc-clone_type-patch,llm4cc-integrated,defaultpatch,defaultpatch,0.007766034803431299
438,codellama:7b-instruct,hermes3:8b,llm4cc-clone_type-patch,llm4cc-clone_type-patch,defaultpatch,defaultpatch,0.012735265253005279
439,codellama:7b-instruct,hermes3:8b,llm4cc-clone_type-patch,llm4cc-integrated-patch,defaultpatch,defaultpatch,0.05350917830243851
440,codellama:7b-instruct,magicoder:7b-s-cl,llm4cc-clone_type-patch,llm4cc-clone_type,defaultpatch,method,0.0495631558609293
441,codellama:7b-instruct,magicoder:7b-s-cl,llm4cc-clone_type-patch,llm4cc-integrated,defaultpatch,method,-0.02566814556822905
442,codellama:7b-instruct,magicoder:7b-s-cl,llm4cc-clone_type-patch,llm4cc-clone_type-patch,defaultpatch,method,-0.0382236202175088
443,codellama:7b-instruct,magicoder:7b-s-cl,llm4cc-clone_type-patch,llm4cc-integrated-patch,defaultpatch,method,-0.016069415133237896
444,codellama:7b-instruct,codellama:7b-instruct,llm4cc-clone_type-patch,llm4cc-clone_type,defaultpatch,method,-0.011715001287362803
445,codellama:7b-instruct,codellama:7b-instruct,llm4cc-clone_type-patch,llm4cc-integrated,defaultpatch,method,-0.020502366953621287
446,codellama:7b-instruct,codellama:7b-instruct,llm4cc-clone_type-patch,llm4cc-clone_type-patch,defaultpatch,method,-0.04155806395855288
447,codellama:7b-instruct,codellama:7b-instruct,llm4cc-clone_type-patch,llm4cc-integrated-patch,defaultpatch,method,-0.03753304078084496
448,codellama:7b-instruct,codellama:13b-instruct,llm4cc-clone_type-patch,llm4cc-clone_type,defaultpatch,method,-0.01493054875301203
449,codellama:7b-instruct,codellama:13b-instruct,llm4cc-clone_type-patch,llm4cc-integrated,defaultpatch,method,-0.0478716719628014
450,codellama:7b-instruct,codellama:13b-instruct,llm4cc-clone_type-patch,llm4cc-clone_type-patch,defaultpatch,method,-0.028732908040806304
451,codellama:7b-instruct,codellama:13b-instruct,llm4cc-clone_type-patch,llm4cc-integrated-patch,defaultpatch,method,-0.05460148167358714
452,codellama:7b-instruct,deepseek-coder:6.7b,llm4cc-clone_type-patch,llm4cc-clone_type,defaultpatch,method,0.01492029093196634
453,codellama:7b-instruct,deepseek-coder:6.7b,llm4cc-clone_type-patch,llm4cc-integrated,defaultpatch,method,0.02540831322962589
454,codellama:7b-instruct,deepseek-coder:6.7b,llm4cc-clone_type-patch,llm4cc-clone_type-patch,defaultpatch,method,0.006694119411709276
455,codellama:7b-instruct,deepseek-coder:6.7b,llm4cc-clone_type-patch,llm4cc-integrated-patch,defaultpatch,method,-0.0019849146486699
456,codellama:7b-instruct,codegemma:7b-instruct,llm4cc-clone_type-patch,llm4cc-clone_type,defaultpatch,method,0.027045040802994857
457,codellama:7b-instruct,codegemma:7b-instruct,llm4cc-clone_type-patch,llm4cc-integrated,defaultpatch,method,-0.006722962811494204
458,codellama:7b-instruct,codegemma:7b-instruct,llm4cc-clone_type-patch,llm4cc-clone_type-patch,defaultpatch,method,-0.0006729878662286026
459,codellama:7b-instruct,codegemma:7b-instruct,llm4cc-clone_type-patch,llm4cc-integrated-patch,defaultpatch,method,0.03579470696444709
460,codellama:7b-instruct,qwen2.5:7b,llm4cc-clone_type-patch,llm4cc-clone_type,defaultpatch,method,-0.004409511097928753
461,codellama:7b-instruct,qwen2.5:7b,llm4cc-clone_type-patch,llm4cc-integrated,defaultpatch,method,0.043289661579753225
462,codellama:7b-instruct,qwen2.5:7b,llm4cc-clone_type-patch,llm4cc-clone_type-patch,defaultpatch,method,0.025156528909637488
463,codellama:7b-instruct,qwen2.5:7b,llm4cc-clone_type-patch,llm4cc-integrated-patch,defaultpatch,method,-0.01286900210120212
464,codellama:7b-instruct,qwen2.5-coder:7b,llm4cc-clone_type-patch,llm4cc-clone_type,defaultpatch,method,0.007875289001431307
465,codellama:7b-instruct,qwen2.5-coder:7b,llm4cc-clone_type-patch,llm4cc-integrated,defaultpatch,method,0.0008282397011287745
466,codellama:7b-instruct,qwen2.5-coder:7b,llm4cc-clone_type-patch,llm4cc-clone_type-patch,defaultpatch,method,0.005453252463365699
467,codellama:7b-instruct,qwen2.5-coder:7b,llm4cc-clone_type-patch,llm4cc-integrated-patch,defaultpatch,method,0.0013265199356825574
468,codellama:7b-instruct,yi-coder:9b,llm4cc-clone_type-patch,llm4cc-clone_type,defaultpatch,method,0.006136284120412117
469,codellama:7b-instruct,yi-coder:9b,llm4cc-clone_type-patch,llm4cc-integrated,defaultpatch,method,-0.00022186797444812
470,codellama:7b-instruct,yi-coder:9b,llm4cc-clone_type-patch,llm4cc-clone_type-patch,defaultpatch,method,0.02163659274515939
471,codellama:7b-instruct,yi-coder:9b,llm4cc-clone_type-patch,llm4cc-integrated-patch,defaultpatch,method,0.011294428304654325
472,codellama:7b-instruct,hermes3:8b,llm4cc-clone_type-patch,llm4cc-clone_type,defaultpatch,method,-0.0011305641311047943
473,codellama:7b-instruct,hermes3:8b,llm4cc-clone_type-patch,llm4cc-integrated,defaultpatch,method,0.006862631244577755
474,codellama:7b-instruct,hermes3:8b,llm4cc-clone_type-patch,llm4cc-clone_type-patch,defaultpatch,method,-0.0028721396641469
475,codellama:7b-instruct,hermes3:8b,llm4cc-clone_type-patch,llm4cc-integrated-patch,defaultpatch,method,0.011006420311222676
476,codellama:7b-instruct,codellama:13b-instruct,llm4cc-integrated-patch,llm4cc-clone_type,defaultpatch,defaultpatch,0.0029196381563204588
477,codellama:7b-instruct,codellama:13b-instruct,llm4cc-integrated-patch,llm4cc-integrated,defaultpatch,defaultpatch,0.011430393171543596
478,codellama:7b-instruct,codellama:13b-instruct,llm4cc-integrated-patch,llm4cc-clone_type-patch,defaultpatch,defaultpatch,0.001151617662936033
479,codellama:7b-instruct,codellama:13b-instruct,llm4cc-integrated-patch,llm4cc-integrated-patch,defaultpatch,defaultpatch,0.005781485993105795
480,codellama:7b-instruct,deepseek-coder:6.7b,llm4cc-integrated-patch,llm4cc-clone_type,defaultpatch,defaultpatch,-0.007830394715815148
481,codellama:7b-instruct,deepseek-coder:6.7b,llm4cc-integrated-patch,llm4cc-integrated,defaultpatch,defaultpatch,0.01305527622426983
482,codellama:7b-instruct,deepseek-coder:6.7b,llm4cc-integrated-patch,llm4cc-clone_type-patch,defaultpatch,defaultpatch,0.027881272381795275
483,codellama:7b-instruct,deepseek-coder:6.7b,llm4cc-integrated-patch,llm4cc-integrated-patch,defaultpatch,defaultpatch,0.03165248701658119
484,codellama:7b-instruct,codegemma:7b-instruct,llm4cc-integrated-patch,llm4cc-clone_type,defaultpatch,defaultpatch,-0.006564419216559481
485,codellama:7b-instruct,codegemma:7b-instruct,llm4cc-integrated-patch,llm4cc-integrated,defaultpatch,defaultpatch,-0.03317043977750056
486,codellama:7b-instruct,codegemma:7b-instruct,llm4cc-integrated-patch,llm4cc-clone_type-patch,defaultpatch,defaultpatch,-0.011312276301695512
487,codellama:7b-instruct,codegemma:7b-instruct,llm4cc-integrated-patch,llm4cc-integrated-patch,defaultpatch,defaultpatch,0.014933550088534253
488,codellama:7b-instruct,qwen2.5:7b,llm4cc-integrated-patch,llm4cc-clone_type,defaultpatch,defaultpatch,0.002665912632964451
489,codellama:7b-instruct,qwen2.5:7b,llm4cc-integrated-patch,llm4cc-integrated,defaultpatch,defaultpatch,0.010124191628858692
490,codellama:7b-instruct,qwen2.5:7b,llm4cc-integrated-patch,llm4cc-clone_type-patch,defaultpatch,defaultpatch,0.00210012709190599
491,codellama:7b-instruct,qwen2.5:7b,llm4cc-integrated-patch,llm4cc-integrated-patch,defaultpatch,defaultpatch,-0.007011527981555243
492,codellama:7b-instruct,qwen2.5-coder:7b,llm4cc-integrated-patch,llm4cc-clone_type,defaultpatch,defaultpatch,-0.03551034036084344
493,codellama:7b-instruct,qwen2.5-coder:7b,llm4cc-integrated-patch,llm4cc-integrated,defaultpatch,defaultpatch,0.00026649762023300827
494,codellama:7b-instruct,qwen2.5-coder:7b,llm4cc-integrated-patch,llm4cc-clone_type-patch,defaultpatch,defaultpatch,-0.01654325737369322
495,codellama:7b-instruct,qwen2.5-coder:7b,llm4cc-integrated-patch,llm4cc-integrated-patch,defaultpatch,defaultpatch,0.011337737578711815
496,codellama:7b-instruct,yi-coder:9b,llm4cc-integrated-patch,llm4cc-clone_type,defaultpatch,defaultpatch,0.022050290929928273
497,codellama:7b-instruct,yi-coder:9b,llm4cc-integrated-patch,llm4cc-integrated,defaultpatch,defaultpatch,0.008456581484891146
498,codellama:7b-instruct,yi-coder:9b,llm4cc-integrated-patch,llm4cc-clone_type-patch,defaultpatch,defaultpatch,0.0068761730155215695
499,codellama:7b-instruct,yi-coder:9b,llm4cc-integrated-patch,llm4cc-integrated-patch,defaultpatch,defaultpatch,0.013479798145003774
500,codellama:7b-instruct,hermes3:8b,llm4cc-integrated-patch,llm4cc-clone_type,defaultpatch,defaultpatch,0.0033787668568242557
501,codellama:7b-instruct,hermes3:8b,llm4cc-integrated-patch,llm4cc-integrated,defaultpatch,defaultpatch,0.0029012302921477273
502,codellama:7b-instruct,hermes3:8b,llm4cc-integrated-patch,llm4cc-clone_type-patch,defaultpatch,defaultpatch,-0.00443514713315607
503,codellama:7b-instruct,hermes3:8b,llm4cc-integrated-patch,llm4cc-integrated-patch,defaultpatch,defaultpatch,0.00529994732763206
504,codellama:7b-instruct,magicoder:7b-s-cl,llm4cc-integrated-patch,llm4cc-clone_type,defaultpatch,method,-0.004809153150258094
505,codellama:7b-instruct,magicoder:7b-s-cl,llm4cc-integrated-patch,llm4cc-integrated,defaultpatch,method,0.02937288465194121
506,codellama:7b-instruct,magicoder:7b-s-cl,llm4cc-integrated-patch,llm4cc-clone_type-patch,defaultpatch,method,0.05927492654372524
507,codellama:7b-instruct,magicoder:7b-s-cl,llm4cc-integrated-patch,llm4cc-integrated-patch,defaultpatch,method,0.0008717377432160278
508,codellama:7b-instruct,codellama:7b-instruct,llm4cc-integrated-patch,llm4cc-clone_type,defaultpatch,method,-0.0038625301790302657
509,codellama:7b-instruct,codellama:7b-instruct,llm4cc-integrated-patch,llm4cc-integrated,defaultpatch,method,0.001338864870136236
510,codellama:7b-instruct,codellama:7b-instruct,llm4cc-integrated-patch,llm4cc-clone_type-patch,defaultpatch,method,0.008194407422671524
511,codellama:7b-instruct,codellama:7b-instruct,llm4cc-integrated-patch,llm4cc-integrated-patch,defaultpatch,method,0.02385512414871027
512,codellama:7b-instruct,codellama:13b-instruct,llm4cc-integrated-patch,llm4cc-clone_type,defaultpatch,method,0.01790097352347486
513,codellama:7b-instruct,codellama:13b-instruct,llm4cc-integrated-patch,llm4cc-integrated,defaultpatch,method,0.05554858608711444
514,codellama:7b-instruct,codellama:13b-instruct,llm4cc-integrated-patch,llm4cc-clone_type-patch,defaultpatch,method,0.029996453318793637
515,codellama:7b-instruct,codellama:13b-instruct,llm4cc-integrated-patch,llm4cc-integrated-patch,defaultpatch,method,0.03896814725795139
516,codellama:7b-instruct,deepseek-coder:6.7b,llm4cc-integrated-patch,llm4cc-clone_type,defaultpatch,method,-0.0004140386070066171
517,codellama:7b-instruct,deepseek-coder:6.7b,llm4cc-integrated-patch,llm4cc-integrated,defaultpatch,method,-0.01075346251761422
518,codellama:7b-instruct,deepseek-coder:6.7b,llm4cc-integrated-patch,llm4cc-clone_type-patch,defaultpatch,method,0.017114841969470773
519,codellama:7b-instruct,deepseek-coder:6.7b,llm4cc-integrated-patch,llm4cc-integrated-patch,defaultpatch,method,-0.0023857492789123302
520,codellama:7b-instruct,codegemma:7b-instruct,llm4cc-integrated-patch,llm4cc-clone_type,defaultpatch,method,-0.011092297335141055
521,codellama:7b-instruct,codegemma:7b-instruct,llm4cc-integrated-patch,llm4cc-integrated,defaultpatch,method,0.03719518049402937
522,codellama:7b-instruct,codegemma:7b-instruct,llm4cc-integrated-patch,llm4cc-clone_type-patch,defaultpatch,method,-0.009119177513564836
523,codellama:7b-instruct,codegemma:7b-instruct,llm4cc-integrated-patch,llm4cc-integrated-patch,defaultpatch,method,-0.011475045721549781
524,codellama:7b-instruct,qwen2.5:7b,llm4cc-integrated-patch,llm4cc-clone_type,defaultpatch,method,0.01579591864657237
525,codellama:7b-instruct,qwen2.5:7b,llm4cc-integrated-patch,llm4cc-integrated,defaultpatch,method,-0.007005215163829792
526,codellama:7b-instruct,qwen2.5:7b,llm4cc-integrated-patch,llm4cc-clone_type-patch,defaultpatch,method,-0.0007614866319709535
527,codellama:7b-instruct,qwen2.5:7b,llm4cc-integrated-patch,llm4cc-integrated-patch,defaultpatch,method,-0.006003292463167664
528,codellama:7b-instruct,qwen2.5-coder:7b,llm4cc-integrated-patch,llm4cc-clone_type,defaultpatch,method,-0.0003409103610669817
529,codellama:7b-instruct,qwen2.5-coder:7b,llm4cc-integrated-patch,llm4cc-integrated,defaultpatch,method,-0.010420882952358657
530,codellama:7b-instruct,qwen2.5-coder:7b,llm4cc-integrated-patch,llm4cc-clone_type-patch,defaultpatch,method,-0.0005708486616768926
531,codellama:7b-instruct,qwen2.5-coder:7b,llm4cc-integrated-patch,llm4cc-integrated-patch,defaultpatch,method,-0.018888189360261265
532,codellama:7b-instruct,yi-coder:9b,llm4cc-integrated-patch,llm4cc-clone_type,defaultpatch,method,0.005435574217532824
533,codellama:7b-instruct,yi-coder:9b,llm4cc-integrated-patch,llm4cc-integrated,defaultpatch,method,-0.01357320697132769
534,codellama:7b-instruct,yi-coder:9b,llm4cc-integrated-patch,llm4cc-clone_type-patch,defaultpatch,method,0.0165033290654234
535,codellama:7b-instruct,yi-coder:9b,llm4cc-integrated-patch,llm4cc-integrated-patch,defaultpatch,method,-0.04534487777337115
536,codellama:7b-instruct,hermes3:8b,llm4cc-integrated-patch,llm4cc-clone_type,defaultpatch,method,0.0017008870608197224
537,codellama:7b-instruct,hermes3:8b,llm4cc-integrated-patch,llm4cc-integrated,defaultpatch,method,-0.01623866212379954
538,codellama:7b-instruct,hermes3:8b,llm4cc-integrated-patch,llm4cc-clone_type-patch,defaultpatch,method,0.0017825111950398043
539,codellama:7b-instruct,hermes3:8b,llm4cc-integrated-patch,llm4cc-integrated-patch,defaultpatch,method,-0.01073950037401894
540,codellama:13b-instruct,codellama:13b-instruct,llm4cc-clone_type,llm4cc-integrated,defaultpatch,defaultpatch,0.04023435671178277
541,codellama:13b-instruct,codellama:13b-instruct,llm4cc-clone_type,llm4cc-clone_type-patch,defaultpatch,defaultpatch,0.039565074082751894
542,codellama:13b-instruct,codellama:13b-instruct,llm4cc-clone_type,llm4cc-integrated-patch,defaultpatch,defaultpatch,-0.04118550330208093
543,codellama:13b-instruct,deepseek-coder:6.7b,llm4cc-clone_type,llm4cc-clone_type,defaultpatch,defaultpatch,0.0036295570627931095
544,codellama:13b-instruct,deepseek-coder:6.7b,llm4cc-clone_type,llm4cc-integrated,defaultpatch,defaultpatch,0.015311222432250027
545,codellama:13b-instruct,deepseek-coder:6.7b,llm4cc-clone_type,llm4cc-clone_type-patch,defaultpatch,defaultpatch,-0.011593053903875772
546,codellama:13b-instruct,deepseek-coder:6.7b,llm4cc-clone_type,llm4cc-integrated-patch,defaultpatch,defaultpatch,-0.02191686985184149
547,codellama:13b-instruct,codegemma:7b-instruct,llm4cc-clone_type,llm4cc-clone_type,defaultpatch,defaultpatch,-0.024821218154483793
548,codellama:13b-instruct,codegemma:7b-instruct,llm4cc-clone_type,llm4cc-integrated,defaultpatch,defaultpatch,-0.02615154879963244
549,codellama:13b-instruct,codegemma:7b-instruct,llm4cc-clone_type,llm4cc-clone_type-patch,defaultpatch,defaultpatch,-0.042169804351655404
550,codellama:13b-instruct,codegemma:7b-instruct,llm4cc-clone_type,llm4cc-integrated-patch,defaultpatch,defaultpatch,0.02308939603071436
551,codellama:13b-instruct,qwen2.5:7b,llm4cc-clone_type,llm4cc-clone_type,defaultpatch,defaultpatch,0.02192915632115544
552,codellama:13b-instruct,qwen2.5:7b,llm4cc-clone_type,llm4cc-integrated,defaultpatch,defaultpatch,0.009074953368148564
553,codellama:13b-instruct,qwen2.5:7b,llm4cc-clone_type,llm4cc-clone_type-patch,defaultpatch,defaultpatch,0.01432417208679504
554,codellama:13b-instruct,qwen2.5:7b,llm4cc-clone_type,llm4cc-integrated-patch,defaultpatch,defaultpatch,-0.0010546894485923275
555,codellama:13b-instruct,qwen2.5-coder:7b,llm4cc-clone_type,llm4cc-clone_type,defaultpatch,defaultpatch,-0.01874877041117462
556,codellama:13b-instruct,qwen2.5-coder:7b,llm4cc-clone_type,llm4cc-integrated,defaultpatch,defaultpatch,0.06508142600406952
557,codellama:13b-instruct,qwen2.5-coder:7b,llm4cc-clone_type,llm4cc-clone_type-patch,defaultpatch,defaultpatch,-0.043830378627734756
558,codellama:13b-instruct,qwen2.5-coder:7b,llm4cc-clone_type,llm4cc-integrated-patch,defaultpatch,defaultpatch,0.1371850217907511
559,codellama:13b-instruct,yi-coder:9b,llm4cc-clone_type,llm4cc-clone_type,defaultpatch,defaultpatch,0.02037098277365257
560,codellama:13b-instruct,yi-coder:9b,llm4cc-clone_type,llm4cc-integrated,defaultpatch,defaultpatch,-0.0036776631792050374
561,codellama:13b-instruct,yi-coder:9b,llm4cc-clone_type,llm4cc-clone_type-patch,defaultpatch,defaultpatch,-0.000966751271636701
562,codellama:13b-instruct,yi-coder:9b,llm4cc-clone_type,llm4cc-integrated-patch,defaultpatch,defaultpatch,0.009538806986855386
563,codellama:13b-instruct,hermes3:8b,llm4cc-clone_type,llm4cc-clone_type,defaultpatch,defaultpatch,0.0019489622630756154
564,codellama:13b-instruct,hermes3:8b,llm4cc-clone_type,llm4cc-integrated,defaultpatch,defaultpatch,-0.0175114876221123
565,codellama:13b-instruct,hermes3:8b,llm4cc-clone_type,llm4cc-clone_type-patch,defaultpatch,defaultpatch,-0.0038051289954650347
566,codellama:13b-instruct,hermes3:8b,llm4cc-clone_type,llm4cc-integrated-patch,defaultpatch,defaultpatch,0.0022651476972654905
567,codellama:13b-instruct,magicoder:7b-s-cl,llm4cc-clone_type,llm4cc-clone_type,defaultpatch,method,-0.014211125665382518
568,codellama:13b-instruct,magicoder:7b-s-cl,llm4cc-clone_type,llm4cc-integrated,defaultpatch,method,-0.008928467643507076
569,codellama:13b-instruct,magicoder:7b-s-cl,llm4cc-clone_type,llm4cc-clone_type-patch,defaultpatch,method,0.06702850616221878
570,codellama:13b-instruct,magicoder:7b-s-cl,llm4cc-clone_type,llm4cc-integrated-patch,defaultpatch,method,0.006003674793387259
571,codellama:13b-instruct,codellama:7b-instruct,llm4cc-clone_type,llm4cc-clone_type,defaultpatch,method,0.0576319881552565
572,codellama:13b-instruct,codellama:7b-instruct,llm4cc-clone_type,llm4cc-integrated,defaultpatch,method,0.0016855210638430096
573,codellama:13b-instruct,codellama:7b-instruct,llm4cc-clone_type,llm4cc-clone_type-patch,defaultpatch,method,0.0095032286182124
574,codellama:13b-instruct,codellama:7b-instruct,llm4cc-clone_type,llm4cc-integrated-patch,defaultpatch,method,0.032556750597994344
575,codellama:13b-instruct,codellama:13b-instruct,llm4cc-clone_type,llm4cc-clone_type,defaultpatch,method,0.06626385324910145
576,codellama:13b-instruct,codellama:13b-instruct,llm4cc-clone_type,llm4cc-integrated,defaultpatch,method,0.010357733267174152
577,codellama:13b-instruct,codellama:13b-instruct,llm4cc-clone_type,llm4cc-clone_type-patch,defaultpatch,method,0.08459100821021037
578,codellama:13b-instruct,codellama:13b-instruct,llm4cc-clone_type,llm4cc-integrated-patch,defaultpatch,method,0.060122293589160214
579,codellama:13b-instruct,deepseek-coder:6.7b,llm4cc-clone_type,llm4cc-clone_type,defaultpatch,method,-0.01306063175974459
580,codellama:13b-instruct,deepseek-coder:6.7b,llm4cc-clone_type,llm4cc-integrated,defaultpatch,method,-0.010078222875432141
581,codellama:13b-instruct,deepseek-coder:6.7b,llm4cc-clone_type,llm4cc-clone_type-patch,defaultpatch,method,-0.001141220614777172
582,codellama:13b-instruct,deepseek-coder:6.7b,llm4cc-clone_type,llm4cc-integrated-patch,defaultpatch,method,-0.0226984665603025
583,codellama:13b-instruct,codegemma:7b-instruct,llm4cc-clone_type,llm4cc-clone_type,defaultpatch,method,-0.00895555093310807
584,codellama:13b-instruct,codegemma:7b-instruct,llm4cc-clone_type,llm4cc-integrated,defaultpatch,method,0.039733408444767915
585,codellama:13b-instruct,codegemma:7b-instruct,llm4cc-clone_type,llm4cc-clone_type-patch,defaultpatch,method,-0.007043888600533288
586,codellama:13b-instruct,codegemma:7b-instruct,llm4cc-clone_type,llm4cc-integrated-patch,defaultpatch,method,-0.00787388555252777
587,codellama:13b-instruct,qwen2.5:7b,llm4cc-clone_type,llm4cc-clone_type,defaultpatch,method,0.04653454164508508
588,codellama:13b-instruct,qwen2.5:7b,llm4cc-clone_type,llm4cc-integrated,defaultpatch,method,-0.013682231934028843
589,codellama:13b-instruct,qwen2.5:7b,llm4cc-clone_type,llm4cc-clone_type-patch,defaultpatch,method,0.0115155486266445
590,codellama:13b-instruct,qwen2.5:7b,llm4cc-clone_type,llm4cc-integrated-patch,defaultpatch,method,0.0005683537208406308
591,codellama:13b-instruct,qwen2.5-coder:7b,llm4cc-clone_type,llm4cc-clone_type,defaultpatch,method,-0.0026262884409180565
592,codellama:13b-instruct,qwen2.5-coder:7b,llm4cc-clone_type,llm4cc-integrated,defaultpatch,method,0.001831820525881156
593,codellama:13b-instruct,qwen2.5-coder:7b,llm4cc-clone_type,llm4cc-clone_type-patch,defaultpatch,method,0.00012660757782201326
594,codellama:13b-instruct,qwen2.5-coder:7b,llm4cc-clone_type,llm4cc-integrated-patch,defaultpatch,method,-0.0033100503258476355
595,codellama:13b-instruct,yi-coder:9b,llm4cc-clone_type,llm4cc-clone_type,defaultpatch,method,-0.0015069238245548622
596,codellama:13b-instruct,yi-coder:9b,llm4cc-clone_type,llm4cc-integrated,defaultpatch,method,0.005013497160942015
597,codellama:13b-instruct,yi-coder:9b,llm4cc-clone_type,llm4cc-clone_type-patch,defaultpatch,method,-0.01166245735261584
598,codellama:13b-instruct,yi-coder:9b,llm4cc-clone_type,llm4cc-integrated-patch,defaultpatch,method,-0.01554224174537211
599,codellama:13b-instruct,hermes3:8b,llm4cc-clone_type,llm4cc-clone_type,defaultpatch,method,0.00014106471005403964
600,codellama:13b-instruct,hermes3:8b,llm4cc-clone_type,llm4cc-integrated,defaultpatch,method,-0.017719091792334662
601,codellama:13b-instruct,hermes3:8b,llm4cc-clone_type,llm4cc-clone_type-patch,defaultpatch,method,-0.0013837044454365621
602,codellama:13b-instruct,hermes3:8b,llm4cc-clone_type,llm4cc-integrated-patch,defaultpatch,method,0.008623751747336095
603,codellama:13b-instruct,codellama:13b-instruct,llm4cc-integrated,llm4cc-clone_type-patch,defaultpatch,defaultpatch,-0.007362566964078665
604,codellama:13b-instruct,codellama:13b-instruct,llm4cc-integrated,llm4cc-integrated-patch,defaultpatch,defaultpatch,-0.013102807623297519
605,codellama:13b-instruct,deepseek-coder:6.7b,llm4cc-integrated,llm4cc-clone_type,defaultpatch,defaultpatch,-0.006119171411691049
606,codellama:13b-instruct,deepseek-coder:6.7b,llm4cc-integrated,llm4cc-integrated,defaultpatch,defaultpatch,0.02859447563861839
607,codellama:13b-instruct,deepseek-coder:6.7b,llm4cc-integrated,llm4cc-clone_type-patch,defaultpatch,defaultpatch,-0.0026403764090339177
608,codellama:13b-instruct,deepseek-coder:6.7b,llm4cc-integrated,llm4cc-integrated-patch,defaultpatch,defaultpatch,0.019025042597312747
609,codellama:13b-instruct,codegemma:7b-instruct,llm4cc-integrated,llm4cc-clone_type,defaultpatch,defaultpatch,-0.018387201886821636
610,codellama:13b-instruct,codegemma:7b-instruct,llm4cc-integrated,llm4cc-integrated,defaultpatch,defaultpatch,-0.03143359492259523
611,codellama:13b-instruct,codegemma:7b-instruct,llm4cc-integrated,llm4cc-clone_type-patch,defaultpatch,defaultpatch,-0.015788587965581025
612,codellama:13b-instruct,codegemma:7b-instruct,llm4cc-integrated,llm4cc-integrated-patch,defaultpatch,defaultpatch,0.0035363880435124173
613,codellama:13b-instruct,qwen2.5:7b,llm4cc-integrated,llm4cc-clone_type,defaultpatch,defaultpatch,0.014421781068762463
614,codellama:13b-instruct,qwen2.5:7b,llm4cc-integrated,llm4cc-integrated,defaultpatch,defaultpatch,0.0013474724477132716
615,codellama:13b-instruct,qwen2.5:7b,llm4cc-integrated,llm4cc-clone_type-patch,defaultpatch,defaultpatch,0.04674787055310592
616,codellama:13b-instruct,qwen2.5:7b,llm4cc-integrated,llm4cc-integrated-patch,defaultpatch,defaultpatch,-0.007079664401056895
617,codellama:13b-instruct,qwen2.5-coder:7b,llm4cc-integrated,llm4cc-clone_type,defaultpatch,defaultpatch,0.003302318499368684
618,codellama:13b-instruct,qwen2.5-coder:7b,llm4cc-integrated,llm4cc-integrated,defaultpatch,defaultpatch,0.04278584914207917
619,codellama:13b-instruct,qwen2.5-coder:7b,llm4cc-integrated,llm4cc-clone_type-patch,defaultpatch,defaultpatch,-0.0038836932606403085
620,codellama:13b-instruct,qwen2.5-coder:7b,llm4cc-integrated,llm4cc-integrated-patch,defaultpatch,defaultpatch,0.0695550644260039
621,codellama:13b-instruct,yi-coder:9b,llm4cc-integrated,llm4cc-clone_type,defaultpatch,defaultpatch,-0.04282791512422768
622,codellama:13b-instruct,yi-coder:9b,llm4cc-integrated,llm4cc-integrated,defaultpatch,defaultpatch,-0.006926104937964084
623,codellama:13b-instruct,yi-coder:9b,llm4cc-integrated,llm4cc-clone_type-patch,defaultpatch,defaultpatch,0.009095295222198985
624,codellama:13b-instruct,yi-coder:9b,llm4cc-integrated,llm4cc-integrated-patch,defaultpatch,defaultpatch,0.004505016321855293
625,codellama:13b-instruct,hermes3:8b,llm4cc-integrated,llm4cc-clone_type,defaultpatch,defaultpatch,0.004610022400911351
626,codellama:13b-instruct,hermes3:8b,llm4cc-integrated,llm4cc-integrated,defaultpatch,defaultpatch,-0.018529060169636402
627,codellama:13b-instruct,hermes3:8b,llm4cc-integrated,llm4cc-clone_type-patch,defaultpatch,defaultpatch,0.004106526535761601
628,codellama:13b-instruct,hermes3:8b,llm4cc-integrated,llm4cc-integrated-patch,defaultpatch,defaultpatch,0.003267354386866317
629,codellama:13b-instruct,magicoder:7b-s-cl,llm4cc-integrated,llm4cc-clone_type,defaultpatch,method,0.02159572493581219
630,codellama:13b-instruct,magicoder:7b-s-cl,llm4cc-integrated,llm4cc-integrated,defaultpatch,method,-0.0005081710484202695
631,codellama:13b-instruct,magicoder:7b-s-cl,llm4cc-integrated,llm4cc-clone_type-patch,defaultpatch,method,0.08074212195583341
632,codellama:13b-instruct,magicoder:7b-s-cl,llm4cc-integrated,llm4cc-integrated-patch,defaultpatch,method,0.06222284013059176
633,codellama:13b-instruct,codellama:7b-instruct,llm4cc-integrated,llm4cc-clone_type,defaultpatch,method,0.021636243093922647
634,codellama:13b-instruct,codellama:7b-instruct,llm4cc-integrated,llm4cc-integrated,defaultpatch,method,-0.029792917587878165
635,codellama:13b-instruct,codellama:7b-instruct,llm4cc-integrated,llm4cc-clone_type-patch,defaultpatch,method,0.00983583771050689
636,codellama:13b-instruct,codellama:7b-instruct,llm4cc-integrated,llm4cc-integrated-patch,defaultpatch,method,-0.009951118660220803
637,codellama:13b-instruct,codellama:13b-instruct,llm4cc-integrated,llm4cc-clone_type,defaultpatch,method,0.08113700915197686
638,codellama:13b-instruct,codellama:13b-instruct,llm4cc-integrated,llm4cc-integrated,defaultpatch,method,0.022473516452610864
639,codellama:13b-instruct,codellama:13b-instruct,llm4cc-integrated,llm4cc-clone_type-patch,defaultpatch,method,0.07028201508799925
640,codellama:13b-instruct,codellama:13b-instruct,llm4cc-integrated,llm4cc-integrated-patch,defaultpatch,method,0.02924895447456788
641,codellama:13b-instruct,deepseek-coder:6.7b,llm4cc-integrated,llm4cc-clone_type,defaultpatch,method,-0.018389593407168947
642,codellama:13b-instruct,deepseek-coder:6.7b,llm4cc-integrated,llm4cc-integrated,defaultpatch,method,-0.06454101529383838
643,codellama:13b-instruct,deepseek-coder:6.7b,llm4cc-integrated,llm4cc-clone_type-patch,defaultpatch,method,-0.020710660844105666
644,codellama:13b-instruct,deepseek-coder:6.7b,llm4cc-integrated,llm4cc-integrated-patch,defaultpatch,method,-0.0613340199497745
645,codellama:13b-instruct,codegemma:7b-instruct,llm4cc-integrated,llm4cc-clone_type,defaultpatch,method,-0.0025218285248529426
646,codellama:13b-instruct,codegemma:7b-instruct,llm4cc-integrated,llm4cc-integrated,defaultpatch,method,0.015494700597191713
647,codellama:13b-instruct,codegemma:7b-instruct,llm4cc-integrated,llm4cc-clone_type-patch,defaultpatch,method,-0.000524461624087813
648,codellama:13b-instruct,codegemma:7b-instruct,llm4cc-integrated,llm4cc-integrated-patch,defaultpatch,method,-0.02071404031149804
649,codellama:13b-instruct,qwen2.5:7b,llm4cc-integrated,llm4cc-clone_type,defaultpatch,method,0.09800930589533263
650,codellama:13b-instruct,qwen2.5:7b,llm4cc-integrated,llm4cc-integrated,defaultpatch,method,-0.013925030109016578
651,codellama:13b-instruct,qwen2.5:7b,llm4cc-integrated,llm4cc-clone_type-patch,defaultpatch,method,0.06748641576139092
652,codellama:13b-instruct,qwen2.5:7b,llm4cc-integrated,llm4cc-integrated-patch,defaultpatch,method,-0.02085895307787622
653,codellama:13b-instruct,qwen2.5-coder:7b,llm4cc-integrated,llm4cc-clone_type,defaultpatch,method,-0.0023124177136695234
654,codellama:13b-instruct,qwen2.5-coder:7b,llm4cc-integrated,llm4cc-integrated,defaultpatch,method,-0.011300168243822073
655,codellama:13b-instruct,qwen2.5-coder:7b,llm4cc-integrated,llm4cc-clone_type-patch,defaultpatch,method,0.0006463708269260904
656,codellama:13b-instruct,qwen2.5-coder:7b,llm4cc-integrated,llm4cc-integrated-patch,defaultpatch,method,0.014431632819677076
657,codellama:13b-instruct,yi-coder:9b,llm4cc-integrated,llm4cc-clone_type,defaultpatch,method,-0.007310422319054988
658,codellama:13b-instruct,yi-coder:9b,llm4cc-integrated,llm4cc-integrated,defaultpatch,method,-0.031038426836978994
659,codellama:13b-instruct,yi-coder:9b,llm4cc-integrated,llm4cc-clone_type-patch,defaultpatch,method,-0.011094100836905652
660,codellama:13b-instruct,yi-coder:9b,llm4cc-integrated,llm4cc-integrated-patch,defaultpatch,method,-0.04268978223696496
661,codellama:13b-instruct,hermes3:8b,llm4cc-integrated,llm4cc-clone_type,defaultpatch,method,-0.0024290934696995503
662,codellama:13b-instruct,hermes3:8b,llm4cc-integrated,llm4cc-integrated,defaultpatch,method,-0.02054387299694893
663,codellama:13b-instruct,hermes3:8b,llm4cc-integrated,llm4cc-clone_type-patch,defaultpatch,method,-0.009439350327194784
664,codellama:13b-instruct,hermes3:8b,llm4cc-integrated,llm4cc-integrated-patch,defaultpatch,method,0.00019452994349222763
665,codellama:13b-instruct,codellama:13b-instruct,llm4cc-clone_type-patch,llm4cc-integrated-patch,defaultpatch,defaultpatch,0.011854805252974665
666,codellama:13b-instruct,deepseek-coder:6.7b,llm4cc-clone_type-patch,llm4cc-clone_type,defaultpatch,defaultpatch,-0.01909164179199574
667,codellama:13b-instruct,deepseek-coder:6.7b,llm4cc-clone_type-patch,llm4cc-integrated,defaultpatch,defaultpatch,0.004967719128509462
668,codellama:13b-instruct,deepseek-coder:6.7b,llm4cc-clone_type-patch,llm4cc-clone_type-patch,defaultpatch,defaultpatch,0.03327400096034305
669,codellama:13b-instruct,deepseek-coder:6.7b,llm4cc-clone_type-patch,llm4cc-integrated-patch,defaultpatch,defaultpatch,-0.008752197907573978
670,codellama:13b-instruct,codegemma:7b-instruct,llm4cc-clone_type-patch,llm4cc-clone_type,defaultpatch,defaultpatch,0.004327719369067284
671,codellama:13b-instruct,codegemma:7b-instruct,llm4cc-clone_type-patch,llm4cc-integrated,defaultpatch,defaultpatch,0.005874113852711416
672,codellama:13b-instruct,codegemma:7b-instruct,llm4cc-clone_type-patch,llm4cc-clone_type-patch,defaultpatch,defaultpatch,0.004793021607126469
673,codellama:13b-instruct,codegemma:7b-instruct,llm4cc-clone_type-patch,llm4cc-integrated-patch,defaultpatch,defaultpatch,0.006829283715636181
674,codellama:13b-instruct,qwen2.5:7b,llm4cc-clone_type-patch,llm4cc-clone_type,defaultpatch,defaultpatch,0.01757319717926875
675,codellama:13b-instruct,qwen2.5:7b,llm4cc-clone_type-patch,llm4cc-integrated,defaultpatch,defaultpatch,-0.0176213901618254
676,codellama:13b-instruct,qwen2.5:7b,llm4cc-clone_type-patch,llm4cc-clone_type-patch,defaultpatch,defaultpatch,0.005596459122441222
677,codellama:13b-instruct,qwen2.5:7b,llm4cc-clone_type-patch,llm4cc-integrated-patch,defaultpatch,defaultpatch,-0.009692344934110864
678,codellama:13b-instruct,qwen2.5-coder:7b,llm4cc-clone_type-patch,llm4cc-clone_type,defaultpatch,defaultpatch,0.003365848356813861
679,codellama:13b-instruct,qwen2.5-coder:7b,llm4cc-clone_type-patch,llm4cc-integrated,defaultpatch,defaultpatch,-0.05109502124133458
680,codellama:13b-instruct,qwen2.5-coder:7b,llm4cc-clone_type-patch,llm4cc-clone_type-patch,defaultpatch,defaultpatch,0.009768242551136841
681,codellama:13b-instruct,qwen2.5-coder:7b,llm4cc-clone_type-patch,llm4cc-integrated-patch,defaultpatch,defaultpatch,-0.03233395192475852
682,codellama:13b-instruct,yi-coder:9b,llm4cc-clone_type-patch,llm4cc-clone_type,defaultpatch,defaultpatch,0.045336747601271044
683,codellama:13b-instruct,yi-coder:9b,llm4cc-clone_type-patch,llm4cc-integrated,defaultpatch,defaultpatch,-0.018680544109859865
684,codellama:13b-instruct,yi-coder:9b,llm4cc-clone_type-patch,llm4cc-clone_type-patch,defaultpatch,defaultpatch,-0.01707918061910818
685,codellama:13b-instruct,yi-coder:9b,llm4cc-clone_type-patch,llm4cc-integrated-patch,defaultpatch,defaultpatch,-0.011523858274046672
686,codellama:13b-instruct,hermes3:8b,llm4cc-clone_type-patch,llm4cc-clone_type,defaultpatch,defaultpatch,-0.0012710926081758167
687,codellama:13b-instruct,hermes3:8b,llm4cc-clone_type-patch,llm4cc-integrated,defaultpatch,defaultpatch,0.019128559550519952
688,codellama:13b-instruct,hermes3:8b,llm4cc-clone_type-patch,llm4cc-clone_type-patch,defaultpatch,defaultpatch,0.0003529000321798037
689,codellama:13b-instruct,hermes3:8b,llm4cc-clone_type-patch,llm4cc-integrated-patch,defaultpatch,defaultpatch,0.03079733739787316
690,codellama:13b-instruct,magicoder:7b-s-cl,llm4cc-clone_type-patch,llm4cc-clone_type,defaultpatch,method,0.0021734789398778487
691,codellama:13b-instruct,magicoder:7b-s-cl,llm4cc-clone_type-patch,llm4cc-integrated,defaultpatch,method,-0.008886792494613216
692,codellama:13b-instruct,magicoder:7b-s-cl,llm4cc-clone_type-patch,llm4cc-clone_type-patch,defaultpatch,method,-0.014747509538582282
693,codellama:13b-instruct,magicoder:7b-s-cl,llm4cc-clone_type-patch,llm4cc-integrated-patch,defaultpatch,method,-0.009028632346457233
694,codellama:13b-instruct,codellama:7b-instruct,llm4cc-clone_type-patch,llm4cc-clone_type,defaultpatch,method,0.0007112497797489015
695,codellama:13b-instruct,codellama:7b-instruct,llm4cc-clone_type-patch,llm4cc-integrated,defaultpatch,method,0.0033330396087588587
696,codellama:13b-instruct,codellama:7b-instruct,llm4cc-clone_type-patch,llm4cc-clone_type-patch,defaultpatch,method,0.014898845713374853
697,codellama:13b-instruct,codellama:7b-instruct,llm4cc-clone_type-patch,llm4cc-integrated-patch,defaultpatch,method,0.032396203852344874
698,codellama:13b-instruct,codellama:13b-instruct,llm4cc-clone_type-patch,llm4cc-clone_type,defaultpatch,method,-0.003058061207840801
699,codellama:13b-instruct,codellama:13b-instruct,llm4cc-clone_type-patch,llm4cc-integrated,defaultpatch,method,0.047104605912760666
700,codellama:13b-instruct,codellama:13b-instruct,llm4cc-clone_type-patch,llm4cc-clone_type-patch,defaultpatch,method,-0.023190736021073022
701,codellama:13b-instruct,codellama:13b-instruct,llm4cc-clone_type-patch,llm4cc-integrated-patch,defaultpatch,method,0.05119460025269429
702,codellama:13b-instruct,deepseek-coder:6.7b,llm4cc-clone_type-patch,llm4cc-clone_type,defaultpatch,method,0.02425411587144599
703,codellama:13b-instruct,deepseek-coder:6.7b,llm4cc-clone_type-patch,llm4cc-integrated,defaultpatch,method,0.03952145326990253
704,codellama:13b-instruct,deepseek-coder:6.7b,llm4cc-clone_type-patch,llm4cc-clone_type-patch,defaultpatch,method,0.021189894947143406
705,codellama:13b-instruct,deepseek-coder:6.7b,llm4cc-clone_type-patch,llm4cc-integrated-patch,defaultpatch,method,0.02140530848027855
706,codellama:13b-instruct,codegemma:7b-instruct,llm4cc-clone_type-patch,llm4cc-clone_type,defaultpatch,method,0.0017671826155643
707,codellama:13b-instruct,codegemma:7b-instruct,llm4cc-clone_type-patch,llm4cc-integrated,defaultpatch,method,-0.038565685224277946
708,codellama:13b-instruct,codegemma:7b-instruct,llm4cc-clone_type-patch,llm4cc-clone_type-patch,defaultpatch,method,0.004403133299114015
709,codellama:13b-instruct,codegemma:7b-instruct,llm4cc-clone_type-patch,llm4cc-integrated-patch,defaultpatch,method,-0.018645916709726817
710,codellama:13b-instruct,qwen2.5:7b,llm4cc-clone_type-patch,llm4cc-clone_type,defaultpatch,method,-0.05479858328124809
711,codellama:13b-instruct,qwen2.5:7b,llm4cc-clone_type-patch,llm4cc-integrated,defaultpatch,method,0.03112340123849766
712,codellama:13b-instruct,qwen2.5:7b,llm4cc-clone_type-patch,llm4cc-clone_type-patch,defaultpatch,method,-0.06365522020308689
713,codellama:13b-instruct,qwen2.5:7b,llm4cc-clone_type-patch,llm4cc-integrated-patch,defaultpatch,method,0.014463169761993466
714,codellama:13b-instruct,qwen2.5-coder:7b,llm4cc-clone_type-patch,llm4cc-clone_type,defaultpatch,method,0.0029564634720560257
715,codellama:13b-instruct,qwen2.5-coder:7b,llm4cc-clone_type-patch,llm4cc-integrated,defaultpatch,method,0.007798997750858239
716,codellama:13b-instruct,qwen2.5-coder:7b,llm4cc-clone_type-patch,llm4cc-clone_type-patch,defaultpatch,method,0.006535577554765082
717,codellama:13b-instruct,qwen2.5-coder:7b,llm4cc-clone_type-patch,llm4cc-integrated-patch,defaultpatch,method,-0.006054805856722023
718,codellama:13b-instruct,yi-coder:9b,llm4cc-clone_type-patch,llm4cc-clone_type,defaultpatch,method,0.023406357459444638
719,codellama:13b-instruct,yi-coder:9b,llm4cc-clone_type-patch,llm4cc-integrated,defaultpatch,method,0.047208775591775054
720,codellama:13b-instruct,yi-coder:9b,llm4cc-clone_type-patch,llm4cc-clone_type-patch,defaultpatch,method,0.04102196716285844
721,codellama:13b-instruct,yi-coder:9b,llm4cc-clone_type-patch,llm4cc-integrated-patch,defaultpatch,method,0.020753809859233696
722,codellama:13b-instruct,hermes3:8b,llm4cc-clone_type-patch,llm4cc-clone_type,defaultpatch,method,-0.00010797761778236215
723,codellama:13b-instruct,hermes3:8b,llm4cc-clone_type-patch,llm4cc-integrated,defaultpatch,method,-0.00673094754377912
724,codellama:13b-instruct,hermes3:8b,llm4cc-clone_type-patch,llm4cc-clone_type-patch,defaultpatch,method,-0.004739163862151896
725,codellama:13b-instruct,hermes3:8b,llm4cc-clone_type-patch,llm4cc-integrated-patch,defaultpatch,method,0.022891779651256883
726,codellama:13b-instruct,deepseek-coder:6.7b,llm4cc-integrated-patch,llm4cc-clone_type,defaultpatch,defaultpatch,-0.01681028349665148
727,codellama:13b-instruct,deepseek-coder:6.7b,llm4cc-integrated-patch,llm4cc-integrated,defaultpatch,defaultpatch,0.018995086172443387
728,codellama:13b-instruct,deepseek-coder:6.7b,llm4cc-integrated-patch,llm4cc-clone_type-patch,defaultpatch,defaultpatch,-0.006856162680348499
729,codellama:13b-instruct,deepseek-coder:6.7b,llm4cc-integrated-patch,llm4cc-integrated-patch,defaultpatch,defaultpatch,-0.016980820726572254
730,codellama:13b-instruct,codegemma:7b-instruct,llm4cc-integrated-patch,llm4cc-clone_type,defaultpatch,defaultpatch,-0.0032048621108518027
731,codellama:13b-instruct,codegemma:7b-instruct,llm4cc-integrated-patch,llm4cc-integrated,defaultpatch,defaultpatch,0.0006404703930570355
732,codellama:13b-instruct,codegemma:7b-instruct,llm4cc-integrated-patch,llm4cc-clone_type-patch,defaultpatch,defaultpatch,-0.017824133215107008
733,codellama:13b-instruct,codegemma:7b-instruct,llm4cc-integrated-patch,llm4cc-integrated-patch,defaultpatch,defaultpatch,0.031959249091992104
734,codellama:13b-instruct,qwen2.5:7b,llm4cc-integrated-patch,llm4cc-clone_type,defaultpatch,defaultpatch,0.003924277915659635
735,codellama:13b-instruct,qwen2.5:7b,llm4cc-integrated-patch,llm4cc-integrated,defaultpatch,defaultpatch,0.014631174262395463
736,codellama:13b-instruct,qwen2.5:7b,llm4cc-integrated-patch,llm4cc-clone_type-patch,defaultpatch,defaultpatch,-0.020061708270629586
737,codellama:13b-instruct,qwen2.5:7b,llm4cc-integrated-patch,llm4cc-integrated-patch,defaultpatch,defaultpatch,-0.013101306604775598
738,codellama:13b-instruct,qwen2.5-coder:7b,llm4cc-integrated-patch,llm4cc-clone_type,defaultpatch,defaultpatch,0.022413524572755583
739,codellama:13b-instruct,qwen2.5-coder:7b,llm4cc-integrated-patch,llm4cc-integrated,defaultpatch,defaultpatch,-0.036296805783780695
740,codellama:13b-instruct,qwen2.5-coder:7b,llm4cc-integrated-patch,llm4cc-clone_type-patch,defaultpatch,defaultpatch,0.04045359045546637
741,codellama:13b-instruct,qwen2.5-coder:7b,llm4cc-integrated-patch,llm4cc-integrated-patch,defaultpatch,defaultpatch,-0.06406139109708575
742,codellama:13b-instruct,yi-coder:9b,llm4cc-integrated-patch,llm4cc-clone_type,defaultpatch,defaultpatch,0.015234502311710418
743,codellama:13b-instruct,yi-coder:9b,llm4cc-integrated-patch,llm4cc-integrated,defaultpatch,defaultpatch,0.006897785875807361
744,codellama:13b-instruct,yi-coder:9b,llm4cc-integrated-patch,llm4cc-clone_type-patch,defaultpatch,defaultpatch,0.017156663027004138
745,codellama:13b-instruct,yi-coder:9b,llm4cc-integrated-patch,llm4cc-integrated-patch,defaultpatch,defaultpatch,-0.0018383836395665654
746,codellama:13b-instruct,hermes3:8b,llm4cc-integrated-patch,llm4cc-clone_type,defaultpatch,defaultpatch,0.0003177948604443648
747,codellama:13b-instruct,hermes3:8b,llm4cc-integrated-patch,llm4cc-integrated,defaultpatch,defaultpatch,0.018932874354561147
748,codellama:13b-instruct,hermes3:8b,llm4cc-integrated-patch,llm4cc-clone_type-patch,defaultpatch,defaultpatch,-0.009681707426650421
749,codellama:13b-instruct,hermes3:8b,llm4cc-integrated-patch,llm4cc-integrated-patch,defaultpatch,defaultpatch,0.0062506175595509195
750,codellama:13b-instruct,magicoder:7b-s-cl,llm4cc-integrated-patch,llm4cc-clone_type,defaultpatch,method,-0.037599352285815346
751,codellama:13b-instruct,magicoder:7b-s-cl,llm4cc-integrated-patch,llm4cc-integrated,defaultpatch,method,-0.006588267176920404
752,codellama:13b-instruct,magicoder:7b-s-cl,llm4cc-integrated-patch,llm4cc-clone_type-patch,defaultpatch,method,-0.05606457634115247
753,codellama:13b-instruct,magicoder:7b-s-cl,llm4cc-integrated-patch,llm4cc-integrated-patch,defaultpatch,method,-0.011282030315729275
754,codellama:13b-instruct,codellama:7b-instruct,llm4cc-integrated-patch,llm4cc-clone_type,defaultpatch,method,-0.01314875889602507
755,codellama:13b-instruct,codellama:7b-instruct,llm4cc-integrated-patch,llm4cc-integrated,defaultpatch,method,0.03322630694306772
756,codellama:13b-instruct,codellama:7b-instruct,llm4cc-integrated-patch,llm4cc-clone_type-patch,defaultpatch,method,0.007703446784624535
757,codellama:13b-instruct,codellama:7b-instruct,llm4cc-integrated-patch,llm4cc-integrated-patch,defaultpatch,method,0.015038401171466376
758,codellama:13b-instruct,codellama:13b-instruct,llm4cc-integrated-patch,llm4cc-clone_type,defaultpatch,method,-0.05990963756087386
759,codellama:13b-instruct,codellama:13b-instruct,llm4cc-integrated-patch,llm4cc-integrated,defaultpatch,method,0.022186951869873295
760,codellama:13b-instruct,codellama:13b-instruct,llm4cc-integrated-patch,llm4cc-clone_type-patch,defaultpatch,method,-0.0640948726283479
761,codellama:13b-instruct,codellama:13b-instruct,llm4cc-integrated-patch,llm4cc-integrated-patch,defaultpatch,method,-0.03817782074276055
762,codellama:13b-instruct,deepseek-coder:6.7b,llm4cc-integrated-patch,llm4cc-clone_type,defaultpatch,method,0.060435431995821465
763,codellama:13b-instruct,deepseek-coder:6.7b,llm4cc-integrated-patch,llm4cc-integrated,defaultpatch,method,0.06510848288068638
764,codellama:13b-instruct,deepseek-coder:6.7b,llm4cc-integrated-patch,llm4cc-clone_type-patch,defaultpatch,method,0.03722422390145197
765,codellama:13b-instruct,deepseek-coder:6.7b,llm4cc-integrated-patch,llm4cc-integrated-patch,defaultpatch,method,0.04770253745390862
766,codellama:13b-instruct,codegemma:7b-instruct,llm4cc-integrated-patch,llm4cc-clone_type,defaultpatch,method,-0.0007343689450443058
767,codellama:13b-instruct,codegemma:7b-instruct,llm4cc-integrated-patch,llm4cc-integrated,defaultpatch,method,-0.002806568525315578
768,codellama:13b-instruct,codegemma:7b-instruct,llm4cc-integrated-patch,llm4cc-clone_type-patch,defaultpatch,method,0.010410556131525528
769,codellama:13b-instruct,codegemma:7b-instruct,llm4cc-integrated-patch,llm4cc-integrated-patch,defaultpatch,method,0.036024566855685225
770,codellama:13b-instruct,qwen2.5:7b,llm4cc-integrated-patch,llm4cc-clone_type,defaultpatch,method,-0.040619974680945914
771,codellama:13b-instruct,qwen2.5:7b,llm4cc-integrated-patch,llm4cc-integrated,defaultpatch,method,0.019091801733638447
772,codellama:13b-instruct,qwen2.5:7b,llm4cc-integrated-patch,llm4cc-clone_type-patch,defaultpatch,method,-0.02334653043370971
773,codellama:13b-instruct,qwen2.5:7b,llm4cc-integrated-patch,llm4cc-integrated-patch,defaultpatch,method,0.03348298889110324
774,codellama:13b-instruct,qwen2.5-coder:7b,llm4cc-integrated-patch,llm4cc-clone_type,defaultpatch,method,-0.002959883357228188
775,codellama:13b-instruct,qwen2.5-coder:7b,llm4cc-integrated-patch,llm4cc-integrated,defaultpatch,method,-0.004454684145919652
776,codellama:13b-instruct,qwen2.5-coder:7b,llm4cc-integrated-patch,llm4cc-clone_type-patch,defaultpatch,method,-0.0024084485455646565
777,codellama:13b-instruct,qwen2.5-coder:7b,llm4cc-integrated-patch,llm4cc-integrated-patch,defaultpatch,method,-0.012815689815163234
778,codellama:13b-instruct,yi-coder:9b,llm4cc-integrated-patch,llm4cc-clone_type,defaultpatch,method,0.042583886774618884
779,codellama:13b-instruct,yi-coder:9b,llm4cc-integrated-patch,llm4cc-integrated,defaultpatch,method,0.043773750534206624
780,codellama:13b-instruct,yi-coder:9b,llm4cc-integrated-patch,llm4cc-clone_type-patch,defaultpatch,method,0.04088146473315224
781,codellama:13b-instruct,yi-coder:9b,llm4cc-integrated-patch,llm4cc-integrated-patch,defaultpatch,method,0.06045522122602365
782,codellama:13b-instruct,hermes3:8b,llm4cc-integrated-patch,llm4cc-clone_type,defaultpatch,method,0.002887000856450217
783,codellama:13b-instruct,hermes3:8b,llm4cc-integrated-patch,llm4cc-integrated,defaultpatch,method,0.04979834485648449
784,codellama:13b-instruct,hermes3:8b,llm4cc-integrated-patch,llm4cc-clone_type-patch,defaultpatch,method,0.004012902859935941
785,codellama:13b-instruct,hermes3:8b,llm4cc-integrated-patch,llm4cc-integrated-patch,defaultpatch,method,0.006602843897276611
786,deepseek-coder:6.7b,deepseek-coder:6.7b,llm4cc-clone_type,llm4cc-integrated,defaultpatch,defaultpatch,-0.003135871658487721
787,deepseek-coder:6.7b,deepseek-coder:6.7b,llm4cc-clone_type,llm4cc-clone_type-patch,defaultpatch,defaultpatch,0.014996363185489026
788,deepseek-coder:6.7b,deepseek-coder:6.7b,llm4cc-clone_type,llm4cc-integrated-patch,defaultpatch,defaultpatch,0.005318921274517718
789,deepseek-coder:6.7b,codegemma:7b-instruct,llm4cc-clone_type,llm4cc-clone_type,defaultpatch,defaultpatch,-0.0012771858360807187
790,deepseek-coder:6.7b,codegemma:7b-instruct,llm4cc-clone_type,llm4cc-integrated,defaultpatch,defaultpatch,-0.008416404672959787
791,deepseek-coder:6.7b,codegemma:7b-instruct,llm4cc-clone_type,llm4cc-clone_type-patch,defaultpatch,defaultpatch,-0.005375220394754354
792,deepseek-coder:6.7b,codegemma:7b-instruct,llm4cc-clone_type,llm4cc-integrated-patch,defaultpatch,defaultpatch,0.009680578027781772
793,deepseek-coder:6.7b,qwen2.5:7b,llm4cc-clone_type,llm4cc-clone_type,defaultpatch,defaultpatch,0.014482697206177897
794,deepseek-coder:6.7b,qwen2.5:7b,llm4cc-clone_type,llm4cc-integrated,defaultpatch,defaultpatch,-0.0071133611326756885
795,deepseek-coder:6.7b,qwen2.5:7b,llm4cc-clone_type,llm4cc-clone_type-patch,defaultpatch,defaultpatch,-0.001747660678915297
796,deepseek-coder:6.7b,qwen2.5:7b,llm4cc-clone_type,llm4cc-integrated-patch,defaultpatch,defaultpatch,0.0029368201274150296
797,deepseek-coder:6.7b,qwen2.5-coder:7b,llm4cc-clone_type,llm4cc-clone_type,defaultpatch,defaultpatch,-0.012616885105769748
798,deepseek-coder:6.7b,qwen2.5-coder:7b,llm4cc-clone_type,llm4cc-integrated,defaultpatch,defaultpatch,-5.765616171404808e-05
799,deepseek-coder:6.7b,qwen2.5-coder:7b,llm4cc-clone_type,llm4cc-clone_type-patch,defaultpatch,defaultpatch,-0.013779264214046849
800,deepseek-coder:6.7b,qwen2.5-coder:7b,llm4cc-clone_type,llm4cc-integrated-patch,defaultpatch,defaultpatch,0.007138759640512471
801,deepseek-coder:6.7b,yi-coder:9b,llm4cc-clone_type,llm4cc-clone_type,defaultpatch,defaultpatch,-0.005891053436658522
802,deepseek-coder:6.7b,yi-coder:9b,llm4cc-clone_type,llm4cc-integrated,defaultpatch,defaultpatch,0.017121557636488816
803,deepseek-coder:6.7b,yi-coder:9b,llm4cc-clone_type,llm4cc-clone_type-patch,defaultpatch,defaultpatch,0.014428471296817125
804,deepseek-coder:6.7b,yi-coder:9b,llm4cc-clone_type,llm4cc-integrated-patch,defaultpatch,defaultpatch,0.022774637053175617
805,deepseek-coder:6.7b,hermes3:8b,llm4cc-clone_type,llm4cc-clone_type,defaultpatch,defaultpatch,-0.003273359696888134
806,deepseek-coder:6.7b,hermes3:8b,llm4cc-clone_type,llm4cc-integrated,defaultpatch,defaultpatch,-0.010915323080881612
807,deepseek-coder:6.7b,hermes3:8b,llm4cc-clone_type,llm4cc-clone_type-patch,defaultpatch,defaultpatch,-0.0011028624928455244
808,deepseek-coder:6.7b,hermes3:8b,llm4cc-clone_type,llm4cc-integrated-patch,defaultpatch,defaultpatch,-0.02117701008338746
809,deepseek-coder:6.7b,magicoder:7b-s-cl,llm4cc-clone_type,llm4cc-clone_type,defaultpatch,method,0.0024760960740949356
810,deepseek-coder:6.7b,magicoder:7b-s-cl,llm4cc-clone_type,llm4cc-integrated,defaultpatch,method,0.020619937749388084
811,deepseek-coder:6.7b,magicoder:7b-s-cl,llm4cc-clone_type,llm4cc-clone_type-patch,defaultpatch,method,0.020096103792871634
812,deepseek-coder:6.7b,magicoder:7b-s-cl,llm4cc-clone_type,llm4cc-integrated-patch,defaultpatch,method,0.011463380509860066
813,deepseek-coder:6.7b,codellama:7b-instruct,llm4cc-clone_type,llm4cc-clone_type,defaultpatch,method,0.026573263079424647
814,deepseek-coder:6.7b,codellama:7b-instruct,llm4cc-clone_type,llm4cc-integrated,defaultpatch,method,-0.005215004748699625
815,deepseek-coder:6.7b,codellama:7b-instruct,llm4cc-clone_type,llm4cc-clone_type-patch,defaultpatch,method,-0.019514383392553736
816,deepseek-coder:6.7b,codellama:7b-instruct,llm4cc-clone_type,llm4cc-integrated-patch,defaultpatch,method,0.006064141381993404
817,deepseek-coder:6.7b,codellama:13b-instruct,llm4cc-clone_type,llm4cc-clone_type,defaultpatch,method,0.014073897111238631
818,deepseek-coder:6.7b,codellama:13b-instruct,llm4cc-clone_type,llm4cc-integrated,defaultpatch,method,0.008385685333572979
819,deepseek-coder:6.7b,codellama:13b-instruct,llm4cc-clone_type,llm4cc-clone_type-patch,defaultpatch,method,0.024056824906431795
820,deepseek-coder:6.7b,codellama:13b-instruct,llm4cc-clone_type,llm4cc-integrated-patch,defaultpatch,method,0.020914401438964725
821,deepseek-coder:6.7b,deepseek-coder:6.7b,llm4cc-clone_type,llm4cc-clone_type,defaultpatch,method,-0.009413339634599005
822,deepseek-coder:6.7b,deepseek-coder:6.7b,llm4cc-clone_type,llm4cc-integrated,defaultpatch,method,-0.004838072375014768
823,deepseek-coder:6.7b,deepseek-coder:6.7b,llm4cc-clone_type,llm4cc-clone_type-patch,defaultpatch,method,-0.009365404349911621
824,deepseek-coder:6.7b,deepseek-coder:6.7b,llm4cc-clone_type,llm4cc-integrated-patch,defaultpatch,method,-0.00347852947184335
825,deepseek-coder:6.7b,codegemma:7b-instruct,llm4cc-clone_type,llm4cc-clone_type,defaultpatch,method,-0.0017525574058125937
826,deepseek-coder:6.7b,codegemma:7b-instruct,llm4cc-clone_type,llm4cc-integrated,defaultpatch,method,-0.014795354254822257
827,deepseek-coder:6.7b,codegemma:7b-instruct,llm4cc-clone_type,llm4cc-clone_type-patch,defaultpatch,method,-0.004976346497882256
828,deepseek-coder:6.7b,codegemma:7b-instruct,llm4cc-clone_type,llm4cc-integrated-patch,defaultpatch,method,0.009995505834390017
829,deepseek-coder:6.7b,qwen2.5:7b,llm4cc-clone_type,llm4cc-clone_type,defaultpatch,method,0.005519071349029292
830,deepseek-coder:6.7b,qwen2.5:7b,llm4cc-clone_type,llm4cc-integrated,defaultpatch,method,-0.007069335799169352
831,deepseek-coder:6.7b,qwen2.5:7b,llm4cc-clone_type,llm4cc-clone_type-patch,defaultpatch,method,0.013576431230150399
832,deepseek-coder:6.7b,qwen2.5:7b,llm4cc-clone_type,llm4cc-integrated-patch,defaultpatch,method,-0.011738715832481761
833,deepseek-coder:6.7b,qwen2.5-coder:7b,llm4cc-clone_type,llm4cc-clone_type,defaultpatch,method,0.002526609659634027
834,deepseek-coder:6.7b,qwen2.5-coder:7b,llm4cc-clone_type,llm4cc-integrated,defaultpatch,method,-0.0037580811723285645
835,deepseek-coder:6.7b,qwen2.5-coder:7b,llm4cc-clone_type,llm4cc-clone_type-patch,defaultpatch,method,0.001293211604161404
836,deepseek-coder:6.7b,qwen2.5-coder:7b,llm4cc-clone_type,llm4cc-integrated-patch,defaultpatch,method,0.0033944204853509907
837,deepseek-coder:6.7b,yi-coder:9b,llm4cc-clone_type,llm4cc-clone_type,defaultpatch,method,-0.01593608351086817
838,deepseek-coder:6.7b,yi-coder:9b,llm4cc-clone_type,llm4cc-integrated,defaultpatch,method,-0.019106001241445236
839,deepseek-coder:6.7b,yi-coder:9b,llm4cc-clone_type,llm4cc-clone_type-patch,defaultpatch,method,-0.03354697768994641
840,deepseek-coder:6.7b,yi-coder:9b,llm4cc-clone_type,llm4cc-integrated-patch,defaultpatch,method,-0.019205047813906084
841,deepseek-coder:6.7b,hermes3:8b,llm4cc-clone_type,llm4cc-clone_type,defaultpatch,method,0.0015357306132276483
842,deepseek-coder:6.7b,hermes3:8b,llm4cc-clone_type,llm4cc-integrated,defaultpatch,method,0.002631810310886107
843,deepseek-coder:6.7b,hermes3:8b,llm4cc-clone_type,llm4cc-clone_type-patch,defaultpatch,method,-0.0036019603833883362
844,deepseek-coder:6.7b,hermes3:8b,llm4cc-clone_type,llm4cc-integrated-patch,defaultpatch,method,-0.001958764302688154
845,deepseek-coder:6.7b,deepseek-coder:6.7b,llm4cc-integrated,llm4cc-clone_type-patch,defaultpatch,defaultpatch,-0.028928301264470546
846,deepseek-coder:6.7b,deepseek-coder:6.7b,llm4cc-integrated,llm4cc-integrated-patch,defaultpatch,defaultpatch,0.00580420970903206
847,deepseek-coder:6.7b,codegemma:7b-instruct,llm4cc-integrated,llm4cc-clone_type,defaultpatch,defaultpatch,0.008278461180157182
848,deepseek-coder:6.7b,codegemma:7b-instruct,llm4cc-integrated,llm4cc-integrated,defaultpatch,defaultpatch,0.028800235307828825
849,deepseek-coder:6.7b,codegemma:7b-instruct,llm4cc-integrated,llm4cc-clone_type-patch,defaultpatch,defaultpatch,-8.848037557318555e-05
850,deepseek-coder:6.7b,codegemma:7b-instruct,llm4cc-integrated,llm4cc-integrated-patch,defaultpatch,defaultpatch,0.027000091792444225
851,deepseek-coder:6.7b,qwen2.5:7b,llm4cc-integrated,llm4cc-clone_type,defaultpatch,defaultpatch,-0.01672137544109531
852,deepseek-coder:6.7b,qwen2.5:7b,llm4cc-integrated,llm4cc-integrated,defaultpatch,defaultpatch,-0.0022370897973351678
853,deepseek-coder:6.7b,qwen2.5:7b,llm4cc-integrated,llm4cc-clone_type-patch,defaultpatch,defaultpatch,0.020325286134605602
854,deepseek-coder:6.7b,qwen2.5:7b,llm4cc-integrated,llm4cc-integrated-patch,defaultpatch,defaultpatch,-0.018990345500894845
855,deepseek-coder:6.7b,qwen2.5-coder:7b,llm4cc-integrated,llm4cc-clone_type,defaultpatch,defaultpatch,-0.005155845736596332
856,deepseek-coder:6.7b,qwen2.5-coder:7b,llm4cc-integrated,llm4cc-integrated,defaultpatch,defaultpatch,0.027156710014700658
857,deepseek-coder:6.7b,qwen2.5-coder:7b,llm4cc-integrated,llm4cc-clone_type-patch,defaultpatch,defaultpatch,-0.010262499337752695
858,deepseek-coder:6.7b,qwen2.5-coder:7b,llm4cc-integrated,llm4cc-integrated-patch,defaultpatch,defaultpatch,0.0028795082631666302
859,deepseek-coder:6.7b,yi-coder:9b,llm4cc-integrated,llm4cc-clone_type,defaultpatch,defaultpatch,0.005439507495194951
860,deepseek-coder:6.7b,yi-coder:9b,llm4cc-integrated,llm4cc-integrated,defaultpatch,defaultpatch,0.007558036545650237
861,deepseek-coder:6.7b,yi-coder:9b,llm4cc-integrated,llm4cc-clone_type-patch,defaultpatch,defaultpatch,-0.019649050060313478
862,deepseek-coder:6.7b,yi-coder:9b,llm4cc-integrated,llm4cc-integrated-patch,defaultpatch,defaultpatch,0.021788210212811854
863,deepseek-coder:6.7b,hermes3:8b,llm4cc-integrated,llm4cc-clone_type,defaultpatch,defaultpatch,-0.0019588868056283903
864,deepseek-coder:6.7b,hermes3:8b,llm4cc-integrated,llm4cc-integrated,defaultpatch,defaultpatch,-0.000732826926367558
865,deepseek-coder:6.7b,hermes3:8b,llm4cc-integrated,llm4cc-clone_type-patch,defaultpatch,defaultpatch,0.0030496762289784485
866,deepseek-coder:6.7b,hermes3:8b,llm4cc-integrated,llm4cc-integrated-patch,defaultpatch,defaultpatch,0.005626703521931398
867,deepseek-coder:6.7b,magicoder:7b-s-cl,llm4cc-integrated,llm4cc-clone_type,defaultpatch,method,-0.037793997673112534
868,deepseek-coder:6.7b,magicoder:7b-s-cl,llm4cc-integrated,llm4cc-integrated,defaultpatch,method,0.0017761718042546004
869,deepseek-coder:6.7b,magicoder:7b-s-cl,llm4cc-integrated,llm4cc-clone_type-patch,defaultpatch,method,-0.004807613613777573
870,deepseek-coder:6.7b,magicoder:7b-s-cl,llm4cc-integrated,llm4cc-integrated-patch,defaultpatch,method,-0.0073513845143506895
871,deepseek-coder:6.7b,codellama:7b-instruct,llm4cc-integrated,llm4cc-clone_type,defaultpatch,method,0.006131590392690178
872,deepseek-coder:6.7b,codellama:7b-instruct,llm4cc-integrated,llm4cc-integrated,defaultpatch,method,-0.03197361349673855
873,deepseek-coder:6.7b,codellama:7b-instruct,llm4cc-integrated,llm4cc-clone_type-patch,defaultpatch,method,-0.024302988631722755
874,deepseek-coder:6.7b,codellama:7b-instruct,llm4cc-integrated,llm4cc-integrated-patch,defaultpatch,method,0.01003955480556551
875,deepseek-coder:6.7b,codellama:13b-instruct,llm4cc-integrated,llm4cc-clone_type,defaultpatch,method,0.014745966900654883
876,deepseek-coder:6.7b,codellama:13b-instruct,llm4cc-integrated,llm4cc-integrated,defaultpatch,method,0.012461283899129483
877,deepseek-coder:6.7b,codellama:13b-instruct,llm4cc-integrated,llm4cc-clone_type-patch,defaultpatch,method,0.01359947717054677
878,deepseek-coder:6.7b,codellama:13b-instruct,llm4cc-integrated,llm4cc-integrated-patch,defaultpatch,method,-0.002468272482422096
879,deepseek-coder:6.7b,deepseek-coder:6.7b,llm4cc-integrated,llm4cc-clone_type,defaultpatch,method,-0.0018546969368788968
880,deepseek-coder:6.7b,deepseek-coder:6.7b,llm4cc-integrated,llm4cc-integrated,defaultpatch,method,-0.01438854960229996
881,deepseek-coder:6.7b,deepseek-coder:6.7b,llm4cc-integrated,llm4cc-clone_type-patch,defaultpatch,method,-0.002291802693044742
882,deepseek-coder:6.7b,deepseek-coder:6.7b,llm4cc-integrated,llm4cc-integrated-patch,defaultpatch,method,-0.004052150688635958
883,deepseek-coder:6.7b,codegemma:7b-instruct,llm4cc-integrated,llm4cc-clone_type,defaultpatch,method,-0.0026578127095464588
884,deepseek-coder:6.7b,codegemma:7b-instruct,llm4cc-integrated,llm4cc-integrated,defaultpatch,method,-0.03158094892560959
885,deepseek-coder:6.7b,codegemma:7b-instruct,llm4cc-integrated,llm4cc-clone_type-patch,defaultpatch,method,0.0027140460006420675
886,deepseek-coder:6.7b,codegemma:7b-instruct,llm4cc-integrated,llm4cc-integrated-patch,defaultpatch,method,0.0003780212083288603
887,deepseek-coder:6.7b,qwen2.5:7b,llm4cc-integrated,llm4cc-clone_type,defaultpatch,method,0.02207068536769219
888,deepseek-coder:6.7b,qwen2.5:7b,llm4cc-integrated,llm4cc-integrated,defaultpatch,method,-0.01621689750304589
889,deepseek-coder:6.7b,qwen2.5:7b,llm4cc-integrated,llm4cc-clone_type-patch,defaultpatch,method,0.036986107902697185
890,deepseek-coder:6.7b,qwen2.5:7b,llm4cc-integrated,llm4cc-integrated-patch,defaultpatch,method,0.009623724753211382
891,deepseek-coder:6.7b,qwen2.5-coder:7b,llm4cc-integrated,llm4cc-clone_type,defaultpatch,method,0.0019018193456263877
892,deepseek-coder:6.7b,qwen2.5-coder:7b,llm4cc-integrated,llm4cc-integrated,defaultpatch,method,-0.030574247076500916
893,deepseek-coder:6.7b,qwen2.5-coder:7b,llm4cc-integrated,llm4cc-clone_type-patch,defaultpatch,method,-0.0030889934071351988
894,deepseek-coder:6.7b,qwen2.5-coder:7b,llm4cc-integrated,llm4cc-integrated-patch,defaultpatch,method,-0.00635157945039988
895,deepseek-coder:6.7b,yi-coder:9b,llm4cc-integrated,llm4cc-clone_type,defaultpatch,method,-0.0037511989722065486
896,deepseek-coder:6.7b,yi-coder:9b,llm4cc-integrated,llm4cc-integrated,defaultpatch,method,-0.02900251822398925
897,deepseek-coder:6.7b,yi-coder:9b,llm4cc-integrated,llm4cc-clone_type-patch,defaultpatch,method,0.0011688886402131393
898,deepseek-coder:6.7b,yi-coder:9b,llm4cc-integrated,llm4cc-integrated-patch,defaultpatch,method,-0.01996867250250811
899,deepseek-coder:6.7b,hermes3:8b,llm4cc-integrated,llm4cc-clone_type,defaultpatch,method,0.0006551617100251095
900,deepseek-coder:6.7b,hermes3:8b,llm4cc-integrated,llm4cc-integrated,defaultpatch,method,0.021655244634096515
901,deepseek-coder:6.7b,hermes3:8b,llm4cc-integrated,llm4cc-clone_type-patch,defaultpatch,method,0.0020343909583812048
902,deepseek-coder:6.7b,hermes3:8b,llm4cc-integrated,llm4cc-integrated-patch,defaultpatch,method,0.016765559369235516
903,deepseek-coder:6.7b,deepseek-coder:6.7b,llm4cc-clone_type-patch,llm4cc-integrated-patch,defaultpatch,defaultpatch,0.01351277422178454
904,deepseek-coder:6.7b,codegemma:7b-instruct,llm4cc-clone_type-patch,llm4cc-clone_type,defaultpatch,defaultpatch,-0.020096417234969133
905,deepseek-coder:6.7b,codegemma:7b-instruct,llm4cc-clone_type-patch,llm4cc-integrated,defaultpatch,defaultpatch,0.020299746588171574
906,deepseek-coder:6.7b,codegemma:7b-instruct,llm4cc-clone_type-patch,llm4cc-clone_type-patch,defaultpatch,defaultpatch,-0.00537181834749334
907,deepseek-coder:6.7b,codegemma:7b-instruct,llm4cc-clone_type-patch,llm4cc-integrated-patch,defaultpatch,defaultpatch,-0.024886416277988932
908,deepseek-coder:6.7b,qwen2.5:7b,llm4cc-clone_type-patch,llm4cc-clone_type,defaultpatch,defaultpatch,0.013767566247091079
909,deepseek-coder:6.7b,qwen2.5:7b,llm4cc-clone_type-patch,llm4cc-integrated,defaultpatch,defaultpatch,-0.009883246254603462
910,deepseek-coder:6.7b,qwen2.5:7b,llm4cc-clone_type-patch,llm4cc-clone_type-patch,defaultpatch,defaultpatch,-0.027707606961167253
911,deepseek-coder:6.7b,qwen2.5:7b,llm4cc-clone_type-patch,llm4cc-integrated-patch,defaultpatch,defaultpatch,-0.03380569788173626
912,deepseek-coder:6.7b,qwen2.5-coder:7b,llm4cc-clone_type-patch,llm4cc-clone_type,defaultpatch,defaultpatch,0.015561609241093843
913,deepseek-coder:6.7b,qwen2.5-coder:7b,llm4cc-clone_type-patch,llm4cc-integrated,defaultpatch,defaultpatch,-0.008749555565861211
914,deepseek-coder:6.7b,qwen2.5-coder:7b,llm4cc-clone_type-patch,llm4cc-clone_type-patch,defaultpatch,defaultpatch,0.022882868172752868
915,deepseek-coder:6.7b,qwen2.5-coder:7b,llm4cc-clone_type-patch,llm4cc-integrated-patch,defaultpatch,defaultpatch,-0.012160051948855166
916,deepseek-coder:6.7b,yi-coder:9b,llm4cc-clone_type-patch,llm4cc-clone_type,defaultpatch,defaultpatch,0.0033425972713491126
917,deepseek-coder:6.7b,yi-coder:9b,llm4cc-clone_type-patch,llm4cc-integrated,defaultpatch,defaultpatch,-0.0004348504498143946
918,deepseek-coder:6.7b,yi-coder:9b,llm4cc-clone_type-patch,llm4cc-clone_type-patch,defaultpatch,defaultpatch,0.0120777572651668
919,deepseek-coder:6.7b,yi-coder:9b,llm4cc-clone_type-patch,llm4cc-integrated-patch,defaultpatch,defaultpatch,-0.006594545604762914
920,deepseek-coder:6.7b,hermes3:8b,llm4cc-clone_type-patch,llm4cc-clone_type,defaultpatch,defaultpatch,0.002111343491683959
921,deepseek-coder:6.7b,hermes3:8b,llm4cc-clone_type-patch,llm4cc-integrated,defaultpatch,defaultpatch,0.015348139753071921
922,deepseek-coder:6.7b,hermes3:8b,llm4cc-clone_type-patch,llm4cc-clone_type-patch,defaultpatch,defaultpatch,0.004768944045893342
923,deepseek-coder:6.7b,hermes3:8b,llm4cc-clone_type-patch,llm4cc-integrated-patch,defaultpatch,defaultpatch,0.00850104531371998
924,deepseek-coder:6.7b,magicoder:7b-s-cl,llm4cc-clone_type-patch,llm4cc-clone_type,defaultpatch,method,-0.004821107686014292
925,deepseek-coder:6.7b,magicoder:7b-s-cl,llm4cc-clone_type-patch,llm4cc-integrated,defaultpatch,method,6.56131465491816e-05
926,deepseek-coder:6.7b,magicoder:7b-s-cl,llm4cc-clone_type-patch,llm4cc-clone_type-patch,defaultpatch,method,0.01723016313692738
927,deepseek-coder:6.7b,magicoder:7b-s-cl,llm4cc-clone_type-patch,llm4cc-integrated-patch,defaultpatch,method,-0.019063599440796608
928,deepseek-coder:6.7b,codellama:7b-instruct,llm4cc-clone_type-patch,llm4cc-clone_type,defaultpatch,method,-0.005017952752434107
929,deepseek-coder:6.7b,codellama:7b-instruct,llm4cc-clone_type-patch,llm4cc-integrated,defaultpatch,method,-0.014997185919298994
930,deepseek-coder:6.7b,codellama:7b-instruct,llm4cc-clone_type-patch,llm4cc-clone_type-patch,defaultpatch,method,0.03848277057699068
931,deepseek-coder:6.7b,codellama:7b-instruct,llm4cc-clone_type-patch,llm4cc-integrated-patch,defaultpatch,method,-0.009136494720373589
932,deepseek-coder:6.7b,codellama:13b-instruct,llm4cc-clone_type-patch,llm4cc-clone_type,defaultpatch,method,-0.008877248774035618
933,deepseek-coder:6.7b,codellama:13b-instruct,llm4cc-clone_type-patch,llm4cc-integrated,defaultpatch,method,0.008673981127054642
934,deepseek-coder:6.7b,codellama:13b-instruct,llm4cc-clone_type-patch,llm4cc-clone_type-patch,defaultpatch,method,-0.015973187483468543
935,deepseek-coder:6.7b,codellama:13b-instruct,llm4cc-clone_type-patch,llm4cc-integrated-patch,defaultpatch,method,0.012499404628249944
936,deepseek-coder:6.7b,deepseek-coder:6.7b,llm4cc-clone_type-patch,llm4cc-clone_type,defaultpatch,method,0.030513134227958982
937,deepseek-coder:6.7b,deepseek-coder:6.7b,llm4cc-clone_type-patch,llm4cc-integrated,defaultpatch,method,0.008353861904611515
938,deepseek-coder:6.7b,deepseek-coder:6.7b,llm4cc-clone_type-patch,llm4cc-clone_type-patch,defaultpatch,method,0.022421780989727802
939,deepseek-coder:6.7b,deepseek-coder:6.7b,llm4cc-clone_type-patch,llm4cc-integrated-patch,defaultpatch,method,-0.011510469173912297
940,deepseek-coder:6.7b,codegemma:7b-instruct,llm4cc-clone_type-patch,llm4cc-clone_type,defaultpatch,method,0.0005174156969252053
941,deepseek-coder:6.7b,codegemma:7b-instruct,llm4cc-clone_type-patch,llm4cc-integrated,defaultpatch,method,-0.018732665993204112
942,deepseek-coder:6.7b,codegemma:7b-instruct,llm4cc-clone_type-patch,llm4cc-clone_type-patch,defaultpatch,method,0.002715214233877772
943,deepseek-coder:6.7b,codegemma:7b-instruct,llm4cc-clone_type-patch,llm4cc-integrated-patch,defaultpatch,method,-0.005199842654366238
944,deepseek-coder:6.7b,qwen2.5:7b,llm4cc-clone_type-patch,llm4cc-clone_type,defaultpatch,method,0.01541702676505119
945,deepseek-coder:6.7b,qwen2.5:7b,llm4cc-clone_type-patch,llm4cc-integrated,defaultpatch,method,-0.0007584785214242995
946,deepseek-coder:6.7b,qwen2.5:7b,llm4cc-clone_type-patch,llm4cc-clone_type-patch,defaultpatch,method,0.0005158142961629864
947,deepseek-coder:6.7b,qwen2.5:7b,llm4cc-clone_type-patch,llm4cc-integrated-patch,defaultpatch,method,0.0028730707404683864
948,deepseek-coder:6.7b,qwen2.5-coder:7b,llm4cc-clone_type-patch,llm4cc-clone_type,defaultpatch,method,0.002518639032184522
949,deepseek-coder:6.7b,qwen2.5-coder:7b,llm4cc-clone_type-patch,llm4cc-integrated,defaultpatch,method,0.01328807071080973
950,deepseek-coder:6.7b,qwen2.5-coder:7b,llm4cc-clone_type-patch,llm4cc-clone_type-patch,defaultpatch,method,0.004168041140982348
951,deepseek-coder:6.7b,qwen2.5-coder:7b,llm4cc-clone_type-patch,llm4cc-integrated-patch,defaultpatch,method,0.00989502028474687
952,deepseek-coder:6.7b,yi-coder:9b,llm4cc-clone_type-patch,llm4cc-clone_type,defaultpatch,method,0.03358884335617496
953,deepseek-coder:6.7b,yi-coder:9b,llm4cc-clone_type-patch,llm4cc-integrated,defaultpatch,method,-0.0011556146119375832
954,deepseek-coder:6.7b,yi-coder:9b,llm4cc-clone_type-patch,llm4cc-clone_type-patch,defaultpatch,method,0.010371018078817573
955,deepseek-coder:6.7b,yi-coder:9b,llm4cc-clone_type-patch,llm4cc-integrated-patch,defaultpatch,method,0.0010082507740083457
956,deepseek-coder:6.7b,hermes3:8b,llm4cc-clone_type-patch,llm4cc-clone_type,defaultpatch,method,-0.008625135672365891
957,deepseek-coder:6.7b,hermes3:8b,llm4cc-clone_type-patch,llm4cc-integrated,defaultpatch,method,-0.016101165792244743
958,deepseek-coder:6.7b,hermes3:8b,llm4cc-clone_type-patch,llm4cc-clone_type-patch,defaultpatch,method,-0.016394325843356317
959,deepseek-coder:6.7b,hermes3:8b,llm4cc-clone_type-patch,llm4cc-integrated-patch,defaultpatch,method,-0.0075619105220010585
960,deepseek-coder:6.7b,codegemma:7b-instruct,llm4cc-integrated-patch,llm4cc-clone_type,defaultpatch,defaultpatch,0.013011794509055541
961,deepseek-coder:6.7b,codegemma:7b-instruct,llm4cc-integrated-patch,llm4cc-integrated,defaultpatch,defaultpatch,0.04875082136815467
962,deepseek-coder:6.7b,codegemma:7b-instruct,llm4cc-integrated-patch,llm4cc-clone_type-patch,defaultpatch,defaultpatch,0.0018739618325712692
963,deepseek-coder:6.7b,codegemma:7b-instruct,llm4cc-integrated-patch,llm4cc-integrated-patch,defaultpatch,defaultpatch,-0.020731588990588357
964,deepseek-coder:6.7b,qwen2.5:7b,llm4cc-integrated-patch,llm4cc-clone_type,defaultpatch,defaultpatch,-0.01017681616889976
965,deepseek-coder:6.7b,qwen2.5:7b,llm4cc-integrated-patch,llm4cc-integrated,defaultpatch,defaultpatch,0.016160837130848038
966,deepseek-coder:6.7b,qwen2.5:7b,llm4cc-integrated-patch,llm4cc-clone_type-patch,defaultpatch,defaultpatch,0.01451140927330008
967,deepseek-coder:6.7b,qwen2.5:7b,llm4cc-integrated-patch,llm4cc-integrated-patch,defaultpatch,defaultpatch,0.010886879337013378
968,deepseek-coder:6.7b,qwen2.5-coder:7b,llm4cc-integrated-patch,llm4cc-clone_type,defaultpatch,defaultpatch,0.004116028941426708
969,deepseek-coder:6.7b,qwen2.5-coder:7b,llm4cc-integrated-patch,llm4cc-integrated,defaultpatch,defaultpatch,-0.02879298235861949
970,deepseek-coder:6.7b,qwen2.5-coder:7b,llm4cc-integrated-patch,llm4cc-clone_type-patch,defaultpatch,defaultpatch,0.0024158806740236516
971,deepseek-coder:6.7b,qwen2.5-coder:7b,llm4cc-integrated-patch,llm4cc-integrated-patch,defaultpatch,defaultpatch,-0.02299327820941577
972,deepseek-coder:6.7b,yi-coder:9b,llm4cc-integrated-patch,llm4cc-clone_type,defaultpatch,defaultpatch,-0.017677159975069134
973,deepseek-coder:6.7b,yi-coder:9b,llm4cc-integrated-patch,llm4cc-integrated,defaultpatch,defaultpatch,-0.03235645933014353
974,deepseek-coder:6.7b,yi-coder:9b,llm4cc-integrated-patch,llm4cc-clone_type-patch,defaultpatch,defaultpatch,0.002821604690594448
975,deepseek-coder:6.7b,yi-coder:9b,llm4cc-integrated-patch,llm4cc-integrated-patch,defaultpatch,defaultpatch,-0.008944969433910765
976,deepseek-coder:6.7b,hermes3:8b,llm4cc-integrated-patch,llm4cc-clone_type,defaultpatch,defaultpatch,6.06961245193105e-05
977,deepseek-coder:6.7b,hermes3:8b,llm4cc-integrated-patch,llm4cc-integrated,defaultpatch,defaultpatch,0.012845079520856117
978,deepseek-coder:6.7b,hermes3:8b,llm4cc-integrated-patch,llm4cc-clone_type-patch,defaultpatch,defaultpatch,0.005321318042358358
979,deepseek-coder:6.7b,hermes3:8b,llm4cc-integrated-patch,llm4cc-integrated-patch,defaultpatch,defaultpatch,-0.0013580985879659835
980,deepseek-coder:6.7b,magicoder:7b-s-cl,llm4cc-integrated-patch,llm4cc-clone_type,defaultpatch,method,-0.03627576220665785
981,deepseek-coder:6.7b,magicoder:7b-s-cl,llm4cc-integrated-patch,llm4cc-integrated,defaultpatch,method,-0.009500680181527388
982,deepseek-coder:6.7b,magicoder:7b-s-cl,llm4cc-integrated-patch,llm4cc-clone_type-patch,defaultpatch,method,-0.0237563051001497
983,deepseek-coder:6.7b,magicoder:7b-s-cl,llm4cc-integrated-patch,llm4cc-integrated-patch,defaultpatch,method,0.010801254927453319
984,deepseek-coder:6.7b,codellama:7b-instruct,llm4cc-integrated-patch,llm4cc-clone_type,defaultpatch,method,-0.005079061268821405
985,deepseek-coder:6.7b,codellama:7b-instruct,llm4cc-integrated-patch,llm4cc-integrated,defaultpatch,method,0.010508823667088052
986,deepseek-coder:6.7b,codellama:7b-instruct,llm4cc-integrated-patch,llm4cc-clone_type-patch,defaultpatch,method,0.015564210801166323
987,deepseek-coder:6.7b,codellama:7b-instruct,llm4cc-integrated-patch,llm4cc-integrated-patch,defaultpatch,method,-0.007634642843093786
988,deepseek-coder:6.7b,codellama:13b-instruct,llm4cc-integrated-patch,llm4cc-clone_type,defaultpatch,method,-0.009987229374153861
989,deepseek-coder:6.7b,codellama:13b-instruct,llm4cc-integrated-patch,llm4cc-integrated,defaultpatch,method,-0.0009420430787183687
990,deepseek-coder:6.7b,codellama:13b-instruct,llm4cc-integrated-patch,llm4cc-clone_type-patch,defaultpatch,method,0.005905181489473832
991,deepseek-coder:6.7b,codellama:13b-instruct,llm4cc-integrated-patch,llm4cc-integrated-patch,defaultpatch,method,-0.016163855392363313
992,deepseek-coder:6.7b,deepseek-coder:6.7b,llm4cc-integrated-patch,llm4cc-clone_type,defaultpatch,method,0.011181353544526318
993,deepseek-coder:6.7b,deepseek-coder:6.7b,llm4cc-integrated-patch,llm4cc-integrated,defaultpatch,method,0.0042298756078748
994,deepseek-coder:6.7b,deepseek-coder:6.7b,llm4cc-integrated-patch,llm4cc-clone_type-patch,defaultpatch,method,-0.003691612075482631
995,deepseek-coder:6.7b,deepseek-coder:6.7b,llm4cc-integrated-patch,llm4cc-integrated-patch,defaultpatch,method,0.016001895959236956
996,deepseek-coder:6.7b,codegemma:7b-instruct,llm4cc-integrated-patch,llm4cc-clone_type,defaultpatch,method,0.003313350377619151
997,deepseek-coder:6.7b,codegemma:7b-instruct,llm4cc-integrated-patch,llm4cc-integrated,defaultpatch,method,-0.014386981756643102
998,deepseek-coder:6.7b,codegemma:7b-instruct,llm4cc-integrated-patch,llm4cc-clone_type-patch,defaultpatch,method,-0.007274140571264631
999,deepseek-coder:6.7b,codegemma:7b-instruct,llm4cc-integrated-patch,llm4cc-integrated-patch,defaultpatch,method,0.009885694014463486
1000,deepseek-coder:6.7b,qwen2.5:7b,llm4cc-integrated-patch,llm4cc-clone_type,defaultpatch,method,-0.03598398845648587
1001,deepseek-coder:6.7b,qwen2.5:7b,llm4cc-integrated-patch,llm4cc-integrated,defaultpatch,method,0.008491438819225983
1002,deepseek-coder:6.7b,qwen2.5:7b,llm4cc-integrated-patch,llm4cc-clone_type-patch,defaultpatch,method,-0.018402564657361342
1003,deepseek-coder:6.7b,qwen2.5:7b,llm4cc-integrated-patch,llm4cc-integrated-patch,defaultpatch,method,-0.03088158942231134
1004,deepseek-coder:6.7b,qwen2.5-coder:7b,llm4cc-integrated-patch,llm4cc-clone_type,defaultpatch,method,-0.0014310935326300456
1005,deepseek-coder:6.7b,qwen2.5-coder:7b,llm4cc-integrated-patch,llm4cc-integrated,defaultpatch,method,0.01577008260819346
1006,deepseek-coder:6.7b,qwen2.5-coder:7b,llm4cc-integrated-patch,llm4cc-clone_type-patch,defaultpatch,method,0.004316292101920749
1007,deepseek-coder:6.7b,qwen2.5-coder:7b,llm4cc-integrated-patch,llm4cc-integrated-patch,defaultpatch,method,0.0088163516265084
1008,deepseek-coder:6.7b,yi-coder:9b,llm4cc-integrated-patch,llm4cc-clone_type,defaultpatch,method,0.03182250590726354
1009,deepseek-coder:6.7b,yi-coder:9b,llm4cc-integrated-patch,llm4cc-integrated,defaultpatch,method,0.003319777478934971
1010,deepseek-coder:6.7b,yi-coder:9b,llm4cc-integrated-patch,llm4cc-clone_type-patch,defaultpatch,method,0.014162092999764342
1011,deepseek-coder:6.7b,yi-coder:9b,llm4cc-integrated-patch,llm4cc-integrated-patch,defaultpatch,method,0.00840290001269528
1012,deepseek-coder:6.7b,hermes3:8b,llm4cc-integrated-patch,llm4cc-clone_type,defaultpatch,method,0.0020876854941338507
1013,deepseek-coder:6.7b,hermes3:8b,llm4cc-integrated-patch,llm4cc-integrated,defaultpatch,method,-0.007273198910516809
1014,deepseek-coder:6.7b,hermes3:8b,llm4cc-integrated-patch,llm4cc-clone_type-patch,defaultpatch,method,-0.0005769279235157132
1015,deepseek-coder:6.7b,hermes3:8b,llm4cc-integrated-patch,llm4cc-integrated-patch,defaultpatch,method,0.0003176763308589958
1016,codegemma:7b-instruct,codegemma:7b-instruct,llm4cc-clone_type,llm4cc-integrated,defaultpatch,defaultpatch,0.030045125232396885
1017,codegemma:7b-instruct,codegemma:7b-instruct,llm4cc-clone_type,llm4cc-clone_type-patch,defaultpatch,defaultpatch,0.486234684401306
1018,codegemma:7b-instruct,codegemma:7b-instruct,llm4cc-clone_type,llm4cc-integrated-patch,defaultpatch,defaultpatch,-0.006099201566431844
1019,codegemma:7b-instruct,qwen2.5:7b,llm4cc-clone_type,llm4cc-clone_type,defaultpatch,defaultpatch,0.02111861779509705
1020,codegemma:7b-instruct,qwen2.5:7b,llm4cc-clone_type,llm4cc-integrated,defaultpatch,defaultpatch,0.012736621255456937
1021,codegemma:7b-instruct,qwen2.5:7b,llm4cc-clone_type,llm4cc-clone_type-patch,defaultpatch,defaultpatch,0.01107476994762191
1022,codegemma:7b-instruct,qwen2.5:7b,llm4cc-clone_type,llm4cc-integrated-patch,defaultpatch,defaultpatch,0.003381805884342226
1023,codegemma:7b-instruct,qwen2.5-coder:7b,llm4cc-clone_type,llm4cc-clone_type,defaultpatch,defaultpatch,-0.007907171139755587
1024,codegemma:7b-instruct,qwen2.5-coder:7b,llm4cc-clone_type,llm4cc-integrated,defaultpatch,defaultpatch,-0.04373738430279017
1025,codegemma:7b-instruct,qwen2.5-coder:7b,llm4cc-clone_type,llm4cc-clone_type-patch,defaultpatch,defaultpatch,-0.0074877518475120475
1026,codegemma:7b-instruct,qwen2.5-coder:7b,llm4cc-clone_type,llm4cc-integrated-patch,defaultpatch,defaultpatch,-0.060413037734919905
1027,codegemma:7b-instruct,yi-coder:9b,llm4cc-clone_type,llm4cc-clone_type,defaultpatch,defaultpatch,0.021671296889434255
1028,codegemma:7b-instruct,yi-coder:9b,llm4cc-clone_type,llm4cc-integrated,defaultpatch,defaultpatch,-0.0018239343204389247
1029,codegemma:7b-instruct,yi-coder:9b,llm4cc-clone_type,llm4cc-clone_type-patch,defaultpatch,defaultpatch,-0.02821548944399077
1030,codegemma:7b-instruct,yi-coder:9b,llm4cc-clone_type,llm4cc-integrated-patch,defaultpatch,defaultpatch,0.02381087334016907
1031,codegemma:7b-instruct,hermes3:8b,llm4cc-clone_type,llm4cc-clone_type,defaultpatch,defaultpatch,-0.009691752451903346
1032,codegemma:7b-instruct,hermes3:8b,llm4cc-clone_type,llm4cc-integrated,defaultpatch,defaultpatch,-0.01836752142373288
1033,codegemma:7b-instruct,hermes3:8b,llm4cc-clone_type,llm4cc-clone_type-patch,defaultpatch,defaultpatch,-0.04529367698010933
1034,codegemma:7b-instruct,hermes3:8b,llm4cc-clone_type,llm4cc-integrated-patch,defaultpatch,defaultpatch,-0.00393807311045169
1035,codegemma:7b-instruct,magicoder:7b-s-cl,llm4cc-clone_type,llm4cc-clone_type,defaultpatch,method,-0.03601604049467233
1036,codegemma:7b-instruct,magicoder:7b-s-cl,llm4cc-clone_type,llm4cc-integrated,defaultpatch,method,-0.02232197154849347
1037,codegemma:7b-instruct,magicoder:7b-s-cl,llm4cc-clone_type,llm4cc-clone_type-patch,defaultpatch,method,-0.08788337556865478
1038,codegemma:7b-instruct,magicoder:7b-s-cl,llm4cc-clone_type,llm4cc-integrated-patch,defaultpatch,method,-0.022166057119002547
1039,codegemma:7b-instruct,codellama:7b-instruct,llm4cc-clone_type,llm4cc-clone_type,defaultpatch,method,-0.04068144957648201
1040,codegemma:7b-instruct,codellama:7b-instruct,llm4cc-clone_type,llm4cc-integrated,defaultpatch,method,0.008846874061384957
1041,codegemma:7b-instruct,codellama:7b-instruct,llm4cc-clone_type,llm4cc-clone_type-patch,defaultpatch,method,-0.03494411733596592
1042,codegemma:7b-instruct,codellama:7b-instruct,llm4cc-clone_type,llm4cc-integrated-patch,defaultpatch,method,-0.007505685855163202
1043,codegemma:7b-instruct,codellama:13b-instruct,llm4cc-clone_type,llm4cc-clone_type,defaultpatch,method,-0.05592152037802878
1044,codegemma:7b-instruct,codellama:13b-instruct,llm4cc-clone_type,llm4cc-integrated,defaultpatch,method,-0.006809448419202058
1045,codegemma:7b-instruct,codellama:13b-instruct,llm4cc-clone_type,llm4cc-clone_type-patch,defaultpatch,method,-0.0506315270254285
1046,codegemma:7b-instruct,codellama:13b-instruct,llm4cc-clone_type,llm4cc-integrated-patch,defaultpatch,method,-0.030219099403781424
1047,codegemma:7b-instruct,deepseek-coder:6.7b,llm4cc-clone_type,llm4cc-clone_type,defaultpatch,method,0.00199282422027236
1048,codegemma:7b-instruct,deepseek-coder:6.7b,llm4cc-clone_type,llm4cc-integrated,defaultpatch,method,0.04766315772662222
1049,codegemma:7b-instruct,deepseek-coder:6.7b,llm4cc-clone_type,llm4cc-clone_type-patch,defaultpatch,method,-0.0014899213521233357
1050,codegemma:7b-instruct,deepseek-coder:6.7b,llm4cc-clone_type,llm4cc-integrated-patch,defaultpatch,method,0.043499036997609486
1051,codegemma:7b-instruct,codegemma:7b-instruct,llm4cc-clone_type,llm4cc-clone_type,defaultpatch,method,0.0004807046926240677
1052,codegemma:7b-instruct,codegemma:7b-instruct,llm4cc-clone_type,llm4cc-integrated,defaultpatch,method,-0.0041575530027728735
1053,codegemma:7b-instruct,codegemma:7b-instruct,llm4cc-clone_type,llm4cc-clone_type-patch,defaultpatch,method,0.0021878956892125156
1054,codegemma:7b-instruct,codegemma:7b-instruct,llm4cc-clone_type,llm4cc-integrated-patch,defaultpatch,method,0.01649734920761503
1055,codegemma:7b-instruct,qwen2.5:7b,llm4cc-clone_type,llm4cc-clone_type,defaultpatch,method,-0.07376391414180294
1056,codegemma:7b-instruct,qwen2.5:7b,llm4cc-clone_type,llm4cc-integrated,defaultpatch,method,-0.006534156066254848
1057,codegemma:7b-instruct,qwen2.5:7b,llm4cc-clone_type,llm4cc-clone_type-patch,defaultpatch,method,-0.06010826955385484
1058,codegemma:7b-instruct,qwen2.5:7b,llm4cc-clone_type,llm4cc-integrated-patch,defaultpatch,method,-0.009751632736767935
1059,codegemma:7b-instruct,qwen2.5-coder:7b,llm4cc-clone_type,llm4cc-clone_type,defaultpatch,method,0.00025067020794145023
1060,codegemma:7b-instruct,qwen2.5-coder:7b,llm4cc-clone_type,llm4cc-integrated,defaultpatch,method,0.016705208388080095
1061,codegemma:7b-instruct,qwen2.5-coder:7b,llm4cc-clone_type,llm4cc-clone_type-patch,defaultpatch,method,0.002856867060751056
1062,codegemma:7b-instruct,qwen2.5-coder:7b,llm4cc-clone_type,llm4cc-integrated-patch,defaultpatch,method,0.010034731001077879
1063,codegemma:7b-instruct,yi-coder:9b,llm4cc-clone_type,llm4cc-clone_type,defaultpatch,method,0.012638472470825945
1064,codegemma:7b-instruct,yi-coder:9b,llm4cc-clone_type,llm4cc-integrated,defaultpatch,method,0.03242822181468008
1065,codegemma:7b-instruct,yi-coder:9b,llm4cc-clone_type,llm4cc-clone_type-patch,defaultpatch,method,0.0026504790265855505
1066,codegemma:7b-instruct,yi-coder:9b,llm4cc-clone_type,llm4cc-integrated-patch,defaultpatch,method,0.02710486687798963
1067,codegemma:7b-instruct,hermes3:8b,llm4cc-clone_type,llm4cc-clone_type,defaultpatch,method,0.010777973740936586
1068,codegemma:7b-instruct,hermes3:8b,llm4cc-clone_type,llm4cc-integrated,defaultpatch,method,-0.004426380838370214
1069,codegemma:7b-instruct,hermes3:8b,llm4cc-clone_type,llm4cc-clone_type-patch,defaultpatch,method,0.026203008322432164
1070,codegemma:7b-instruct,hermes3:8b,llm4cc-clone_type,llm4cc-integrated-patch,defaultpatch,method,-0.0060295583766654115
1071,codegemma:7b-instruct,codegemma:7b-instruct,llm4cc-integrated,llm4cc-clone_type-patch,defaultpatch,defaultpatch,0.020835621956131756
1072,codegemma:7b-instruct,codegemma:7b-instruct,llm4cc-integrated,llm4cc-integrated-patch,defaultpatch,defaultpatch,0.06060806311412481
1073,codegemma:7b-instruct,qwen2.5:7b,llm4cc-integrated,llm4cc-clone_type,defaultpatch,defaultpatch,-0.03968334554210573
1074,codegemma:7b-instruct,qwen2.5:7b,llm4cc-integrated,llm4cc-integrated,defaultpatch,defaultpatch,-0.00517136079973568
1075,codegemma:7b-instruct,qwen2.5:7b,llm4cc-integrated,llm4cc-clone_type-patch,defaultpatch,defaultpatch,-0.047902396813978454
1076,codegemma:7b-instruct,qwen2.5:7b,llm4cc-integrated,llm4cc-integrated-patch,defaultpatch,defaultpatch,-0.008562528696309801
1077,codegemma:7b-instruct,qwen2.5-coder:7b,llm4cc-integrated,llm4cc-clone_type,defaultpatch,defaultpatch,-0.03200676451178852
1078,codegemma:7b-instruct,qwen2.5-coder:7b,llm4cc-integrated,llm4cc-integrated,defaultpatch,defaultpatch,-0.0544256096705531
1079,codegemma:7b-instruct,qwen2.5-coder:7b,llm4cc-integrated,llm4cc-clone_type-patch,defaultpatch,defaultpatch,-0.004245145771011538
1080,codegemma:7b-instruct,qwen2.5-coder:7b,llm4cc-integrated,llm4cc-integrated-patch,defaultpatch,defaultpatch,-0.045711661691957506
1081,codegemma:7b-instruct,yi-coder:9b,llm4cc-integrated,llm4cc-clone_type,defaultpatch,defaultpatch,-0.003931949112320865
1082,codegemma:7b-instruct,yi-coder:9b,llm4cc-integrated,llm4cc-integrated,defaultpatch,defaultpatch,0.024376926957788925
1083,codegemma:7b-instruct,yi-coder:9b,llm4cc-integrated,llm4cc-clone_type-patch,defaultpatch,defaultpatch,-0.004016568344420879
1084,codegemma:7b-instruct,yi-coder:9b,llm4cc-integrated,llm4cc-integrated-patch,defaultpatch,defaultpatch,0.03576827868679322
1085,codegemma:7b-instruct,hermes3:8b,llm4cc-integrated,llm4cc-clone_type,defaultpatch,defaultpatch,-0.0021622580034668104
1086,codegemma:7b-instruct,hermes3:8b,llm4cc-integrated,llm4cc-integrated,defaultpatch,defaultpatch,-0.005799825927905955
1087,codegemma:7b-instruct,hermes3:8b,llm4cc-integrated,llm4cc-clone_type-patch,defaultpatch,defaultpatch,-0.0011997857525440914
1088,codegemma:7b-instruct,hermes3:8b,llm4cc-integrated,llm4cc-integrated-patch,defaultpatch,defaultpatch,0.018194777055536626
1089,codegemma:7b-instruct,magicoder:7b-s-cl,llm4cc-integrated,llm4cc-clone_type,defaultpatch,method,-0.0706249968901913
1090,codegemma:7b-instruct,magicoder:7b-s-cl,llm4cc-integrated,llm4cc-integrated,defaultpatch,method,-0.0234282365164018
1091,codegemma:7b-instruct,magicoder:7b-s-cl,llm4cc-integrated,llm4cc-clone_type-patch,defaultpatch,method,-0.13787406772526722
1092,codegemma:7b-instruct,magicoder:7b-s-cl,llm4cc-integrated,llm4cc-integrated-patch,defaultpatch,method,-0.03524582683436761
1093,codegemma:7b-instruct,codellama:7b-instruct,llm4cc-integrated,llm4cc-clone_type,defaultpatch,method,-0.022988058839816583
1094,codegemma:7b-instruct,codellama:7b-instruct,llm4cc-integrated,llm4cc-integrated,defaultpatch,method,0.027855165956628403
1095,codegemma:7b-instruct,codellama:7b-instruct,llm4cc-integrated,llm4cc-clone_type-patch,defaultpatch,method,-0.014293194274212384
1096,codegemma:7b-instruct,codellama:7b-instruct,llm4cc-integrated,llm4cc-integrated-patch,defaultpatch,method,0.000982654264708005
1097,codegemma:7b-instruct,codellama:13b-instruct,llm4cc-integrated,llm4cc-clone_type,defaultpatch,method,-0.07103763301803134
1098,codegemma:7b-instruct,codellama:13b-instruct,llm4cc-integrated,llm4cc-integrated,defaultpatch,method,-0.005507785763175788
1099,codegemma:7b-instruct,codellama:13b-instruct,llm4cc-integrated,llm4cc-clone_type-patch,defaultpatch,method,-0.06686292260099025
1100,codegemma:7b-instruct,codellama:13b-instruct,llm4cc-integrated,llm4cc-integrated-patch,defaultpatch,method,-0.012235867605042694
1101,codegemma:7b-instruct,deepseek-coder:6.7b,llm4cc-integrated,llm4cc-clone_type,defaultpatch,method,0.09034315827616624
1102,codegemma:7b-instruct,deepseek-coder:6.7b,llm4cc-integrated,llm4cc-integrated,defaultpatch,method,0.12842641549027334
1103,codegemma:7b-instruct,deepseek-coder:6.7b,llm4cc-integrated,llm4cc-clone_type-patch,defaultpatch,method,0.03817852436084734
1104,codegemma:7b-instruct,deepseek-coder:6.7b,llm4cc-integrated,llm4cc-integrated-patch,defaultpatch,method,0.12584865596384753
1105,codegemma:7b-instruct,codegemma:7b-instruct,llm4cc-integrated,llm4cc-clone_type,defaultpatch,method,-0.0009024056677804371
1106,codegemma:7b-instruct,codegemma:7b-instruct,llm4cc-integrated,llm4cc-integrated,defaultpatch,method,-0.009771549144323766
1107,codegemma:7b-instruct,codegemma:7b-instruct,llm4cc-integrated,llm4cc-clone_type-patch,defaultpatch,method,-0.0011190158276854767
1108,codegemma:7b-instruct,codegemma:7b-instruct,llm4cc-integrated,llm4cc-integrated-patch,defaultpatch,method,0.04378397590792993
1109,codegemma:7b-instruct,qwen2.5:7b,llm4cc-integrated,llm4cc-clone_type,defaultpatch,method,-0.14042136396398353
1110,codegemma:7b-instruct,qwen2.5:7b,llm4cc-integrated,llm4cc-integrated,defaultpatch,method,0.03241882515302141
1111,codegemma:7b-instruct,qwen2.5:7b,llm4cc-integrated,llm4cc-clone_type-patch,defaultpatch,method,-0.07529506060069968
1112,codegemma:7b-instruct,qwen2.5:7b,llm4cc-integrated,llm4cc-integrated-patch,defaultpatch,method,0.04333278988648881
1113,codegemma:7b-instruct,qwen2.5-coder:7b,llm4cc-integrated,llm4cc-clone_type,defaultpatch,method,0.0017448335780330115
1114,codegemma:7b-instruct,qwen2.5-coder:7b,llm4cc-integrated,llm4cc-integrated,defaultpatch,method,0.02274267216830883
1115,codegemma:7b-instruct,qwen2.5-coder:7b,llm4cc-integrated,llm4cc-clone_type-patch,defaultpatch,method,-0.00038124175474796296
1116,codegemma:7b-instruct,qwen2.5-coder:7b,llm4cc-integrated,llm4cc-integrated-patch,defaultpatch,method,0.022272215464852474
1117,codegemma:7b-instruct,yi-coder:9b,llm4cc-integrated,llm4cc-clone_type,defaultpatch,method,0.04471839132490374
1118,codegemma:7b-instruct,yi-coder:9b,llm4cc-integrated,llm4cc-integrated,defaultpatch,method,0.052535471358922115
1119,codegemma:7b-instruct,yi-coder:9b,llm4cc-integrated,llm4cc-clone_type-patch,defaultpatch,method,0.05715876941999043
1120,codegemma:7b-instruct,yi-coder:9b,llm4cc-integrated,llm4cc-integrated-patch,defaultpatch,method,0.0654234524176357
1121,codegemma:7b-instruct,hermes3:8b,llm4cc-integrated,llm4cc-clone_type,defaultpatch,method,0.00020747325031411634
1122,codegemma:7b-instruct,hermes3:8b,llm4cc-integrated,llm4cc-integrated,defaultpatch,method,0.033033565424771094
1123,codegemma:7b-instruct,hermes3:8b,llm4cc-integrated,llm4cc-clone_type-patch,defaultpatch,method,0.002068869803215301
1124,codegemma:7b-instruct,hermes3:8b,llm4cc-integrated,llm4cc-integrated-patch,defaultpatch,method,0.03359908325535854
1125,codegemma:7b-instruct,codegemma:7b-instruct,llm4cc-clone_type-patch,llm4cc-integrated-patch,defaultpatch,defaultpatch,-0.016272299768604892
1126,codegemma:7b-instruct,qwen2.5:7b,llm4cc-clone_type-patch,llm4cc-clone_type,defaultpatch,defaultpatch,0.006658046442472143
1127,codegemma:7b-instruct,qwen2.5:7b,llm4cc-clone_type-patch,llm4cc-integrated,defaultpatch,defaultpatch,0.013661144574784845
1128,codegemma:7b-instruct,qwen2.5:7b,llm4cc-clone_type-patch,llm4cc-clone_type-patch,defaultpatch,defaultpatch,-0.004347077226816598
1129,codegemma:7b-instruct,qwen2.5:7b,llm4cc-clone_type-patch,llm4cc-integrated-patch,defaultpatch,defaultpatch,0.012593079042733879
1130,codegemma:7b-instruct,qwen2.5-coder:7b,llm4cc-clone_type-patch,llm4cc-clone_type,defaultpatch,defaultpatch,0.0026342859758773374
1131,codegemma:7b-instruct,qwen2.5-coder:7b,llm4cc-clone_type-patch,llm4cc-integrated,defaultpatch,defaultpatch,-0.054159038173469565
1132,codegemma:7b-instruct,qwen2.5-coder:7b,llm4cc-clone_type-patch,llm4cc-clone_type-patch,defaultpatch,defaultpatch,0.003613495084778484
1133,codegemma:7b-instruct,qwen2.5-coder:7b,llm4cc-clone_type-patch,llm4cc-integrated-patch,defaultpatch,defaultpatch,-0.051828490730644994
1134,codegemma:7b-instruct,yi-coder:9b,llm4cc-clone_type-patch,llm4cc-clone_type,defaultpatch,defaultpatch,0.02601509051672779
1135,codegemma:7b-instruct,yi-coder:9b,llm4cc-clone_type-patch,llm4cc-integrated,defaultpatch,defaultpatch,-0.0052324832428432
1136,codegemma:7b-instruct,yi-coder:9b,llm4cc-clone_type-patch,llm4cc-clone_type-patch,defaultpatch,defaultpatch,-0.02871063703026633
1137,codegemma:7b-instruct,yi-coder:9b,llm4cc-clone_type-patch,llm4cc-integrated-patch,defaultpatch,defaultpatch,0.03548367389138485
1138,codegemma:7b-instruct,hermes3:8b,llm4cc-clone_type-patch,llm4cc-clone_type,defaultpatch,defaultpatch,-0.008625861328248385
1139,codegemma:7b-instruct,hermes3:8b,llm4cc-clone_type-patch,llm4cc-integrated,defaultpatch,defaultpatch,-0.019640936939525178
1140,codegemma:7b-instruct,hermes3:8b,llm4cc-clone_type-patch,llm4cc-clone_type-patch,defaultpatch,defaultpatch,-0.041706287128206565
1141,codegemma:7b-instruct,hermes3:8b,llm4cc-clone_type-patch,llm4cc-integrated-patch,defaultpatch,defaultpatch,-0.0012107677704054076
1142,codegemma:7b-instruct,magicoder:7b-s-cl,llm4cc-clone_type-patch,llm4cc-clone_type,defaultpatch,method,-0.04493138573030375
1143,codegemma:7b-instruct,magicoder:7b-s-cl,llm4cc-clone_type-patch,llm4cc-integrated,defaultpatch,method,-0.023580151143165473
1144,codegemma:7b-instruct,magicoder:7b-s-cl,llm4cc-clone_type-patch,llm4cc-clone_type-patch,defaultpatch,method,-0.09466907114705148
1145,codegemma:7b-instruct,magicoder:7b-s-cl,llm4cc-clone_type-patch,llm4cc-integrated-patch,defaultpatch,method,-0.025733745144028708
1146,codegemma:7b-instruct,codellama:7b-instruct,llm4cc-clone_type-patch,llm4cc-clone_type,defaultpatch,method,-0.027883199029546724
1147,codegemma:7b-instruct,codellama:7b-instruct,llm4cc-clone_type-patch,llm4cc-integrated,defaultpatch,method,0.008638004495334473
1148,codegemma:7b-instruct,codellama:7b-instruct,llm4cc-clone_type-patch,llm4cc-clone_type-patch,defaultpatch,method,-0.04708490211187111
1149,codegemma:7b-instruct,codellama:7b-instruct,llm4cc-clone_type-patch,llm4cc-integrated-patch,defaultpatch,method,-0.02867560950439496
1150,codegemma:7b-instruct,codellama:13b-instruct,llm4cc-clone_type-patch,llm4cc-clone_type,defaultpatch,method,-0.06145358823995162
1151,codegemma:7b-instruct,codellama:13b-instruct,llm4cc-clone_type-patch,llm4cc-integrated,defaultpatch,method,-0.018172202206805155
1152,codegemma:7b-instruct,codellama:13b-instruct,llm4cc-clone_type-patch,llm4cc-clone_type-patch,defaultpatch,method,-0.0652224490557558
1153,codegemma:7b-instruct,codellama:13b-instruct,llm4cc-clone_type-patch,llm4cc-integrated-patch,defaultpatch,method,-0.023697719782629578
1154,codegemma:7b-instruct,deepseek-coder:6.7b,llm4cc-clone_type-patch,llm4cc-clone_type,defaultpatch,method,2.362274343725712e-05
1155,codegemma:7b-instruct,deepseek-coder:6.7b,llm4cc-clone_type-patch,llm4cc-integrated,defaultpatch,method,0.04131778390759566
1156,codegemma:7b-instruct,deepseek-coder:6.7b,llm4cc-clone_type-patch,llm4cc-clone_type-patch,defaultpatch,method,-0.002289184769913799
1157,codegemma:7b-instruct,deepseek-coder:6.7b,llm4cc-clone_type-patch,llm4cc-integrated-patch,defaultpatch,method,0.038299023270438104
1158,codegemma:7b-instruct,codegemma:7b-instruct,llm4cc-clone_type-patch,llm4cc-clone_type,defaultpatch,method,0.0003726765346974137
1159,codegemma:7b-instruct,codegemma:7b-instruct,llm4cc-clone_type-patch,llm4cc-integrated,defaultpatch,method,-0.01738242859898187
1160,codegemma:7b-instruct,codegemma:7b-instruct,llm4cc-clone_type-patch,llm4cc-clone_type-patch,defaultpatch,method,0.000989351354118706
1161,codegemma:7b-instruct,codegemma:7b-instruct,llm4cc-clone_type-patch,llm4cc-integrated-patch,defaultpatch,method,0.009898152480099953
1162,codegemma:7b-instruct,qwen2.5:7b,llm4cc-clone_type-patch,llm4cc-clone_type,defaultpatch,method,-0.08056780847287226
1163,codegemma:7b-instruct,qwen2.5:7b,llm4cc-clone_type-patch,llm4cc-integrated,defaultpatch,method,-0.009827625794993411
1164,codegemma:7b-instruct,qwen2.5:7b,llm4cc-clone_type-patch,llm4cc-clone_type-patch,defaultpatch,method,-0.053418445107749735
1165,codegemma:7b-instruct,qwen2.5:7b,llm4cc-clone_type-patch,llm4cc-integrated-patch,defaultpatch,method,-0.010282410724807622
1166,codegemma:7b-instruct,qwen2.5-coder:7b,llm4cc-clone_type-patch,llm4cc-clone_type,defaultpatch,method,0.0003357443951111927
1167,codegemma:7b-instruct,qwen2.5-coder:7b,llm4cc-clone_type-patch,llm4cc-integrated,defaultpatch,method,0.011452469206921667
1168,codegemma:7b-instruct,qwen2.5-coder:7b,llm4cc-clone_type-patch,llm4cc-clone_type-patch,defaultpatch,method,0.0025586086493515348
1169,codegemma:7b-instruct,qwen2.5-coder:7b,llm4cc-clone_type-patch,llm4cc-integrated-patch,defaultpatch,method,0.011392376731797937
1170,codegemma:7b-instruct,yi-coder:9b,llm4cc-clone_type-patch,llm4cc-clone_type,defaultpatch,method,0.009503929529395716
1171,codegemma:7b-instruct,yi-coder:9b,llm4cc-clone_type-patch,llm4cc-integrated,defaultpatch,method,0.014185089674521922
1172,codegemma:7b-instruct,yi-coder:9b,llm4cc-clone_type-patch,llm4cc-clone_type-patch,defaultpatch,method,-0.009712016285699843
1173,codegemma:7b-instruct,yi-coder:9b,llm4cc-clone_type-patch,llm4cc-integrated-patch,defaultpatch,method,0.006828412777412973
1174,codegemma:7b-instruct,hermes3:8b,llm4cc-clone_type-patch,llm4cc-clone_type,defaultpatch,method,0.006094777649910288
1175,codegemma:7b-instruct,hermes3:8b,llm4cc-clone_type-patch,llm4cc-integrated,defaultpatch,method,-0.003962542891387422
1176,codegemma:7b-instruct,hermes3:8b,llm4cc-clone_type-patch,llm4cc-clone_type-patch,defaultpatch,method,0.036363636363636376
1177,codegemma:7b-instruct,hermes3:8b,llm4cc-clone_type-patch,llm4cc-integrated-patch,defaultpatch,method,-0.0023506488205604636
1178,codegemma:7b-instruct,qwen2.5:7b,llm4cc-integrated-patch,llm4cc-clone_type,defaultpatch,defaultpatch,-0.006891997624979718
1179,codegemma:7b-instruct,qwen2.5:7b,llm4cc-integrated-patch,llm4cc-integrated,defaultpatch,defaultpatch,0.008849716562602805
1180,codegemma:7b-instruct,qwen2.5:7b,llm4cc-integrated-patch,llm4cc-clone_type-patch,defaultpatch,defaultpatch,-0.012412418908833267
1181,codegemma:7b-instruct,qwen2.5:7b,llm4cc-integrated-patch,llm4cc-integrated-patch,defaultpatch,defaultpatch,0.007307488050982469
1182,codegemma:7b-instruct,qwen2.5-coder:7b,llm4cc-integrated-patch,llm4cc-clone_type,defaultpatch,defaultpatch,-0.01627136399348683
1183,codegemma:7b-instruct,qwen2.5-coder:7b,llm4cc-integrated-patch,llm4cc-integrated,defaultpatch,defaultpatch,0.019688280667535918
1184,codegemma:7b-instruct,qwen2.5-coder:7b,llm4cc-integrated-patch,llm4cc-clone_type-patch,defaultpatch,defaultpatch,0.016778772084683702
1185,codegemma:7b-instruct,qwen2.5-coder:7b,llm4cc-integrated-patch,llm4cc-integrated-patch,defaultpatch,defaultpatch,-0.0013925866223456485
1186,codegemma:7b-instruct,yi-coder:9b,llm4cc-integrated-patch,llm4cc-clone_type,defaultpatch,defaultpatch,-0.026858865473093907
1187,codegemma:7b-instruct,yi-coder:9b,llm4cc-integrated-patch,llm4cc-integrated,defaultpatch,defaultpatch,0.006970467471918207
1188,codegemma:7b-instruct,yi-coder:9b,llm4cc-integrated-patch,llm4cc-clone_type-patch,defaultpatch,defaultpatch,0.0019076591025930512
1189,codegemma:7b-instruct,yi-coder:9b,llm4cc-integrated-patch,llm4cc-integrated-patch,defaultpatch,defaultpatch,-0.02480628814574848
1190,codegemma:7b-instruct,hermes3:8b,llm4cc-integrated-patch,llm4cc-clone_type,defaultpatch,defaultpatch,0.001116907836257952
1191,codegemma:7b-instruct,hermes3:8b,llm4cc-integrated-patch,llm4cc-integrated,defaultpatch,defaultpatch,0.020928167332526226
1192,codegemma:7b-instruct,hermes3:8b,llm4cc-integrated-patch,llm4cc-clone_type-patch,defaultpatch,defaultpatch,-0.0012461133730192753
1193,codegemma:7b-instruct,hermes3:8b,llm4cc-integrated-patch,llm4cc-integrated-patch,defaultpatch,defaultpatch,-0.008671514402571079
1194,codegemma:7b-instruct,magicoder:7b-s-cl,llm4cc-integrated-patch,llm4cc-clone_type,defaultpatch,method,0.019322467156426937
1195,codegemma:7b-instruct,magicoder:7b-s-cl,llm4cc-integrated-patch,llm4cc-integrated,defaultpatch,method,-0.02067808479604394
1196,codegemma:7b-instruct,magicoder:7b-s-cl,llm4cc-integrated-patch,llm4cc-clone_type-patch,defaultpatch,method,0.04324898816992506
1197,codegemma:7b-instruct,magicoder:7b-s-cl,llm4cc-integrated-patch,llm4cc-integrated-patch,defaultpatch,method,-0.004935804651440723
1198,codegemma:7b-instruct,codellama:7b-instruct,llm4cc-integrated-patch,llm4cc-clone_type,defaultpatch,method,0.01223113188172309
1199,codegemma:7b-instruct,codellama:7b-instruct,llm4cc-integrated-patch,llm4cc-integrated,defaultpatch,method,0.03358980235019704
1200,codegemma:7b-instruct,codellama:7b-instruct,llm4cc-integrated-patch,llm4cc-clone_type-patch,defaultpatch,method,0.009059896172139204
1201,codegemma:7b-instruct,codellama:7b-instruct,llm4cc-integrated-patch,llm4cc-integrated-patch,defaultpatch,method,-0.03250946236607666
1202,codegemma:7b-instruct,codellama:13b-instruct,llm4cc-integrated-patch,llm4cc-clone_type,defaultpatch,method,0.01055344844911521
1203,codegemma:7b-instruct,codellama:13b-instruct,llm4cc-integrated-patch,llm4cc-integrated,defaultpatch,method,0.022395729471859638
1204,codegemma:7b-instruct,codellama:13b-instruct,llm4cc-integrated-patch,llm4cc-clone_type-patch,defaultpatch,method,0.01981375555213949
1205,codegemma:7b-instruct,codellama:13b-instruct,llm4cc-integrated-patch,llm4cc-integrated-patch,defaultpatch,method,-0.01032743575374262
1206,codegemma:7b-instruct,deepseek-coder:6.7b,llm4cc-integrated-patch,llm4cc-clone_type,defaultpatch,method,-0.023788760573829837
1207,codegemma:7b-instruct,deepseek-coder:6.7b,llm4cc-integrated-patch,llm4cc-integrated,defaultpatch,method,-0.023226146018697102
1208,codegemma:7b-instruct,deepseek-coder:6.7b,llm4cc-integrated-patch,llm4cc-clone_type-patch,defaultpatch,method,0.005607760493233971
1209,codegemma:7b-instruct,deepseek-coder:6.7b,llm4cc-integrated-patch,llm4cc-integrated-patch,defaultpatch,method,-0.033840958160155754
1210,codegemma:7b-instruct,codegemma:7b-instruct,llm4cc-integrated-patch,llm4cc-clone_type,defaultpatch,method,-0.0013053159632465672
1211,codegemma:7b-instruct,codegemma:7b-instruct,llm4cc-integrated-patch,llm4cc-integrated,defaultpatch,method,-0.0007448113329897588
1212,codegemma:7b-instruct,codegemma:7b-instruct,llm4cc-integrated-patch,llm4cc-clone_type-patch,defaultpatch,method,-0.000848156860333571
1213,codegemma:7b-instruct,codegemma:7b-instruct,llm4cc-integrated-patch,llm4cc-integrated-patch,defaultpatch,method,-0.02531985691600247
1214,codegemma:7b-instruct,qwen2.5:7b,llm4cc-integrated-patch,llm4cc-clone_type,defaultpatch,method,0.04849610900180423
1215,codegemma:7b-instruct,qwen2.5:7b,llm4cc-integrated-patch,llm4cc-integrated,defaultpatch,method,-0.009978531787419032
1216,codegemma:7b-instruct,qwen2.5:7b,llm4cc-integrated-patch,llm4cc-clone_type-patch,defaultpatch,method,0.014421041963503245
1217,codegemma:7b-instruct,qwen2.5:7b,llm4cc-integrated-patch,llm4cc-integrated-patch,defaultpatch,method,-0.02606539093098381
1218,codegemma:7b-instruct,qwen2.5-coder:7b,llm4cc-integrated-patch,llm4cc-clone_type,defaultpatch,method,0.0010806765610934521
1219,codegemma:7b-instruct,qwen2.5-coder:7b,llm4cc-integrated-patch,llm4cc-integrated,defaultpatch,method,-0.021719182140389703
1220,codegemma:7b-instruct,qwen2.5-coder:7b,llm4cc-integrated-patch,llm4cc-clone_type-patch,defaultpatch,method,-9.415457041983544e-05
1221,codegemma:7b-instruct,qwen2.5-coder:7b,llm4cc-integrated-patch,llm4cc-integrated-patch,defaultpatch,method,-0.026017372376555548
1222,codegemma:7b-instruct,yi-coder:9b,llm4cc-integrated-patch,llm4cc-clone_type,defaultpatch,method,-0.05008926312659523
1223,codegemma:7b-instruct,yi-coder:9b,llm4cc-integrated-patch,llm4cc-integrated,defaultpatch,method,-0.017539923143402802
1224,codegemma:7b-instruct,yi-coder:9b,llm4cc-integrated-patch,llm4cc-clone_type-patch,defaultpatch,method,0.025854723769635046
1225,codegemma:7b-instruct,yi-coder:9b,llm4cc-integrated-patch,llm4cc-integrated-patch,defaultpatch,method,0.004367606033210403
1226,codegemma:7b-instruct,hermes3:8b,llm4cc-integrated-patch,llm4cc-clone_type,defaultpatch,method,0.0006355534739121982
1227,codegemma:7b-instruct,hermes3:8b,llm4cc-integrated-patch,llm4cc-integrated,defaultpatch,method,0.028894949976995044
1228,codegemma:7b-instruct,hermes3:8b,llm4cc-integrated-patch,llm4cc-clone_type-patch,defaultpatch,method,-0.0009396324849537674
1229,codegemma:7b-instruct,hermes3:8b,llm4cc-integrated-patch,llm4cc-integrated-patch,defaultpatch,method,-0.004704920028847814
1230,qwen2.5:7b,qwen2.5:7b,llm4cc-clone_type,llm4cc-integrated,defaultpatch,defaultpatch,0.020917596077678624
1231,qwen2.5:7b,qwen2.5:7b,llm4cc-clone_type,llm4cc-clone_type-patch,defaultpatch,defaultpatch,0.14381441897624203
1232,qwen2.5:7b,qwen2.5:7b,llm4cc-clone_type,llm4cc-integrated-patch,defaultpatch,defaultpatch,0.024044548281686562
1233,qwen2.5:7b,qwen2.5-coder:7b,llm4cc-clone_type,llm4cc-clone_type,defaultpatch,defaultpatch,-0.022099040651252677
1234,qwen2.5:7b,qwen2.5-coder:7b,llm4cc-clone_type,llm4cc-integrated,defaultpatch,defaultpatch,0.08093276985833153
1235,qwen2.5:7b,qwen2.5-coder:7b,llm4cc-clone_type,llm4cc-clone_type-patch,defaultpatch,defaultpatch,-0.011165887093597782
1236,qwen2.5:7b,qwen2.5-coder:7b,llm4cc-clone_type,llm4cc-integrated-patch,defaultpatch,defaultpatch,0.0957975706569727
1237,qwen2.5:7b,yi-coder:9b,llm4cc-clone_type,llm4cc-clone_type,defaultpatch,defaultpatch,0.027376832142972374
1238,qwen2.5:7b,yi-coder:9b,llm4cc-clone_type,llm4cc-integrated,defaultpatch,defaultpatch,-0.005545743346475618
1239,qwen2.5:7b,yi-coder:9b,llm4cc-clone_type,llm4cc-clone_type-patch,defaultpatch,defaultpatch,0.04601639694767656
1240,qwen2.5:7b,yi-coder:9b,llm4cc-clone_type,llm4cc-integrated-patch,defaultpatch,defaultpatch,-0.027981083312394572
1241,qwen2.5:7b,hermes3:8b,llm4cc-clone_type,llm4cc-clone_type,defaultpatch,defaultpatch,-0.0012522664988698917
1242,qwen2.5:7b,hermes3:8b,llm4cc-clone_type,llm4cc-integrated,defaultpatch,defaultpatch,-0.018317245396097803
1243,qwen2.5:7b,hermes3:8b,llm4cc-clone_type,llm4cc-clone_type-patch,defaultpatch,defaultpatch,-0.011774097406960227
1244,qwen2.5:7b,hermes3:8b,llm4cc-clone_type,llm4cc-integrated-patch,defaultpatch,defaultpatch,-0.007964680167954041
1245,qwen2.5:7b,magicoder:7b-s-cl,llm4cc-clone_type,llm4cc-clone_type,defaultpatch,method,0.028453769498194448
1246,qwen2.5:7b,magicoder:7b-s-cl,llm4cc-clone_type,llm4cc-integrated,defaultpatch,method,0.008854850459803165
1247,qwen2.5:7b,magicoder:7b-s-cl,llm4cc-clone_type,llm4cc-clone_type-patch,defaultpatch,method,0.11732560298395156
1248,qwen2.5:7b,magicoder:7b-s-cl,llm4cc-clone_type,llm4cc-integrated-patch,defaultpatch,method,0.03032939690020431
1249,qwen2.5:7b,codellama:7b-instruct,llm4cc-clone_type,llm4cc-clone_type,defaultpatch,method,0.04479445980686103
1250,qwen2.5:7b,codellama:7b-instruct,llm4cc-clone_type,llm4cc-integrated,defaultpatch,method,0.008323957512026081
1251,qwen2.5:7b,codellama:7b-instruct,llm4cc-clone_type,llm4cc-clone_type-patch,defaultpatch,method,0.04239718716216434
1252,qwen2.5:7b,codellama:7b-instruct,llm4cc-clone_type,llm4cc-integrated-patch,defaultpatch,method,0.0037802016631489632
1253,qwen2.5:7b,codellama:13b-instruct,llm4cc-clone_type,llm4cc-clone_type,defaultpatch,method,0.10138741270441853
1254,qwen2.5:7b,codellama:13b-instruct,llm4cc-clone_type,llm4cc-integrated,defaultpatch,method,0.03459684261824647
1255,qwen2.5:7b,codellama:13b-instruct,llm4cc-clone_type,llm4cc-clone_type-patch,defaultpatch,method,0.08767448563751845
1256,qwen2.5:7b,codellama:13b-instruct,llm4cc-clone_type,llm4cc-integrated-patch,defaultpatch,method,0.0560098780054713
1257,qwen2.5:7b,deepseek-coder:6.7b,llm4cc-clone_type,llm4cc-clone_type,defaultpatch,method,-0.029075858930171394
1258,qwen2.5:7b,deepseek-coder:6.7b,llm4cc-clone_type,llm4cc-integrated,defaultpatch,method,-0.0577142936189361
1259,qwen2.5:7b,deepseek-coder:6.7b,llm4cc-clone_type,llm4cc-clone_type-patch,defaultpatch,method,-0.019570001166362205
1260,qwen2.5:7b,deepseek-coder:6.7b,llm4cc-clone_type,llm4cc-integrated-patch,defaultpatch,method,-0.06239598245880518
1261,qwen2.5:7b,codegemma:7b-instruct,llm4cc-clone_type,llm4cc-clone_type,defaultpatch,method,-0.0051116632164347475
1262,qwen2.5:7b,codegemma:7b-instruct,llm4cc-clone_type,llm4cc-integrated,defaultpatch,method,0.047093651189484276
1263,qwen2.5:7b,codegemma:7b-instruct,llm4cc-clone_type,llm4cc-clone_type-patch,defaultpatch,method,-0.0032450184405665716
1264,qwen2.5:7b,codegemma:7b-instruct,llm4cc-clone_type,llm4cc-integrated-patch,defaultpatch,method,-0.017455389038639968
1265,qwen2.5:7b,qwen2.5:7b,llm4cc-clone_type,llm4cc-clone_type,defaultpatch,method,0.07647274057811937
1266,qwen2.5:7b,qwen2.5:7b,llm4cc-clone_type,llm4cc-integrated,defaultpatch,method,0.0008436282055355182
1267,qwen2.5:7b,qwen2.5:7b,llm4cc-clone_type,llm4cc-clone_type-patch,defaultpatch,method,0.06988093193657341
1268,qwen2.5:7b,qwen2.5:7b,llm4cc-clone_type,llm4cc-integrated-patch,defaultpatch,method,-0.018250353433146405
1269,qwen2.5:7b,qwen2.5-coder:7b,llm4cc-clone_type,llm4cc-clone_type,defaultpatch,method,-0.002425113224342468
1270,qwen2.5:7b,qwen2.5-coder:7b,llm4cc-clone_type,llm4cc-integrated,defaultpatch,method,-0.021369605135247438
1271,qwen2.5:7b,qwen2.5-coder:7b,llm4cc-clone_type,llm4cc-clone_type-patch,defaultpatch,method,-0.00253763622604386
1272,qwen2.5:7b,qwen2.5-coder:7b,llm4cc-clone_type,llm4cc-integrated-patch,defaultpatch,method,-0.0070242646299107925
1273,qwen2.5:7b,yi-coder:9b,llm4cc-clone_type,llm4cc-clone_type,defaultpatch,method,-0.01210197409194147
1274,qwen2.5:7b,yi-coder:9b,llm4cc-clone_type,llm4cc-integrated,defaultpatch,method,-0.04932047476007284
1275,qwen2.5:7b,yi-coder:9b,llm4cc-clone_type,llm4cc-clone_type-patch,defaultpatch,method,0.012072316597724786
1276,qwen2.5:7b,yi-coder:9b,llm4cc-clone_type,llm4cc-integrated-patch,defaultpatch,method,-0.023173545541712803
1277,qwen2.5:7b,hermes3:8b,llm4cc-clone_type,llm4cc-clone_type,defaultpatch,method,0.0009167763114451555
1278,qwen2.5:7b,hermes3:8b,llm4cc-clone_type,llm4cc-integrated,defaultpatch,method,-0.029632562424407594
1279,qwen2.5:7b,hermes3:8b,llm4cc-clone_type,llm4cc-clone_type-patch,defaultpatch,method,-0.007463924838041924
1280,qwen2.5:7b,hermes3:8b,llm4cc-clone_type,llm4cc-integrated-patch,defaultpatch,method,-0.016280703274397235
1281,qwen2.5:7b,qwen2.5:7b,llm4cc-integrated,llm4cc-clone_type-patch,defaultpatch,defaultpatch,0.019069927184406144
1282,qwen2.5:7b,qwen2.5:7b,llm4cc-integrated,llm4cc-integrated-patch,defaultpatch,defaultpatch,0.016017022939789793
1283,qwen2.5:7b,qwen2.5-coder:7b,llm4cc-integrated,llm4cc-clone_type,defaultpatch,defaultpatch,0.02572716626652838
1284,qwen2.5:7b,qwen2.5-coder:7b,llm4cc-integrated,llm4cc-integrated,defaultpatch,defaultpatch,0.009303210847785959
1285,qwen2.5:7b,qwen2.5-coder:7b,llm4cc-integrated,llm4cc-clone_type-patch,defaultpatch,defaultpatch,0.021258251655899563
1286,qwen2.5:7b,qwen2.5-coder:7b,llm4cc-integrated,llm4cc-integrated-patch,defaultpatch,defaultpatch,0.008865094112186722
1287,qwen2.5:7b,yi-coder:9b,llm4cc-integrated,llm4cc-clone_type,defaultpatch,defaultpatch,-0.008642774154905997
1288,qwen2.5:7b,yi-coder:9b,llm4cc-integrated,llm4cc-integrated,defaultpatch,defaultpatch,-0.028287005772254625
1289,qwen2.5:7b,yi-coder:9b,llm4cc-integrated,llm4cc-clone_type-patch,defaultpatch,defaultpatch,-0.0031089979568732495
1290,qwen2.5:7b,yi-coder:9b,llm4cc-integrated,llm4cc-integrated-patch,defaultpatch,defaultpatch,0.012206628534719433
1291,qwen2.5:7b,hermes3:8b,llm4cc-integrated,llm4cc-clone_type,defaultpatch,defaultpatch,0.0019118445318505595
1292,qwen2.5:7b,hermes3:8b,llm4cc-integrated,llm4cc-integrated,defaultpatch,defaultpatch,-0.02121609096984578
1293,qwen2.5:7b,hermes3:8b,llm4cc-integrated,llm4cc-clone_type-patch,defaultpatch,defaultpatch,-0.010620577060131087
1294,qwen2.5:7b,hermes3:8b,llm4cc-integrated,llm4cc-integrated-patch,defaultpatch,defaultpatch,-0.0009414995781651392
1295,qwen2.5:7b,magicoder:7b-s-cl,llm4cc-integrated,llm4cc-clone_type,defaultpatch,method,0.04847981503345822
1296,qwen2.5:7b,magicoder:7b-s-cl,llm4cc-integrated,llm4cc-integrated,defaultpatch,method,0.00925831210351391
1297,qwen2.5:7b,magicoder:7b-s-cl,llm4cc-integrated,llm4cc-clone_type-patch,defaultpatch,method,0.006553933931450762
1298,qwen2.5:7b,magicoder:7b-s-cl,llm4cc-integrated,llm4cc-integrated-patch,defaultpatch,method,-0.011153658683698664
1299,qwen2.5:7b,codellama:7b-instruct,llm4cc-integrated,llm4cc-clone_type,defaultpatch,method,0.0007089962359068114
1300,qwen2.5:7b,codellama:7b-instruct,llm4cc-integrated,llm4cc-integrated,defaultpatch,method,-0.034890057773562244
1301,qwen2.5:7b,codellama:7b-instruct,llm4cc-integrated,llm4cc-clone_type-patch,defaultpatch,method,0.02789300731422928
1302,qwen2.5:7b,codellama:7b-instruct,llm4cc-integrated,llm4cc-integrated-patch,defaultpatch,method,0.008437023583382164
1303,qwen2.5:7b,codellama:13b-instruct,llm4cc-integrated,llm4cc-clone_type,defaultpatch,method,0.022162199250605363
1304,qwen2.5:7b,codellama:13b-instruct,llm4cc-integrated,llm4cc-integrated,defaultpatch,method,-0.028820644417024255
1305,qwen2.5:7b,codellama:13b-instruct,llm4cc-integrated,llm4cc-clone_type-patch,defaultpatch,method,0.025409263385116176
1306,qwen2.5:7b,codellama:13b-instruct,llm4cc-integrated,llm4cc-integrated-patch,defaultpatch,method,-0.01055257004553467
1307,qwen2.5:7b,deepseek-coder:6.7b,llm4cc-integrated,llm4cc-clone_type,defaultpatch,method,-0.01000589021756415
1308,qwen2.5:7b,deepseek-coder:6.7b,llm4cc-integrated,llm4cc-integrated,defaultpatch,method,-0.021193688711937053
1309,qwen2.5:7b,deepseek-coder:6.7b,llm4cc-integrated,llm4cc-clone_type-patch,defaultpatch,method,-0.004268161977695639
1310,qwen2.5:7b,deepseek-coder:6.7b,llm4cc-integrated,llm4cc-integrated-patch,defaultpatch,method,-0.017885188093579973
1311,qwen2.5:7b,codegemma:7b-instruct,llm4cc-integrated,llm4cc-clone_type,defaultpatch,method,0.0017703571854202904
1312,qwen2.5:7b,codegemma:7b-instruct,llm4cc-integrated,llm4cc-integrated,defaultpatch,method,0.00682817786156531
1313,qwen2.5:7b,codegemma:7b-instruct,llm4cc-integrated,llm4cc-clone_type-patch,defaultpatch,method,0.002120111430901961
1314,qwen2.5:7b,codegemma:7b-instruct,llm4cc-integrated,llm4cc-integrated-patch,defaultpatch,method,-0.005482537069104065
1315,qwen2.5:7b,qwen2.5:7b,llm4cc-integrated,llm4cc-clone_type,defaultpatch,method,0.03244434655801287
1316,qwen2.5:7b,qwen2.5:7b,llm4cc-integrated,llm4cc-integrated,defaultpatch,method,-0.014090127922110618
1317,qwen2.5:7b,qwen2.5:7b,llm4cc-integrated,llm4cc-clone_type-patch,defaultpatch,method,0.01332235533430437
1318,qwen2.5:7b,qwen2.5:7b,llm4cc-integrated,llm4cc-integrated-patch,defaultpatch,method,0.01582636137465132
1319,qwen2.5:7b,qwen2.5-coder:7b,llm4cc-integrated,llm4cc-clone_type,defaultpatch,method,-0.0004499650456339932
1320,qwen2.5:7b,qwen2.5-coder:7b,llm4cc-integrated,llm4cc-integrated,defaultpatch,method,-0.013088100802763902
1321,qwen2.5:7b,qwen2.5-coder:7b,llm4cc-integrated,llm4cc-clone_type-patch,defaultpatch,method,0.002198395556926802
1322,qwen2.5:7b,qwen2.5-coder:7b,llm4cc-integrated,llm4cc-integrated-patch,defaultpatch,method,-0.019612155537662046
1323,qwen2.5:7b,yi-coder:9b,llm4cc-integrated,llm4cc-clone_type,defaultpatch,method,-0.008077091737493713
1324,qwen2.5:7b,yi-coder:9b,llm4cc-integrated,llm4cc-integrated,defaultpatch,method,-0.008459209039547888
1325,qwen2.5:7b,yi-coder:9b,llm4cc-integrated,llm4cc-clone_type-patch,defaultpatch,method,-0.0010035515891084756
1326,qwen2.5:7b,yi-coder:9b,llm4cc-integrated,llm4cc-integrated-patch,defaultpatch,method,-0.010761173425053672
1327,qwen2.5:7b,hermes3:8b,llm4cc-integrated,llm4cc-clone_type,defaultpatch,method,-0.0005560131795716572
1328,qwen2.5:7b,hermes3:8b,llm4cc-integrated,llm4cc-integrated,defaultpatch,method,-0.008796733815690683
1329,qwen2.5:7b,hermes3:8b,llm4cc-integrated,llm4cc-clone_type-patch,defaultpatch,method,0.00623499078187395
1330,qwen2.5:7b,hermes3:8b,llm4cc-integrated,llm4cc-integrated-patch,defaultpatch,method,0.0036220853675086317
1331,qwen2.5:7b,qwen2.5:7b,llm4cc-clone_type-patch,llm4cc-integrated-patch,defaultpatch,defaultpatch,0.016899158114668578
1332,qwen2.5:7b,qwen2.5-coder:7b,llm4cc-clone_type-patch,llm4cc-clone_type,defaultpatch,defaultpatch,0.006859807131717077
1333,qwen2.5:7b,qwen2.5-coder:7b,llm4cc-clone_type-patch,llm4cc-integrated,defaultpatch,defaultpatch,0.047717483062403976
1334,qwen2.5:7b,qwen2.5-coder:7b,llm4cc-clone_type-patch,llm4cc-clone_type-patch,defaultpatch,defaultpatch,-0.004258730561259139
1335,qwen2.5:7b,qwen2.5-coder:7b,llm4cc-clone_type-patch,llm4cc-integrated-patch,defaultpatch,defaultpatch,0.06009558226954348
1336,qwen2.5:7b,yi-coder:9b,llm4cc-clone_type-patch,llm4cc-clone_type,defaultpatch,defaultpatch,-0.017497555330277192
1337,qwen2.5:7b,yi-coder:9b,llm4cc-clone_type-patch,llm4cc-integrated,defaultpatch,defaultpatch,0.00970191289457678
1338,qwen2.5:7b,yi-coder:9b,llm4cc-clone_type-patch,llm4cc-clone_type-patch,defaultpatch,defaultpatch,0.02021910056332832
1339,qwen2.5:7b,yi-coder:9b,llm4cc-clone_type-patch,llm4cc-integrated-patch,defaultpatch,defaultpatch,-0.02545406129337957
1340,qwen2.5:7b,hermes3:8b,llm4cc-clone_type-patch,llm4cc-clone_type,defaultpatch,defaultpatch,-0.003338729419196884
1341,qwen2.5:7b,hermes3:8b,llm4cc-clone_type-patch,llm4cc-integrated,defaultpatch,defaultpatch,-0.015649433240028765
1342,qwen2.5:7b,hermes3:8b,llm4cc-clone_type-patch,llm4cc-clone_type-patch,defaultpatch,defaultpatch,-0.0042390682594424245
1343,qwen2.5:7b,hermes3:8b,llm4cc-clone_type-patch,llm4cc-integrated-patch,defaultpatch,defaultpatch,-0.027428763651712984
1344,qwen2.5:7b,magicoder:7b-s-cl,llm4cc-clone_type-patch,llm4cc-clone_type,defaultpatch,method,0.017601755475821657
1345,qwen2.5:7b,magicoder:7b-s-cl,llm4cc-clone_type-patch,llm4cc-integrated,defaultpatch,method,0.026488483268144347
1346,qwen2.5:7b,magicoder:7b-s-cl,llm4cc-clone_type-patch,llm4cc-clone_type-patch,defaultpatch,method,0.11087265199059171
1347,qwen2.5:7b,magicoder:7b-s-cl,llm4cc-clone_type-patch,llm4cc-integrated-patch,defaultpatch,method,-0.009184948512720004
1348,qwen2.5:7b,codellama:7b-instruct,llm4cc-clone_type-patch,llm4cc-clone_type,defaultpatch,method,0.017333103363971758
1349,qwen2.5:7b,codellama:7b-instruct,llm4cc-clone_type-patch,llm4cc-integrated,defaultpatch,method,-0.016318353453503187
1350,qwen2.5:7b,codellama:7b-instruct,llm4cc-clone_type-patch,llm4cc-clone_type-patch,defaultpatch,method,0.03768006775842392
1351,qwen2.5:7b,codellama:7b-instruct,llm4cc-clone_type-patch,llm4cc-integrated-patch,defaultpatch,method,-0.009418628524500372
1352,qwen2.5:7b,codellama:13b-instruct,llm4cc-clone_type-patch,llm4cc-clone_type,defaultpatch,method,0.08075341906003841
1353,qwen2.5:7b,codellama:13b-instruct,llm4cc-clone_type-patch,llm4cc-integrated,defaultpatch,method,0.03894937622805661
1354,qwen2.5:7b,codellama:13b-instruct,llm4cc-clone_type-patch,llm4cc-clone_type-patch,defaultpatch,method,0.08295588879303462
1355,qwen2.5:7b,codellama:13b-instruct,llm4cc-clone_type-patch,llm4cc-integrated-patch,defaultpatch,method,0.042944928431102425
1356,qwen2.5:7b,deepseek-coder:6.7b,llm4cc-clone_type-patch,llm4cc-clone_type,defaultpatch,method,-0.05024296985324472
1357,qwen2.5:7b,deepseek-coder:6.7b,llm4cc-clone_type-patch,llm4cc-integrated,defaultpatch,method,-0.07941894051992504
1358,qwen2.5:7b,deepseek-coder:6.7b,llm4cc-clone_type-patch,llm4cc-clone_type-patch,defaultpatch,method,-0.01184230757155813
1359,qwen2.5:7b,deepseek-coder:6.7b,llm4cc-clone_type-patch,llm4cc-integrated-patch,defaultpatch,method,-0.07633439135354014
1360,qwen2.5:7b,codegemma:7b-instruct,llm4cc-clone_type-patch,llm4cc-clone_type,defaultpatch,method,-0.00628773723118603
1361,qwen2.5:7b,codegemma:7b-instruct,llm4cc-clone_type-patch,llm4cc-integrated,defaultpatch,method,0.005749336434661134
1362,qwen2.5:7b,codegemma:7b-instruct,llm4cc-clone_type-patch,llm4cc-clone_type-patch,defaultpatch,method,0.0023731379348420623
1363,qwen2.5:7b,codegemma:7b-instruct,llm4cc-clone_type-patch,llm4cc-integrated-patch,defaultpatch,method,-0.02882961214290858
1364,qwen2.5:7b,qwen2.5:7b,llm4cc-clone_type-patch,llm4cc-clone_type,defaultpatch,method,0.11033220538684263
1365,qwen2.5:7b,qwen2.5:7b,llm4cc-clone_type-patch,llm4cc-integrated,defaultpatch,method,-0.008918237584836008
1366,qwen2.5:7b,qwen2.5:7b,llm4cc-clone_type-patch,llm4cc-clone_type-patch,defaultpatch,method,0.060087312495074485
1367,qwen2.5:7b,qwen2.5:7b,llm4cc-clone_type-patch,llm4cc-integrated-patch,defaultpatch,method,-0.019924332238483
1368,qwen2.5:7b,qwen2.5-coder:7b,llm4cc-clone_type-patch,llm4cc-clone_type,defaultpatch,method,-0.001966889101035818
1369,qwen2.5:7b,qwen2.5-coder:7b,llm4cc-clone_type-patch,llm4cc-integrated,defaultpatch,method,-0.025427291690248044
1370,qwen2.5:7b,qwen2.5-coder:7b,llm4cc-clone_type-patch,llm4cc-clone_type-patch,defaultpatch,method,-0.0018774638712248937
1371,qwen2.5:7b,qwen2.5-coder:7b,llm4cc-clone_type-patch,llm4cc-integrated-patch,defaultpatch,method,-0.004614625811539819
1372,qwen2.5:7b,yi-coder:9b,llm4cc-clone_type-patch,llm4cc-clone_type,defaultpatch,method,-0.010004001600640189
1373,qwen2.5:7b,yi-coder:9b,llm4cc-clone_type-patch,llm4cc-integrated,defaultpatch,method,-0.0665350371608151
1374,qwen2.5:7b,yi-coder:9b,llm4cc-clone_type-patch,llm4cc-clone_type-patch,defaultpatch,method,-0.0006407696511649963
1375,qwen2.5:7b,yi-coder:9b,llm4cc-clone_type-patch,llm4cc-integrated-patch,defaultpatch,method,-0.03316283233550865
1376,qwen2.5:7b,hermes3:8b,llm4cc-clone_type-patch,llm4cc-clone_type,defaultpatch,method,3.1758230939593624e-05
1377,qwen2.5:7b,hermes3:8b,llm4cc-clone_type-patch,llm4cc-integrated,defaultpatch,method,-0.014693250219998788
1378,qwen2.5:7b,hermes3:8b,llm4cc-clone_type-patch,llm4cc-clone_type-patch,defaultpatch,method,-0.0038416904713323152
1379,qwen2.5:7b,hermes3:8b,llm4cc-clone_type-patch,llm4cc-integrated-patch,defaultpatch,method,-0.015127692303953832
1380,qwen2.5:7b,qwen2.5-coder:7b,llm4cc-integrated-patch,llm4cc-clone_type,defaultpatch,defaultpatch,0.0341777498230037
1381,qwen2.5:7b,qwen2.5-coder:7b,llm4cc-integrated-patch,llm4cc-integrated,defaultpatch,defaultpatch,0.008765689207526739
1382,qwen2.5:7b,qwen2.5-coder:7b,llm4cc-integrated-patch,llm4cc-clone_type-patch,defaultpatch,defaultpatch,0.03342970780934951
1383,qwen2.5:7b,qwen2.5-coder:7b,llm4cc-integrated-patch,llm4cc-integrated-patch,defaultpatch,defaultpatch,0.0067779324822565545
1384,qwen2.5:7b,yi-coder:9b,llm4cc-integrated-patch,llm4cc-clone_type,defaultpatch,defaultpatch,-0.009989224520728035
1385,qwen2.5:7b,yi-coder:9b,llm4cc-integrated-patch,llm4cc-integrated,defaultpatch,defaultpatch,-0.02609814875670935
1386,qwen2.5:7b,yi-coder:9b,llm4cc-integrated-patch,llm4cc-clone_type-patch,defaultpatch,defaultpatch,0.0075848039490518104
1387,qwen2.5:7b,yi-coder:9b,llm4cc-integrated-patch,llm4cc-integrated-patch,defaultpatch,defaultpatch,-0.010194945503599229
1388,qwen2.5:7b,hermes3:8b,llm4cc-integrated-patch,llm4cc-clone_type,defaultpatch,defaultpatch,0.0041231470676431625
1389,qwen2.5:7b,hermes3:8b,llm4cc-integrated-patch,llm4cc-integrated,defaultpatch,defaultpatch,-0.01569111197270323
1390,qwen2.5:7b,hermes3:8b,llm4cc-integrated-patch,llm4cc-clone_type-patch,defaultpatch,defaultpatch,-0.011361461689129992
1391,qwen2.5:7b,hermes3:8b,llm4cc-integrated-patch,llm4cc-integrated-patch,defaultpatch,defaultpatch,-0.03484160470476527
1392,qwen2.5:7b,magicoder:7b-s-cl,llm4cc-integrated-patch,llm4cc-clone_type,defaultpatch,method,-0.015112879694229031
1393,qwen2.5:7b,magicoder:7b-s-cl,llm4cc-integrated-patch,llm4cc-integrated,defaultpatch,method,-0.0019808391436593187
1394,qwen2.5:7b,magicoder:7b-s-cl,llm4cc-integrated-patch,llm4cc-clone_type-patch,defaultpatch,method,0.02168984882223135
1395,qwen2.5:7b,magicoder:7b-s-cl,llm4cc-integrated-patch,llm4cc-integrated-patch,defaultpatch,method,0.00015075319244461927
1396,qwen2.5:7b,codellama:7b-instruct,llm4cc-integrated-patch,llm4cc-clone_type,defaultpatch,method,-0.020474632811817495
1397,qwen2.5:7b,codellama:7b-instruct,llm4cc-integrated-patch,llm4cc-integrated,defaultpatch,method,-0.017920116049320978
1398,qwen2.5:7b,codellama:7b-instruct,llm4cc-integrated-patch,llm4cc-clone_type-patch,defaultpatch,method,0.007463205663392425
1399,qwen2.5:7b,codellama:7b-instruct,llm4cc-integrated-patch,llm4cc-integrated-patch,defaultpatch,method,-0.0129169898095991
1400,qwen2.5:7b,codellama:13b-instruct,llm4cc-integrated-patch,llm4cc-clone_type,defaultpatch,method,0.025056451461952456
1401,qwen2.5:7b,codellama:13b-instruct,llm4cc-integrated-patch,llm4cc-integrated,defaultpatch,method,-0.021181694831626796
1402,qwen2.5:7b,codellama:13b-instruct,llm4cc-integrated-patch,llm4cc-clone_type-patch,defaultpatch,method,0.0006777457346972549
1403,qwen2.5:7b,codellama:13b-instruct,llm4cc-integrated-patch,llm4cc-integrated-patch,defaultpatch,method,-0.01501340482573732
1404,qwen2.5:7b,deepseek-coder:6.7b,llm4cc-integrated-patch,llm4cc-clone_type,defaultpatch,method,-0.011155228600334688
1405,qwen2.5:7b,deepseek-coder:6.7b,llm4cc-integrated-patch,llm4cc-integrated,defaultpatch,method,-0.030999470324717837
1406,qwen2.5:7b,deepseek-coder:6.7b,llm4cc-integrated-patch,llm4cc-clone_type-patch,defaultpatch,method,-0.016954743163250185
1407,qwen2.5:7b,deepseek-coder:6.7b,llm4cc-integrated-patch,llm4cc-integrated-patch,defaultpatch,method,-0.02615341473882249
1408,qwen2.5:7b,codegemma:7b-instruct,llm4cc-integrated-patch,llm4cc-clone_type,defaultpatch,method,-0.011423808064595642
1409,qwen2.5:7b,codegemma:7b-instruct,llm4cc-integrated-patch,llm4cc-integrated,defaultpatch,method,0.0005074712075390231
1410,qwen2.5:7b,codegemma:7b-instruct,llm4cc-integrated-patch,llm4cc-clone_type-patch,defaultpatch,method,0.007534849887722905
1411,qwen2.5:7b,codegemma:7b-instruct,llm4cc-integrated-patch,llm4cc-integrated-patch,defaultpatch,method,-0.0005466327837795326
1412,qwen2.5:7b,qwen2.5:7b,llm4cc-integrated-patch,llm4cc-clone_type,defaultpatch,method,0.030081676133344448
1413,qwen2.5:7b,qwen2.5:7b,llm4cc-integrated-patch,llm4cc-integrated,defaultpatch,method,0.019019561968515508
1414,qwen2.5:7b,qwen2.5:7b,llm4cc-integrated-patch,llm4cc-clone_type-patch,defaultpatch,method,-0.0014835498907830313
1415,qwen2.5:7b,qwen2.5:7b,llm4cc-integrated-patch,llm4cc-integrated-patch,defaultpatch,method,-0.015467033315788692
1416,qwen2.5:7b,qwen2.5-coder:7b,llm4cc-integrated-patch,llm4cc-clone_type,defaultpatch,method,-0.00414681517900628
1417,qwen2.5:7b,qwen2.5-coder:7b,llm4cc-integrated-patch,llm4cc-integrated,defaultpatch,method,0.005826532701239007
1418,qwen2.5:7b,qwen2.5-coder:7b,llm4cc-integrated-patch,llm4cc-clone_type-patch,defaultpatch,method,0.0012780522784753279
1419,qwen2.5:7b,qwen2.5-coder:7b,llm4cc-integrated-patch,llm4cc-integrated-patch,defaultpatch,method,0.006059374245753979
1420,qwen2.5:7b,yi-coder:9b,llm4cc-integrated-patch,llm4cc-clone_type,defaultpatch,method,-0.013245717114199307
1421,qwen2.5:7b,yi-coder:9b,llm4cc-integrated-patch,llm4cc-integrated,defaultpatch,method,-0.008360739265366623
1422,qwen2.5:7b,yi-coder:9b,llm4cc-integrated-patch,llm4cc-clone_type-patch,defaultpatch,method,0.014206120236315622
1423,qwen2.5:7b,yi-coder:9b,llm4cc-integrated-patch,llm4cc-integrated-patch,defaultpatch,method,-0.01053777905896669
1424,qwen2.5:7b,hermes3:8b,llm4cc-integrated-patch,llm4cc-clone_type,defaultpatch,method,-0.0017370502765960971
1425,qwen2.5:7b,hermes3:8b,llm4cc-integrated-patch,llm4cc-integrated,defaultpatch,method,-0.004095648195054924
1426,qwen2.5:7b,hermes3:8b,llm4cc-integrated-patch,llm4cc-clone_type-patch,defaultpatch,method,-0.023805975611154162
1427,qwen2.5:7b,hermes3:8b,llm4cc-integrated-patch,llm4cc-integrated-patch,defaultpatch,method,-0.016279191854758235
1428,qwen2.5-coder:7b,qwen2.5-coder:7b,llm4cc-clone_type,llm4cc-integrated,defaultpatch,defaultpatch,-0.07672634271099765
1429,qwen2.5-coder:7b,qwen2.5-coder:7b,llm4cc-clone_type,llm4cc-clone_type-patch,defaultpatch,defaultpatch,0.621386402866219
1430,qwen2.5-coder:7b,qwen2.5-coder:7b,llm4cc-clone_type,llm4cc-integrated-patch,defaultpatch,defaultpatch,-0.12657299238511843
1431,qwen2.5-coder:7b,yi-coder:9b,llm4cc-clone_type,llm4cc-clone_type,defaultpatch,defaultpatch,-0.016692535356554128
1432,qwen2.5-coder:7b,yi-coder:9b,llm4cc-clone_type,llm4cc-integrated,defaultpatch,defaultpatch,0.00032271462193222966
1433,qwen2.5-coder:7b,yi-coder:9b,llm4cc-clone_type,llm4cc-clone_type-patch,defaultpatch,defaultpatch,-0.01638631282017422
1434,qwen2.5-coder:7b,yi-coder:9b,llm4cc-clone_type,llm4cc-integrated-patch,defaultpatch,defaultpatch,-0.018164632662514446
1435,qwen2.5-coder:7b,hermes3:8b,llm4cc-clone_type,llm4cc-clone_type,defaultpatch,defaultpatch,0.0038108137904966366
1436,qwen2.5-coder:7b,hermes3:8b,llm4cc-clone_type,llm4cc-integrated,defaultpatch,defaultpatch,0.06183207082405495
1437,qwen2.5-coder:7b,hermes3:8b,llm4cc-clone_type,llm4cc-clone_type-patch,defaultpatch,defaultpatch,0.006517137892907865
1438,qwen2.5-coder:7b,hermes3:8b,llm4cc-clone_type,llm4cc-integrated-patch,defaultpatch,defaultpatch,0.0072343921723448945
1439,qwen2.5-coder:7b,magicoder:7b-s-cl,llm4cc-clone_type,llm4cc-clone_type,defaultpatch,method,0.02942694438669513
1440,qwen2.5-coder:7b,magicoder:7b-s-cl,llm4cc-clone_type,llm4cc-integrated,defaultpatch,method,-0.016500512102605835
1441,qwen2.5-coder:7b,magicoder:7b-s-cl,llm4cc-clone_type,llm4cc-clone_type-patch,defaultpatch,method,-0.08121083781069593
1442,qwen2.5-coder:7b,magicoder:7b-s-cl,llm4cc-clone_type,llm4cc-integrated-patch,defaultpatch,method,-0.03989142552469582
1443,qwen2.5-coder:7b,codellama:7b-instruct,llm4cc-clone_type,llm4cc-clone_type,defaultpatch,method,-0.09635098925811625
1444,qwen2.5-coder:7b,codellama:7b-instruct,llm4cc-clone_type,llm4cc-integrated,defaultpatch,method,-0.08529506260221309
1445,qwen2.5-coder:7b,codellama:7b-instruct,llm4cc-clone_type,llm4cc-clone_type-patch,defaultpatch,method,-0.10108819466324115
1446,qwen2.5-coder:7b,codellama:7b-instruct,llm4cc-clone_type,llm4cc-integrated-patch,defaultpatch,method,-0.07237560637907059
1447,qwen2.5-coder:7b,codellama:13b-instruct,llm4cc-clone_type,llm4cc-clone_type,defaultpatch,method,-0.126261370662893
1448,qwen2.5-coder:7b,codellama:13b-instruct,llm4cc-clone_type,llm4cc-integrated,defaultpatch,method,-0.10798540277098101
1449,qwen2.5-coder:7b,codellama:13b-instruct,llm4cc-clone_type,llm4cc-clone_type-patch,defaultpatch,method,-0.1266812147541294
1450,qwen2.5-coder:7b,codellama:13b-instruct,llm4cc-clone_type,llm4cc-integrated-patch,defaultpatch,method,-0.1267701729139752
1451,qwen2.5-coder:7b,deepseek-coder:6.7b,llm4cc-clone_type,llm4cc-clone_type,defaultpatch,method,0.06625159918933166
1452,qwen2.5-coder:7b,deepseek-coder:6.7b,llm4cc-clone_type,llm4cc-integrated,defaultpatch,method,0.016129454926624875
1453,qwen2.5-coder:7b,deepseek-coder:6.7b,llm4cc-clone_type,llm4cc-clone_type-patch,defaultpatch,method,0.0638292739559555
1454,qwen2.5-coder:7b,deepseek-coder:6.7b,llm4cc-clone_type,llm4cc-integrated-patch,defaultpatch,method,0.014522178303778444
1455,qwen2.5-coder:7b,codegemma:7b-instruct,llm4cc-clone_type,llm4cc-clone_type,defaultpatch,method,0.11323122707869904
1456,qwen2.5-coder:7b,codegemma:7b-instruct,llm4cc-clone_type,llm4cc-integrated,defaultpatch,method,-0.07441781694513927
1457,qwen2.5-coder:7b,codegemma:7b-instruct,llm4cc-clone_type,llm4cc-clone_type-patch,defaultpatch,method,0.11601647426279205
1458,qwen2.5-coder:7b,codegemma:7b-instruct,llm4cc-clone_type,llm4cc-integrated-patch,defaultpatch,method,0.0647074820173984
1459,qwen2.5-coder:7b,qwen2.5:7b,llm4cc-clone_type,llm4cc-clone_type,defaultpatch,method,0.01961729768188425
1460,qwen2.5-coder:7b,qwen2.5:7b,llm4cc-clone_type,llm4cc-integrated,defaultpatch,method,0.012613660870568366
1461,qwen2.5-coder:7b,qwen2.5:7b,llm4cc-clone_type,llm4cc-clone_type-patch,defaultpatch,method,0.024398430993598175
1462,qwen2.5-coder:7b,qwen2.5:7b,llm4cc-clone_type,llm4cc-integrated-patch,defaultpatch,method,0.02351103854617731
1463,qwen2.5-coder:7b,qwen2.5-coder:7b,llm4cc-clone_type,llm4cc-clone_type,defaultpatch,method,0.00542522249508004
1464,qwen2.5-coder:7b,qwen2.5-coder:7b,llm4cc-clone_type,llm4cc-integrated,defaultpatch,method,0.021097683613686247
1465,qwen2.5-coder:7b,qwen2.5-coder:7b,llm4cc-clone_type,llm4cc-clone_type-patch,defaultpatch,method,0.012989662676822666
1466,qwen2.5-coder:7b,qwen2.5-coder:7b,llm4cc-clone_type,llm4cc-integrated-patch,defaultpatch,method,-0.015290329895274013
1467,qwen2.5-coder:7b,yi-coder:9b,llm4cc-clone_type,llm4cc-clone_type,defaultpatch,method,0.0403236672443803
1468,qwen2.5-coder:7b,yi-coder:9b,llm4cc-clone_type,llm4cc-integrated,defaultpatch,method,0.013771107690243478
1469,qwen2.5-coder:7b,yi-coder:9b,llm4cc-clone_type,llm4cc-clone_type-patch,defaultpatch,method,0.029665013320781974
1470,qwen2.5-coder:7b,yi-coder:9b,llm4cc-clone_type,llm4cc-integrated-patch,defaultpatch,method,0.03888252721885954
1471,qwen2.5-coder:7b,hermes3:8b,llm4cc-clone_type,llm4cc-clone_type,defaultpatch,method,0.004253583424153828
1472,qwen2.5-coder:7b,hermes3:8b,llm4cc-clone_type,llm4cc-integrated,defaultpatch,method,0.07270385531454782
1473,qwen2.5-coder:7b,hermes3:8b,llm4cc-clone_type,llm4cc-clone_type-patch,defaultpatch,method,-0.0017797702032935625
1474,qwen2.5-coder:7b,hermes3:8b,llm4cc-clone_type,llm4cc-integrated-patch,defaultpatch,method,-0.01678129039249532
1475,qwen2.5-coder:7b,qwen2.5-coder:7b,llm4cc-integrated,llm4cc-clone_type-patch,defaultpatch,defaultpatch,-0.08501092561322343
1476,qwen2.5-coder:7b,qwen2.5-coder:7b,llm4cc-integrated,llm4cc-integrated-patch,defaultpatch,defaultpatch,0.18534298675824556
1477,qwen2.5-coder:7b,yi-coder:9b,llm4cc-integrated,llm4cc-clone_type,defaultpatch,defaultpatch,0.015887588797947716
1478,qwen2.5-coder:7b,yi-coder:9b,llm4cc-integrated,llm4cc-integrated,defaultpatch,defaultpatch,-0.05068649678062931
1479,qwen2.5-coder:7b,yi-coder:9b,llm4cc-integrated,llm4cc-clone_type-patch,defaultpatch,defaultpatch,0.01650103826757654
1480,qwen2.5-coder:7b,yi-coder:9b,llm4cc-integrated,llm4cc-integrated-patch,defaultpatch,defaultpatch,-0.02319632465795851
1481,qwen2.5-coder:7b,hermes3:8b,llm4cc-integrated,llm4cc-clone_type,defaultpatch,defaultpatch,-0.0017471417659349342
1482,qwen2.5-coder:7b,hermes3:8b,llm4cc-integrated,llm4cc-integrated,defaultpatch,defaultpatch,-0.020099065808001138
1483,qwen2.5-coder:7b,hermes3:8b,llm4cc-integrated,llm4cc-clone_type-patch,defaultpatch,defaultpatch,-0.0037705071814222446
1484,qwen2.5-coder:7b,hermes3:8b,llm4cc-integrated,llm4cc-integrated-patch,defaultpatch,defaultpatch,-0.010908606825055456
1485,qwen2.5-coder:7b,magicoder:7b-s-cl,llm4cc-integrated,llm4cc-clone_type,defaultpatch,method,0.10496453900709235
1486,qwen2.5-coder:7b,magicoder:7b-s-cl,llm4cc-integrated,llm4cc-integrated,defaultpatch,method,0.05627578975454817
1487,qwen2.5-coder:7b,magicoder:7b-s-cl,llm4cc-integrated,llm4cc-clone_type-patch,defaultpatch,method,0.26729888930053536
1488,qwen2.5-coder:7b,magicoder:7b-s-cl,llm4cc-integrated,llm4cc-integrated-patch,defaultpatch,method,0.03161448741559236
1489,qwen2.5-coder:7b,codellama:7b-instruct,llm4cc-integrated,llm4cc-clone_type,defaultpatch,method,0.11436835879645724
1490,qwen2.5-coder:7b,codellama:7b-instruct,llm4cc-integrated,llm4cc-integrated,defaultpatch,method,0.003329088709797423
1491,qwen2.5-coder:7b,codellama:7b-instruct,llm4cc-integrated,llm4cc-clone_type-patch,defaultpatch,method,0.08510443049590721
1492,qwen2.5-coder:7b,codellama:7b-instruct,llm4cc-integrated,llm4cc-integrated-patch,defaultpatch,method,0.02534550684760173
1493,qwen2.5-coder:7b,codellama:13b-instruct,llm4cc-integrated,llm4cc-clone_type,defaultpatch,method,0.19088959892373658
1494,qwen2.5-coder:7b,codellama:13b-instruct,llm4cc-integrated,llm4cc-integrated,defaultpatch,method,0.08615887175880521
1495,qwen2.5-coder:7b,codellama:13b-instruct,llm4cc-integrated,llm4cc-clone_type-patch,defaultpatch,method,0.20850174216027872
1496,qwen2.5-coder:7b,codellama:13b-instruct,llm4cc-integrated,llm4cc-integrated-patch,defaultpatch,method,0.0981419723677942
1497,qwen2.5-coder:7b,deepseek-coder:6.7b,llm4cc-integrated,llm4cc-clone_type,defaultpatch,method,-0.06289678432593915
1498,qwen2.5-coder:7b,deepseek-coder:6.7b,llm4cc-integrated,llm4cc-integrated,defaultpatch,method,-0.1415780828959361
1499,qwen2.5-coder:7b,deepseek-coder:6.7b,llm4cc-integrated,llm4cc-clone_type-patch,defaultpatch,method,-0.03779958543241957
1500,qwen2.5-coder:7b,deepseek-coder:6.7b,llm4cc-integrated,llm4cc-integrated-patch,defaultpatch,method,-0.09491061336899254
1501,qwen2.5-coder:7b,codegemma:7b-instruct,llm4cc-integrated,llm4cc-clone_type,defaultpatch,method,-0.013062746082025178
1502,qwen2.5-coder:7b,codegemma:7b-instruct,llm4cc-integrated,llm4cc-integrated,defaultpatch,method,0.08484508190324236
1503,qwen2.5-coder:7b,codegemma:7b-instruct,llm4cc-integrated,llm4cc-clone_type-patch,defaultpatch,method,-0.008522973579158988
1504,qwen2.5-coder:7b,codegemma:7b-instruct,llm4cc-integrated,llm4cc-integrated-patch,defaultpatch,method,-0.05035727818979052
1505,qwen2.5-coder:7b,qwen2.5:7b,llm4cc-integrated,llm4cc-clone_type,defaultpatch,method,0.159329202759659
1506,qwen2.5-coder:7b,qwen2.5:7b,llm4cc-integrated,llm4cc-integrated,defaultpatch,method,-0.019389566356573962
1507,qwen2.5-coder:7b,qwen2.5:7b,llm4cc-integrated,llm4cc-clone_type-patch,defaultpatch,method,0.12841439188350268
1508,qwen2.5-coder:7b,qwen2.5:7b,llm4cc-integrated,llm4cc-integrated-patch,defaultpatch,method,-0.024107830329875624
1509,qwen2.5-coder:7b,qwen2.5-coder:7b,llm4cc-integrated,llm4cc-clone_type,defaultpatch,method,-0.0022221125819770204
1510,qwen2.5-coder:7b,qwen2.5-coder:7b,llm4cc-integrated,llm4cc-integrated,defaultpatch,method,-0.02791833792483267
1511,qwen2.5-coder:7b,qwen2.5-coder:7b,llm4cc-integrated,llm4cc-clone_type-patch,defaultpatch,method,-0.007715092911924737
1512,qwen2.5-coder:7b,qwen2.5-coder:7b,llm4cc-integrated,llm4cc-integrated-patch,defaultpatch,method,-0.02081750691409434
1513,qwen2.5-coder:7b,yi-coder:9b,llm4cc-integrated,llm4cc-clone_type,defaultpatch,method,-0.025637051520498666
1514,qwen2.5-coder:7b,yi-coder:9b,llm4cc-integrated,llm4cc-integrated,defaultpatch,method,-0.06505343586872381
1515,qwen2.5-coder:7b,yi-coder:9b,llm4cc-integrated,llm4cc-clone_type-patch,defaultpatch,method,-0.012151066678708577
1516,qwen2.5-coder:7b,yi-coder:9b,llm4cc-integrated,llm4cc-integrated-patch,defaultpatch,method,-0.1068812311891012
1517,qwen2.5-coder:7b,hermes3:8b,llm4cc-integrated,llm4cc-clone_type,defaultpatch,method,-0.005958497081660408
1518,qwen2.5-coder:7b,hermes3:8b,llm4cc-integrated,llm4cc-integrated,defaultpatch,method,-0.031074146493716315
1519,qwen2.5-coder:7b,hermes3:8b,llm4cc-integrated,llm4cc-clone_type-patch,defaultpatch,method,-0.005812618481830345
1520,qwen2.5-coder:7b,hermes3:8b,llm4cc-integrated,llm4cc-integrated-patch,defaultpatch,method,0.003616089742682793
1521,qwen2.5-coder:7b,qwen2.5-coder:7b,llm4cc-clone_type-patch,llm4cc-integrated-patch,defaultpatch,defaultpatch,-0.13685129339915392
1522,qwen2.5-coder:7b,yi-coder:9b,llm4cc-clone_type-patch,llm4cc-clone_type,defaultpatch,defaultpatch,-0.006433814624757561
1523,qwen2.5-coder:7b,yi-coder:9b,llm4cc-clone_type-patch,llm4cc-integrated,defaultpatch,defaultpatch,0.002603347543550849
1524,qwen2.5-coder:7b,yi-coder:9b,llm4cc-clone_type-patch,llm4cc-clone_type-patch,defaultpatch,defaultpatch,-0.02627108566769132
1525,qwen2.5-coder:7b,yi-coder:9b,llm4cc-clone_type-patch,llm4cc-integrated-patch,defaultpatch,defaultpatch,-0.01847858637499966
1526,qwen2.5-coder:7b,hermes3:8b,llm4cc-clone_type-patch,llm4cc-clone_type,defaultpatch,defaultpatch,0.0036928129077704597
1527,qwen2.5-coder:7b,hermes3:8b,llm4cc-clone_type-patch,llm4cc-integrated,defaultpatch,defaultpatch,0.08123849252461945
1528,qwen2.5-coder:7b,hermes3:8b,llm4cc-clone_type-patch,llm4cc-clone_type-patch,defaultpatch,defaultpatch,0.007433301341749687
1529,qwen2.5-coder:7b,hermes3:8b,llm4cc-clone_type-patch,llm4cc-integrated-patch,defaultpatch,defaultpatch,0.023766118196796637
1530,qwen2.5-coder:7b,magicoder:7b-s-cl,llm4cc-clone_type-patch,llm4cc-clone_type,defaultpatch,method,0.003840737604989819
1531,qwen2.5-coder:7b,magicoder:7b-s-cl,llm4cc-clone_type-patch,llm4cc-integrated,defaultpatch,method,-0.03100847266485185
1532,qwen2.5-coder:7b,magicoder:7b-s-cl,llm4cc-clone_type-patch,llm4cc-clone_type-patch,defaultpatch,method,-0.09939423584175366
1533,qwen2.5-coder:7b,magicoder:7b-s-cl,llm4cc-clone_type-patch,llm4cc-integrated-patch,defaultpatch,method,-0.03542132607276316
1534,qwen2.5-coder:7b,codellama:7b-instruct,llm4cc-clone_type-patch,llm4cc-clone_type,defaultpatch,method,-0.11788054176337526
1535,qwen2.5-coder:7b,codellama:7b-instruct,llm4cc-clone_type-patch,llm4cc-integrated,defaultpatch,method,-0.06769980754435734
1536,qwen2.5-coder:7b,codellama:7b-instruct,llm4cc-clone_type-patch,llm4cc-clone_type-patch,defaultpatch,method,-0.09880140713538421
1537,qwen2.5-coder:7b,codellama:7b-instruct,llm4cc-clone_type-patch,llm4cc-integrated-patch,defaultpatch,method,-0.08408776398883999
1538,qwen2.5-coder:7b,codellama:13b-instruct,llm4cc-clone_type-patch,llm4cc-clone_type,defaultpatch,method,-0.13760008484012953
1539,qwen2.5-coder:7b,codellama:13b-instruct,llm4cc-clone_type-patch,llm4cc-integrated,defaultpatch,method,-0.1149495168421073
1540,qwen2.5-coder:7b,codellama:13b-instruct,llm4cc-clone_type-patch,llm4cc-clone_type-patch,defaultpatch,method,-0.150353872677067
1541,qwen2.5-coder:7b,codellama:13b-instruct,llm4cc-clone_type-patch,llm4cc-integrated-patch,defaultpatch,method,-0.13823470612676192
1542,qwen2.5-coder:7b,deepseek-coder:6.7b,llm4cc-clone_type-patch,llm4cc-clone_type,defaultpatch,method,0.1161860655950312
1543,qwen2.5-coder:7b,deepseek-coder:6.7b,llm4cc-clone_type-patch,llm4cc-integrated,defaultpatch,method,0.044944292621400095
1544,qwen2.5-coder:7b,deepseek-coder:6.7b,llm4cc-clone_type-patch,llm4cc-clone_type-patch,defaultpatch,method,0.10838177651045211
1545,qwen2.5-coder:7b,deepseek-coder:6.7b,llm4cc-clone_type-patch,llm4cc-integrated-patch,defaultpatch,method,0.01862144473156091
1546,qwen2.5-coder:7b,codegemma:7b-instruct,llm4cc-clone_type-patch,llm4cc-clone_type,defaultpatch,method,0.13952174991046595
1547,qwen2.5-coder:7b,codegemma:7b-instruct,llm4cc-clone_type-patch,llm4cc-integrated,defaultpatch,method,-0.09440626064307822
1548,qwen2.5-coder:7b,codegemma:7b-instruct,llm4cc-clone_type-patch,llm4cc-clone_type-patch,defaultpatch,method,0.10317860393474765
1549,qwen2.5-coder:7b,codegemma:7b-instruct,llm4cc-clone_type-patch,llm4cc-integrated-patch,defaultpatch,method,0.040745633595023034
1550,qwen2.5-coder:7b,qwen2.5:7b,llm4cc-clone_type-patch,llm4cc-clone_type,defaultpatch,method,-0.0005906333258434149
1551,qwen2.5-coder:7b,qwen2.5:7b,llm4cc-clone_type-patch,llm4cc-integrated,defaultpatch,method,0.025791964744476426
1552,qwen2.5-coder:7b,qwen2.5:7b,llm4cc-clone_type-patch,llm4cc-clone_type-patch,defaultpatch,method,0.0030678750020474155
1553,qwen2.5-coder:7b,qwen2.5:7b,llm4cc-clone_type-patch,llm4cc-integrated-patch,defaultpatch,method,0.03593880884861678
1554,qwen2.5-coder:7b,qwen2.5-coder:7b,llm4cc-clone_type-patch,llm4cc-clone_type,defaultpatch,method,0.014217302559271672
1555,qwen2.5-coder:7b,qwen2.5-coder:7b,llm4cc-clone_type-patch,llm4cc-integrated,defaultpatch,method,0.0321408207429833
1556,qwen2.5-coder:7b,qwen2.5-coder:7b,llm4cc-clone_type-patch,llm4cc-clone_type-patch,defaultpatch,method,0.034634131340621654
1557,qwen2.5-coder:7b,qwen2.5-coder:7b,llm4cc-clone_type-patch,llm4cc-integrated-patch,defaultpatch,method,0.012970958478049854
1558,qwen2.5-coder:7b,yi-coder:9b,llm4cc-clone_type-patch,llm4cc-clone_type,defaultpatch,method,0.07617945474607735
1559,qwen2.5-coder:7b,yi-coder:9b,llm4cc-clone_type-patch,llm4cc-integrated,defaultpatch,method,0.05717934090543808
1560,qwen2.5-coder:7b,yi-coder:9b,llm4cc-clone_type-patch,llm4cc-clone_type-patch,defaultpatch,method,0.05162696325242344
1561,qwen2.5-coder:7b,yi-coder:9b,llm4cc-clone_type-patch,llm4cc-integrated-patch,defaultpatch,method,0.042258255113340915
1562,qwen2.5-coder:7b,hermes3:8b,llm4cc-clone_type-patch,llm4cc-clone_type,defaultpatch,method,0.0010082945290780243
1563,qwen2.5-coder:7b,hermes3:8b,llm4cc-clone_type-patch,llm4cc-integrated,defaultpatch,method,0.08816675999349732
1564,qwen2.5-coder:7b,hermes3:8b,llm4cc-clone_type-patch,llm4cc-clone_type-patch,defaultpatch,method,-0.00565490132313351
1565,qwen2.5-coder:7b,hermes3:8b,llm4cc-clone_type-patch,llm4cc-integrated-patch,defaultpatch,method,-0.0347607392615048
1566,qwen2.5-coder:7b,yi-coder:9b,llm4cc-integrated-patch,llm4cc-clone_type,defaultpatch,defaultpatch,0.014151142417452522
1567,qwen2.5-coder:7b,yi-coder:9b,llm4cc-integrated-patch,llm4cc-integrated,defaultpatch,defaultpatch,-0.012086915811454713
1568,qwen2.5-coder:7b,yi-coder:9b,llm4cc-integrated-patch,llm4cc-clone_type-patch,defaultpatch,defaultpatch,0.05297171932420541
1569,qwen2.5-coder:7b,yi-coder:9b,llm4cc-integrated-patch,llm4cc-integrated-patch,defaultpatch,defaultpatch,-0.010943020822613114
1570,qwen2.5-coder:7b,hermes3:8b,llm4cc-integrated-patch,llm4cc-clone_type,defaultpatch,defaultpatch,0.000411779859018635
1571,qwen2.5-coder:7b,hermes3:8b,llm4cc-integrated-patch,llm4cc-integrated,defaultpatch,defaultpatch,-0.023201260955342917
1572,qwen2.5-coder:7b,hermes3:8b,llm4cc-integrated-patch,llm4cc-clone_type-patch,defaultpatch,defaultpatch,-0.0003506609153987039
1573,qwen2.5-coder:7b,hermes3:8b,llm4cc-integrated-patch,llm4cc-integrated-patch,defaultpatch,defaultpatch,-0.02350417515944514
1574,qwen2.5-coder:7b,magicoder:7b-s-cl,llm4cc-integrated-patch,llm4cc-clone_type,defaultpatch,method,0.09516217773484037
1575,qwen2.5-coder:7b,magicoder:7b-s-cl,llm4cc-integrated-patch,llm4cc-integrated,defaultpatch,method,0.08079192380751243
1576,qwen2.5-coder:7b,magicoder:7b-s-cl,llm4cc-integrated-patch,llm4cc-clone_type-patch,defaultpatch,method,0.2941052054864336
1577,qwen2.5-coder:7b,magicoder:7b-s-cl,llm4cc-integrated-patch,llm4cc-integrated-patch,defaultpatch,method,0.07312384577962716
1578,qwen2.5-coder:7b,codellama:7b-instruct,llm4cc-integrated-patch,llm4cc-clone_type,defaultpatch,method,0.10936663304625649
1579,qwen2.5-coder:7b,codellama:7b-instruct,llm4cc-integrated-patch,llm4cc-integrated,defaultpatch,method,-0.020819575786718003
1580,qwen2.5-coder:7b,codellama:7b-instruct,llm4cc-integrated-patch,llm4cc-clone_type-patch,defaultpatch,method,0.07756144985518754
1581,qwen2.5-coder:7b,codellama:7b-instruct,llm4cc-integrated-patch,llm4cc-integrated-patch,defaultpatch,method,0.033079577252054904
1582,qwen2.5-coder:7b,codellama:13b-instruct,llm4cc-integrated-patch,llm4cc-clone_type,defaultpatch,method,0.2576188280481254
1583,qwen2.5-coder:7b,codellama:13b-instruct,llm4cc-integrated-patch,llm4cc-integrated,defaultpatch,method,0.09563362360520522
1584,qwen2.5-coder:7b,codellama:13b-instruct,llm4cc-integrated-patch,llm4cc-clone_type-patch,defaultpatch,method,0.23005511379028531
1585,qwen2.5-coder:7b,codellama:13b-instruct,llm4cc-integrated-patch,llm4cc-integrated-patch,defaultpatch,method,0.13953867605700376
1586,qwen2.5-coder:7b,deepseek-coder:6.7b,llm4cc-integrated-patch,llm4cc-clone_type,defaultpatch,method,-0.09001296045890328
1587,qwen2.5-coder:7b,deepseek-coder:6.7b,llm4cc-integrated-patch,llm4cc-integrated,defaultpatch,method,-0.16743291783210723
1588,qwen2.5-coder:7b,deepseek-coder:6.7b,llm4cc-integrated-patch,llm4cc-clone_type-patch,defaultpatch,method,-0.050454978157155495
1589,qwen2.5-coder:7b,deepseek-coder:6.7b,llm4cc-integrated-patch,llm4cc-integrated-patch,defaultpatch,method,-0.14939073867710295
1590,qwen2.5-coder:7b,codegemma:7b-instruct,llm4cc-integrated-patch,llm4cc-clone_type,defaultpatch,method,-0.001654011811198508
1591,qwen2.5-coder:7b,codegemma:7b-instruct,llm4cc-integrated-patch,llm4cc-integrated,defaultpatch,method,0.05260188849545222
1592,qwen2.5-coder:7b,codegemma:7b-instruct,llm4cc-integrated-patch,llm4cc-clone_type-patch,defaultpatch,method,-0.002861702255450016
1593,qwen2.5-coder:7b,codegemma:7b-instruct,llm4cc-integrated-patch,llm4cc-integrated-patch,defaultpatch,method,-0.056237695329218296
1594,qwen2.5-coder:7b,qwen2.5:7b,llm4cc-integrated-patch,llm4cc-clone_type,defaultpatch,method,0.2508944923067967
1595,qwen2.5-coder:7b,qwen2.5:7b,llm4cc-integrated-patch,llm4cc-integrated,defaultpatch,method,-0.02772263443443901
1596,qwen2.5-coder:7b,qwen2.5:7b,llm4cc-integrated-patch,llm4cc-clone_type-patch,defaultpatch,method,0.16764000504432197
1597,qwen2.5-coder:7b,qwen2.5:7b,llm4cc-integrated-patch,llm4cc-integrated-patch,defaultpatch,method,-0.044274660534178834
1598,qwen2.5-coder:7b,qwen2.5-coder:7b,llm4cc-integrated-patch,llm4cc-clone_type,defaultpatch,method,-0.0033652876023697598
1599,qwen2.5-coder:7b,qwen2.5-coder:7b,llm4cc-integrated-patch,llm4cc-integrated,defaultpatch,method,-0.053007429551149565
1600,qwen2.5-coder:7b,qwen2.5-coder:7b,llm4cc-integrated-patch,llm4cc-clone_type-patch,defaultpatch,method,-0.006725657119159623
1601,qwen2.5-coder:7b,qwen2.5-coder:7b,llm4cc-integrated-patch,llm4cc-integrated-patch,defaultpatch,method,-0.015906039590039667
1602,qwen2.5-coder:7b,yi-coder:9b,llm4cc-integrated-patch,llm4cc-clone_type,defaultpatch,method,-0.032094181821048284
1603,qwen2.5-coder:7b,yi-coder:9b,llm4cc-integrated-patch,llm4cc-integrated,defaultpatch,method,-0.12220823740086972
1604,qwen2.5-coder:7b,yi-coder:9b,llm4cc-integrated-patch,llm4cc-clone_type-patch,defaultpatch,method,-0.02648044638383351
1605,qwen2.5-coder:7b,yi-coder:9b,llm4cc-integrated-patch,llm4cc-integrated-patch,defaultpatch,method,-0.08253775151391873
1606,qwen2.5-coder:7b,hermes3:8b,llm4cc-integrated-patch,llm4cc-clone_type,defaultpatch,method,-0.0018327044641544
1607,qwen2.5-coder:7b,hermes3:8b,llm4cc-integrated-patch,llm4cc-integrated,defaultpatch,method,-0.04715901592816696
1608,qwen2.5-coder:7b,hermes3:8b,llm4cc-integrated-patch,llm4cc-clone_type-patch,defaultpatch,method,0.0015908426583370883
1609,qwen2.5-coder:7b,hermes3:8b,llm4cc-integrated-patch,llm4cc-integrated-patch,defaultpatch,method,-0.009329671355196467
1610,yi-coder:9b,yi-coder:9b,llm4cc-clone_type,llm4cc-integrated,defaultpatch,defaultpatch,0.012139590708789116
1611,yi-coder:9b,yi-coder:9b,llm4cc-clone_type,llm4cc-clone_type-patch,defaultpatch,defaultpatch,-0.008738429347493915
1612,yi-coder:9b,yi-coder:9b,llm4cc-clone_type,llm4cc-integrated-patch,defaultpatch,defaultpatch,-0.002969845451870734
1613,yi-coder:9b,hermes3:8b,llm4cc-clone_type,llm4cc-clone_type,defaultpatch,defaultpatch,0.00034371084469320135
1614,yi-coder:9b,hermes3:8b,llm4cc-clone_type,llm4cc-integrated,defaultpatch,defaultpatch,0.00396098261525657
1615,yi-coder:9b,hermes3:8b,llm4cc-clone_type,llm4cc-clone_type-patch,defaultpatch,defaultpatch,-0.0028512965244726907
1616,yi-coder:9b,hermes3:8b,llm4cc-clone_type,llm4cc-integrated-patch,defaultpatch,defaultpatch,-0.012381650470197902
1617,yi-coder:9b,magicoder:7b-s-cl,llm4cc-clone_type,llm4cc-clone_type,defaultpatch,method,-0.01132581196581195
1618,yi-coder:9b,magicoder:7b-s-cl,llm4cc-clone_type,llm4cc-integrated,defaultpatch,method,-0.019735956105634722
1619,yi-coder:9b,magicoder:7b-s-cl,llm4cc-clone_type,llm4cc-clone_type-patch,defaultpatch,method,0.0270828251855465
1620,yi-coder:9b,magicoder:7b-s-cl,llm4cc-clone_type,llm4cc-integrated-patch,defaultpatch,method,0.03001323421568569
1621,yi-coder:9b,codellama:7b-instruct,llm4cc-clone_type,llm4cc-clone_type,defaultpatch,method,0.020878633958403614
1622,yi-coder:9b,codellama:7b-instruct,llm4cc-clone_type,llm4cc-integrated,defaultpatch,method,-0.008886740536922622
1623,yi-coder:9b,codellama:7b-instruct,llm4cc-clone_type,llm4cc-clone_type-patch,defaultpatch,method,0.010084046885158737
1624,yi-coder:9b,codellama:7b-instruct,llm4cc-clone_type,llm4cc-integrated-patch,defaultpatch,method,0.006496366839951695
1625,yi-coder:9b,codellama:13b-instruct,llm4cc-clone_type,llm4cc-clone_type,defaultpatch,method,0.0026918232780973606
1626,yi-coder:9b,codellama:13b-instruct,llm4cc-clone_type,llm4cc-integrated,defaultpatch,method,0.029243128999948964
1627,yi-coder:9b,codellama:13b-instruct,llm4cc-clone_type,llm4cc-clone_type-patch,defaultpatch,method,0.01665092777082855
1628,yi-coder:9b,codellama:13b-instruct,llm4cc-clone_type,llm4cc-integrated-patch,defaultpatch,method,0.01579333325573351
1629,yi-coder:9b,deepseek-coder:6.7b,llm4cc-clone_type,llm4cc-clone_type,defaultpatch,method,0.010237303959204858
1630,yi-coder:9b,deepseek-coder:6.7b,llm4cc-clone_type,llm4cc-integrated,defaultpatch,method,0.010360773705479942
1631,yi-coder:9b,deepseek-coder:6.7b,llm4cc-clone_type,llm4cc-clone_type-patch,defaultpatch,method,-0.005220582514399608
1632,yi-coder:9b,deepseek-coder:6.7b,llm4cc-clone_type,llm4cc-integrated-patch,defaultpatch,method,0.002294297671878831
1633,yi-coder:9b,codegemma:7b-instruct,llm4cc-clone_type,llm4cc-clone_type,defaultpatch,method,-0.003301527905807955
1634,yi-coder:9b,codegemma:7b-instruct,llm4cc-clone_type,llm4cc-integrated,defaultpatch,method,0.03217086483051579
1635,yi-coder:9b,codegemma:7b-instruct,llm4cc-clone_type,llm4cc-clone_type-patch,defaultpatch,method,-0.003775994079726397
1636,yi-coder:9b,codegemma:7b-instruct,llm4cc-clone_type,llm4cc-integrated-patch,defaultpatch,method,0.011387425233582715
1637,yi-coder:9b,qwen2.5:7b,llm4cc-clone_type,llm4cc-clone_type,defaultpatch,method,-0.02162521708629561
1638,yi-coder:9b,qwen2.5:7b,llm4cc-clone_type,llm4cc-integrated,defaultpatch,method,0.004235961243885589
1639,yi-coder:9b,qwen2.5:7b,llm4cc-clone_type,llm4cc-clone_type-patch,defaultpatch,method,-0.004699934888984236
1640,yi-coder:9b,qwen2.5:7b,llm4cc-clone_type,llm4cc-integrated-patch,defaultpatch,method,0.002242642195512734
1641,yi-coder:9b,qwen2.5-coder:7b,llm4cc-clone_type,llm4cc-clone_type,defaultpatch,method,-0.00042895491123040586
1642,yi-coder:9b,qwen2.5-coder:7b,llm4cc-clone_type,llm4cc-integrated,defaultpatch,method,0.007647895213064082
1643,yi-coder:9b,qwen2.5-coder:7b,llm4cc-clone_type,llm4cc-clone_type-patch,defaultpatch,method,0.0018265450793454319
1644,yi-coder:9b,qwen2.5-coder:7b,llm4cc-clone_type,llm4cc-integrated-patch,defaultpatch,method,-0.006461137298164443
1645,yi-coder:9b,yi-coder:9b,llm4cc-clone_type,llm4cc-clone_type,defaultpatch,method,0.002216279962016121
1646,yi-coder:9b,yi-coder:9b,llm4cc-clone_type,llm4cc-integrated,defaultpatch,method,0.004627138522446561
1647,yi-coder:9b,yi-coder:9b,llm4cc-clone_type,llm4cc-clone_type-patch,defaultpatch,method,-0.0024498855151242616
1648,yi-coder:9b,yi-coder:9b,llm4cc-clone_type,llm4cc-integrated-patch,defaultpatch,method,-0.002819536200620254
1649,yi-coder:9b,hermes3:8b,llm4cc-clone_type,llm4cc-clone_type,defaultpatch,method,0.0034937425712948667
1650,yi-coder:9b,hermes3:8b,llm4cc-clone_type,llm4cc-integrated,defaultpatch,method,0.003887095815019781
1651,yi-coder:9b,hermes3:8b,llm4cc-clone_type,llm4cc-clone_type-patch,defaultpatch,method,-0.00017736985838578967
1652,yi-coder:9b,hermes3:8b,llm4cc-clone_type,llm4cc-integrated-patch,defaultpatch,method,0.025793318424317424
1653,yi-coder:9b,yi-coder:9b,llm4cc-integrated,llm4cc-clone_type-patch,defaultpatch,defaultpatch,-0.004187932669434957
1654,yi-coder:9b,yi-coder:9b,llm4cc-integrated,llm4cc-integrated-patch,defaultpatch,defaultpatch,0.0034653677576875763
1655,yi-coder:9b,hermes3:8b,llm4cc-integrated,llm4cc-clone_type,defaultpatch,defaultpatch,0.00020071701682844445
1656,yi-coder:9b,hermes3:8b,llm4cc-integrated,llm4cc-integrated,defaultpatch,defaultpatch,0.0024440865829736813
1657,yi-coder:9b,hermes3:8b,llm4cc-integrated,llm4cc-clone_type-patch,defaultpatch,defaultpatch,0.0006383053390531801
1658,yi-coder:9b,hermes3:8b,llm4cc-integrated,llm4cc-integrated-patch,defaultpatch,defaultpatch,0.01446953824834607
1659,yi-coder:9b,magicoder:7b-s-cl,llm4cc-integrated,llm4cc-clone_type,defaultpatch,method,0.012910437599551572
1660,yi-coder:9b,magicoder:7b-s-cl,llm4cc-integrated,llm4cc-integrated,defaultpatch,method,-0.017195449648193195
1661,yi-coder:9b,magicoder:7b-s-cl,llm4cc-integrated,llm4cc-clone_type-patch,defaultpatch,method,-0.01653833620749623
1662,yi-coder:9b,magicoder:7b-s-cl,llm4cc-integrated,llm4cc-integrated-patch,defaultpatch,method,0.02715673222528736
1663,yi-coder:9b,codellama:7b-instruct,llm4cc-integrated,llm4cc-clone_type,defaultpatch,method,0.0001528092074847276
1664,yi-coder:9b,codellama:7b-instruct,llm4cc-integrated,llm4cc-integrated,defaultpatch,method,-0.0154922257080774
1665,yi-coder:9b,codellama:7b-instruct,llm4cc-integrated,llm4cc-clone_type-patch,defaultpatch,method,-0.020607440244413855
1666,yi-coder:9b,codellama:7b-instruct,llm4cc-integrated,llm4cc-integrated-patch,defaultpatch,method,0.041864529391120064
1667,yi-coder:9b,codellama:13b-instruct,llm4cc-integrated,llm4cc-clone_type,defaultpatch,method,-0.013061776814486059
1668,yi-coder:9b,codellama:13b-instruct,llm4cc-integrated,llm4cc-integrated,defaultpatch,method,-0.021210645782901327
1669,yi-coder:9b,codellama:13b-instruct,llm4cc-integrated,llm4cc-clone_type-patch,defaultpatch,method,-0.03046894568598435
1670,yi-coder:9b,codellama:13b-instruct,llm4cc-integrated,llm4cc-integrated-patch,defaultpatch,method,0.010864436195287874
1671,yi-coder:9b,deepseek-coder:6.7b,llm4cc-integrated,llm4cc-clone_type,defaultpatch,method,0.0009495991915475788
1672,yi-coder:9b,deepseek-coder:6.7b,llm4cc-integrated,llm4cc-integrated,defaultpatch,method,0.006051911168367119
1673,yi-coder:9b,deepseek-coder:6.7b,llm4cc-integrated,llm4cc-clone_type-patch,defaultpatch,method,0.00953527005914212
1674,yi-coder:9b,deepseek-coder:6.7b,llm4cc-integrated,llm4cc-integrated-patch,defaultpatch,method,0.016506743089638398
1675,yi-coder:9b,codegemma:7b-instruct,llm4cc-integrated,llm4cc-clone_type,defaultpatch,method,0.0007040566463861753
1676,yi-coder:9b,codegemma:7b-instruct,llm4cc-integrated,llm4cc-integrated,defaultpatch,method,-0.04312623733858434
1677,yi-coder:9b,codegemma:7b-instruct,llm4cc-integrated,llm4cc-clone_type-patch,defaultpatch,method,0.0029273817515881317
1678,yi-coder:9b,codegemma:7b-instruct,llm4cc-integrated,llm4cc-integrated-patch,defaultpatch,method,0.009410791603717161
1679,yi-coder:9b,qwen2.5:7b,llm4cc-integrated,llm4cc-clone_type,defaultpatch,method,0.008125170563085482
1680,yi-coder:9b,qwen2.5:7b,llm4cc-integrated,llm4cc-integrated,defaultpatch,method,0.01978072175241219
1681,yi-coder:9b,qwen2.5:7b,llm4cc-integrated,llm4cc-clone_type-patch,defaultpatch,method,0.00163428482133543
1682,yi-coder:9b,qwen2.5:7b,llm4cc-integrated,llm4cc-integrated-patch,defaultpatch,method,0.005994789439954351
1683,yi-coder:9b,qwen2.5-coder:7b,llm4cc-integrated,llm4cc-clone_type,defaultpatch,method,0.002179153408543022
1684,yi-coder:9b,qwen2.5-coder:7b,llm4cc-integrated,llm4cc-integrated,defaultpatch,method,0.010770826107823983
1685,yi-coder:9b,qwen2.5-coder:7b,llm4cc-integrated,llm4cc-clone_type-patch,defaultpatch,method,0.002562467624118714
1686,yi-coder:9b,qwen2.5-coder:7b,llm4cc-integrated,llm4cc-integrated-patch,defaultpatch,method,0.009159002248715797
1687,yi-coder:9b,yi-coder:9b,llm4cc-integrated,llm4cc-clone_type,defaultpatch,method,0.007132026295774141
1688,yi-coder:9b,yi-coder:9b,llm4cc-integrated,llm4cc-integrated,defaultpatch,method,0.007047201516286017
1689,yi-coder:9b,yi-coder:9b,llm4cc-integrated,llm4cc-clone_type-patch,defaultpatch,method,-0.01367793682652696
1690,yi-coder:9b,yi-coder:9b,llm4cc-integrated,llm4cc-integrated-patch,defaultpatch,method,0.04889752073759013
1691,yi-coder:9b,hermes3:8b,llm4cc-integrated,llm4cc-clone_type,defaultpatch,method,0.0008341462724972271
1692,yi-coder:9b,hermes3:8b,llm4cc-integrated,llm4cc-integrated,defaultpatch,method,0.020660130138454802
1693,yi-coder:9b,hermes3:8b,llm4cc-integrated,llm4cc-clone_type-patch,defaultpatch,method,-0.012877479899485511
1694,yi-coder:9b,hermes3:8b,llm4cc-integrated,llm4cc-integrated-patch,defaultpatch,method,-0.007524368099184109
1695,yi-coder:9b,yi-coder:9b,llm4cc-clone_type-patch,llm4cc-integrated-patch,defaultpatch,defaultpatch,-0.013049854225708701
1696,yi-coder:9b,hermes3:8b,llm4cc-clone_type-patch,llm4cc-clone_type,defaultpatch,defaultpatch,0.001998085458184584
1697,yi-coder:9b,hermes3:8b,llm4cc-clone_type-patch,llm4cc-integrated,defaultpatch,defaultpatch,0.006088469184890699
1698,yi-coder:9b,hermes3:8b,llm4cc-clone_type-patch,llm4cc-clone_type-patch,defaultpatch,defaultpatch,0.004583435357492505
1699,yi-coder:9b,hermes3:8b,llm4cc-clone_type-patch,llm4cc-integrated-patch,defaultpatch,defaultpatch,0.007831388801975536
1700,yi-coder:9b,magicoder:7b-s-cl,llm4cc-clone_type-patch,llm4cc-clone_type,defaultpatch,method,-0.0012046012146562646
1701,yi-coder:9b,magicoder:7b-s-cl,llm4cc-clone_type-patch,llm4cc-integrated,defaultpatch,method,0.02283288315458243
1702,yi-coder:9b,magicoder:7b-s-cl,llm4cc-clone_type-patch,llm4cc-clone_type-patch,defaultpatch,method,0.023051183678226783
1703,yi-coder:9b,magicoder:7b-s-cl,llm4cc-clone_type-patch,llm4cc-integrated-patch,defaultpatch,method,-0.016045613682429405
1704,yi-coder:9b,codellama:7b-instruct,llm4cc-clone_type-patch,llm4cc-clone_type,defaultpatch,method,-0.015959330336587918
1705,yi-coder:9b,codellama:7b-instruct,llm4cc-clone_type-patch,llm4cc-integrated,defaultpatch,method,-0.005066423573665713
1706,yi-coder:9b,codellama:7b-instruct,llm4cc-clone_type-patch,llm4cc-clone_type-patch,defaultpatch,method,-0.009370819185982038
1707,yi-coder:9b,codellama:7b-instruct,llm4cc-clone_type-patch,llm4cc-integrated-patch,defaultpatch,method,0.021637350671701583
1708,yi-coder:9b,codellama:13b-instruct,llm4cc-clone_type-patch,llm4cc-clone_type,defaultpatch,method,0.04057170370745811
1709,yi-coder:9b,codellama:13b-instruct,llm4cc-clone_type-patch,llm4cc-integrated,defaultpatch,method,0.007869954968931059
1710,yi-coder:9b,codellama:13b-instruct,llm4cc-clone_type-patch,llm4cc-clone_type-patch,defaultpatch,method,0.022634350907619227
1711,yi-coder:9b,codellama:13b-instruct,llm4cc-clone_type-patch,llm4cc-integrated-patch,defaultpatch,method,0.009209411922551203
1712,yi-coder:9b,deepseek-coder:6.7b,llm4cc-clone_type-patch,llm4cc-clone_type,defaultpatch,method,-0.007629833801314767
1713,yi-coder:9b,deepseek-coder:6.7b,llm4cc-clone_type-patch,llm4cc-integrated,defaultpatch,method,-0.04278447101312599
1714,yi-coder:9b,deepseek-coder:6.7b,llm4cc-clone_type-patch,llm4cc-clone_type-patch,defaultpatch,method,-0.012711977101750094
1715,yi-coder:9b,deepseek-coder:6.7b,llm4cc-clone_type-patch,llm4cc-integrated-patch,defaultpatch,method,-0.01359577709663018
1716,yi-coder:9b,codegemma:7b-instruct,llm4cc-clone_type-patch,llm4cc-clone_type,defaultpatch,method,0.0013916427994418168
1717,yi-coder:9b,codegemma:7b-instruct,llm4cc-clone_type-patch,llm4cc-integrated,defaultpatch,method,0.029817632241813552
1718,yi-coder:9b,codegemma:7b-instruct,llm4cc-clone_type-patch,llm4cc-clone_type-patch,defaultpatch,method,0.00784434241366505
1719,yi-coder:9b,codegemma:7b-instruct,llm4cc-clone_type-patch,llm4cc-integrated-patch,defaultpatch,method,0.009319292166903304
1720,yi-coder:9b,qwen2.5:7b,llm4cc-clone_type-patch,llm4cc-clone_type,defaultpatch,method,0.032084346907269135
1721,yi-coder:9b,qwen2.5:7b,llm4cc-clone_type-patch,llm4cc-integrated,defaultpatch,method,0.01322629365784811
1722,yi-coder:9b,qwen2.5:7b,llm4cc-clone_type-patch,llm4cc-clone_type-patch,defaultpatch,method,0.01967658485380297
1723,yi-coder:9b,qwen2.5:7b,llm4cc-clone_type-patch,llm4cc-integrated-patch,defaultpatch,method,-0.0024217038422473802
1724,yi-coder:9b,qwen2.5-coder:7b,llm4cc-clone_type-patch,llm4cc-clone_type,defaultpatch,method,-0.0028236114017483604
1725,yi-coder:9b,qwen2.5-coder:7b,llm4cc-clone_type-patch,llm4cc-integrated,defaultpatch,method,-0.0032769084598529563
1726,yi-coder:9b,qwen2.5-coder:7b,llm4cc-clone_type-patch,llm4cc-clone_type-patch,defaultpatch,method,-0.0005953408349355094
1727,yi-coder:9b,qwen2.5-coder:7b,llm4cc-clone_type-patch,llm4cc-integrated-patch,defaultpatch,method,0.00013144380595986327
1728,yi-coder:9b,yi-coder:9b,llm4cc-clone_type-patch,llm4cc-clone_type,defaultpatch,method,-0.010607010544314566
1729,yi-coder:9b,yi-coder:9b,llm4cc-clone_type-patch,llm4cc-integrated,defaultpatch,method,-0.0034217712629605046
1730,yi-coder:9b,yi-coder:9b,llm4cc-clone_type-patch,llm4cc-clone_type-patch,defaultpatch,method,0.002317019967454481
1731,yi-coder:9b,yi-coder:9b,llm4cc-clone_type-patch,llm4cc-integrated-patch,defaultpatch,method,-0.014421714875100466
1732,yi-coder:9b,hermes3:8b,llm4cc-clone_type-patch,llm4cc-clone_type,defaultpatch,method,0.0018182729018069166
1733,yi-coder:9b,hermes3:8b,llm4cc-clone_type-patch,llm4cc-integrated,defaultpatch,method,-0.012868431044752437
1734,yi-coder:9b,hermes3:8b,llm4cc-clone_type-patch,llm4cc-clone_type-patch,defaultpatch,method,-0.0004233084855269631
1735,yi-coder:9b,hermes3:8b,llm4cc-clone_type-patch,llm4cc-integrated-patch,defaultpatch,method,0.012321599435526132
1736,yi-coder:9b,hermes3:8b,llm4cc-integrated-patch,llm4cc-clone_type,defaultpatch,defaultpatch,0.002251035953709901
1737,yi-coder:9b,hermes3:8b,llm4cc-integrated-patch,llm4cc-integrated,defaultpatch,defaultpatch,-0.0063618597088799245
1738,yi-coder:9b,hermes3:8b,llm4cc-integrated-patch,llm4cc-clone_type-patch,defaultpatch,defaultpatch,0.011326965083493401
1739,yi-coder:9b,hermes3:8b,llm4cc-integrated-patch,llm4cc-integrated-patch,defaultpatch,defaultpatch,-0.006211549244097947
1740,yi-coder:9b,magicoder:7b-s-cl,llm4cc-integrated-patch,llm4cc-clone_type,defaultpatch,method,-0.03756249473290185
1741,yi-coder:9b,magicoder:7b-s-cl,llm4cc-integrated-patch,llm4cc-integrated,defaultpatch,method,-0.011539522588994044
1742,yi-coder:9b,magicoder:7b-s-cl,llm4cc-integrated-patch,llm4cc-clone_type-patch,defaultpatch,method,-0.06574490434818592
1743,yi-coder:9b,magicoder:7b-s-cl,llm4cc-integrated-patch,llm4cc-integrated-patch,defaultpatch,method,-0.020992766694433396
1744,yi-coder:9b,codellama:7b-instruct,llm4cc-integrated-patch,llm4cc-clone_type,defaultpatch,method,-0.04284118418942229
1745,yi-coder:9b,codellama:7b-instruct,llm4cc-integrated-patch,llm4cc-integrated,defaultpatch,method,0.01652195772823095
1746,yi-coder:9b,codellama:7b-instruct,llm4cc-integrated-patch,llm4cc-clone_type-patch,defaultpatch,method,-0.016210159480773534
1747,yi-coder:9b,codellama:7b-instruct,llm4cc-integrated-patch,llm4cc-integrated-patch,defaultpatch,method,0.0020043307347007433
1748,yi-coder:9b,codellama:13b-instruct,llm4cc-integrated-patch,llm4cc-clone_type,defaultpatch,method,-0.02749952313545978
1749,yi-coder:9b,codellama:13b-instruct,llm4cc-integrated-patch,llm4cc-integrated,defaultpatch,method,-0.005606699388993164
1750,yi-coder:9b,codellama:13b-instruct,llm4cc-integrated-patch,llm4cc-clone_type-patch,defaultpatch,method,-0.00634780274439839
1751,yi-coder:9b,codellama:13b-instruct,llm4cc-integrated-patch,llm4cc-integrated-patch,defaultpatch,method,-0.023389354347024938
1752,yi-coder:9b,deepseek-coder:6.7b,llm4cc-integrated-patch,llm4cc-clone_type,defaultpatch,method,0.01809710728373759
1753,yi-coder:9b,deepseek-coder:6.7b,llm4cc-integrated-patch,llm4cc-integrated,defaultpatch,method,0.03870158498001519
1754,yi-coder:9b,deepseek-coder:6.7b,llm4cc-integrated-patch,llm4cc-clone_type-patch,defaultpatch,method,0.008497481186124811
1755,yi-coder:9b,deepseek-coder:6.7b,llm4cc-integrated-patch,llm4cc-integrated-patch,defaultpatch,method,0.03799954357746271
1756,yi-coder:9b,codegemma:7b-instruct,llm4cc-integrated-patch,llm4cc-clone_type,defaultpatch,method,-0.00953261983904663
1757,yi-coder:9b,codegemma:7b-instruct,llm4cc-integrated-patch,llm4cc-integrated,defaultpatch,method,0.011638487586202895
1758,yi-coder:9b,codegemma:7b-instruct,llm4cc-integrated-patch,llm4cc-clone_type-patch,defaultpatch,method,-0.0008087834063215116
1759,yi-coder:9b,codegemma:7b-instruct,llm4cc-integrated-patch,llm4cc-integrated-patch,defaultpatch,method,-0.004758247316460906
1760,yi-coder:9b,qwen2.5:7b,llm4cc-integrated-patch,llm4cc-clone_type,defaultpatch,method,-0.04508589144398045
1761,yi-coder:9b,qwen2.5:7b,llm4cc-integrated-patch,llm4cc-integrated,defaultpatch,method,0.015604894652861745
1762,yi-coder:9b,qwen2.5:7b,llm4cc-integrated-patch,llm4cc-clone_type-patch,defaultpatch,method,-0.05045676557060763
1763,yi-coder:9b,qwen2.5:7b,llm4cc-integrated-patch,llm4cc-integrated-patch,defaultpatch,method,-0.00037214982065569835
1764,yi-coder:9b,qwen2.5-coder:7b,llm4cc-integrated-patch,llm4cc-clone_type,defaultpatch,method,-0.0021395754509521137
1765,yi-coder:9b,qwen2.5-coder:7b,llm4cc-integrated-patch,llm4cc-integrated,defaultpatch,method,0.015422101241093888
1766,yi-coder:9b,qwen2.5-coder:7b,llm4cc-integrated-patch,llm4cc-clone_type-patch,defaultpatch,method,0.0008159361541589805
1767,yi-coder:9b,qwen2.5-coder:7b,llm4cc-integrated-patch,llm4cc-integrated-patch,defaultpatch,method,0.015772732057613315
1768,yi-coder:9b,yi-coder:9b,llm4cc-integrated-patch,llm4cc-clone_type,defaultpatch,method,-0.025267804801731186
1769,yi-coder:9b,yi-coder:9b,llm4cc-integrated-patch,llm4cc-integrated,defaultpatch,method,0.0014826948602469914
1770,yi-coder:9b,yi-coder:9b,llm4cc-integrated-patch,llm4cc-clone_type-patch,defaultpatch,method,0.010755454001823206
1771,yi-coder:9b,yi-coder:9b,llm4cc-integrated-patch,llm4cc-integrated-patch,defaultpatch,method,-0.011276583812023233
1772,yi-coder:9b,hermes3:8b,llm4cc-integrated-patch,llm4cc-clone_type,defaultpatch,method,0.008787761410398609
1773,yi-coder:9b,hermes3:8b,llm4cc-integrated-patch,llm4cc-integrated,defaultpatch,method,-0.008108551731684566
1774,yi-coder:9b,hermes3:8b,llm4cc-integrated-patch,llm4cc-clone_type-patch,defaultpatch,method,0.0015951899356219101
1775,yi-coder:9b,hermes3:8b,llm4cc-integrated-patch,llm4cc-integrated-patch,defaultpatch,method,0.01827469403157511
1776,hermes3:8b,hermes3:8b,llm4cc-clone_type,llm4cc-integrated,defaultpatch,defaultpatch,-0.0019072871603764696
1777,hermes3:8b,hermes3:8b,llm4cc-clone_type,llm4cc-clone_type-patch,defaultpatch,defaultpatch,0.15920935640517075
1778,hermes3:8b,hermes3:8b,llm4cc-clone_type,llm4cc-integrated-patch,defaultpatch,defaultpatch,-0.0011695906432749315
1779,hermes3:8b,magicoder:7b-s-cl,llm4cc-clone_type,llm4cc-clone_type,defaultpatch,method,-0.0008866302011578675
1780,hermes3:8b,magicoder:7b-s-cl,llm4cc-clone_type,llm4cc-integrated,defaultpatch,method,0.0032603338682974936
1781,hermes3:8b,magicoder:7b-s-cl,llm4cc-clone_type,llm4cc-clone_type-patch,defaultpatch,method,-0.000559800423445278
1782,hermes3:8b,magicoder:7b-s-cl,llm4cc-clone_type,llm4cc-integrated-patch,defaultpatch,method,-0.0005328289790396123
1783,hermes3:8b,codellama:7b-instruct,llm4cc-clone_type,llm4cc-clone_type,defaultpatch,method,-0.00288987830535703
1784,hermes3:8b,codellama:7b-instruct,llm4cc-clone_type,llm4cc-integrated,defaultpatch,method,-0.0036871221240855068
1785,hermes3:8b,codellama:7b-instruct,llm4cc-clone_type,llm4cc-clone_type-patch,defaultpatch,method,-0.0035929359180748577
1786,hermes3:8b,codellama:7b-instruct,llm4cc-clone_type,llm4cc-integrated-patch,defaultpatch,method,-0.009668743403806301
1787,hermes3:8b,codellama:13b-instruct,llm4cc-clone_type,llm4cc-clone_type,defaultpatch,method,0.0009911185480756535
1788,hermes3:8b,codellama:13b-instruct,llm4cc-clone_type,llm4cc-integrated,defaultpatch,method,-0.0039945754336969674
1789,hermes3:8b,codellama:13b-instruct,llm4cc-clone_type,llm4cc-clone_type-patch,defaultpatch,method,0.0008118350387484874
1790,hermes3:8b,codellama:13b-instruct,llm4cc-clone_type,llm4cc-integrated-patch,defaultpatch,method,-0.005282325224744033
1791,hermes3:8b,deepseek-coder:6.7b,llm4cc-clone_type,llm4cc-clone_type,defaultpatch,method,0.0013889433929976658
1792,hermes3:8b,deepseek-coder:6.7b,llm4cc-clone_type,llm4cc-integrated,defaultpatch,method,-0.002380909504858142
1793,hermes3:8b,deepseek-coder:6.7b,llm4cc-clone_type,llm4cc-clone_type-patch,defaultpatch,method,0.0008276960320031668
1794,hermes3:8b,deepseek-coder:6.7b,llm4cc-clone_type,llm4cc-integrated-patch,defaultpatch,method,-0.0017165877087694792
1795,hermes3:8b,codegemma:7b-instruct,llm4cc-clone_type,llm4cc-clone_type,defaultpatch,method,0.0006984167073644798
1796,hermes3:8b,codegemma:7b-instruct,llm4cc-clone_type,llm4cc-integrated,defaultpatch,method,0.0007105173999323311
1797,hermes3:8b,codegemma:7b-instruct,llm4cc-clone_type,llm4cc-clone_type-patch,defaultpatch,method,0.0006239980649629384
1798,hermes3:8b,codegemma:7b-instruct,llm4cc-clone_type,llm4cc-integrated-patch,defaultpatch,method,0.0007320413670854897
1799,hermes3:8b,qwen2.5:7b,llm4cc-clone_type,llm4cc-clone_type,defaultpatch,method,-0.0007663127394725855
1800,hermes3:8b,qwen2.5:7b,llm4cc-clone_type,llm4cc-integrated,defaultpatch,method,2.5532957942164813e-05
1801,hermes3:8b,qwen2.5:7b,llm4cc-clone_type,llm4cc-clone_type-patch,defaultpatch,method,-0.002400137491979093
1802,hermes3:8b,qwen2.5:7b,llm4cc-clone_type,llm4cc-integrated-patch,defaultpatch,method,0.001512242311137002
1803,hermes3:8b,qwen2.5-coder:7b,llm4cc-clone_type,llm4cc-clone_type,defaultpatch,method,0.0001226699041405599
1804,hermes3:8b,qwen2.5-coder:7b,llm4cc-clone_type,llm4cc-integrated,defaultpatch,method,-0.004466105096722295
1805,hermes3:8b,qwen2.5-coder:7b,llm4cc-clone_type,llm4cc-clone_type-patch,defaultpatch,method,5.177120662280821e-05
1806,hermes3:8b,qwen2.5-coder:7b,llm4cc-clone_type,llm4cc-integrated-patch,defaultpatch,method,0.004934595006174769
1807,hermes3:8b,yi-coder:9b,llm4cc-clone_type,llm4cc-clone_type,defaultpatch,method,-0.0039164413744758875
1808,hermes3:8b,yi-coder:9b,llm4cc-clone_type,llm4cc-integrated,defaultpatch,method,-0.0016600395761661169
1809,hermes3:8b,yi-coder:9b,llm4cc-clone_type,llm4cc-clone_type-patch,defaultpatch,method,-0.005506395994611779
1810,hermes3:8b,yi-coder:9b,llm4cc-clone_type,llm4cc-integrated-patch,defaultpatch,method,-0.004552310362915923
1811,hermes3:8b,hermes3:8b,llm4cc-clone_type,llm4cc-clone_type,defaultpatch,method,0.03250146266669374
1812,hermes3:8b,hermes3:8b,llm4cc-clone_type,llm4cc-integrated,defaultpatch,method,-0.0015594483531666814
1813,hermes3:8b,hermes3:8b,llm4cc-clone_type,llm4cc-clone_type-patch,defaultpatch,method,-0.01097711477255503
1814,hermes3:8b,hermes3:8b,llm4cc-clone_type,llm4cc-integrated-patch,defaultpatch,method,0.002830260482831304
1815,hermes3:8b,hermes3:8b,llm4cc-integrated,llm4cc-clone_type-patch,defaultpatch,defaultpatch,-0.005545588743173013
1816,hermes3:8b,hermes3:8b,llm4cc-integrated,llm4cc-integrated-patch,defaultpatch,defaultpatch,0.012366031834153746
1817,hermes3:8b,magicoder:7b-s-cl,llm4cc-integrated,llm4cc-clone_type,defaultpatch,method,-0.038393788265918216
1818,hermes3:8b,magicoder:7b-s-cl,llm4cc-integrated,llm4cc-integrated,defaultpatch,method,0.006428107000479355
1819,hermes3:8b,magicoder:7b-s-cl,llm4cc-integrated,llm4cc-clone_type-patch,defaultpatch,method,-0.04028344046081744
1820,hermes3:8b,magicoder:7b-s-cl,llm4cc-integrated,llm4cc-integrated-patch,defaultpatch,method,0.002676300462873593
1821,hermes3:8b,codellama:7b-instruct,llm4cc-integrated,llm4cc-clone_type,defaultpatch,method,0.009981051691468346
1822,hermes3:8b,codellama:7b-instruct,llm4cc-integrated,llm4cc-integrated,defaultpatch,method,0.0080506230545897
1823,hermes3:8b,codellama:7b-instruct,llm4cc-integrated,llm4cc-clone_type-patch,defaultpatch,method,0.0014319675374008245
1824,hermes3:8b,codellama:7b-instruct,llm4cc-integrated,llm4cc-integrated-patch,defaultpatch,method,-0.04378182130658037
1825,hermes3:8b,codellama:13b-instruct,llm4cc-integrated,llm4cc-clone_type,defaultpatch,method,-0.06173973435520819
1826,hermes3:8b,codellama:13b-instruct,llm4cc-integrated,llm4cc-integrated,defaultpatch,method,-0.004456149879672022
1827,hermes3:8b,codellama:13b-instruct,llm4cc-integrated,llm4cc-clone_type-patch,defaultpatch,method,-0.04733361680913761
1828,hermes3:8b,codellama:13b-instruct,llm4cc-integrated,llm4cc-integrated-patch,defaultpatch,method,-0.028591038757694642
1829,hermes3:8b,deepseek-coder:6.7b,llm4cc-integrated,llm4cc-clone_type,defaultpatch,method,0.034763861645662475
1830,hermes3:8b,deepseek-coder:6.7b,llm4cc-integrated,llm4cc-integrated,defaultpatch,method,0.06934649111045565
1831,hermes3:8b,deepseek-coder:6.7b,llm4cc-integrated,llm4cc-clone_type-patch,defaultpatch,method,0.04257774015724525
1832,hermes3:8b,deepseek-coder:6.7b,llm4cc-integrated,llm4cc-integrated-patch,defaultpatch,method,0.057553197187301675
1833,hermes3:8b,codegemma:7b-instruct,llm4cc-integrated,llm4cc-clone_type,defaultpatch,method,0.025229197556261185
1834,hermes3:8b,codegemma:7b-instruct,llm4cc-integrated,llm4cc-integrated,defaultpatch,method,0.0058024609565567875
1835,hermes3:8b,codegemma:7b-instruct,llm4cc-integrated,llm4cc-clone_type-patch,defaultpatch,method,0.013719613459366675
1836,hermes3:8b,codegemma:7b-instruct,llm4cc-integrated,llm4cc-integrated-patch,defaultpatch,method,0.03952509006037852
1837,hermes3:8b,qwen2.5:7b,llm4cc-integrated,llm4cc-clone_type,defaultpatch,method,-0.030824023874470363
1838,hermes3:8b,qwen2.5:7b,llm4cc-integrated,llm4cc-integrated,defaultpatch,method,0.03546360520178915
1839,hermes3:8b,qwen2.5:7b,llm4cc-integrated,llm4cc-clone_type-patch,defaultpatch,method,0.0014434369970474092
1840,hermes3:8b,qwen2.5:7b,llm4cc-integrated,llm4cc-integrated-patch,defaultpatch,method,0.05313255890345503
1841,hermes3:8b,qwen2.5-coder:7b,llm4cc-integrated,llm4cc-clone_type,defaultpatch,method,-0.0008825694565892661
1842,hermes3:8b,qwen2.5-coder:7b,llm4cc-integrated,llm4cc-integrated,defaultpatch,method,0.016787873914887785
1843,hermes3:8b,qwen2.5-coder:7b,llm4cc-integrated,llm4cc-clone_type-patch,defaultpatch,method,-0.0034542870601119713
1844,hermes3:8b,qwen2.5-coder:7b,llm4cc-integrated,llm4cc-integrated-patch,defaultpatch,method,-0.011539814615552091
1845,hermes3:8b,yi-coder:9b,llm4cc-integrated,llm4cc-clone_type,defaultpatch,method,0.0011558295704052757
1846,hermes3:8b,yi-coder:9b,llm4cc-integrated,llm4cc-integrated,defaultpatch,method,0.012090110463599202
1847,hermes3:8b,yi-coder:9b,llm4cc-integrated,llm4cc-clone_type-patch,defaultpatch,method,0.04167306268551285
1848,hermes3:8b,yi-coder:9b,llm4cc-integrated,llm4cc-integrated-patch,defaultpatch,method,0.01517532632352081
1849,hermes3:8b,hermes3:8b,llm4cc-integrated,llm4cc-clone_type,defaultpatch,method,-0.002593732336871213
1850,hermes3:8b,hermes3:8b,llm4cc-integrated,llm4cc-integrated,defaultpatch,method,0.03602116260421151
1851,hermes3:8b,hermes3:8b,llm4cc-integrated,llm4cc-clone_type-patch,defaultpatch,method,-0.003371691990379011
1852,hermes3:8b,hermes3:8b,llm4cc-integrated,llm4cc-integrated-patch,defaultpatch,method,-0.029508939926487843
1853,hermes3:8b,hermes3:8b,llm4cc-clone_type-patch,llm4cc-integrated-patch,defaultpatch,defaultpatch,0.006496780214318765
1854,hermes3:8b,magicoder:7b-s-cl,llm4cc-clone_type-patch,llm4cc-clone_type,defaultpatch,method,-0.00239586370919187
1855,hermes3:8b,magicoder:7b-s-cl,llm4cc-clone_type-patch,llm4cc-integrated,defaultpatch,method,0.001770810166632275
1856,hermes3:8b,magicoder:7b-s-cl,llm4cc-clone_type-patch,llm4cc-clone_type-patch,defaultpatch,method,-0.007195068149925987
1857,hermes3:8b,magicoder:7b-s-cl,llm4cc-clone_type-patch,llm4cc-integrated-patch,defaultpatch,method,-0.010414064097031384
1858,hermes3:8b,codellama:7b-instruct,llm4cc-clone_type-patch,llm4cc-clone_type,defaultpatch,method,-0.015069332638080635
1859,hermes3:8b,codellama:7b-instruct,llm4cc-clone_type-patch,llm4cc-integrated,defaultpatch,method,-0.01613188671878696
1860,hermes3:8b,codellama:7b-instruct,llm4cc-clone_type-patch,llm4cc-clone_type-patch,defaultpatch,method,-0.018196681785485502
1861,hermes3:8b,codellama:7b-instruct,llm4cc-clone_type-patch,llm4cc-integrated-patch,defaultpatch,method,-0.01651470186395332
1862,hermes3:8b,codellama:13b-instruct,llm4cc-clone_type-patch,llm4cc-clone_type,defaultpatch,method,8.143017233475103e-05
1863,hermes3:8b,codellama:13b-instruct,llm4cc-clone_type-patch,llm4cc-integrated,defaultpatch,method,-0.01673771963713855
1864,hermes3:8b,codellama:13b-instruct,llm4cc-clone_type-patch,llm4cc-clone_type-patch,defaultpatch,method,-0.003502776257644946
1865,hermes3:8b,codellama:13b-instruct,llm4cc-clone_type-patch,llm4cc-integrated-patch,defaultpatch,method,-0.012258546601784603
1866,hermes3:8b,deepseek-coder:6.7b,llm4cc-clone_type-patch,llm4cc-clone_type,defaultpatch,method,0.008054352196087189
1867,hermes3:8b,deepseek-coder:6.7b,llm4cc-clone_type-patch,llm4cc-integrated,defaultpatch,method,-0.004042942922855897
1868,hermes3:8b,deepseek-coder:6.7b,llm4cc-clone_type-patch,llm4cc-clone_type-patch,defaultpatch,method,0.0016445665309808843
1869,hermes3:8b,deepseek-coder:6.7b,llm4cc-clone_type-patch,llm4cc-integrated-patch,defaultpatch,method,-0.0036636295950351894
1870,hermes3:8b,codegemma:7b-instruct,llm4cc-clone_type-patch,llm4cc-clone_type,defaultpatch,method,-0.002948542717189584
1871,hermes3:8b,codegemma:7b-instruct,llm4cc-clone_type-patch,llm4cc-integrated,defaultpatch,method,-0.0006574282619311589
1872,hermes3:8b,codegemma:7b-instruct,llm4cc-clone_type-patch,llm4cc-clone_type-patch,defaultpatch,method,2.1849776361104745e-05
1873,hermes3:8b,codegemma:7b-instruct,llm4cc-clone_type-patch,llm4cc-integrated-patch,defaultpatch,method,0.003030869395155622
1874,hermes3:8b,qwen2.5:7b,llm4cc-clone_type-patch,llm4cc-clone_type,defaultpatch,method,-0.0035654300991063703
1875,hermes3:8b,qwen2.5:7b,llm4cc-clone_type-patch,llm4cc-integrated,defaultpatch,method,0.007376074949311362
1876,hermes3:8b,qwen2.5:7b,llm4cc-clone_type-patch,llm4cc-clone_type-patch,defaultpatch,method,-0.0055943269170313226
1877,hermes3:8b,qwen2.5:7b,llm4cc-clone_type-patch,llm4cc-integrated-patch,defaultpatch,method,-0.0015921046952702689
1878,hermes3:8b,qwen2.5-coder:7b,llm4cc-clone_type-patch,llm4cc-clone_type,defaultpatch,method,-0.00030997041996583263
1879,hermes3:8b,qwen2.5-coder:7b,llm4cc-clone_type-patch,llm4cc-integrated,defaultpatch,method,-0.005986814842720012
1880,hermes3:8b,qwen2.5-coder:7b,llm4cc-clone_type-patch,llm4cc-clone_type-patch,defaultpatch,method,0.00012383556658579487
1881,hermes3:8b,qwen2.5-coder:7b,llm4cc-clone_type-patch,llm4cc-integrated-patch,defaultpatch,method,0.0028812724694452507
1882,hermes3:8b,yi-coder:9b,llm4cc-clone_type-patch,llm4cc-clone_type,defaultpatch,method,-0.006528224972675911
1883,hermes3:8b,yi-coder:9b,llm4cc-clone_type-patch,llm4cc-integrated,defaultpatch,method,0.000366130426081801
1884,hermes3:8b,yi-coder:9b,llm4cc-clone_type-patch,llm4cc-clone_type-patch,defaultpatch,method,-0.01138737880344709
1885,hermes3:8b,yi-coder:9b,llm4cc-clone_type-patch,llm4cc-integrated-patch,defaultpatch,method,-0.005038544275243417
1886,hermes3:8b,hermes3:8b,llm4cc-clone_type-patch,llm4cc-clone_type,defaultpatch,method,0.10567856809444198
1887,hermes3:8b,hermes3:8b,llm4cc-clone_type-patch,llm4cc-integrated,defaultpatch,method,-0.006843565262393048
1888,hermes3:8b,hermes3:8b,llm4cc-clone_type-patch,llm4cc-clone_type-patch,defaultpatch,method,0.007463736034792667
1889,hermes3:8b,hermes3:8b,llm4cc-clone_type-patch,llm4cc-integrated-patch,defaultpatch,method,-0.008457146732073761
1890,hermes3:8b,magicoder:7b-s-cl,llm4cc-integrated-patch,llm4cc-clone_type,defaultpatch,method,-0.03608772055373999
1891,hermes3:8b,magicoder:7b-s-cl,llm4cc-integrated-patch,llm4cc-integrated,defaultpatch,method,0.017263083468095353
1892,hermes3:8b,magicoder:7b-s-cl,llm4cc-integrated-patch,llm4cc-clone_type-patch,defaultpatch,method,-0.01715272907937604
1893,hermes3:8b,magicoder:7b-s-cl,llm4cc-integrated-patch,llm4cc-integrated-patch,defaultpatch,method,0.0052254933219966215
1894,hermes3:8b,codellama:7b-instruct,llm4cc-integrated-patch,llm4cc-clone_type,defaultpatch,method,-0.0343404948935897
1895,hermes3:8b,codellama:7b-instruct,llm4cc-integrated-patch,llm4cc-integrated,defaultpatch,method,0.01884775462223176
1896,hermes3:8b,codellama:7b-instruct,llm4cc-integrated-patch,llm4cc-clone_type-patch,defaultpatch,method,-0.012100721683401261
1897,hermes3:8b,codellama:7b-instruct,llm4cc-integrated-patch,llm4cc-integrated-patch,defaultpatch,method,0.017058151968471713
1898,hermes3:8b,codellama:13b-instruct,llm4cc-integrated-patch,llm4cc-clone_type,defaultpatch,method,-0.047725481694076644
1899,hermes3:8b,codellama:13b-instruct,llm4cc-integrated-patch,llm4cc-integrated,defaultpatch,method,-0.010518280303399408
1900,hermes3:8b,codellama:13b-instruct,llm4cc-integrated-patch,llm4cc-clone_type-patch,defaultpatch,method,-0.007639622050920281
1901,hermes3:8b,codellama:13b-instruct,llm4cc-integrated-patch,llm4cc-integrated-patch,defaultpatch,method,-0.0019305460360976578
1902,hermes3:8b,deepseek-coder:6.7b,llm4cc-integrated-patch,llm4cc-clone_type,defaultpatch,method,0.03626822018501652
1903,hermes3:8b,deepseek-coder:6.7b,llm4cc-integrated-patch,llm4cc-integrated,defaultpatch,method,0.05145506146444534
1904,hermes3:8b,deepseek-coder:6.7b,llm4cc-integrated-patch,llm4cc-clone_type-patch,defaultpatch,method,0.02316712268275456
1905,hermes3:8b,deepseek-coder:6.7b,llm4cc-integrated-patch,llm4cc-integrated-patch,defaultpatch,method,0.041667974932464436
1906,hermes3:8b,codegemma:7b-instruct,llm4cc-integrated-patch,llm4cc-clone_type,defaultpatch,method,0.004321486908669847
1907,hermes3:8b,codegemma:7b-instruct,llm4cc-integrated-patch,llm4cc-integrated,defaultpatch,method,-0.022335082807076967
1908,hermes3:8b,codegemma:7b-instruct,llm4cc-integrated-patch,llm4cc-clone_type-patch,defaultpatch,method,0.014832162373145996
1909,hermes3:8b,codegemma:7b-instruct,llm4cc-integrated-patch,llm4cc-integrated-patch,defaultpatch,method,0.008196864918168956
1910,hermes3:8b,qwen2.5:7b,llm4cc-integrated-patch,llm4cc-clone_type,defaultpatch,method,-0.027028279899149243
1911,hermes3:8b,qwen2.5:7b,llm4cc-integrated-patch,llm4cc-integrated,defaultpatch,method,0.008670117094299434
1912,hermes3:8b,qwen2.5:7b,llm4cc-integrated-patch,llm4cc-clone_type-patch,defaultpatch,method,-0.008236548439832347
1913,hermes3:8b,qwen2.5:7b,llm4cc-integrated-patch,llm4cc-integrated-patch,defaultpatch,method,0.042192279384826836
1914,hermes3:8b,qwen2.5-coder:7b,llm4cc-integrated-patch,llm4cc-clone_type,defaultpatch,method,-0.00218888947115925
1915,hermes3:8b,qwen2.5-coder:7b,llm4cc-integrated-patch,llm4cc-integrated,defaultpatch,method,0.010682179229121513
1916,hermes3:8b,qwen2.5-coder:7b,llm4cc-integrated-patch,llm4cc-clone_type-patch,defaultpatch,method,0.0016209707917899108
1917,hermes3:8b,qwen2.5-coder:7b,llm4cc-integrated-patch,llm4cc-integrated-patch,defaultpatch,method,-0.005568872185560458
1918,hermes3:8b,yi-coder:9b,llm4cc-integrated-patch,llm4cc-clone_type,defaultpatch,method,0.007196357118126273
1919,hermes3:8b,yi-coder:9b,llm4cc-integrated-patch,llm4cc-integrated,defaultpatch,method,-0.00775073665360182
1920,hermes3:8b,yi-coder:9b,llm4cc-integrated-patch,llm4cc-clone_type-patch,defaultpatch,method,-0.0032978443439493077
1921,hermes3:8b,yi-coder:9b,llm4cc-integrated-patch,llm4cc-integrated-patch,defaultpatch,method,0.0545151269011247
1922,hermes3:8b,hermes3:8b,llm4cc-integrated-patch,llm4cc-clone_type,defaultpatch,method,0.0020649091188509328
1923,hermes3:8b,hermes3:8b,llm4cc-integrated-patch,llm4cc-integrated,defaultpatch,method,0.02077908414213947
1924,hermes3:8b,hermes3:8b,llm4cc-integrated-patch,llm4cc-clone_type-patch,defaultpatch,method,0.011965573364184467
1925,hermes3:8b,hermes3:8b,llm4cc-integrated-patch,llm4cc-integrated-patch,defaultpatch,method,-0.009905241022286404
1926,magicoder:7b-s-cl,magicoder:7b-s-cl,llm4cc-clone_type,llm4cc-integrated,method,method,0.03983365286854079
1927,magicoder:7b-s-cl,magicoder:7b-s-cl,llm4cc-clone_type,llm4cc-clone_type-patch,method,method,0.15295769409781568
1928,magicoder:7b-s-cl,magicoder:7b-s-cl,llm4cc-clone_type,llm4cc-integrated-patch,method,method,0.0320591861898889
1929,magicoder:7b-s-cl,codellama:7b-instruct,llm4cc-clone_type,llm4cc-clone_type,method,method,0.06384669759914063
1930,magicoder:7b-s-cl,codellama:7b-instruct,llm4cc-clone_type,llm4cc-integrated,method,method,-0.04415880350304513
1931,magicoder:7b-s-cl,codellama:7b-instruct,llm4cc-clone_type,llm4cc-clone_type-patch,method,method,0.07031099577246669
1932,magicoder:7b-s-cl,codellama:7b-instruct,llm4cc-clone_type,llm4cc-integrated-patch,method,method,-0.002744560113379535
1933,magicoder:7b-s-cl,codellama:13b-instruct,llm4cc-clone_type,llm4cc-clone_type,method,method,0.08327142135930032
1934,magicoder:7b-s-cl,codellama:13b-instruct,llm4cc-clone_type,llm4cc-integrated,method,method,-0.0032242359106344765
1935,magicoder:7b-s-cl,codellama:13b-instruct,llm4cc-clone_type,llm4cc-clone_type-patch,method,method,0.10612877647205554
1936,magicoder:7b-s-cl,codellama:13b-instruct,llm4cc-clone_type,llm4cc-integrated-patch,method,method,0.040670403728154
1937,magicoder:7b-s-cl,deepseek-coder:6.7b,llm4cc-clone_type,llm4cc-clone_type,method,method,-0.05603877350159148
1938,magicoder:7b-s-cl,deepseek-coder:6.7b,llm4cc-clone_type,llm4cc-integrated,method,method,-0.12739314593762008
1939,magicoder:7b-s-cl,deepseek-coder:6.7b,llm4cc-clone_type,llm4cc-clone_type-patch,method,method,-0.006797374419948099
1940,magicoder:7b-s-cl,deepseek-coder:6.7b,llm4cc-clone_type,llm4cc-integrated-patch,method,method,-0.13263166835358842
1941,magicoder:7b-s-cl,codegemma:7b-instruct,llm4cc-clone_type,llm4cc-clone_type,method,method,0.0046667061533808285
1942,magicoder:7b-s-cl,codegemma:7b-instruct,llm4cc-clone_type,llm4cc-integrated,method,method,-0.01894212425850128
1943,magicoder:7b-s-cl,codegemma:7b-instruct,llm4cc-clone_type,llm4cc-clone_type-patch,method,method,0.0034042912522069813
1944,magicoder:7b-s-cl,codegemma:7b-instruct,llm4cc-clone_type,llm4cc-integrated-patch,method,method,-0.08723216483457108
1945,magicoder:7b-s-cl,qwen2.5:7b,llm4cc-clone_type,llm4cc-clone_type,method,method,0.1801071513350756
1946,magicoder:7b-s-cl,qwen2.5:7b,llm4cc-clone_type,llm4cc-integrated,method,method,-0.00028439804638047406
1947,magicoder:7b-s-cl,qwen2.5:7b,llm4cc-clone_type,llm4cc-clone_type-patch,method,method,0.14410905204401558
1948,magicoder:7b-s-cl,qwen2.5:7b,llm4cc-clone_type,llm4cc-integrated-patch,method,method,-0.057105146035248744
1949,magicoder:7b-s-cl,qwen2.5-coder:7b,llm4cc-clone_type,llm4cc-clone_type,method,method,-0.0038837677226148948
1950,magicoder:7b-s-cl,qwen2.5-coder:7b,llm4cc-clone_type,llm4cc-integrated,method,method,-0.001088029755456743
1951,magicoder:7b-s-cl,qwen2.5-coder:7b,llm4cc-clone_type,llm4cc-clone_type-patch,method,method,-0.0004743749105520223
1952,magicoder:7b-s-cl,qwen2.5-coder:7b,llm4cc-clone_type,llm4cc-integrated-patch,method,method,-0.01163936961580303
1953,magicoder:7b-s-cl,yi-coder:9b,llm4cc-clone_type,llm4cc-clone_type,method,method,0.0014593338416111212
1954,magicoder:7b-s-cl,yi-coder:9b,llm4cc-clone_type,llm4cc-integrated,method,method,-0.06279754314375596
1955,magicoder:7b-s-cl,yi-coder:9b,llm4cc-clone_type,llm4cc-clone_type-patch,method,method,-0.019489864677696644
1956,magicoder:7b-s-cl,yi-coder:9b,llm4cc-clone_type,llm4cc-integrated-patch,method,method,-0.09182899330094485
1957,magicoder:7b-s-cl,hermes3:8b,llm4cc-clone_type,llm4cc-clone_type,method,method,-0.0016683139376219014
1958,magicoder:7b-s-cl,hermes3:8b,llm4cc-clone_type,llm4cc-integrated,method,method,-0.060731196717289215
1959,magicoder:7b-s-cl,hermes3:8b,llm4cc-clone_type,llm4cc-clone_type-patch,method,method,-0.002826612975379783
1960,magicoder:7b-s-cl,hermes3:8b,llm4cc-clone_type,llm4cc-integrated-patch,method,method,0.022495882228863895
1961,magicoder:7b-s-cl,magicoder:7b-s-cl,llm4cc-integrated,llm4cc-clone_type-patch,method,method,0.09969046931797665
1962,magicoder:7b-s-cl,magicoder:7b-s-cl,llm4cc-integrated,llm4cc-integrated-patch,method,method,0.04674551104972369
1963,magicoder:7b-s-cl,codellama:7b-instruct,llm4cc-integrated,llm4cc-clone_type,method,method,0.0019793210657605975
1964,magicoder:7b-s-cl,codellama:7b-instruct,llm4cc-integrated,llm4cc-integrated,method,method,-0.00481870652656502
1965,magicoder:7b-s-cl,codellama:7b-instruct,llm4cc-integrated,llm4cc-clone_type-patch,method,method,0.007648615413786586
1966,magicoder:7b-s-cl,codellama:7b-instruct,llm4cc-integrated,llm4cc-integrated-patch,method,method,-0.0007505407173162837
1967,magicoder:7b-s-cl,codellama:13b-instruct,llm4cc-integrated,llm4cc-clone_type,method,method,0.04152318911419106
1968,magicoder:7b-s-cl,codellama:13b-instruct,llm4cc-integrated,llm4cc-integrated,method,method,0.037228310185133284
1969,magicoder:7b-s-cl,codellama:13b-instruct,llm4cc-integrated,llm4cc-clone_type-patch,method,method,0.07476744320202056
1970,magicoder:7b-s-cl,codellama:13b-instruct,llm4cc-integrated,llm4cc-integrated-patch,method,method,0.05042554072952732
1971,magicoder:7b-s-cl,deepseek-coder:6.7b,llm4cc-integrated,llm4cc-clone_type,method,method,-0.03581515799042201
1972,magicoder:7b-s-cl,deepseek-coder:6.7b,llm4cc-integrated,llm4cc-integrated,method,method,-0.05194837236187255
1973,magicoder:7b-s-cl,deepseek-coder:6.7b,llm4cc-integrated,llm4cc-clone_type-patch,method,method,-0.018069511477001976
1974,magicoder:7b-s-cl,deepseek-coder:6.7b,llm4cc-integrated,llm4cc-integrated-patch,method,method,-0.0532507572715053
1975,magicoder:7b-s-cl,codegemma:7b-instruct,llm4cc-integrated,llm4cc-clone_type,method,method,-0.012321382177188811
1976,magicoder:7b-s-cl,codegemma:7b-instruct,llm4cc-integrated,llm4cc-integrated,method,method,-0.00726412991530867
1977,magicoder:7b-s-cl,codegemma:7b-instruct,llm4cc-integrated,llm4cc-clone_type-patch,method,method,-0.008680116469848453
1978,magicoder:7b-s-cl,codegemma:7b-instruct,llm4cc-integrated,llm4cc-integrated-patch,method,method,-0.031176091883198698
1979,magicoder:7b-s-cl,qwen2.5:7b,llm4cc-integrated,llm4cc-clone_type,method,method,0.02339355551089528
1980,magicoder:7b-s-cl,qwen2.5:7b,llm4cc-integrated,llm4cc-integrated,method,method,-0.021498019792439482
1981,magicoder:7b-s-cl,qwen2.5:7b,llm4cc-integrated,llm4cc-clone_type-patch,method,method,0.03956698020582683
1982,magicoder:7b-s-cl,qwen2.5:7b,llm4cc-integrated,llm4cc-integrated-patch,method,method,-0.019423909450755117
1983,magicoder:7b-s-cl,qwen2.5-coder:7b,llm4cc-integrated,llm4cc-clone_type,method,method,-0.0031698857608211117
1984,magicoder:7b-s-cl,qwen2.5-coder:7b,llm4cc-integrated,llm4cc-integrated,method,method,-0.034939592401252995
1985,magicoder:7b-s-cl,qwen2.5-coder:7b,llm4cc-integrated,llm4cc-clone_type-patch,method,method,-0.007547967479674789
1986,magicoder:7b-s-cl,qwen2.5-coder:7b,llm4cc-integrated,llm4cc-integrated-patch,method,method,0.017641499080790823
1987,magicoder:7b-s-cl,yi-coder:9b,llm4cc-integrated,llm4cc-clone_type,method,method,-0.016391730588309228
1988,magicoder:7b-s-cl,yi-coder:9b,llm4cc-integrated,llm4cc-integrated,method,method,-0.044624674174919
1989,magicoder:7b-s-cl,yi-coder:9b,llm4cc-integrated,llm4cc-clone_type-patch,method,method,0.009616761973057608
1990,magicoder:7b-s-cl,yi-coder:9b,llm4cc-integrated,llm4cc-integrated-patch,method,method,-0.048920573705236725
1991,magicoder:7b-s-cl,hermes3:8b,llm4cc-integrated,llm4cc-clone_type,method,method,-0.0024898675629621003
1992,magicoder:7b-s-cl,hermes3:8b,llm4cc-integrated,llm4cc-integrated,method,method,-0.015683748938596587
1993,magicoder:7b-s-cl,hermes3:8b,llm4cc-integrated,llm4cc-clone_type-patch,method,method,-0.000546137184527451
1994,magicoder:7b-s-cl,hermes3:8b,llm4cc-integrated,llm4cc-integrated-patch,method,method,-0.012536973371035876
1995,magicoder:7b-s-cl,magicoder:7b-s-cl,llm4cc-clone_type-patch,llm4cc-integrated-patch,method,method,0.11382145798820942
1996,magicoder:7b-s-cl,codellama:7b-instruct,llm4cc-clone_type-patch,llm4cc-clone_type,method,method,0.15589889910926458
1997,magicoder:7b-s-cl,codellama:7b-instruct,llm4cc-clone_type-patch,llm4cc-integrated,method,method,-0.03384495479803906
1998,magicoder:7b-s-cl,codellama:7b-instruct,llm4cc-clone_type-patch,llm4cc-clone_type-patch,method,method,0.1619534824935175
1999,magicoder:7b-s-cl,codellama:7b-instruct,llm4cc-clone_type-patch,llm4cc-integrated-patch,method,method,-0.00883238117363816
2000,magicoder:7b-s-cl,codellama:13b-instruct,llm4cc-clone_type-patch,llm4cc-clone_type,method,method,0.37687257401111796
2001,magicoder:7b-s-cl,codellama:13b-instruct,llm4cc-clone_type-patch,llm4cc-integrated,method,method,0.15119680696324045
2002,magicoder:7b-s-cl,codellama:13b-instruct,llm4cc-clone_type-patch,llm4cc-clone_type-patch,method,method,0.3566477810006178
2003,magicoder:7b-s-cl,codellama:13b-instruct,llm4cc-clone_type-patch,llm4cc-integrated-patch,method,method,0.17212501730148067
2004,magicoder:7b-s-cl,deepseek-coder:6.7b,llm4cc-clone_type-patch,llm4cc-clone_type,method,method,-0.16131395727355313
2005,magicoder:7b-s-cl,deepseek-coder:6.7b,llm4cc-clone_type-patch,llm4cc-integrated,method,method,-0.2767297018598327
2006,magicoder:7b-s-cl,deepseek-coder:6.7b,llm4cc-clone_type-patch,llm4cc-clone_type-patch,method,method,-0.06989576294698052
2007,magicoder:7b-s-cl,deepseek-coder:6.7b,llm4cc-clone_type-patch,llm4cc-integrated-patch,method,method,-0.25168707517629385
2008,magicoder:7b-s-cl,codegemma:7b-instruct,llm4cc-clone_type-patch,llm4cc-clone_type,method,method,-0.014316203727016141
2009,magicoder:7b-s-cl,codegemma:7b-instruct,llm4cc-clone_type-patch,llm4cc-integrated,method,method,0.09408265791708592
2010,magicoder:7b-s-cl,codegemma:7b-instruct,llm4cc-clone_type-patch,llm4cc-clone_type-patch,method,method,-0.01225506322010328
2011,magicoder:7b-s-cl,codegemma:7b-instruct,llm4cc-clone_type-patch,llm4cc-integrated-patch,method,method,-0.10460449297644092
2012,magicoder:7b-s-cl,qwen2.5:7b,llm4cc-clone_type-patch,llm4cc-clone_type,method,method,0.4083005508460765
2013,magicoder:7b-s-cl,qwen2.5:7b,llm4cc-clone_type-patch,llm4cc-integrated,method,method,-0.06639617387258556
2014,magicoder:7b-s-cl,qwen2.5:7b,llm4cc-clone_type-patch,llm4cc-clone_type-patch,method,method,0.26890615456088585
2015,magicoder:7b-s-cl,qwen2.5:7b,llm4cc-clone_type-patch,llm4cc-integrated-patch,method,method,-0.09138430059198499
2016,magicoder:7b-s-cl,qwen2.5-coder:7b,llm4cc-clone_type-patch,llm4cc-clone_type,method,method,-0.000778378631458132
2017,magicoder:7b-s-cl,qwen2.5-coder:7b,llm4cc-clone_type-patch,llm4cc-integrated,method,method,-0.057910164560101896
2018,magicoder:7b-s-cl,qwen2.5-coder:7b,llm4cc-clone_type-patch,llm4cc-clone_type-patch,method,method,-0.010012390895623335
2019,magicoder:7b-s-cl,qwen2.5-coder:7b,llm4cc-clone_type-patch,llm4cc-integrated-patch,method,method,-0.010180913447639162
2020,magicoder:7b-s-cl,yi-coder:9b,llm4cc-clone_type-patch,llm4cc-clone_type,method,method,-0.056594670258885094
2021,magicoder:7b-s-cl,yi-coder:9b,llm4cc-clone_type-patch,llm4cc-integrated,method,method,-0.14577420314130407
2022,magicoder:7b-s-cl,yi-coder:9b,llm4cc-clone_type-patch,llm4cc-clone_type-patch,method,method,-0.059153751739301486
2023,magicoder:7b-s-cl,yi-coder:9b,llm4cc-clone_type-patch,llm4cc-integrated-patch,method,method,-0.1605499957778187
2024,magicoder:7b-s-cl,hermes3:8b,llm4cc-clone_type-patch,llm4cc-clone_type,method,method,-0.007476158015950807
2025,magicoder:7b-s-cl,hermes3:8b,llm4cc-clone_type-patch,llm4cc-integrated,method,method,-0.052824340666072445
2026,magicoder:7b-s-cl,hermes3:8b,llm4cc-clone_type-patch,llm4cc-clone_type-patch,method,method,-0.011882301361494596
2027,magicoder:7b-s-cl,hermes3:8b,llm4cc-clone_type-patch,llm4cc-integrated-patch,method,method,-0.02291667972804845
2028,magicoder:7b-s-cl,codellama:7b-instruct,llm4cc-integrated-patch,llm4cc-clone_type,method,method,0.03367663175619273
2029,magicoder:7b-s-cl,codellama:7b-instruct,llm4cc-integrated-patch,llm4cc-integrated,method,method,0.019501300808845157
2030,magicoder:7b-s-cl,codellama:7b-instruct,llm4cc-integrated-patch,llm4cc-clone_type-patch,method,method,0.04308086698288616
2031,magicoder:7b-s-cl,codellama:7b-instruct,llm4cc-integrated-patch,llm4cc-integrated-patch,method,method,0.0008794481077400995
2032,magicoder:7b-s-cl,codellama:13b-instruct,llm4cc-integrated-patch,llm4cc-clone_type,method,method,0.08410645166889408
2033,magicoder:7b-s-cl,codellama:13b-instruct,llm4cc-integrated-patch,llm4cc-integrated,method,method,0.03757394095334088
2034,magicoder:7b-s-cl,codellama:13b-instruct,llm4cc-integrated-patch,llm4cc-clone_type-patch,method,method,0.09585486292910794
2035,magicoder:7b-s-cl,codellama:13b-instruct,llm4cc-integrated-patch,llm4cc-integrated-patch,method,method,0.054334779696683655
2036,magicoder:7b-s-cl,deepseek-coder:6.7b,llm4cc-integrated-patch,llm4cc-clone_type,method,method,-0.05559020883316701
2037,magicoder:7b-s-cl,deepseek-coder:6.7b,llm4cc-integrated-patch,llm4cc-integrated,method,method,-0.05786932206670814
2038,magicoder:7b-s-cl,deepseek-coder:6.7b,llm4cc-integrated-patch,llm4cc-clone_type-patch,method,method,-0.020522941450376253
2039,magicoder:7b-s-cl,deepseek-coder:6.7b,llm4cc-integrated-patch,llm4cc-integrated-patch,method,method,-0.04659629197531734
2040,magicoder:7b-s-cl,codegemma:7b-instruct,llm4cc-integrated-patch,llm4cc-clone_type,method,method,-0.00712641446410367
2041,magicoder:7b-s-cl,codegemma:7b-instruct,llm4cc-integrated-patch,llm4cc-integrated,method,method,0.021184962593564838
2042,magicoder:7b-s-cl,codegemma:7b-instruct,llm4cc-integrated-patch,llm4cc-clone_type-patch,method,method,-0.007684156048993307
2043,magicoder:7b-s-cl,codegemma:7b-instruct,llm4cc-integrated-patch,llm4cc-integrated-patch,method,method,-0.02898378933072787
2044,magicoder:7b-s-cl,qwen2.5:7b,llm4cc-integrated-patch,llm4cc-clone_type,method,method,0.07137918996803405
2045,magicoder:7b-s-cl,qwen2.5:7b,llm4cc-integrated-patch,llm4cc-integrated,method,method,0.003109433570528175
2046,magicoder:7b-s-cl,qwen2.5:7b,llm4cc-integrated-patch,llm4cc-clone_type-patch,method,method,0.05209094600081199
2047,magicoder:7b-s-cl,qwen2.5:7b,llm4cc-integrated-patch,llm4cc-integrated-patch,method,method,-0.029466125120608977
2048,magicoder:7b-s-cl,qwen2.5-coder:7b,llm4cc-integrated-patch,llm4cc-clone_type,method,method,-0.0011542009131668696
2049,magicoder:7b-s-cl,qwen2.5-coder:7b,llm4cc-integrated-patch,llm4cc-integrated,method,method,-0.035618219829785636
2050,magicoder:7b-s-cl,qwen2.5-coder:7b,llm4cc-integrated-patch,llm4cc-clone_type-patch,method,method,-0.004315181232668941
2051,magicoder:7b-s-cl,qwen2.5-coder:7b,llm4cc-integrated-patch,llm4cc-integrated-patch,method,method,-0.02709969866330142
2052,magicoder:7b-s-cl,yi-coder:9b,llm4cc-integrated-patch,llm4cc-clone_type,method,method,-0.0038087094389369636
2053,magicoder:7b-s-cl,yi-coder:9b,llm4cc-integrated-patch,llm4cc-integrated,method,method,-0.018390365622354965
2054,magicoder:7b-s-cl,yi-coder:9b,llm4cc-integrated-patch,llm4cc-clone_type-patch,method,method,-0.018729243820057695
2055,magicoder:7b-s-cl,yi-coder:9b,llm4cc-integrated-patch,llm4cc-integrated-patch,method,method,-0.02651700016268088
2056,magicoder:7b-s-cl,hermes3:8b,llm4cc-integrated-patch,llm4cc-clone_type,method,method,-0.00611433015355356
2057,magicoder:7b-s-cl,hermes3:8b,llm4cc-integrated-patch,llm4cc-integrated,method,method,-0.009824591693422313
2058,magicoder:7b-s-cl,hermes3:8b,llm4cc-integrated-patch,llm4cc-clone_type-patch,method,method,-0.013819533323210287
2059,magicoder:7b-s-cl,hermes3:8b,llm4cc-integrated-patch,llm4cc-integrated-patch,method,method,0.003146434260587805
2060,codellama:7b-instruct,codellama:7b-instruct,llm4cc-clone_type,llm4cc-integrated,method,method,0.022078077555151676
2061,codellama:7b-instruct,codellama:7b-instruct,llm4cc-clone_type,llm4cc-clone_type-patch,method,method,0.07529259282346346
2062,codellama:7b-instruct,codellama:7b-instruct,llm4cc-clone_type,llm4cc-integrated-patch,method,method,0.05671163910172883
2063,codellama:7b-instruct,codellama:13b-instruct,llm4cc-clone_type,llm4cc-clone_type,method,method,0.116426663701379
2064,codellama:7b-instruct,codellama:13b-instruct,llm4cc-clone_type,llm4cc-integrated,method,method,0.07600618816766691
2065,codellama:7b-instruct,codellama:13b-instruct,llm4cc-clone_type,llm4cc-clone_type-patch,method,method,0.12718602460116535
2066,codellama:7b-instruct,codellama:13b-instruct,llm4cc-clone_type,llm4cc-integrated-patch,method,method,0.0858233945969572
2067,codellama:7b-instruct,deepseek-coder:6.7b,llm4cc-clone_type,llm4cc-clone_type,method,method,-0.054547313830758615
2068,codellama:7b-instruct,deepseek-coder:6.7b,llm4cc-clone_type,llm4cc-integrated,method,method,-0.11690603095897956
2069,codellama:7b-instruct,deepseek-coder:6.7b,llm4cc-clone_type,llm4cc-clone_type-patch,method,method,-0.024719430335654824
2070,codellama:7b-instruct,deepseek-coder:6.7b,llm4cc-clone_type,llm4cc-integrated-patch,method,method,-0.11590717962994757
2071,codellama:7b-instruct,codegemma:7b-instruct,llm4cc-clone_type,llm4cc-clone_type,method,method,-0.020064264188348613
2072,codellama:7b-instruct,codegemma:7b-instruct,llm4cc-clone_type,llm4cc-integrated,method,method,0.056015345249601056
2073,codellama:7b-instruct,codegemma:7b-instruct,llm4cc-clone_type,llm4cc-clone_type-patch,method,method,-0.026818502293907587
2074,codellama:7b-instruct,codegemma:7b-instruct,llm4cc-clone_type,llm4cc-integrated-patch,method,method,-0.05663158191815798
2075,codellama:7b-instruct,qwen2.5:7b,llm4cc-clone_type,llm4cc-clone_type,method,method,0.07860857631784846
2076,codellama:7b-instruct,qwen2.5:7b,llm4cc-clone_type,llm4cc-integrated,method,method,-0.02759395653487151
2077,codellama:7b-instruct,qwen2.5:7b,llm4cc-clone_type,llm4cc-clone_type-patch,method,method,0.11485608118410429
2078,codellama:7b-instruct,qwen2.5:7b,llm4cc-clone_type,llm4cc-integrated-patch,method,method,-0.04171973946900098
2079,codellama:7b-instruct,qwen2.5-coder:7b,llm4cc-clone_type,llm4cc-clone_type,method,method,0.0022766196695785945
2080,codellama:7b-instruct,qwen2.5-coder:7b,llm4cc-clone_type,llm4cc-integrated,method,method,0.0040466005324213405
2081,codellama:7b-instruct,qwen2.5-coder:7b,llm4cc-clone_type,llm4cc-clone_type-patch,method,method,-0.005527505016400092
2082,codellama:7b-instruct,qwen2.5-coder:7b,llm4cc-clone_type,llm4cc-integrated-patch,method,method,0.003074588484159535
2083,codellama:7b-instruct,yi-coder:9b,llm4cc-clone_type,llm4cc-clone_type,method,method,-0.05345987838698574
2084,codellama:7b-instruct,yi-coder:9b,llm4cc-clone_type,llm4cc-integrated,method,method,-0.06664835389778045
2085,codellama:7b-instruct,yi-coder:9b,llm4cc-clone_type,llm4cc-clone_type-patch,method,method,-0.013748165633095333
2086,codellama:7b-instruct,yi-coder:9b,llm4cc-clone_type,llm4cc-integrated-patch,method,method,-0.08252072095776875
2087,codellama:7b-instruct,hermes3:8b,llm4cc-clone_type,llm4cc-clone_type,method,method,-0.0032776387976924948
2088,codellama:7b-instruct,hermes3:8b,llm4cc-clone_type,llm4cc-integrated,method,method,-0.032557772887958025
2089,codellama:7b-instruct,hermes3:8b,llm4cc-clone_type,llm4cc-clone_type-patch,method,method,-0.007196525551355526
2090,codellama:7b-instruct,hermes3:8b,llm4cc-clone_type,llm4cc-integrated-patch,method,method,0.007794268478777511
2091,codellama:7b-instruct,codellama:7b-instruct,llm4cc-integrated,llm4cc-clone_type-patch,method,method,0.04672182073836684
2092,codellama:7b-instruct,codellama:7b-instruct,llm4cc-integrated,llm4cc-integrated-patch,method,method,0.07271400985087573
2093,codellama:7b-instruct,codellama:13b-instruct,llm4cc-integrated,llm4cc-clone_type,method,method,-0.016326034944489587
2094,codellama:7b-instruct,codellama:13b-instruct,llm4cc-integrated,llm4cc-integrated,method,method,0.05557354920346258
2095,codellama:7b-instruct,codellama:13b-instruct,llm4cc-integrated,llm4cc-clone_type-patch,method,method,-0.02487834368600539
2096,codellama:7b-instruct,codellama:13b-instruct,llm4cc-integrated,llm4cc-integrated-patch,method,method,0.06817778888074078
2097,codellama:7b-instruct,deepseek-coder:6.7b,llm4cc-integrated,llm4cc-clone_type,method,method,0.07101296139757662
2098,codellama:7b-instruct,deepseek-coder:6.7b,llm4cc-integrated,llm4cc-integrated,method,method,0.11167338863100229
2099,codellama:7b-instruct,deepseek-coder:6.7b,llm4cc-integrated,llm4cc-clone_type-patch,method,method,0.02236310100382155
2100,codellama:7b-instruct,deepseek-coder:6.7b,llm4cc-integrated,llm4cc-integrated-patch,method,method,0.07516214274290389
2101,codellama:7b-instruct,codegemma:7b-instruct,llm4cc-integrated,llm4cc-clone_type,method,method,-0.012235881008226812
2102,codellama:7b-instruct,codegemma:7b-instruct,llm4cc-integrated,llm4cc-integrated,method,method,0.008971725194200197
2103,codellama:7b-instruct,codegemma:7b-instruct,llm4cc-integrated,llm4cc-clone_type-patch,method,method,-0.019915085907239893
2104,codellama:7b-instruct,codegemma:7b-instruct,llm4cc-integrated,llm4cc-integrated-patch,method,method,-0.009511088931617007
2105,codellama:7b-instruct,qwen2.5:7b,llm4cc-integrated,llm4cc-clone_type,method,method,-0.10806729182032093
2106,codellama:7b-instruct,qwen2.5:7b,llm4cc-integrated,llm4cc-integrated,method,method,0.019991431150827133
2107,codellama:7b-instruct,qwen2.5:7b,llm4cc-integrated,llm4cc-clone_type-patch,method,method,-0.1120696310445759
2108,codellama:7b-instruct,qwen2.5:7b,llm4cc-integrated,llm4cc-integrated-patch,method,method,0.016673085019564327
2109,codellama:7b-instruct,qwen2.5-coder:7b,llm4cc-integrated,llm4cc-clone_type,method,method,0.006492587481866652
2110,codellama:7b-instruct,qwen2.5-coder:7b,llm4cc-integrated,llm4cc-integrated,method,method,0.03545661737425143
2111,codellama:7b-instruct,qwen2.5-coder:7b,llm4cc-integrated,llm4cc-clone_type-patch,method,method,-0.0002120226965247607
2112,codellama:7b-instruct,qwen2.5-coder:7b,llm4cc-integrated,llm4cc-integrated-patch,method,method,0.006598601351122002
2113,codellama:7b-instruct,yi-coder:9b,llm4cc-integrated,llm4cc-clone_type,method,method,0.08149493841548416
2114,codellama:7b-instruct,yi-coder:9b,llm4cc-integrated,llm4cc-integrated,method,method,0.06964999698153174
2115,codellama:7b-instruct,yi-coder:9b,llm4cc-integrated,llm4cc-clone_type-patch,method,method,0.052413481623666325
2116,codellama:7b-instruct,yi-coder:9b,llm4cc-integrated,llm4cc-integrated-patch,method,method,0.06596945284038025
2117,codellama:7b-instruct,hermes3:8b,llm4cc-integrated,llm4cc-clone_type,method,method,-0.0049942941899254745
2118,codellama:7b-instruct,hermes3:8b,llm4cc-integrated,llm4cc-integrated,method,method,0.009277156737361514
2119,codellama:7b-instruct,hermes3:8b,llm4cc-integrated,llm4cc-clone_type-patch,method,method,0.0033104290899486077
2120,codellama:7b-instruct,hermes3:8b,llm4cc-integrated,llm4cc-integrated-patch,method,method,0.014521383875471972
2121,codellama:7b-instruct,codellama:7b-instruct,llm4cc-clone_type-patch,llm4cc-integrated-patch,method,method,0.06445511934358539
2122,codellama:7b-instruct,codellama:13b-instruct,llm4cc-clone_type-patch,llm4cc-clone_type,method,method,0.10111888785773082
2123,codellama:7b-instruct,codellama:13b-instruct,llm4cc-clone_type-patch,llm4cc-integrated,method,method,0.06952398736382537
2124,codellama:7b-instruct,codellama:13b-instruct,llm4cc-clone_type-patch,llm4cc-clone_type-patch,method,method,0.1443084216901711
2125,codellama:7b-instruct,codellama:13b-instruct,llm4cc-clone_type-patch,llm4cc-integrated-patch,method,method,0.07736882157148883
2126,codellama:7b-instruct,deepseek-coder:6.7b,llm4cc-clone_type-patch,llm4cc-clone_type,method,method,-0.023508499055660437
2127,codellama:7b-instruct,deepseek-coder:6.7b,llm4cc-clone_type-patch,llm4cc-integrated,method,method,-0.08978470308373177
2128,codellama:7b-instruct,deepseek-coder:6.7b,llm4cc-clone_type-patch,llm4cc-clone_type-patch,method,method,0.003197538100820574
2129,codellama:7b-instruct,deepseek-coder:6.7b,llm4cc-clone_type-patch,llm4cc-integrated-patch,method,method,-0.09721203126600741
2130,codellama:7b-instruct,codegemma:7b-instruct,llm4cc-clone_type-patch,llm4cc-clone_type,method,method,-0.02155710124470267
2131,codellama:7b-instruct,codegemma:7b-instruct,llm4cc-clone_type-patch,llm4cc-integrated,method,method,0.053937148943819846
2132,codellama:7b-instruct,codegemma:7b-instruct,llm4cc-clone_type-patch,llm4cc-clone_type-patch,method,method,-0.01545119445018317
2133,codellama:7b-instruct,codegemma:7b-instruct,llm4cc-clone_type-patch,llm4cc-integrated-patch,method,method,-0.07917345370242979
2134,codellama:7b-instruct,qwen2.5:7b,llm4cc-clone_type-patch,llm4cc-clone_type,method,method,0.10953170553351443
2135,codellama:7b-instruct,qwen2.5:7b,llm4cc-clone_type-patch,llm4cc-integrated,method,method,-0.0003020042569201742
2136,codellama:7b-instruct,qwen2.5:7b,llm4cc-clone_type-patch,llm4cc-clone_type-patch,method,method,0.06232005201077373
2137,codellama:7b-instruct,qwen2.5:7b,llm4cc-clone_type-patch,llm4cc-integrated-patch,method,method,-0.04002516161626124
2138,codellama:7b-instruct,qwen2.5-coder:7b,llm4cc-clone_type-patch,llm4cc-clone_type,method,method,-0.0002449814822820251
2139,codellama:7b-instruct,qwen2.5-coder:7b,llm4cc-clone_type-patch,llm4cc-integrated,method,method,0.027539533637094493
2140,codellama:7b-instruct,qwen2.5-coder:7b,llm4cc-clone_type-patch,llm4cc-clone_type-patch,method,method,-0.0022885265875756122
2141,codellama:7b-instruct,qwen2.5-coder:7b,llm4cc-clone_type-patch,llm4cc-integrated-patch,method,method,-0.01571611468301426
2142,codellama:7b-instruct,yi-coder:9b,llm4cc-clone_type-patch,llm4cc-clone_type,method,method,0.019048314208185535
2143,codellama:7b-instruct,yi-coder:9b,llm4cc-clone_type-patch,llm4cc-integrated,method,method,-0.049122476887444755
2144,codellama:7b-instruct,yi-coder:9b,llm4cc-clone_type-patch,llm4cc-clone_type-patch,method,method,0.020305068314702024
2145,codellama:7b-instruct,yi-coder:9b,llm4cc-clone_type-patch,llm4cc-integrated-patch,method,method,-0.058821118268606476
2146,codellama:7b-instruct,hermes3:8b,llm4cc-clone_type-patch,llm4cc-clone_type,method,method,0.0003272443395163638
2147,codellama:7b-instruct,hermes3:8b,llm4cc-clone_type-patch,llm4cc-integrated,method,method,-0.07644091891646254
2148,codellama:7b-instruct,hermes3:8b,llm4cc-clone_type-patch,llm4cc-clone_type-patch,method,method,-0.00543482324758382
2149,codellama:7b-instruct,hermes3:8b,llm4cc-clone_type-patch,llm4cc-integrated-patch,method,method,0.002849554138073307
2150,codellama:7b-instruct,codellama:13b-instruct,llm4cc-integrated-patch,llm4cc-clone_type,method,method,0.0203141370068205
2151,codellama:7b-instruct,codellama:13b-instruct,llm4cc-integrated-patch,llm4cc-integrated,method,method,0.09683093725445302
2152,codellama:7b-instruct,codellama:13b-instruct,llm4cc-integrated-patch,llm4cc-clone_type-patch,method,method,0.00018274525628181326
2153,codellama:7b-instruct,codellama:13b-instruct,llm4cc-integrated-patch,llm4cc-integrated-patch,method,method,0.07156058012631317
2154,codellama:7b-instruct,deepseek-coder:6.7b,llm4cc-integrated-patch,llm4cc-clone_type,method,method,0.02807210929544135
2155,codellama:7b-instruct,deepseek-coder:6.7b,llm4cc-integrated-patch,llm4cc-integrated,method,method,0.01094276505944558
2156,codellama:7b-instruct,deepseek-coder:6.7b,llm4cc-integrated-patch,llm4cc-clone_type-patch,method,method,0.03908025757813727
2157,codellama:7b-instruct,deepseek-coder:6.7b,llm4cc-integrated-patch,llm4cc-integrated-patch,method,method,0.014211678104814274
2158,codellama:7b-instruct,codegemma:7b-instruct,llm4cc-integrated-patch,llm4cc-clone_type,method,method,-0.015838792818706926
2159,codellama:7b-instruct,codegemma:7b-instruct,llm4cc-integrated-patch,llm4cc-integrated,method,method,0.04827316585681252
2160,codellama:7b-instruct,codegemma:7b-instruct,llm4cc-integrated-patch,llm4cc-clone_type-patch,method,method,-0.019380794305100313
2161,codellama:7b-instruct,codegemma:7b-instruct,llm4cc-integrated-patch,llm4cc-integrated-patch,method,method,-0.015623030249008574
2162,codellama:7b-instruct,qwen2.5:7b,llm4cc-integrated-patch,llm4cc-clone_type,method,method,-0.02752527379494607
2163,codellama:7b-instruct,qwen2.5:7b,llm4cc-integrated-patch,llm4cc-integrated,method,method,-0.014002543080247287
2164,codellama:7b-instruct,qwen2.5:7b,llm4cc-integrated-patch,llm4cc-clone_type-patch,method,method,-0.03657373566316835
2165,codellama:7b-instruct,qwen2.5:7b,llm4cc-integrated-patch,llm4cc-integrated-patch,method,method,0.0398013811810507
2166,codellama:7b-instruct,qwen2.5-coder:7b,llm4cc-integrated-patch,llm4cc-clone_type,method,method,0.0020175224080551946
2167,codellama:7b-instruct,qwen2.5-coder:7b,llm4cc-integrated-patch,llm4cc-integrated,method,method,-0.0022778645674239595
2168,codellama:7b-instruct,qwen2.5-coder:7b,llm4cc-integrated-patch,llm4cc-clone_type-patch,method,method,0.0072878253256573045
2169,codellama:7b-instruct,qwen2.5-coder:7b,llm4cc-integrated-patch,llm4cc-integrated-patch,method,method,0.016199384377856285
2170,codellama:7b-instruct,yi-coder:9b,llm4cc-integrated-patch,llm4cc-clone_type,method,method,0.002918389124004106
2171,codellama:7b-instruct,yi-coder:9b,llm4cc-integrated-patch,llm4cc-integrated,method,method,0.039515843622129676
2172,codellama:7b-instruct,yi-coder:9b,llm4cc-integrated-patch,llm4cc-clone_type-patch,method,method,0.020377611311012456
2173,codellama:7b-instruct,yi-coder:9b,llm4cc-integrated-patch,llm4cc-integrated-patch,method,method,0.006173259692369926
2174,codellama:7b-instruct,hermes3:8b,llm4cc-integrated-patch,llm4cc-clone_type,method,method,-0.008757544087211855
2175,codellama:7b-instruct,hermes3:8b,llm4cc-integrated-patch,llm4cc-integrated,method,method,-0.008357236241015586
2176,codellama:7b-instruct,hermes3:8b,llm4cc-integrated-patch,llm4cc-clone_type-patch,method,method,-0.001389132940299076
2177,codellama:7b-instruct,hermes3:8b,llm4cc-integrated-patch,llm4cc-integrated-patch,method,method,0.01543239688825826
2178,codellama:13b-instruct,codellama:13b-instruct,llm4cc-clone_type,llm4cc-integrated,method,method,0.10028517110266177
2179,codellama:13b-instruct,codellama:13b-instruct,llm4cc-clone_type,llm4cc-clone_type-patch,method,method,0.3128233052001089
2180,codellama:13b-instruct,codellama:13b-instruct,llm4cc-clone_type,llm4cc-integrated-patch,method,method,0.189400955110678
2181,codellama:13b-instruct,deepseek-coder:6.7b,llm4cc-clone_type,llm4cc-clone_type,method,method,-0.14200879885746187
2182,codellama:13b-instruct,deepseek-coder:6.7b,llm4cc-clone_type,llm4cc-integrated,method,method,-0.22995639907668664
2183,codellama:13b-instruct,deepseek-coder:6.7b,llm4cc-clone_type,llm4cc-clone_type-patch,method,method,-0.07404365848738959
2184,codellama:13b-instruct,deepseek-coder:6.7b,llm4cc-clone_type,llm4cc-integrated-patch,method,method,-0.23359378490089977
2185,codellama:13b-instruct,codegemma:7b-instruct,llm4cc-clone_type,llm4cc-clone_type,method,method,-0.015890140395064645
2186,codellama:13b-instruct,codegemma:7b-instruct,llm4cc-clone_type,llm4cc-integrated,method,method,0.07842523599929874
2187,codellama:13b-instruct,codegemma:7b-instruct,llm4cc-clone_type,llm4cc-clone_type-patch,method,method,-0.010513126887716107
2188,codellama:13b-instruct,codegemma:7b-instruct,llm4cc-clone_type,llm4cc-integrated-patch,method,method,-0.09540552866579377
2189,codellama:13b-instruct,qwen2.5:7b,llm4cc-clone_type,llm4cc-clone_type,method,method,0.25044783069386434
2190,codellama:13b-instruct,qwen2.5:7b,llm4cc-clone_type,llm4cc-integrated,method,method,-0.04998520887185953
2191,codellama:13b-instruct,qwen2.5:7b,llm4cc-clone_type,llm4cc-clone_type-patch,method,method,0.16335078301859607
2192,codellama:13b-instruct,qwen2.5:7b,llm4cc-clone_type,llm4cc-integrated-patch,method,method,-0.07148378594147986
2193,codellama:13b-instruct,qwen2.5-coder:7b,llm4cc-clone_type,llm4cc-clone_type,method,method,-0.00047398334766457495
2194,codellama:13b-instruct,qwen2.5-coder:7b,llm4cc-clone_type,llm4cc-integrated,method,method,-0.054144203325329654
2195,codellama:13b-instruct,qwen2.5-coder:7b,llm4cc-clone_type,llm4cc-clone_type-patch,method,method,-0.006835970304679417
2196,codellama:13b-instruct,qwen2.5-coder:7b,llm4cc-clone_type,llm4cc-integrated-patch,method,method,-0.007639082921983231
2197,codellama:13b-instruct,yi-coder:9b,llm4cc-clone_type,llm4cc-clone_type,method,method,-0.035792876599896495
2198,codellama:13b-instruct,yi-coder:9b,llm4cc-clone_type,llm4cc-integrated,method,method,-0.13215343177108174
2199,codellama:13b-instruct,yi-coder:9b,llm4cc-clone_type,llm4cc-clone_type-patch,method,method,-0.04392304276434711
2200,codellama:13b-instruct,yi-coder:9b,llm4cc-clone_type,llm4cc-integrated-patch,method,method,-0.10480005935158387
2201,codellama:13b-instruct,hermes3:8b,llm4cc-clone_type,llm4cc-clone_type,method,method,-0.006601430636064443
2202,codellama:13b-instruct,hermes3:8b,llm4cc-clone_type,llm4cc-integrated,method,method,-0.05711541709711265
2203,codellama:13b-instruct,hermes3:8b,llm4cc-clone_type,llm4cc-clone_type-patch,method,method,-0.00847717318370833
2204,codellama:13b-instruct,hermes3:8b,llm4cc-clone_type,llm4cc-integrated-patch,method,method,-0.005922806338741982
2205,codellama:13b-instruct,codellama:13b-instruct,llm4cc-integrated,llm4cc-clone_type-patch,method,method,0.1253876442057672
2206,codellama:13b-instruct,codellama:13b-instruct,llm4cc-integrated,llm4cc-integrated-patch,method,method,0.145278818938112
2207,codellama:13b-instruct,deepseek-coder:6.7b,llm4cc-integrated,llm4cc-clone_type,method,method,-0.02985791090629797
2208,codellama:13b-instruct,deepseek-coder:6.7b,llm4cc-integrated,llm4cc-integrated,method,method,-0.03270235328406068
2209,codellama:13b-instruct,deepseek-coder:6.7b,llm4cc-integrated,llm4cc-clone_type-patch,method,method,-0.0011186823469815366
2210,codellama:13b-instruct,deepseek-coder:6.7b,llm4cc-integrated,llm4cc-integrated-patch,method,method,-0.03396847556606408
2211,codellama:13b-instruct,codegemma:7b-instruct,llm4cc-integrated,llm4cc-clone_type,method,method,-0.013128382554554063
2212,codellama:13b-instruct,codegemma:7b-instruct,llm4cc-integrated,llm4cc-integrated,method,method,0.035255885911177676
2213,codellama:13b-instruct,codegemma:7b-instruct,llm4cc-integrated,llm4cc-clone_type-patch,method,method,-0.01866757617098669
2214,codellama:13b-instruct,codegemma:7b-instruct,llm4cc-integrated,llm4cc-integrated-patch,method,method,-0.026228066238836778
2215,codellama:13b-instruct,qwen2.5:7b,llm4cc-integrated,llm4cc-clone_type,method,method,0.028432988453210295
2216,codellama:13b-instruct,qwen2.5:7b,llm4cc-integrated,llm4cc-integrated,method,method,-0.013191733488077784
2217,codellama:13b-instruct,qwen2.5:7b,llm4cc-integrated,llm4cc-clone_type-patch,method,method,0.015641520447185586
2218,codellama:13b-instruct,qwen2.5:7b,llm4cc-integrated,llm4cc-integrated-patch,method,method,-0.01845636185073829
2219,codellama:13b-instruct,qwen2.5-coder:7b,llm4cc-integrated,llm4cc-clone_type,method,method,0.0006110516057663551
2220,codellama:13b-instruct,qwen2.5-coder:7b,llm4cc-integrated,llm4cc-integrated,method,method,-0.03509794855406034
2221,codellama:13b-instruct,qwen2.5-coder:7b,llm4cc-integrated,llm4cc-clone_type-patch,method,method,-0.0002656673352334771
2222,codellama:13b-instruct,qwen2.5-coder:7b,llm4cc-integrated,llm4cc-integrated-patch,method,method,-0.024321698579806483
2223,codellama:13b-instruct,yi-coder:9b,llm4cc-integrated,llm4cc-clone_type,method,method,-0.0107941475044937
2224,codellama:13b-instruct,yi-coder:9b,llm4cc-integrated,llm4cc-integrated,method,method,-0.00693229585732924
2225,codellama:13b-instruct,yi-coder:9b,llm4cc-integrated,llm4cc-clone_type-patch,method,method,-0.02419005284369158
2226,codellama:13b-instruct,yi-coder:9b,llm4cc-integrated,llm4cc-integrated-patch,method,method,-0.028310241879594633
2227,codellama:13b-instruct,hermes3:8b,llm4cc-integrated,llm4cc-clone_type,method,method,-0.012714354108634973
2228,codellama:13b-instruct,hermes3:8b,llm4cc-integrated,llm4cc-integrated,method,method,-0.006632347286263052
2229,codellama:13b-instruct,hermes3:8b,llm4cc-integrated,llm4cc-clone_type-patch,method,method,-0.0034524241125870603
2230,codellama:13b-instruct,hermes3:8b,llm4cc-integrated,llm4cc-integrated-patch,method,method,0.010163416776237333
2231,codellama:13b-instruct,codellama:13b-instruct,llm4cc-clone_type-patch,llm4cc-integrated-patch,method,method,0.18425264713124856
2232,codellama:13b-instruct,deepseek-coder:6.7b,llm4cc-clone_type-patch,llm4cc-clone_type,method,method,-0.15889142349089314
2233,codellama:13b-instruct,deepseek-coder:6.7b,llm4cc-clone_type-patch,llm4cc-integrated,method,method,-0.24154612516113372
2234,codellama:13b-instruct,deepseek-coder:6.7b,llm4cc-clone_type-patch,llm4cc-clone_type-patch,method,method,-0.08065787905200494
2235,codellama:13b-instruct,deepseek-coder:6.7b,llm4cc-clone_type-patch,llm4cc-integrated-patch,method,method,-0.22710610077509896
2236,codellama:13b-instruct,codegemma:7b-instruct,llm4cc-clone_type-patch,llm4cc-clone_type,method,method,-0.009859958402606894
2237,codellama:13b-instruct,codegemma:7b-instruct,llm4cc-clone_type-patch,llm4cc-integrated,method,method,0.08042316618988521
2238,codellama:13b-instruct,codegemma:7b-instruct,llm4cc-clone_type-patch,llm4cc-clone_type-patch,method,method,-0.007522737543623537
2239,codellama:13b-instruct,codegemma:7b-instruct,llm4cc-clone_type-patch,llm4cc-integrated-patch,method,method,-0.0963621661717764
2240,codellama:13b-instruct,qwen2.5:7b,llm4cc-clone_type-patch,llm4cc-clone_type,method,method,0.2780461639576737
2241,codellama:13b-instruct,qwen2.5:7b,llm4cc-clone_type-patch,llm4cc-integrated,method,method,-0.057927500677432464
2242,codellama:13b-instruct,qwen2.5:7b,llm4cc-clone_type-patch,llm4cc-clone_type-patch,method,method,0.19744163438110718
2243,codellama:13b-instruct,qwen2.5:7b,llm4cc-clone_type-patch,llm4cc-integrated-patch,method,method,-0.07959361317168567
2244,codellama:13b-instruct,qwen2.5-coder:7b,llm4cc-clone_type-patch,llm4cc-clone_type,method,method,0.002673649300516945
2245,codellama:13b-instruct,qwen2.5-coder:7b,llm4cc-clone_type-patch,llm4cc-integrated,method,method,-0.07571074793399823
2246,codellama:13b-instruct,qwen2.5-coder:7b,llm4cc-clone_type-patch,llm4cc-clone_type-patch,method,method,-0.0018952126455613616
2247,codellama:13b-instruct,qwen2.5-coder:7b,llm4cc-clone_type-patch,llm4cc-integrated-patch,method,method,0.007496846675810187
2248,codellama:13b-instruct,yi-coder:9b,llm4cc-clone_type-patch,llm4cc-clone_type,method,method,-0.05974810056907076
2249,codellama:13b-instruct,yi-coder:9b,llm4cc-clone_type-patch,llm4cc-integrated,method,method,-0.14087394577209333
2250,codellama:13b-instruct,yi-coder:9b,llm4cc-clone_type-patch,llm4cc-clone_type-patch,method,method,-0.0695178136124488
2251,codellama:13b-instruct,yi-coder:9b,llm4cc-clone_type-patch,llm4cc-integrated-patch,method,method,-0.1433173113219417
2252,codellama:13b-instruct,hermes3:8b,llm4cc-clone_type-patch,llm4cc-clone_type,method,method,-0.005820433111593193
2253,codellama:13b-instruct,hermes3:8b,llm4cc-clone_type-patch,llm4cc-integrated,method,method,-0.044807542018669544
2254,codellama:13b-instruct,hermes3:8b,llm4cc-clone_type-patch,llm4cc-clone_type-patch,method,method,-0.009261344200118815
2255,codellama:13b-instruct,hermes3:8b,llm4cc-clone_type-patch,llm4cc-integrated-patch,method,method,-0.0010734392859454989
2256,codellama:13b-instruct,deepseek-coder:6.7b,llm4cc-integrated-patch,llm4cc-clone_type,method,method,-0.01970702994359108
2257,codellama:13b-instruct,deepseek-coder:6.7b,llm4cc-integrated-patch,llm4cc-integrated,method,method,-0.05867025339888188
2258,codellama:13b-instruct,deepseek-coder:6.7b,llm4cc-integrated-patch,llm4cc-clone_type-patch,method,method,-0.031676541032248595
2259,codellama:13b-instruct,deepseek-coder:6.7b,llm4cc-integrated-patch,llm4cc-integrated-patch,method,method,-0.07740900421849206
2260,codellama:13b-instruct,codegemma:7b-instruct,llm4cc-integrated-patch,llm4cc-clone_type,method,method,-0.017697185018423767
2261,codellama:13b-instruct,codegemma:7b-instruct,llm4cc-integrated-patch,llm4cc-integrated,method,method,0.043267819584488
2262,codellama:13b-instruct,codegemma:7b-instruct,llm4cc-integrated-patch,llm4cc-clone_type-patch,method,method,-0.02214870457354534
2263,codellama:13b-instruct,codegemma:7b-instruct,llm4cc-integrated-patch,llm4cc-integrated-patch,method,method,-0.04978244177117985
2264,codellama:13b-instruct,qwen2.5:7b,llm4cc-integrated-patch,llm4cc-clone_type,method,method,0.05619704801902892
2265,codellama:13b-instruct,qwen2.5:7b,llm4cc-integrated-patch,llm4cc-integrated,method,method,-0.0026059877305892876
2266,codellama:13b-instruct,qwen2.5:7b,llm4cc-integrated-patch,llm4cc-clone_type-patch,method,method,0.03614502962920574
2267,codellama:13b-instruct,qwen2.5:7b,llm4cc-integrated-patch,llm4cc-integrated-patch,method,method,-0.008055582767533487
2268,codellama:13b-instruct,qwen2.5-coder:7b,llm4cc-integrated-patch,llm4cc-clone_type,method,method,0.0005952638165142021
2269,codellama:13b-instruct,qwen2.5-coder:7b,llm4cc-integrated-patch,llm4cc-integrated,method,method,0.005370945320531839
2270,codellama:13b-instruct,qwen2.5-coder:7b,llm4cc-integrated-patch,llm4cc-clone_type-patch,method,method,-0.0057864858297806965
2271,codellama:13b-instruct,qwen2.5-coder:7b,llm4cc-integrated-patch,llm4cc-integrated-patch,method,method,0.013904225192217456
2272,codellama:13b-instruct,yi-coder:9b,llm4cc-integrated-patch,llm4cc-clone_type,method,method,-0.017298937217561372
2273,codellama:13b-instruct,yi-coder:9b,llm4cc-integrated-patch,llm4cc-integrated,method,method,-0.052176960342583456
2274,codellama:13b-instruct,yi-coder:9b,llm4cc-integrated-patch,llm4cc-clone_type-patch,method,method,0.012091024586409427
2275,codellama:13b-instruct,yi-coder:9b,llm4cc-integrated-patch,llm4cc-integrated-patch,method,method,-0.03611988890267259
2276,codellama:13b-instruct,hermes3:8b,llm4cc-integrated-patch,llm4cc-clone_type,method,method,-0.01590449213620726
2277,codellama:13b-instruct,hermes3:8b,llm4cc-integrated-patch,llm4cc-integrated,method,method,-0.02431856855028136
2278,codellama:13b-instruct,hermes3:8b,llm4cc-integrated-patch,llm4cc-clone_type-patch,method,method,-0.009009071264745927
2279,codellama:13b-instruct,hermes3:8b,llm4cc-integrated-patch,llm4cc-integrated-patch,method,method,0.013232093244229803
2280,deepseek-coder:6.7b,deepseek-coder:6.7b,llm4cc-clone_type,llm4cc-integrated,method,method,0.3384611807576785
2281,deepseek-coder:6.7b,deepseek-coder:6.7b,llm4cc-clone_type,llm4cc-clone_type-patch,method,method,0.2146232119156467
2282,deepseek-coder:6.7b,deepseek-coder:6.7b,llm4cc-clone_type,llm4cc-integrated-patch,method,method,0.34297156587905475
2283,deepseek-coder:6.7b,codegemma:7b-instruct,llm4cc-clone_type,llm4cc-clone_type,method,method,-0.016415528123123746
2284,deepseek-coder:6.7b,codegemma:7b-instruct,llm4cc-clone_type,llm4cc-integrated,method,method,-0.03027378943822634
2285,deepseek-coder:6.7b,codegemma:7b-instruct,llm4cc-clone_type,llm4cc-clone_type-patch,method,method,-0.021328808249575948
2286,deepseek-coder:6.7b,codegemma:7b-instruct,llm4cc-clone_type,llm4cc-integrated-patch,method,method,0.14733438691624012
2287,deepseek-coder:6.7b,qwen2.5:7b,llm4cc-clone_type,llm4cc-clone_type,method,method,-0.15838553098569963
2288,deepseek-coder:6.7b,qwen2.5:7b,llm4cc-clone_type,llm4cc-integrated,method,method,0.06530136241697526
2289,deepseek-coder:6.7b,qwen2.5:7b,llm4cc-clone_type,llm4cc-clone_type-patch,method,method,-0.14558162387913032
2290,deepseek-coder:6.7b,qwen2.5:7b,llm4cc-clone_type,llm4cc-integrated-patch,method,method,0.1157639136114329
2291,deepseek-coder:6.7b,qwen2.5-coder:7b,llm4cc-clone_type,llm4cc-clone_type,method,method,-0.0009830269636279532
2292,deepseek-coder:6.7b,qwen2.5-coder:7b,llm4cc-clone_type,llm4cc-integrated,method,method,0.08919266612296162
2293,deepseek-coder:6.7b,qwen2.5-coder:7b,llm4cc-clone_type,llm4cc-clone_type-patch,method,method,-0.008090981335155956
2294,deepseek-coder:6.7b,qwen2.5-coder:7b,llm4cc-clone_type,llm4cc-integrated-patch,method,method,-0.00020235405214008573
2295,deepseek-coder:6.7b,yi-coder:9b,llm4cc-clone_type,llm4cc-clone_type,method,method,0.10426493445819074
2296,deepseek-coder:6.7b,yi-coder:9b,llm4cc-clone_type,llm4cc-integrated,method,method,0.13201753847287556
2297,deepseek-coder:6.7b,yi-coder:9b,llm4cc-clone_type,llm4cc-clone_type-patch,method,method,0.09271358281868647
2298,deepseek-coder:6.7b,yi-coder:9b,llm4cc-clone_type,llm4cc-integrated-patch,method,method,0.13805573057027742
2299,deepseek-coder:6.7b,hermes3:8b,llm4cc-clone_type,llm4cc-clone_type,method,method,0.0008144617251664155
2300,deepseek-coder:6.7b,hermes3:8b,llm4cc-clone_type,llm4cc-integrated,method,method,0.04211140743307484
2301,deepseek-coder:6.7b,hermes3:8b,llm4cc-clone_type,llm4cc-clone_type-patch,method,method,-0.0016037392134915507
2302,deepseek-coder:6.7b,hermes3:8b,llm4cc-clone_type,llm4cc-integrated-patch,method,method,0.003387148227611436
2303,deepseek-coder:6.7b,deepseek-coder:6.7b,llm4cc-integrated,llm4cc-clone_type-patch,method,method,0.16266896482495719
2304,deepseek-coder:6.7b,deepseek-coder:6.7b,llm4cc-integrated,llm4cc-integrated-patch,method,method,0.4705382841951756
2305,deepseek-coder:6.7b,codegemma:7b-instruct,llm4cc-integrated,llm4cc-clone_type,method,method,-0.012545059630582722
2306,deepseek-coder:6.7b,codegemma:7b-instruct,llm4cc-integrated,llm4cc-integrated,method,method,-0.07616131439193152
2307,deepseek-coder:6.7b,codegemma:7b-instruct,llm4cc-integrated,llm4cc-clone_type-patch,method,method,-0.013945690700359004
2308,deepseek-coder:6.7b,codegemma:7b-instruct,llm4cc-integrated,llm4cc-integrated-patch,method,method,0.17730816266012484
2309,deepseek-coder:6.7b,qwen2.5:7b,llm4cc-integrated,llm4cc-clone_type,method,method,-0.3052721640998981
2310,deepseek-coder:6.7b,qwen2.5:7b,llm4cc-integrated,llm4cc-integrated,method,method,0.06800502424462207
2311,deepseek-coder:6.7b,qwen2.5:7b,llm4cc-integrated,llm4cc-clone_type-patch,method,method,-0.2608117756357273
2312,deepseek-coder:6.7b,qwen2.5:7b,llm4cc-integrated,llm4cc-integrated-patch,method,method,0.08800385418339485
2313,deepseek-coder:6.7b,qwen2.5-coder:7b,llm4cc-integrated,llm4cc-clone_type,method,method,-0.0019991775535381784
2314,deepseek-coder:6.7b,qwen2.5-coder:7b,llm4cc-integrated,llm4cc-integrated,method,method,0.11015978141801286
2315,deepseek-coder:6.7b,qwen2.5-coder:7b,llm4cc-integrated,llm4cc-clone_type-patch,method,method,0.021156901224184566
2316,deepseek-coder:6.7b,qwen2.5-coder:7b,llm4cc-integrated,llm4cc-integrated-patch,method,method,0.019762258327297832
2317,deepseek-coder:6.7b,yi-coder:9b,llm4cc-integrated,llm4cc-clone_type,method,method,0.12484291249951374
2318,deepseek-coder:6.7b,yi-coder:9b,llm4cc-integrated,llm4cc-integrated,method,method,0.25571794540997805
2319,deepseek-coder:6.7b,yi-coder:9b,llm4cc-integrated,llm4cc-clone_type-patch,method,method,0.0903045864036387
2320,deepseek-coder:6.7b,yi-coder:9b,llm4cc-integrated,llm4cc-integrated-patch,method,method,0.22644113213867023
2321,deepseek-coder:6.7b,hermes3:8b,llm4cc-integrated,llm4cc-clone_type,method,method,0.0048845493785427685
2322,deepseek-coder:6.7b,hermes3:8b,llm4cc-integrated,llm4cc-integrated,method,method,0.0873829502727077
2323,deepseek-coder:6.7b,hermes3:8b,llm4cc-integrated,llm4cc-clone_type-patch,method,method,0.010678769096853502
2324,deepseek-coder:6.7b,hermes3:8b,llm4cc-integrated,llm4cc-integrated-patch,method,method,0.026571710310068997
2325,deepseek-coder:6.7b,deepseek-coder:6.7b,llm4cc-clone_type-patch,llm4cc-integrated-patch,method,method,0.18694937093411845
2326,deepseek-coder:6.7b,codegemma:7b-instruct,llm4cc-clone_type-patch,llm4cc-clone_type,method,method,0.0301831262262916
2327,deepseek-coder:6.7b,codegemma:7b-instruct,llm4cc-clone_type-patch,llm4cc-integrated,method,method,-0.017607012235539843
2328,deepseek-coder:6.7b,codegemma:7b-instruct,llm4cc-clone_type-patch,llm4cc-clone_type-patch,method,method,0.02817764337547135
2329,deepseek-coder:6.7b,codegemma:7b-instruct,llm4cc-clone_type-patch,llm4cc-integrated-patch,method,method,0.0259951044003649
2330,deepseek-coder:6.7b,qwen2.5:7b,llm4cc-clone_type-patch,llm4cc-clone_type,method,method,-0.07359013099420264
2331,deepseek-coder:6.7b,qwen2.5:7b,llm4cc-clone_type-patch,llm4cc-integrated,method,method,0.03400270299362529
2332,deepseek-coder:6.7b,qwen2.5:7b,llm4cc-clone_type-patch,llm4cc-clone_type-patch,method,method,-0.06660661055806627
2333,deepseek-coder:6.7b,qwen2.5:7b,llm4cc-clone_type-patch,llm4cc-integrated-patch,method,method,0.03911622726722608
2334,deepseek-coder:6.7b,qwen2.5-coder:7b,llm4cc-clone_type-patch,llm4cc-clone_type,method,method,0.010964927489995668
2335,deepseek-coder:6.7b,qwen2.5-coder:7b,llm4cc-clone_type-patch,llm4cc-integrated,method,method,0.06973742003246441
2336,deepseek-coder:6.7b,qwen2.5-coder:7b,llm4cc-clone_type-patch,llm4cc-clone_type-patch,method,method,0.037669666005795244
2337,deepseek-coder:6.7b,qwen2.5-coder:7b,llm4cc-clone_type-patch,llm4cc-integrated-patch,method,method,0.004476242891212512
2338,deepseek-coder:6.7b,yi-coder:9b,llm4cc-clone_type-patch,llm4cc-clone_type,method,method,0.07381610864144206
2339,deepseek-coder:6.7b,yi-coder:9b,llm4cc-clone_type-patch,llm4cc-integrated,method,method,0.09704267650056175
2340,deepseek-coder:6.7b,yi-coder:9b,llm4cc-clone_type-patch,llm4cc-clone_type-patch,method,method,0.057164536275024935
2341,deepseek-coder:6.7b,yi-coder:9b,llm4cc-clone_type-patch,llm4cc-integrated-patch,method,method,0.061010071026416535
2342,deepseek-coder:6.7b,hermes3:8b,llm4cc-clone_type-patch,llm4cc-clone_type,method,method,-0.0007236466608919745
2343,deepseek-coder:6.7b,hermes3:8b,llm4cc-clone_type-patch,llm4cc-integrated,method,method,0.019451046630874047
2344,deepseek-coder:6.7b,hermes3:8b,llm4cc-clone_type-patch,llm4cc-clone_type-patch,method,method,-0.0016744675435320655
2345,deepseek-coder:6.7b,hermes3:8b,llm4cc-clone_type-patch,llm4cc-integrated-patch,method,method,0.008891439883968011
2346,deepseek-coder:6.7b,codegemma:7b-instruct,llm4cc-integrated-patch,llm4cc-clone_type,method,method,-0.021412098523152734
2347,deepseek-coder:6.7b,codegemma:7b-instruct,llm4cc-integrated-patch,llm4cc-integrated,method,method,-0.028664837237512675
2348,deepseek-coder:6.7b,codegemma:7b-instruct,llm4cc-integrated-patch,llm4cc-clone_type-patch,method,method,-0.011797961104438759
2349,deepseek-coder:6.7b,codegemma:7b-instruct,llm4cc-integrated-patch,llm4cc-integrated-patch,method,method,0.20847761038010737
2350,deepseek-coder:6.7b,qwen2.5:7b,llm4cc-integrated-patch,llm4cc-clone_type,method,method,-0.26133878149990286
2351,deepseek-coder:6.7b,qwen2.5:7b,llm4cc-integrated-patch,llm4cc-integrated,method,method,0.058492991952253326
2352,deepseek-coder:6.7b,qwen2.5:7b,llm4cc-integrated-patch,llm4cc-clone_type-patch,method,method,-0.2229511077637607
2353,deepseek-coder:6.7b,qwen2.5:7b,llm4cc-integrated-patch,llm4cc-integrated-patch,method,method,0.11425268328054561
2354,deepseek-coder:6.7b,qwen2.5-coder:7b,llm4cc-integrated-patch,llm4cc-clone_type,method,method,-0.0015908034081653089
2355,deepseek-coder:6.7b,qwen2.5-coder:7b,llm4cc-integrated-patch,llm4cc-integrated,method,method,0.09639950902395777
2356,deepseek-coder:6.7b,qwen2.5-coder:7b,llm4cc-integrated-patch,llm4cc-clone_type-patch,method,method,0.011905783937665393
2357,deepseek-coder:6.7b,qwen2.5-coder:7b,llm4cc-integrated-patch,llm4cc-integrated-patch,method,method,-0.01024716019200378
2358,deepseek-coder:6.7b,yi-coder:9b,llm4cc-integrated-patch,llm4cc-clone_type,method,method,0.0974467663042059
2359,deepseek-coder:6.7b,yi-coder:9b,llm4cc-integrated-patch,llm4cc-integrated,method,method,0.22381823648155308
2360,deepseek-coder:6.7b,yi-coder:9b,llm4cc-integrated-patch,llm4cc-clone_type-patch,method,method,0.06061615433768841
2361,deepseek-coder:6.7b,yi-coder:9b,llm4cc-integrated-patch,llm4cc-integrated-patch,method,method,0.19703397481423646
2362,deepseek-coder:6.7b,hermes3:8b,llm4cc-integrated-patch,llm4cc-clone_type,method,method,0.0033206335485872485
2363,deepseek-coder:6.7b,hermes3:8b,llm4cc-integrated-patch,llm4cc-integrated,method,method,0.09471422979245292
2364,deepseek-coder:6.7b,hermes3:8b,llm4cc-integrated-patch,llm4cc-clone_type-patch,method,method,0.0037826844819607297
2365,deepseek-coder:6.7b,hermes3:8b,llm4cc-integrated-patch,llm4cc-integrated-patch,method,method,0.04027107376530337
2366,codegemma:7b-instruct,codegemma:7b-instruct,llm4cc-clone_type,llm4cc-integrated,method,method,0.012044595854217688
2367,codegemma:7b-instruct,codegemma:7b-instruct,llm4cc-clone_type,llm4cc-clone_type-patch,method,method,0.19533515703737236
2368,codegemma:7b-instruct,codegemma:7b-instruct,llm4cc-clone_type,llm4cc-integrated-patch,method,method,0.13077236154159222
2369,codegemma:7b-instruct,qwen2.5:7b,llm4cc-clone_type,llm4cc-clone_type,method,method,0.018045552726752012
2370,codegemma:7b-instruct,qwen2.5:7b,llm4cc-clone_type,llm4cc-integrated,method,method,-0.004158384106481616
2371,codegemma:7b-instruct,qwen2.5:7b,llm4cc-clone_type,llm4cc-clone_type-patch,method,method,0.0242344635946653
2372,codegemma:7b-instruct,qwen2.5:7b,llm4cc-clone_type,llm4cc-integrated-patch,method,method,0.012065221708792984
2373,codegemma:7b-instruct,qwen2.5-coder:7b,llm4cc-clone_type,llm4cc-clone_type,method,method,0.13620807665982193
2374,codegemma:7b-instruct,qwen2.5-coder:7b,llm4cc-clone_type,llm4cc-integrated,method,method,0.00079819761828126
2375,codegemma:7b-instruct,qwen2.5-coder:7b,llm4cc-clone_type,llm4cc-clone_type-patch,method,method,0.20984885989691027
2376,codegemma:7b-instruct,qwen2.5-coder:7b,llm4cc-clone_type,llm4cc-integrated-patch,method,method,0.013122958630673143
2377,codegemma:7b-instruct,yi-coder:9b,llm4cc-clone_type,llm4cc-clone_type,method,method,0.02515192512915332
2378,codegemma:7b-instruct,yi-coder:9b,llm4cc-clone_type,llm4cc-integrated,method,method,0.012388653925924697
2379,codegemma:7b-instruct,yi-coder:9b,llm4cc-clone_type,llm4cc-clone_type-patch,method,method,0.007659615026362365
2380,codegemma:7b-instruct,yi-coder:9b,llm4cc-clone_type,llm4cc-integrated-patch,method,method,0.0149432365159623
2381,codegemma:7b-instruct,hermes3:8b,llm4cc-clone_type,llm4cc-clone_type,method,method,-0.004603247897711382
2382,codegemma:7b-instruct,hermes3:8b,llm4cc-clone_type,llm4cc-integrated,method,method,0.019749842937917705
2383,codegemma:7b-instruct,hermes3:8b,llm4cc-clone_type,llm4cc-clone_type-patch,method,method,-0.003312355518300336
2384,codegemma:7b-instruct,hermes3:8b,llm4cc-clone_type,llm4cc-integrated-patch,method,method,-0.009936167878102253
2385,codegemma:7b-instruct,codegemma:7b-instruct,llm4cc-integrated,llm4cc-clone_type-patch,method,method,0.008259729448491182
2386,codegemma:7b-instruct,codegemma:7b-instruct,llm4cc-integrated,llm4cc-integrated-patch,method,method,0.025993825634393897
2387,codegemma:7b-instruct,qwen2.5:7b,llm4cc-integrated,llm4cc-clone_type,method,method,0.04187004837711983
2388,codegemma:7b-instruct,qwen2.5:7b,llm4cc-integrated,llm4cc-integrated,method,method,-0.0014605927476394331
2389,codegemma:7b-instruct,qwen2.5:7b,llm4cc-integrated,llm4cc-clone_type-patch,method,method,0.08291835455449992
2390,codegemma:7b-instruct,qwen2.5:7b,llm4cc-integrated,llm4cc-integrated-patch,method,method,-0.02008797374893767
2391,codegemma:7b-instruct,qwen2.5-coder:7b,llm4cc-integrated,llm4cc-clone_type,method,method,0.009396936464150185
2392,codegemma:7b-instruct,qwen2.5-coder:7b,llm4cc-integrated,llm4cc-integrated,method,method,-0.03485098846298462
2393,codegemma:7b-instruct,qwen2.5-coder:7b,llm4cc-integrated,llm4cc-clone_type-patch,method,method,-0.0038776804014784005
2394,codegemma:7b-instruct,qwen2.5-coder:7b,llm4cc-integrated,llm4cc-integrated-patch,method,method,-0.0012021490689109182
2395,codegemma:7b-instruct,yi-coder:9b,llm4cc-integrated,llm4cc-clone_type,method,method,-0.033486543285201176
2396,codegemma:7b-instruct,yi-coder:9b,llm4cc-integrated,llm4cc-integrated,method,method,-0.07309387225812136
2397,codegemma:7b-instruct,yi-coder:9b,llm4cc-integrated,llm4cc-clone_type-patch,method,method,-0.042245829031935855
2398,codegemma:7b-instruct,yi-coder:9b,llm4cc-integrated,llm4cc-integrated-patch,method,method,-0.017740551405440508
2399,codegemma:7b-instruct,hermes3:8b,llm4cc-integrated,llm4cc-clone_type,method,method,-0.0002973174128027001
2400,codegemma:7b-instruct,hermes3:8b,llm4cc-integrated,llm4cc-integrated,method,method,-0.023326632619797838
2401,codegemma:7b-instruct,hermes3:8b,llm4cc-integrated,llm4cc-clone_type-patch,method,method,-0.009012877515093276
2402,codegemma:7b-instruct,hermes3:8b,llm4cc-integrated,llm4cc-integrated-patch,method,method,-0.000610360966290191
2403,codegemma:7b-instruct,codegemma:7b-instruct,llm4cc-clone_type-patch,llm4cc-integrated-patch,method,method,0.07194426104553475
2404,codegemma:7b-instruct,qwen2.5:7b,llm4cc-clone_type-patch,llm4cc-clone_type,method,method,0.02370197073963931
2405,codegemma:7b-instruct,qwen2.5:7b,llm4cc-clone_type-patch,llm4cc-integrated,method,method,0.008301143593983262
2406,codegemma:7b-instruct,qwen2.5:7b,llm4cc-clone_type-patch,llm4cc-clone_type-patch,method,method,0.0293592382609561
2407,codegemma:7b-instruct,qwen2.5:7b,llm4cc-clone_type-patch,llm4cc-integrated-patch,method,method,0.019599558169865028
2408,codegemma:7b-instruct,qwen2.5-coder:7b,llm4cc-clone_type-patch,llm4cc-clone_type,method,method,0.08381429452974687
2409,codegemma:7b-instruct,qwen2.5-coder:7b,llm4cc-clone_type-patch,llm4cc-integrated,method,method,0.02261123898859496
2410,codegemma:7b-instruct,qwen2.5-coder:7b,llm4cc-clone_type-patch,llm4cc-clone_type-patch,method,method,0.21203291601293583
2411,codegemma:7b-instruct,qwen2.5-coder:7b,llm4cc-clone_type-patch,llm4cc-integrated-patch,method,method,0.014450185176718033
2412,codegemma:7b-instruct,yi-coder:9b,llm4cc-clone_type-patch,llm4cc-clone_type,method,method,0.03699902083262996
2413,codegemma:7b-instruct,yi-coder:9b,llm4cc-clone_type-patch,llm4cc-integrated,method,method,0.010599001914755823
2414,codegemma:7b-instruct,yi-coder:9b,llm4cc-clone_type-patch,llm4cc-clone_type-patch,method,method,0.01095667322306082
2415,codegemma:7b-instruct,yi-coder:9b,llm4cc-clone_type-patch,llm4cc-integrated-patch,method,method,0.0019051114664989655
2416,codegemma:7b-instruct,hermes3:8b,llm4cc-clone_type-patch,llm4cc-clone_type,method,method,-0.004646584280052268
2417,codegemma:7b-instruct,hermes3:8b,llm4cc-clone_type-patch,llm4cc-integrated,method,method,0.03628732503550647
2418,codegemma:7b-instruct,hermes3:8b,llm4cc-clone_type-patch,llm4cc-clone_type-patch,method,method,-0.0044537632664594096
2419,codegemma:7b-instruct,hermes3:8b,llm4cc-clone_type-patch,llm4cc-integrated-patch,method,method,-0.004553201618662239
2420,codegemma:7b-instruct,qwen2.5:7b,llm4cc-integrated-patch,llm4cc-clone_type,method,method,-0.08369429859722621
2421,codegemma:7b-instruct,qwen2.5:7b,llm4cc-integrated-patch,llm4cc-integrated,method,method,0.05450521464150082
2422,codegemma:7b-instruct,qwen2.5:7b,llm4cc-integrated-patch,llm4cc-clone_type-patch,method,method,-0.06274300938959265
2423,codegemma:7b-instruct,qwen2.5:7b,llm4cc-integrated-patch,llm4cc-integrated-patch,method,method,0.057412220198309494
2424,codegemma:7b-instruct,qwen2.5-coder:7b,llm4cc-integrated-patch,llm4cc-clone_type,method,method,0.03489702143235318
2425,codegemma:7b-instruct,qwen2.5-coder:7b,llm4cc-integrated-patch,llm4cc-integrated,method,method,0.042474089136405824
2426,codegemma:7b-instruct,qwen2.5-coder:7b,llm4cc-integrated-patch,llm4cc-clone_type-patch,method,method,0.07378761361711728
2427,codegemma:7b-instruct,qwen2.5-coder:7b,llm4cc-integrated-patch,llm4cc-integrated-patch,method,method,0.03256903027762437
2428,codegemma:7b-instruct,yi-coder:9b,llm4cc-integrated-patch,llm4cc-clone_type,method,method,0.0006054627981203486
2429,codegemma:7b-instruct,yi-coder:9b,llm4cc-integrated-patch,llm4cc-integrated,method,method,0.07784130101832043
2430,codegemma:7b-instruct,yi-coder:9b,llm4cc-integrated-patch,llm4cc-clone_type-patch,method,method,0.042266325648724234
2431,codegemma:7b-instruct,yi-coder:9b,llm4cc-integrated-patch,llm4cc-integrated-patch,method,method,0.0955572092511836
2432,codegemma:7b-instruct,hermes3:8b,llm4cc-integrated-patch,llm4cc-clone_type,method,method,-0.003496773582125634
2433,codegemma:7b-instruct,hermes3:8b,llm4cc-integrated-patch,llm4cc-integrated,method,method,0.04772457005859898
2434,codegemma:7b-instruct,hermes3:8b,llm4cc-integrated-patch,llm4cc-clone_type-patch,method,method,-0.0012001535673340502
2435,codegemma:7b-instruct,hermes3:8b,llm4cc-integrated-patch,llm4cc-integrated-patch,method,method,0.005386941752303143
2436,qwen2.5:7b,qwen2.5:7b,llm4cc-clone_type,llm4cc-integrated,method,method,-0.061337368709663886
2437,qwen2.5:7b,qwen2.5:7b,llm4cc-clone_type,llm4cc-clone_type-patch,method,method,0.3730901514080013
2438,qwen2.5:7b,qwen2.5:7b,llm4cc-clone_type,llm4cc-integrated-patch,method,method,-0.08186883840548642
2439,qwen2.5:7b,qwen2.5-coder:7b,llm4cc-clone_type,llm4cc-clone_type,method,method,0.004965609797013881
2440,qwen2.5:7b,qwen2.5-coder:7b,llm4cc-clone_type,llm4cc-integrated,method,method,-0.03948372665926114
2441,qwen2.5:7b,qwen2.5-coder:7b,llm4cc-clone_type,llm4cc-clone_type-patch,method,method,0.006224092529829028
2442,qwen2.5:7b,qwen2.5-coder:7b,llm4cc-clone_type,llm4cc-integrated-patch,method,method,0.0006716153081366416
2443,qwen2.5:7b,yi-coder:9b,llm4cc-clone_type,llm4cc-clone_type,method,method,-0.051027347483961316
2444,qwen2.5:7b,yi-coder:9b,llm4cc-clone_type,llm4cc-integrated,method,method,-0.16486291367368966
2445,qwen2.5:7b,yi-coder:9b,llm4cc-clone_type,llm4cc-clone_type-patch,method,method,-0.08210075026795294
2446,qwen2.5:7b,yi-coder:9b,llm4cc-clone_type,llm4cc-integrated-patch,method,method,-0.16621538660376745
2447,qwen2.5:7b,hermes3:8b,llm4cc-clone_type,llm4cc-clone_type,method,method,-0.008568476212222675
2448,qwen2.5:7b,hermes3:8b,llm4cc-clone_type,llm4cc-integrated,method,method,-0.02939923390195398
2449,qwen2.5:7b,hermes3:8b,llm4cc-clone_type,llm4cc-clone_type-patch,method,method,-0.006174891815530437
2450,qwen2.5:7b,hermes3:8b,llm4cc-clone_type,llm4cc-integrated-patch,method,method,-0.008950700876083406
2451,qwen2.5:7b,qwen2.5:7b,llm4cc-integrated,llm4cc-clone_type-patch,method,method,-0.05272900683576376
2452,qwen2.5:7b,qwen2.5:7b,llm4cc-integrated,llm4cc-integrated-patch,method,method,0.04480690494633177
2453,qwen2.5:7b,qwen2.5-coder:7b,llm4cc-integrated,llm4cc-clone_type,method,method,0.0005117015802380553
2454,qwen2.5:7b,qwen2.5-coder:7b,llm4cc-integrated,llm4cc-integrated,method,method,0.034581364866521636
2455,qwen2.5:7b,qwen2.5-coder:7b,llm4cc-integrated,llm4cc-clone_type-patch,method,method,-0.002718035926089879
2456,qwen2.5:7b,qwen2.5-coder:7b,llm4cc-integrated,llm4cc-integrated-patch,method,method,0.03401831006247702
2457,qwen2.5:7b,yi-coder:9b,llm4cc-integrated,llm4cc-clone_type,method,method,-0.007615860425698617
2458,qwen2.5:7b,yi-coder:9b,llm4cc-integrated,llm4cc-integrated,method,method,0.04740188584650551
2459,qwen2.5:7b,yi-coder:9b,llm4cc-integrated,llm4cc-clone_type-patch,method,method,0.03040217727582517
2460,qwen2.5:7b,yi-coder:9b,llm4cc-integrated,llm4cc-integrated-patch,method,method,0.03336486156241225
2461,qwen2.5:7b,hermes3:8b,llm4cc-integrated,llm4cc-clone_type,method,method,0.004316696812311727
2462,qwen2.5:7b,hermes3:8b,llm4cc-integrated,llm4cc-integrated,method,method,0.023404853321909336
2463,qwen2.5:7b,hermes3:8b,llm4cc-integrated,llm4cc-clone_type-patch,method,method,-0.01570264493721596
2464,qwen2.5:7b,hermes3:8b,llm4cc-integrated,llm4cc-integrated-patch,method,method,0.0024286032957164805
2465,qwen2.5:7b,qwen2.5:7b,llm4cc-clone_type-patch,llm4cc-integrated-patch,method,method,-0.0735878983847853
2466,qwen2.5:7b,qwen2.5-coder:7b,llm4cc-clone_type-patch,llm4cc-clone_type,method,method,0.009126330728166931
2467,qwen2.5:7b,qwen2.5-coder:7b,llm4cc-clone_type-patch,llm4cc-integrated,method,method,-0.015440993191269792
2468,qwen2.5:7b,qwen2.5-coder:7b,llm4cc-clone_type-patch,llm4cc-clone_type-patch,method,method,0.0037920022012046806
2469,qwen2.5:7b,qwen2.5-coder:7b,llm4cc-clone_type-patch,llm4cc-integrated-patch,method,method,-0.005574382828358093
2470,qwen2.5:7b,yi-coder:9b,llm4cc-clone_type-patch,llm4cc-clone_type,method,method,-0.0636934842846586
2471,qwen2.5:7b,yi-coder:9b,llm4cc-clone_type-patch,llm4cc-integrated,method,method,-0.15403264004987438
2472,qwen2.5:7b,yi-coder:9b,llm4cc-clone_type-patch,llm4cc-clone_type-patch,method,method,-0.09099089337284405
2473,qwen2.5:7b,yi-coder:9b,llm4cc-clone_type-patch,llm4cc-integrated-patch,method,method,-0.12328223386277104
2474,qwen2.5:7b,hermes3:8b,llm4cc-clone_type-patch,llm4cc-clone_type,method,method,-0.007954014488125383
2475,qwen2.5:7b,hermes3:8b,llm4cc-clone_type-patch,llm4cc-integrated,method,method,0.014171541663028808
2476,qwen2.5:7b,hermes3:8b,llm4cc-clone_type-patch,llm4cc-clone_type-patch,method,method,-0.02363876673998977
2477,qwen2.5:7b,hermes3:8b,llm4cc-clone_type-patch,llm4cc-integrated-patch,method,method,-0.016882920845230354
2478,qwen2.5:7b,qwen2.5-coder:7b,llm4cc-integrated-patch,llm4cc-clone_type,method,method,0.008629128872154723
2479,qwen2.5:7b,qwen2.5-coder:7b,llm4cc-integrated-patch,llm4cc-integrated,method,method,0.06794682422451992
2480,qwen2.5:7b,qwen2.5-coder:7b,llm4cc-integrated-patch,llm4cc-clone_type-patch,method,method,0.012201002431371677
2481,qwen2.5:7b,qwen2.5-coder:7b,llm4cc-integrated-patch,llm4cc-integrated-patch,method,method,0.022922253140566506
2482,qwen2.5:7b,yi-coder:9b,llm4cc-integrated-patch,llm4cc-clone_type,method,method,0.06083251859537919
2483,qwen2.5:7b,yi-coder:9b,llm4cc-integrated-patch,llm4cc-integrated,method,method,0.04493805511300952
2484,qwen2.5:7b,yi-coder:9b,llm4cc-integrated-patch,llm4cc-clone_type-patch,method,method,0.07007925949661431
2485,qwen2.5:7b,yi-coder:9b,llm4cc-integrated-patch,llm4cc-integrated-patch,method,method,0.06237004180914152
2486,qwen2.5:7b,hermes3:8b,llm4cc-integrated-patch,llm4cc-clone_type,method,method,-0.013515752791992242
2487,qwen2.5:7b,hermes3:8b,llm4cc-integrated-patch,llm4cc-integrated,method,method,0.022418743254735585
2488,qwen2.5:7b,hermes3:8b,llm4cc-integrated-patch,llm4cc-clone_type-patch,method,method,0.002585703695723085
2489,qwen2.5:7b,hermes3:8b,llm4cc-integrated-patch,llm4cc-integrated-patch,method,method,0.005199640281113749
2490,qwen2.5-coder:7b,qwen2.5-coder:7b,llm4cc-clone_type,llm4cc-integrated,method,method,0.019963850716173348
2491,qwen2.5-coder:7b,qwen2.5-coder:7b,llm4cc-clone_type,llm4cc-clone_type-patch,method,method,0.24647719130642476
2492,qwen2.5-coder:7b,qwen2.5-coder:7b,llm4cc-clone_type,llm4cc-integrated-patch,method,method,0.006429288263181565
2493,qwen2.5-coder:7b,yi-coder:9b,llm4cc-clone_type,llm4cc-clone_type,method,method,0.005736959339927461
2494,qwen2.5-coder:7b,yi-coder:9b,llm4cc-clone_type,llm4cc-integrated,method,method,0.005604479940243268
2495,qwen2.5-coder:7b,yi-coder:9b,llm4cc-clone_type,llm4cc-clone_type-patch,method,method,0.0019805176090839094
2496,qwen2.5-coder:7b,yi-coder:9b,llm4cc-clone_type,llm4cc-integrated-patch,method,method,0.0025421535275845786
2497,qwen2.5-coder:7b,hermes3:8b,llm4cc-clone_type,llm4cc-clone_type,method,method,-0.006206128759616902
2498,qwen2.5-coder:7b,hermes3:8b,llm4cc-clone_type,llm4cc-integrated,method,method,0.007466825424180201
2499,qwen2.5-coder:7b,hermes3:8b,llm4cc-clone_type,llm4cc-clone_type-patch,method,method,-0.008153462386872201
2500,qwen2.5-coder:7b,hermes3:8b,llm4cc-clone_type,llm4cc-integrated-patch,method,method,-0.0011256337872136424
2501,qwen2.5-coder:7b,qwen2.5-coder:7b,llm4cc-integrated,llm4cc-clone_type-patch,method,method,0.031809127290346795
2502,qwen2.5-coder:7b,qwen2.5-coder:7b,llm4cc-integrated,llm4cc-integrated-patch,method,method,0.022065551118615856
2503,qwen2.5-coder:7b,yi-coder:9b,llm4cc-integrated,llm4cc-clone_type,method,method,0.069846945176264
2504,qwen2.5-coder:7b,yi-coder:9b,llm4cc-integrated,llm4cc-integrated,method,method,0.07147953268527596
2505,qwen2.5-coder:7b,yi-coder:9b,llm4cc-integrated,llm4cc-clone_type-patch,method,method,0.012788245697571643
2506,qwen2.5-coder:7b,yi-coder:9b,llm4cc-integrated,llm4cc-integrated-patch,method,method,0.030097095578196065
2507,qwen2.5-coder:7b,hermes3:8b,llm4cc-integrated,llm4cc-clone_type,method,method,-0.009042104905704562
2508,qwen2.5-coder:7b,hermes3:8b,llm4cc-integrated,llm4cc-integrated,method,method,-0.0049422756390622435
2509,qwen2.5-coder:7b,hermes3:8b,llm4cc-integrated,llm4cc-clone_type-patch,method,method,-0.009202080549781222
2510,qwen2.5-coder:7b,hermes3:8b,llm4cc-integrated,llm4cc-integrated-patch,method,method,0.02210186792545832
2511,qwen2.5-coder:7b,qwen2.5-coder:7b,llm4cc-clone_type-patch,llm4cc-integrated-patch,method,method,0.014594900721936699
2512,qwen2.5-coder:7b,yi-coder:9b,llm4cc-clone_type-patch,llm4cc-clone_type,method,method,0.01864628315216499
2513,qwen2.5-coder:7b,yi-coder:9b,llm4cc-clone_type-patch,llm4cc-integrated,method,method,0.025462821841533145
2514,qwen2.5-coder:7b,yi-coder:9b,llm4cc-clone_type-patch,llm4cc-clone_type-patch,method,method,0.006042868524804845
2515,qwen2.5-coder:7b,yi-coder:9b,llm4cc-clone_type-patch,llm4cc-integrated-patch,method,method,0.008815797909854428
2516,qwen2.5-coder:7b,hermes3:8b,llm4cc-clone_type-patch,llm4cc-clone_type,method,method,-0.007103156391820908
2517,qwen2.5-coder:7b,hermes3:8b,llm4cc-clone_type-patch,llm4cc-integrated,method,method,0.017657103299746124
2518,qwen2.5-coder:7b,hermes3:8b,llm4cc-clone_type-patch,llm4cc-clone_type-patch,method,method,-0.006171059980901283
2519,qwen2.5-coder:7b,hermes3:8b,llm4cc-clone_type-patch,llm4cc-integrated-patch,method,method,0.016127041834717915
2520,qwen2.5-coder:7b,yi-coder:9b,llm4cc-integrated-patch,llm4cc-clone_type,method,method,0.009976693734174313
2521,qwen2.5-coder:7b,yi-coder:9b,llm4cc-integrated-patch,llm4cc-integrated,method,method,0.031873340137580364
2522,qwen2.5-coder:7b,yi-coder:9b,llm4cc-integrated-patch,llm4cc-clone_type-patch,method,method,-0.027141557190471177
2523,qwen2.5-coder:7b,yi-coder:9b,llm4cc-integrated-patch,llm4cc-integrated-patch,method,method,0.008733548749311537
2524,qwen2.5-coder:7b,hermes3:8b,llm4cc-integrated-patch,llm4cc-clone_type,method,method,0.006705343270657638
2525,qwen2.5-coder:7b,hermes3:8b,llm4cc-integrated-patch,llm4cc-integrated,method,method,-0.03780322261282132
2526,qwen2.5-coder:7b,hermes3:8b,llm4cc-integrated-patch,llm4cc-clone_type-patch,method,method,0.003355993846970051
2527,qwen2.5-coder:7b,hermes3:8b,llm4cc-integrated-patch,llm4cc-integrated-patch,method,method,-0.023073085557495432
2528,yi-coder:9b,yi-coder:9b,llm4cc-clone_type,llm4cc-integrated,method,method,0.11180987247101737
2529,yi-coder:9b,yi-coder:9b,llm4cc-clone_type,llm4cc-clone_type-patch,method,method,0.1572708965891425
2530,yi-coder:9b,yi-coder:9b,llm4cc-clone_type,llm4cc-integrated-patch,method,method,0.06927521412380044
2531,yi-coder:9b,hermes3:8b,llm4cc-clone_type,llm4cc-clone_type,method,method,-0.006593773806706116
2532,yi-coder:9b,hermes3:8b,llm4cc-clone_type,llm4cc-integrated,method,method,0.03695026636077292
2533,yi-coder:9b,hermes3:8b,llm4cc-clone_type,llm4cc-clone_type-patch,method,method,-0.0009789319151183307
2534,yi-coder:9b,hermes3:8b,llm4cc-clone_type,llm4cc-integrated-patch,method,method,0.037759834618662946
2535,yi-coder:9b,yi-coder:9b,llm4cc-integrated,llm4cc-clone_type-patch,method,method,0.10911978120694321
2536,yi-coder:9b,yi-coder:9b,llm4cc-integrated,llm4cc-integrated-patch,method,method,0.10392105243364003
2537,yi-coder:9b,hermes3:8b,llm4cc-integrated,llm4cc-clone_type,method,method,0.0011274645823409202
2538,yi-coder:9b,hermes3:8b,llm4cc-integrated,llm4cc-integrated,method,method,0.031374072564979594
2539,yi-coder:9b,hermes3:8b,llm4cc-integrated,llm4cc-clone_type-patch,method,method,-0.0051178697695353215
2540,yi-coder:9b,hermes3:8b,llm4cc-integrated,llm4cc-integrated-patch,method,method,0.004136280241206158
2541,yi-coder:9b,yi-coder:9b,llm4cc-clone_type-patch,llm4cc-integrated-patch,method,method,0.05671603794390112
2542,yi-coder:9b,hermes3:8b,llm4cc-clone_type-patch,llm4cc-clone_type,method,method,-0.02253907867159466
2543,yi-coder:9b,hermes3:8b,llm4cc-clone_type-patch,llm4cc-integrated,method,method,0.03905913819387674
2544,yi-coder:9b,hermes3:8b,llm4cc-clone_type-patch,llm4cc-clone_type-patch,method,method,-0.007743748105460524
2545,yi-coder:9b,hermes3:8b,llm4cc-clone_type-patch,llm4cc-integrated-patch,method,method,0.029822609886142937
2546,yi-coder:9b,hermes3:8b,llm4cc-integrated-patch,llm4cc-clone_type,method,method,-0.0002855809390589492
2547,yi-coder:9b,hermes3:8b,llm4cc-integrated-patch,llm4cc-integrated,method,method,0.04601453493471708
2548,yi-coder:9b,hermes3:8b,llm4cc-integrated-patch,llm4cc-clone_type-patch,method,method,0.004043842929468466
2549,yi-coder:9b,hermes3:8b,llm4cc-integrated-patch,llm4cc-integrated-patch,method,method,0.0014404496858226867
2550,hermes3:8b,hermes3:8b,llm4cc-clone_type,llm4cc-integrated,method,method,-0.00826629329916062
2551,hermes3:8b,hermes3:8b,llm4cc-clone_type,llm4cc-clone_type-patch,method,method,0.13905972533613065
2552,hermes3:8b,hermes3:8b,llm4cc-clone_type,llm4cc-integrated-patch,method,method,0.0028988621827665817
2553,hermes3:8b,hermes3:8b,llm4cc-integrated,llm4cc-clone_type-patch,method,method,-0.005004969193860065
2554,hermes3:8b,hermes3:8b,llm4cc-integrated,llm4cc-integrated-patch,method,method,0.04022228776144787
2555,hermes3:8b,hermes3:8b,llm4cc-clone_type-patch,llm4cc-integrated-patch,method,method,-0.000372252500658643
