2026-04-07 16:52:40 - root - INFO - Fetching bugs ...
2026-04-07 16:52:40 - root - INFO - Using the bugs data in TMP ...
2026-04-07 16:52:40 - root - INFO - Successfully fetched bugs. No of bugs: 837
2026-04-07 16:52:40 - root - INFO - Using the patches data in TMP for developer ...
2026-04-07 16:52:40 - root - INFO - Successfully fetched patches for developer. No of patches: 837
2026-04-07 16:52:40 - root - INFO - Deduplicating developer patches ...
2026-04-07 16:52:40 - root - INFO - Finished preprocessing patches for developer. Final count: 706
2026-04-07 16:52:40 - root - INFO - Cleaned patches: 836, Method patches: 830, Normalized patches: 837, Single method patches: 706, Deduplicated patches: 706
2026-04-07 16:52:40 - root - INFO - Using the patches data in TMP for tool ...
2026-04-07 16:52:40 - root - INFO - Successfully fetched patches for tool. No of patches: 39287
2026-04-07 16:52:42 - root - INFO - Deduplicating developer patches ...
2026-04-07 16:52:42 - root - INFO - Finished preprocessing patches for tool. Final count: 9310
2026-04-07 16:52:42 - root - INFO - Cleaned patches: 38997, Method patches: 38936, Normalized patches: 39287, Single method patches: 21883, Deduplicated patches: 9310
2026-04-07 16:52:42 - root - INFO - Listing Patch Processors.
2026-04-07 16:52:42 - root - INFO - 
 PatchProcessors: 
 [{'uid': 'defaultpatch', 'function': <function get_raw_patch at 0x7f71b09dba30>}, {'uid': 'method', 'function': <function get_single_hunk_method at 0x7f71b09dbb50>}].
2026-04-07 16:52:42 - root - INFO - Fetching tool settings.
2026-04-07 16:52:42 - root - INFO - Successfully fetched tool settings. 
 OllamaPrompts: 
 [{'uid': 'CC_SCC_patches', 'content': "Please analyze the following two patches and determine if they are code clones. Respond with 'yes' if they are clones or 'no' if not. If 'yes', please report the clone type: Type-1, Type-2, Type-3, or Type-4.", 'type': 'type', 'input': 'patches'}, {'uid': 'CC_SCC_code', 'content': "Please analyze the following two code snippets and determine if they are code clones. Respond with 'yes' if they are clones or 'no' if not. If 'yes', please report the clone type: Type-1, Type-2, Type-3, or Type-4.", 'type': 'type', 'input': 'code'}, {'uid': 'CC_I_patches', 'content': "Please analyze the following two patches to assess their similarity and determine if they are code clones. Provide a similarity score between 0 and 10, where a higher score indicates more similarity. Additionally, identify the type of code clone they represent and present a detailed reasoning process for detecting code clones. Respond with 'yes' if they are clones or 'no' if not. If 'yes', please report the clone type: Type-1, Type-2, Type-3, or Type-4.", 'type': 'type', 'input': 'patches'}, {'uid': 'CC_I_code', 'content': "Please analyze the following two code snippets to assess their similarity and determine if they are code clones. Provide a similarity score between 0 and 10, where a higher score indicates more similarity. Additionally, identify the type of code clone they represent and present a detailed reasoning process for detecting code clones. Respond with 'yes' if they are clones or 'no' if not. If 'yes', please report the clone type: Type-1, Type-2, Type-3, or Type-4.", 'type': 'type', 'input': 'code'}, {'uid': 'SS_S_patches', 'content': "Please analyze the following two patches and determine if they are semantically similar. Respond with 'yes' if they are semantically similar or 'no' if they are not.", 'type': 'boolean', 'input': 'patches'}, {'uid': 'SS_S_code', 'content': "Please analyze the following two code snippets and determine if they are semantically similar. Respond with 'yes' if they are semantically similar or 'no' if they are not.", 'type': 'boolean', 'input': 'code'}, {'uid': 'SS_R_patches', 'content': 'Please provide a detailed reasoning process for detecting semantic similarity in the following two patches. Based on your analysis, respond with ‘yes’ if the patches are semantically similar or ‘no’ if they are not.', 'type': 'boolean', 'input': 'patches'}, {'uid': 'SS_R_code', 'content': 'Please provide a detailed reasoning process for detecting semantic similarity in the following two code snippets. Based on your analysis, respond with ‘yes’ if the code snippets are semantically similar or ‘no’ if they are not.', 'type': 'boolean', 'input': 'code'}, {'uid': 'SS_LS_patches', 'content': "Please analyze the following two patches for semantic similarity. You should first report which lines of patches are more similar. Then, based on the report, please answer whether these two patches are semantically similar. The response should be 'yes' or 'no'.", 'type': 'boolean', 'input': 'patches'}, {'uid': 'SS_LS_code', 'content': "Please analyze the following two code snippets for semantic similarity. You should first report which lines of code are more similar. Then, based on the report, please answer whether these two code snippets are semantically similar. The response should be 'yes' or 'no'.", 'type': 'boolean', 'input': 'code'}, {'uid': 'SE_S_patches', 'content': "Please analyze the following two patches and determine if they are semantically equivalent. Respond with 'yes' if they are semantically equivalent or 'no' if they are not.", 'type': 'boolean', 'input': 'patches'}, {'uid': 'SE_S_code', 'content': "Please analyze the following two code snippets and determine if they are semantically equivalent. Respond with 'yes' if they are semantically equivalent or 'no' if they are not.", 'type': 'boolean', 'input': 'code'}, {'uid': 'SE_R_patches', 'content': "Please provide a detailed reasoning process for detecting semantic equivalence in the following two patches. Based on your analysis, respond with 'yes' if the patches are semantically equivalent or 'no' if they are not.", 'type': 'boolean', 'input': 'patches'}, {'uid': 'SE_R_code', 'content': "Please provide a detailed reasoning process for detecting semantic equivalence in the following two code snippets. Based on your analysis, respond with 'yes' if the code snippets are semantically equivalent or 'no' if they are not.", 'type': 'boolean', 'input': 'code'}, {'uid': 'SE_LS_patches', 'content': "Please analyze the following two patches for semantic equivalence. You should first report which lines of patches are more similar. Then, based on the report, please answer whether these two patches are semantically equivalent. The response should be 'yes' or 'no'.", 'type': 'boolean', 'input': 'patches'}, {'uid': 'SE_LS_code', 'content': "Please analyze the following two code snippets for semantic equivalence. You should first report which lines of code are more similar. Then, based on the report, please answer whether these two code snippets are semantically equivalent. The response should be 'yes' or 'no'.", 'type': 'boolean', 'input': 'code'}], 
 OllamaModels: 
 [{'uid': 'magicoder:7b-s-cl'}, {'uid': 'codellama:7b-instruct'}, {'uid': 'deepseek-coder:6.7b'}, {'uid': 'codegemma:7b-instruct'}, {'uid': 'qwen2.5:7b'}, {'uid': 'qwen2.5-coder:7b'}, {'uid': 'yi-coder:9b'}, {'uid': 'hermes3:8b'}], 
 OllamaTemperatures: 
 [{'uid': 0.1}]
2026-04-07 16:52:43 - root - INFO - Loading existing results for index: 0
2026-04-07 16:52:43 - root - INFO - Loading existing results for index: 1
2026-04-07 16:52:43 - root - INFO - Loading existing results for index: 2
2026-04-07 16:52:43 - root - INFO - Loading existing results for index: 3
2026-04-07 16:52:43 - root - INFO - Loading existing results for index: 4
2026-04-07 16:52:43 - root - INFO - Loading existing results for index: 5
2026-04-07 16:52:43 - root - INFO - Loading existing results for index: 6
2026-04-07 16:52:43 - root - INFO - Loading existing results for index: 7
2026-04-07 16:52:43 - root - INFO - Loading existing results for index: 8
2026-04-07 16:52:43 - root - INFO - Loading existing results for index: 9
2026-04-07 16:52:43 - root - INFO - Loading existing results for index: 10
2026-04-07 16:52:43 - root - INFO - Loading existing results for index: 11
2026-04-07 16:52:43 - root - INFO - Loading existing results for index: 12
2026-04-07 16:52:43 - root - INFO - Loading existing results for index: 13
2026-04-07 16:52:43 - root - INFO - Loading existing results for index: 14
2026-04-07 16:52:43 - root - INFO - Loading existing results for index: 15
2026-04-07 16:52:43 - root - INFO - Loading existing results for index: 16
2026-04-07 16:52:43 - root - INFO - Loading existing results for index: 17
2026-04-07 16:52:43 - root - INFO - Loading existing results for index: 18
2026-04-07 16:52:43 - root - INFO - Loadi2026-04-07 16:52:43 - root - INFO - Loading existing results for index: 17
2026-04-07 16:52:43 - root - INFO - Loading existing results for index: 18
2026-04-07 16:52:43 - root - INFO - Loading existing results for index: 19
2026-04-07 16:52:43 - root - INFO 2026-04-07 16:52:43 - root - INFO - Loading existing results for index: 23
2026-04-07 16:52:43 - root - INFO - Loading existing results for index: 24
2026-04-07 16:52:43 - root - INFO - Loadi2026-04-07 16:52:43 - root - INFO 2026-04-07 16:52:43 - root - INFO - Loadi2026-04-07 16:52:43 - root - INFO - Loading existing results for index: 24
2026-04-07 16:52:43 - root - INFO - Loading existing results for index: 25
2026-04-07 16:52:43 - root - INFO - Loading existing results for index: 26
2026-04-07 16:52:43 - root - INFO - Loading existing results for index: 27
2026-04-07 16:52:43 - root - INFO - Loading existing results for index: 28
2026-04-07 16:52:43 - root - INFO - Loading existing results for index: 29
2026-04-07 16:52:43 - root - INFO - Loading existing results for index: 30
2026-04-07 16:52:43 - root - INFO - Loading existing results for index: 31
2026-04-07 16:52:43 - root - INFO - Loading existing results for index: 32
2026-04-07 16:52:43 - root - INFO - Loading existing results for index: 33
2026-04-07 16:52:43 - root - INFO - Loading existing results for index: 34
2026-04-07 16:52:43 - root - INFO - Loading existing results for index: 35
2026-04-07 16:52:43 - root - INFO - Loading existing results for index: 36
2026-04-07 16:52:43 - root - INFO - Loading existing results for index: 37
2026-04-07 16:52:43 - root - INFO - Loading existing results for index: 38
2026-04-07 16:52:43 - root - INFO - Loading existing results for index: 39
2026-04-07 16:52:43 - root - INFO - Loading existing results for index: 40
2026-04-07 16:52:43 - root - INFO - Loading existing results for index: 41
2026-04-07 16:52:43 - root - INFO - Loading existing results for index: 42
2026-04-07 16:52:43 - root - INFO - Loading existing results for index: 43
2026-04-07 16:52:43 - root - INFO - Loading existing results for index: 44
2026-04-07 16:52:43 - root - INFO - Loading existing results for index: 45
2026-04-07 16:52:43 - root - INFO - Loading existing results for index: 46
2026-04-07 16:52:43 - root - INFO - Loading existing results for index: 47
2026-04-07 16:52:43 - root - INFO - Loading existing results for index: 48
2026-04-07 16:52:43 - root - INFO - Loading existing results for index: 49
2026-04-07 16:52:43 - root - INFO - Processing the patch ... selected_tool: tbar, PatchProcessor: method model: magicoder:7b-s-cl temperature: 0.1 prompt: CC_I_code, index: 50
2026-04-2026-04-07 16:52:43 - root - INFO - Loading existing results for index: 55
2026-04-07 16:52:43 - root - INFO - Loading existing results for index: 56
2026-04-07 16:52:43 - root - INFO - Loading existing results for2026-04-07 16:53:43 - root - WARNING - [WARN] Retry 2/3 for model magicoder:7b-s-cl: timed out
2026-04-07 16:54:49 - root - WARNING - [WARN] Retry 2/3 for model magicoder:7b-s-cl: timed out
2026-04-07 16:55:54 - root - WARNING - [WARN] Retry 2/3 for model magicoder:7b-s-cl: timed out
2026-04-07 16:56:59 - root - WARNING - [WARN] Retry 2/3 for model magicoder:7b-s-cl: timed out
2026-04-07 16:58:04 - root - WARNING - [WARN] Retry 2/3 for model magicoder:7b-s-cl: timed out
2026-04-07 16:59:09 - root - WARNING - [WARN] Retry 2/3 for model magicoder:7b-s-cl: timed out
2026-04-07 17:00:14 - root - WARNING - [WARN] Retry 2/3 for model magicoder:7b-s-cl: timed out
2026-04-07 17:01:19 - root - WARNING - [WARN] Retry 2/3 for model magicoder:7b-s-cl: timed out
2026-04-07 17:02:24 - root - WARNING - [WARN] Retry 2/3 for model magicoder:7b-s-cl: timed out
2026-04-07 17:03:29 - root - WARNING - [WARN] Retry 2/3 for model magicoder:7b-s-cl: timed out
2026-04-07 17:04:34 - root - WARNING - [WARN] Retry 2/3 for model magicoder:7b-s-cl: timed out
2026-04-07 17:05:39 - root - WARNING - [WARN] Retry 2/3 for model magicoder:7b-s-cl: timed out
2026-04-07 17:06:44 - root - WARNING - [WARN] Retry 2/3 for model magicoder:7b-s-cl: timed out
2026-04-07 17:07:49 - root - WARNING - [WARN] Retry 2/3 for model magicoder:7b-s-cl: timed out
2026-04-07 17:08:54 - root - WARNING - [WARN] Retry 2/3 for model magicoder:7b-s-cl: timed out
2026-04-07 17:09:59 - root - WARNING - [WARN] Retry 2/3 for model magicoder:7b-s-cl: timed out
2026-04-07 17:11:05 - root - WARNING - [WARN] Retry 2/3 for model magicoder:7b-s-cl: timed out
2026-04-07 17:12:10 - root - WARNING - [WARN] Retry 2/3 for model magicoder:7b-s-cl: timed out
2026-04-07 17:13:15 - root - WARNING - [WARN] Retry 2/3 for model magicoder:7b-s-cl: timed out
2026-04-07 17:14:20 - root - WARNING - [WARN] Retry 2/3 for model magicoder:7b-s-cl: timed out
2026-04-07 17:15:25 - root - WARNING - [WARN] Retry 2/3 for model magicoder:7b-s-cl: timed out
2026-04-07 17:16:30 - root - WARNING - [WARN] Retry 2/3 for model magicoder:7b-s-cl: timed out
2026-04-07 17:17:35 - root - WARNING - [WARN] Retry 2/3 for model magicoder:7b-s-cl: timed out
2026-04-07 17:18:40 - root - WARNING - [WARN] Retry 2/3 for model magicoder:7b-s-cl: timed out
2026-04-07 17:19:45 - root - WARNING - [WARN] Retry 2/3 for model magicoder:7b-s-cl: timed out
2026-04-07 17:20:50 - root - WARNING - [WARN] Retry 2/3 for model magicoder:7b-s-cl: timed out
2026-04-07 17:21:55 - root - WARNING - [WARN] Retry 2/3 for model magicoder:7b-s-cl: timed out
2026-04-07 17:23:00 - root - WARNING - [WARN] Retry 2/3 for model magicoder:7b-s-cl: timed out
2026-04-07 17:24:05 - root - WARNING - [WARN] Retry 2/3 for model magicoder:7b-s-cl: timed out
2026-04-07 17:25:10 - root - WARNING - [WARN] Retry 2/3 for model magicoder:7b-s-cl: timed out
2026-04-07 17:26:15 - root - WARNING - [WARN] Retry 2/3 for model magicoder:7b-s-cl: timed out
2026-04-07 17:27:21 - root - WARNING - [WARN] Retry 2/3 for model magicoder:7b-s-cl: timed out
2026-04-07 17:28:26 - root - WARNING - [WARN] Retry 2/3 for model magicoder:7b-s-cl: timed out
2026-04-07 17:29:31 - root - WARNING - [WARN] Retry 2/3 for model magicoder:7b-s-cl: timed out
2026-04-07 17:30:36 - root - WARNING - [WARN] Retry 2/3 for model magicoder:7b-s-cl: timed out
2026-04-07 17:31:41 - root - WARNING - [WARN] Retry 2/3 for model magicoder:7b-s-cl: timed out
2026-04-07 17:32:46 - root - WARNING - [WARN] Retry 2/3 for model magicoder:7b-s-cl: timed out
2026-04-07 17:33:51 - root - WARNING - [WARN] Retry 2/3 for model magicoder:7b-s-cl: timed out
2026-04-07 17:34:56 - root - WARNING - [WARN] Retry 2/3 for model magicoder:7b-s-cl: timed out
2026-04-07 17:36:01 - root - WARNING - [WARN] Retry 2/3 for model magicoder:7b-s-cl: timed out
2026-04-07 17:37:06 - root - WARNING - [WARN] Retry 2/3 for model magicoder:7b-s-cl: timed out
2026-04-07 17:38:11 - root - WARNING - [WARN] Retry 2/3 for model magicoder:7b-s-cl: timed out
2026-04-07 17:39:16 - root - WARNING - [WARN] Retry 2/3 for model magicoder:7b-s-cl: timed out
2026-04-07 17:40:21 - root - WARNING - [WARN] Retry 2/3 for model magicoder:7b-s-cl: timed out
2026-04-07 17:41:26 - root - WARNING - [WARN] Retry 2/3 for model magicoder:7b-s-cl: timed out
2026-04-07 17:42:31 - root - WARNING - [WARN] Retry 2/3 for model magicoder:7b-s-cl: timed out
2026-04-07 17:43:37 - root - WARNING - [WARN] Retry 2/3 for model magicoder:7b-s-cl: timed out
2026-04-07 17:44:42 - root - WARNING - [WARN] Retry 2/3 for model magicoder:7b-s-cl: timed out
2026-04-07 17:45:47 - root - WARNING - [WARN] Retry 2/3 for model magicoder:7b-s-cl: timed out
2026-04-07 17:46:52 - root - WARNING - [WARN] Retry 2/3 for model magicoder:7b-s-cl: timed out
2026-04-07 17:47:57 - root - WARNING - [WARN] Retry 2/3 for model magicoder:7b-s-cl: timed out
2026-04-07 17:49:02 - root - WARNING - [WARN] Retry 2/3 for model magicoder:7b-s-cl: timed out
2026-04-07 17:50:07 - root - WARNING - [WARN] Retry 2/3 for model magicoder:7b-s-cl: timed out
2026-04-07 17:51:12 - root - WARNING - [WARN] Retry 2/3 for model magicoder:7b-s-cl: timed out
2026-04-07 17:52:17 - root - WARNING - [WARN] Retry 2/3 for model magicoder:7b-s-cl: timed out
2026-04-07 17:53:22 - root - WARNING - [WARN] Retry 2/3 for model magicoder:7b-s-cl: timed out
2026-04-07 17:54:27 - root - WARNING - [WARN] Retry 2/3 for model magicoder:7b-s-cl: timed out
2026-04-07 17:55:32 - root - WARNING - [WARN] Retry 2/3 for model magicoder:7b-s-cl: timed out
2026-04-07 17:56:37 - root - WARNING - [WARN] Retry 2/3 for model magicoder:7b-s-cl: timed out
2026-04-07 17:57:42 - root - WARNING - [WARN] Retry 2/3 for model magicoder:7b-s-cl: timed out
2026-04-07 17:58:47 - root - WARNING - [WARN] Retry 2/3 for model magicoder:7b-s-cl: timed out
2026-04-07 17:59:53 - root - WARNING - [WARN] Retry 2/3 for model magicoder:7b-s-cl: timed out
2026-04-07 18:00:58 - root - WARNING - [WARN] Retry 2/3 for model magicoder:7b-s-cl: timed out
2026-04-07 18:02:03 - root - WARNING - [WARN] Retry 2/3 for model magicoder:7b-s-cl: timed out
2026-04-07 18:03:08 - root - WARNING - [WARN] Retry 2/3 for model magicoder:7b-s-cl: timed out
2026-04-07 18:04:13 - root - WARNING - [WARN] Retry 2/3 for model magicoder:7b-s-cl: timed out
2026-04-07 18:05:18 - root - WARNING - [WARN] Retry 2/3 for model magicoder:7b-s-cl: timed out
2026-04-07 18:06:23 - root - WARNING - [WARN] Retry 2/3 for model magicoder:7b-s-cl: timed out
2026-04-07 18:07:28 - root - WARNING - [WARN] Retry 2/3 for model magicoder:7b-s-cl: timed out
2026-04-07 18:08:33 - root - WARNING - [WARN] Retry 2/3 for model magicoder:7b-s-cl: timed out
2026-04-07 18:09:38 - root - WARNING - [WARN] Retry 2/3 for model magicoder:7b-s-cl: timed out
2026-04-07 18:10:43 - root - WARNING - [WARN] Retry 2/3 for model magicoder:7b-s-cl: timed out
2026-04-07 18:11:48 - root - WARNING - [WARN] Retry 2/3 for model magicoder:7b-s-cl: timed out
2026-04-07 18:12:53 - root - WARNING - [WARN] Retry 2/3 for model magicoder:7b-s-cl: timed out
2026-04-07 18:13:58 - root - WARNING - [WARN] Retry 2/3 for model magicoder:7b-s-cl: timed out
2026-04-07 18:15:03 - root - WARNING - [WARN] Retry 2/3 for model magicoder:7b-s-cl: timed out
2026-04-07 18:16:09 - root - WARNING - [WARN] Retry 2/3 for model magicoder:7b-s-cl: timed out
2026-04-07 18:17:14 - root - WARNING - [WARN] Retry 2/3 for model magicoder:7b-s-cl: timed out
2026-04-07 18:18:19 - root - WARNING - [WARN] Retry 2/3 for model magicoder:7b-s-cl: timed out
2026-04-07 18:19:24 - root - WARNING - [WARN] Retry 2/3 for model magicoder:7b-s-cl: timed out
2026-04-07 18:20:29 - root - WARNING - [WARN] Retry 2/3 for model magicoder:7b-s-cl: timed out
2026-04-07 18:21:34 - root - WARNING - [WARN] Retry 2/3 for model magicoder:7b-s-cl: timed out
2026-04-07 18:22:39 - root - WARNING - [WARN] Retry 2/3 for model magicoder:7b-s-cl: timed out
2026-04-07 18:23:44 - root - WARNING - [WARN] Retry 2/3 for model magicoder:7b-s-cl: timed out
2026-04-07 18:24:49 - root - WARNING - [WARN] Retry 2/3 for model magicoder:7b-s-cl: timed out
2026-04-07 18:25:54 - root - WARNING - [WARN] Retry 2/3 for model magicoder:7b-s-cl: timed out
2026-04-07 18:26:59 - root - WARNING - [WARN] Retry 2/3 for model magicoder:7b-s-cl: timed out
2026-04-07 18:28:04 - root - WARNING - [WARN] Retry 2/3 for model magicoder:7b-s-cl: timed out
2026-04-07 18:29:09 - root - WARNING - [WARN] Retry 2/3 for model magicoder:7b-s-cl: timed out
2026-04-07 18:30:14 - root - WARNING - [WARN] Retry 2/3 for model magicoder:7b-s-cl: timed out
2026-04-07 18:31:19 - root - WARNING - [WARN] Retry 2/3 for model magicoder:7b-s-cl: timed out
2026-04-07 18:32:24 - root - WARNING - [WARN] Retry 2/3 for model magicoder:7b-s-cl: timed out
2026-04-07 18:33:30 - root - WARNING - [WARN] Retry 2/3 for model magicoder:7b-s-cl: timed out
2026-04-07 18:34:35 - root - WARNING - [WARN] Retry 2/3 for model magicoder:7b-s-cl: timed out
2026-04-07 18:35:40 - root - WARNING - [WARN] Retry 2/3 for model magicoder:7b-s-cl: timed out
2026-04-07 18:36:45 - root - WARNING - [WARN] Retry 2/3 for model magicoder:7b-s-cl: timed out
2026-04-07 18:37:50 - root - WARNING - [WARN] Retry 2/3 for model magicoder:7b-s-cl: timed out
2026-04-07 18:38:55 - root - WARNING - [WARN] Retry 2/3 for model magicoder:7b-s-cl: timed out
2026-04-07 18:40:00 - root - WARNING - [WARN] Retry 2/3 for model magicoder:7b-s-cl: timed out
2026-04-07 18:41:05 - root - WARNING - [WARN] Retry 2/3 for model magicoder:7b-s-cl: timed out
2026-04-07 18:42:10 - root - WARNING - [WARN] Retry 2/3 for model magicoder:7b-s-cl: timed out
2026-04-07 18:43:15 - root - WARNING - [WARN] Retry 2/3 for model magicoder:7b-s-cl: timed out
2026-04-07 18:44:20 - root - WARNING - [WARN] Retry 2/3 for model magicoder:7b-s-cl: timed out
2026-04-07 18:45:25 - root - WARNING - [WARN] Retry 2/3 for model magicoder:7b-s-cl: timed out
2026-04-07 18:46:30 - root - WARNING - [WARN] Retry 2/3 for model magicoder:7b-s-cl: timed out
2026-04-07 18:47:35 - root - WARNING - [WARN] Retry 2/3 for model magicoder:7b-s-cl: timed out
2026-04-07 18:48:40 - root - WARNING - [WARN] Retry 2/3 for model magicoder:7b-s-cl: timed out
2026-04-07 18:49:46 - root - WARNING - [WARN] Retry 2/3 for model magicoder:7b-s-cl: timed out
2026-04-07 18:50:51 - root - WARNING - [WARN] Retry 2/3 for model magicoder:7b-s-cl: timed out
2026-04-07 18:51:56 - root - WARNING - [WARN] Retry 2/3 for model magicoder:7b-s-cl: timed out
2026-04-07 18:53:01 - root - WARNING - [WARN] Retry 2/3 for model magicoder:7b-s-cl: timed out
2026-04-07 18:54:06 - root - WARNING - [WARN] Retry 2/3 for model magicoder:7b-s-cl: timed out
2026-04-07 18:55:11 - root - WARNING - [WARN] Retry 2/3 for model magicoder:7b-s-cl: timed out
2026-04-07 18:56:16 - root - WARNING - [WARN] Retry 2/3 for model magicoder:7b-s-cl: timed out
2026-04-07 18:57:21 - root - WARNING - [WARN] Retry 2/3 for model magicoder:7b-s-cl: timed out
2026-04-07 18:58:26 - root - WARNING - [WARN] Retry 2/3 for model magicoder:7b-s-cl: timed out
2026-04-07 18:59:31 - root - WARNING - [WARN] Retry 2/3 for model magicoder:7b-s-cl: timed out
2026-04-07 19:00:36 - root - WARNING - [WARN] Retry 2/3 for model magicoder:7b-s-cl: timed out
2026-04-07 19:01:41 - root - WARNING - [WARN] Retry 2/3 for model magicoder:7b-s-cl: timed out
2026-04-07 19:02:46 - root - WARNING - [WARN] Retry 2/3 for model magicoder:7b-s-cl: timed out
2026-04-07 19:03:51 - root - WARNING - [WARN] Retry 2/3 for model magicoder:7b-s-cl: timed out
2026-04-07 19:04:56 - root - WARNING - [WARN] Retry 2/3 for model magicoder:7b-s-cl: timed out
2026-04-07 19:06:01 - root - WARNING - [WARN] Retry 2/3 for model magicoder:7b-s-cl: timed out
2026-04-07 19:07:07 - root - WARNING - [WARN] Retry 2/3 for model magicoder:7b-s-cl: timed out
2026-04-07 19:08:12 - root - WARNING - [WARN] Retry 2/3 for model magicoder:7b-s-cl: timed out
2026-04-07 19:09:17 - root - WARNING - [WARN] Retry 2/3 for model magicoder:7b-s-cl: timed out
2026-04-07 19:10:22 - root - WARNING - [WARN] Retry 2/3 for model magicoder:7b-s-cl: timed out
2026-04-07 19:11:27 - root - WARNING - [WARN] Retry 2/3 for model magicoder:7b-s-cl: timed out
2026-04-07 19:12:32 - root - WARNING - [WARN] Retry 2/3 for model magicoder:7b-s-cl: timed out
2026-04-07 19:13:37 - root - WARNING - [WARN] Retry 2/3 for model magicoder:7b-s-cl: timed out
2026-04-07 19:14:42 - root - WARNING - [WARN] Retry 2/3 for model magicoder:7b-s-cl: timed out
2026-04-07 19:15:47 - root - WARNING - [WARN] Retry 2/3 for model magicoder:7b-s-cl: timed out
2026-04-07 19:16:52 - root - WARNING - [WARN] Retry 2/3 for model magicoder:7b-s-cl: timed out
2026-04-07 19:17:57 - root - WARNING - [WARN] Retry 2/3 for model magicoder:7b-s-cl: timed out
2026-04-07 19:19:02 - root - WARNING - [WARN] Retry 2/3 for model magicoder:7b-s-cl: timed out
2026-04-07 19:20:07 - root - WARNING - [WARN] Retry 2/3 for model magicoder:7b-s-cl: timed out
2026-04-07 19:21:12 - root - WARNING - [WARN] Retry 2/3 for model magicoder:7b-s-cl: timed out
2026-04-07 19:22:17 - root - WARNING - [WARN] Retry 2/3 for model magicoder:7b-s-cl: timed out
2026-04-07 19:23:23 - root - WARNING - [WARN] Retry 2/3 for model magicoder:7b-s-cl: timed out
2026-04-07 19:24:28 - root - WARNING - [WARN] Retry 2/3 for model magicoder:7b-s-cl: timed out
2026-04-07 19:25:33 - root - WARNING - [WARN] Retry 2/3 for model magicoder:7b-s-cl: timed out
2026-04-07 19:26:38 - root - WARNING - [WARN] Retry 2/3 for model magicoder:7b-s-cl: timed out
2026-04-07 19:27:43 - root - WARNING - [WARN] Retry 2/3 for model magicoder:7b-s-cl: timed out
2026-04-07 19:28:48 - root - WARNING - [WARN] Retry 2/3 for model magicoder:7b-s-cl: timed out
2026-04-07 19:29:53 - root - WARNING - [WARN] Retry 2/3 for model magicoder:7b-s-cl: timed out
2026-04-07 19:30:58 - root - WARNING - [WARN] Retry 2/3 for model magicoder:7b-s-cl: timed out
2026-04-07 19:32:03 - root - WARNING - [WARN] Retry 2/3 for model magicoder:7b-s-cl: timed out
2026-04-07 19:33:08 - root - WARNING - [WARN] Retry 2/3 for model magicoder:7b-s-cl: timed out
2026-04-07 19:34:13 - root - WARNING - [WARN] Retry 2/3 for model magicoder:7b-s-cl: timed out
2026-04-07 19:35:18 - root - WARNING - [WARN] Retry 2/3 for model magicoder:7b-s-cl: timed out
2026-04-07 19:36:23 - root - WARNING - [WARN] Retry 2/3 for model magicoder:7b-s-cl: timed out
2026-04-07 19:37:28 - root - WARNING - [WARN] Retry 2/3 for model magicoder:7b-s-cl: timed out
2026-04-07 19:38:33 - root - WARNING - [WARN] Retry 2/3 for model magicoder:7b-s-cl: timed out
2026-04-07 19:39:39 - root - WARNING - [WARN] Retry 2/3 for model magicoder:7b-s-cl: timed out
2026-04-07 19:40:44 - root - WARNING - [WARN] Retry 2/3 for model magicoder:7b-s-cl: timed out
2026-04-07 19:41:49 - root - WARNING - [WARN] Retry 2/3 for model magicoder:7b-s-cl: timed out
2026-04-07 19:42:54 - root - WARNING - [WARN] Retry 2/3 for model magicoder:7b-s-cl: timed out
2026-04-07 19:43:59 - root - WARNING - [WARN] Retry 2/3 for model magicoder:7b-s-cl: timed out
2026-04-07 19:45:04 - root - WARNING - [WARN] Retry 2/3 for model magicoder:7b-s-cl: timed out
2026-04-07 19:46:09 - root - WARNING - [WARN] Retry 2/3 for model magicoder:7b-s-cl: timed out
2026-04-07 19:47:14 - root - WARNING - [WARN] Retry 2/3 for model magicoder:7b-s-cl: timed out
2026-04-07 19:48:19 - root - WARNING - [WARN] Retry 2/3 for model magicoder:7b-s-cl: timed out
2026-04-07 19:49:24 - root - WARNING - [WARN] Retry 2/3 for model magicoder:7b-s-cl: timed out
2026-04-07 19:50:29 - root - WARNING - [WARN] Retry 2/3 for model magicoder:7b-s-cl: timed out
2026-04-07 19:51:34 - root - WARNING - [WARN] Retry 2/3 for model magicoder:7b-s-cl: timed out
2026-04-07 19:52:39 - root - WARNING - [WARN] Retry 2/3 for model magicoder:7b-s-cl: timed out
2026-04-07 19:53:44 - root - WARNING - [WARN] Retry 2/3 for model magicoder:7b-s-cl: timed out
2026-04-07 19:54:49 - root - WARNING - [WARN] Retry 2/3 for model magicoder:7b-s-cl: timed out
2026-04-07 19:55:55 - root - WARNING - [WARN] Retry 2/3 for model magicoder:7b-s-cl: timed out
2026-04-07 19:57:00 - root - WARNING - [WARN] Retry 2/3 for model magicoder:7b-s-cl: timed out
2026-04-07 19:58:05 - root - WARNING - [WARN] Retry 2/3 for model magicoder:7b-s-cl: timed out
2026-04-07 19:59:10 - root - WARNING - [WARN] Retry 2/3 for model magicoder:7b-s-cl: timed out
2026-04-07 20:00:15 - root - WARNING - [WARN] Retry 2/3 for model magicoder:7b-s-cl: timed out
2026-04-07 20:01:20 - root - WARNING - [WARN] Retry 2/3 for model magicoder:7b-s-cl: timed out
2026-04-07 20:02:25 - root - WARNING - [WARN] Retry 2/3 for model magicoder:7b-s-cl: timed out
2026-04-07 20:03:30 - root - WARNING - [WARN] Retry 2/3 for model magicoder:7b-s-cl: timed out
2026-04-07 20:04:35 - root - WARNING - [WARN] Retry 2/3 for model magicoder:7b-s-cl: timed out
2026-04-07 20:05:40 - root - WARNING - [WARN] Retry 2/3 for model magicoder:7b-s-cl: timed out
2026-04-07 20:06:45 - root - WARNING - [WARN] Retry 2/3 for model magicoder:7b-s-cl: timed out
2026-04-07 20:07:50 - root - WARNING - [WARN] Retry 2/3 for model magicoder:7b-s-cl: timed out
2026-04-07 20:08:55 - root - WARNING - [WARN] Retry 2/3 for model magicoder:7b-s-cl: timed out
2026-04-07 20:10:00 - root - WARNING - [WARN] Retry 2/3 for model magicoder:7b-s-cl: timed out
2026-04-07 20:11:05 - root - WARNING - [WARN] Retry 2/3 for model magicoder:7b-s-cl: timed out
2026-04-07 20:12:10 - root - WARNING - [WARN] Retry 2/3 for model magicoder:7b-s-cl: timed out
2026-04-07 20:13:16 - root - WARNING - [WARN] Retry 2/3 for model magicoder:7b-s-cl: timed out
2026-04-07 20:14:21 - root - WARNING - [WARN] Retry 2/3 for model magicoder:7b-s-cl: timed out
2026-04-07 20:15:26 - root - WARNING - [WARN] Retry 2/3 for model magicoder:7b-s-cl: timed out
2026-04-07 20:16:31 - root - WARNING - [WARN] Retry 2/3 for model magicoder:7b-s-cl: timed out
2026-04-07 20:17:36 - root - WARNING - [WARN] Retry 2/3 for model magicoder:7b-s-cl: timed out
2026-04-07 20:18:41 - root - WARNING - [WARN] Retry 2/3 for model magicoder:7b-s-cl: timed out
2026-04-07 20:19:46 - root - WARNING - [WARN] Retry 2/3 for model magicoder:7b-s-cl: timed out
2026-04-07 20:20:51 - root - WARNING - [WARN] Retry 2/3 for model magicoder:7b-s-cl: timed out
2026-04-07 20:21:56 - root - WARNING - [WARN] Retry 2/3 for model magicoder:7b-s-cl: timed out
2026-04-07 20:23:01 - root - WARNING - [WARN] Retry 2/3 for model magicoder:7b-s-cl: timed out
2026-04-07 20:24:06 - root - WARNING - [WARN] Retry 2/3 for model magicoder:7b-s-cl: timed out
2026-04-07 20:25:11 - root - WARNING - [WARN] Retry 2/3 for model magicoder:7b-s-cl: timed out
2026-04-07 20:26:16 - root - WARNING - [WARN] Retry 2/3 for model magicoder:7b-s-cl: timed out
2026-04-07 20:27:21 - root - WARNING - [WARN] Retry 2/3 for model magicoder:7b-s-cl: timed out
2026-04-07 20:28:26 - root - WARNING - [WARN] Retry 2/3 for model magicoder:7b-s-cl: timed out
2026-04-07 20:29:32 - root - WARNING - [WARN] Retry 2/3 for model magicoder:7b-s-cl: timed out
2026-04-07 20:30:37 - root - WARNING - [WARN] Retry 2/3 for model magicoder:7b-s-cl: timed out
2026-04-07 20:31:42 - root - WARNING - [WARN] Retry 2/3 for model magicoder:7b-s-cl: timed out
2026-04-07 20:32:47 - root - WARNING - [WARN] Retry 2/3 for model magicoder:7b-s-cl: timed out
2026-04-07 20:33:52 - root - WARNING - [WARN] Retry 2/3 for model magicoder:7b-s-cl: timed out
2026-04-07 20:34:57 - root - WARNING - [WARN] Retry 2/3 for model magicoder:7b-s-cl: timed out
2026-04-07 20:36:02 - root - WARNING - [WARN] Retry 2/3 for model magicoder:7b-s-cl: timed out
2026-04-07 20:37:07 - root - WARNING - [WARN] Retry 2/3 for model magicoder:7b-s-cl: timed out
2026-04-07 20:38:12 - root - WARNING - [WARN] Retry 2/3 for model magicoder:7b-s-cl: timed out
2026-04-07 20:39:17 - root - WARNING - [WARN] Retry 2/3 for model magicoder:7b-s-cl: timed out
2026-04-07 20:40:22 - root - WARNING - [WARN] Retry 2/3 for model magicoder:7b-s-cl: timed out
2026-04-07 20:41:27 - root - WARNING - [WARN] Retry 2/3 for model magicoder:7b-s-cl: timed out
2026-04-07 20:42:32 - root - WARNING - [WARN] Retry 2/3 for model magicoder:7b-s-cl: timed out
2026-04-07 20:43:37 - root - WARNING - [WARN] Retry 2/3 for model magicoder:7b-s-cl: timed out
2026-04-07 20:44:42 - root - WARNING - [WARN] Retry 2/3 for model magicoder:7b-s-cl: timed out
2026-04-07 20:45:48 - root - WARNING - [WARN] Retry 2/3 for model magicoder:7b-s-cl: timed out
2026-04-07 20:46:53 - root - WARNING - [WARN] Retry 2/3 for model magicoder:7b-s-cl: timed out
2026-04-07 20:47:58 - root - WARNING - [WARN] Retry 2/3 for model magicoder:7b-s-cl: timed out
2026-04-07 20:49:03 - root - WARNING - [WARN] Retry 2/3 for model magicoder:7b-s-cl: timed out
2026-04-07 20:50:08 - root - WARNING - [WARN] Retry 2/3 for model magicoder:7b-s-cl: timed out
2026-04-07 20:51:13 - root - WARNING - [WARN] Retry 2/3 for model magicoder:7b-s-cl: timed out
2026-04-07 20:52:18 - root - WARNING - [WARN] Retry 2/3 for model magicoder:7b-s-cl: timed out
2026-04-07 20:53:23 - root - WARNING - [WARN] Retry 2/3 for model magicoder:7b-s-cl: timed out
2026-04-07 20:54:28 - root - WARNING - [WARN] Retry 2/3 for model magicoder:7b-s-cl: timed out
2026-04-07 20:55:33 - root - WARNING - [WARN] Retry 2/3 for model magicoder:7b-s-cl: timed out
2026-04-07 20:56:38 - root - WARNING - [WARN] Retry 2/3 for model magicoder:7b-s-cl: timed out
2026-04-07 20:57:43 - root - WARNING - [WARN] Retry 2/3 for model magicoder:7b-s-cl: timed out
2026-04-07 20:58:48 - root - WARNING - [WARN] Retry 2/3 for model magicoder:7b-s-cl: timed out
2026-04-07 20:59:53 - root - WARNING - [WARN] Retry 2/3 for model magicoder:7b-s-cl: timed out
2026-04-07 21:00:58 - root - WARNING - [WARN] Retry 2/3 for model magicoder:7b-s-cl: timed out
2026-04-07 21:02:04 - root - WARNING - [WARN] Retry 2/3 for model magicoder:7b-s-cl: timed out
2026-04-07 21:03:09 - root - WARNING - [WARN] Retry 2/3 for model magicoder:7b-s-cl: timed out
2026-04-07 21:04:14 - root - WARNING - [WARN] Retry 2/3 for model magicoder:7b-s-cl: timed out
2026-04-07 21:05:19 - root - WARNING - [WARN] Retry 2/3 for model magicoder:7b-s-cl: timed out
2026-04-07 21:06:24 - root - WARNING - [WARN] Retry 2/3 for model magicoder:7b-s-cl: timed out
2026-04-07 21:07:29 - root - WARNING - [WARN] Retry 2/3 for model magicoder:7b-s-cl: timed out
2026-04-07 21:08:34 - root - WARNING - [WARN] Retry 2/3 for model magicoder:7b-s-cl: timed out
2026-04-07 21:09:39 - root - WARNING - [WARN] Retry 2/3 for model magicoder:7b-s-cl: timed out
2026-04-07 21:10:44 - root - WARNING - [WARN] Retry 2/3 for model magicoder:7b-s-cl: timed out
2026-04-07 21:11:49 - root - WARNING - [WARN] Retry 2/3 for model magicoder:7b-s-cl: timed out
2026-04-07 21:12:54 - root - WARNING - [WARN] Retry 2/3 for model magicoder:7b-s-cl: timed out
2026-04-07 21:13:59 - root - WARNING - [WARN] Retry 2/3 for model magicoder:7b-s-cl: timed out
2026-04-07 21:15:04 - root - WARNING - [WARN] Retry 2/3 for model magicoder:7b-s-cl: timed out
2026-04-07 21:16:09 - root - WARNING - [WARN] Retry 2/3 for model magicoder:7b-s-cl: timed out
2026-04-07 21:17:14 - root - WARNING - [WARN] Retry 2/3 for model magicoder:7b-s-cl: timed out
2026-04-07 21:18:20 - root - WARNING - [WARN] Retry 2/3 for model magicoder:7b-s-cl: timed out
2026-04-07 21:19:25 - root - WARNING - [WARN] Retry 2/3 for model magicoder:7b-s-cl: timed out
2026-04-07 21:20:30 - root - WARNING - [WARN] Retry 2/3 for model magicoder:7b-s-cl: timed out
2026-04-07 21:21:35 - root - WARNING - [WARN] Retry 2/3 for model magicoder:7b-s-cl: timed out
2026-04-07 21:22:40 - root - WARNING - [WARN] Retry 2/3 for model magicoder:7b-s-cl: timed out
2026-04-07 21:23:45 - root - WARNING - [WARN] Retry 2/3 for model magicoder:7b-s-cl: timed out
2026-04-07 21:24:50 - root - WARNING - [WARN] Retry 2/3 for model magicoder:7b-s-cl: timed out
2026-04-07 21:25:55 - root - WARNING - [WARN] Retry 2/3 for model magicoder:7b-s-cl: timed out
2026-04-07 21:27:00 - root - WARNING - [WARN] Retry 2/3 for model magicoder:7b-s-cl: timed out
2026-04-07 21:28:05 - root - WARNING - [WARN] Retry 2/3 for model magicoder:7b-s-cl: timed out
2026-04-07 21:29:10 - root - WARNING - [WARN] Retry 2/3 for model magicoder:7b-s-cl: timed out
2026-04-07 21:30:15 - root - WARNING - [WARN] Retry 2/3 for model magicoder:7b-s-cl: timed out
2026-04-07 21:31:20 - root - WARNING - [WARN] Retry 2/3 for model magicoder:7b-s-cl: timed out
2026-04-07 21:32:25 - root - WARNING - [WARN] Retry 2/3 for model magicoder:7b-s-cl: timed out
2026-04-07 21:33:30 - root - WARNING - [WARN] Retry 2/3 for model magicoder:7b-s-cl: timed out
2026-04-07 21:34:36 - root - WARNING - [WARN] Retry 2/3 for model magicoder:7b-s-cl: timed out
2026-04-07 21:35:41 - root - WARNING - [WARN] Retry 2/3 for model magicoder:7b-s-cl: timed out
2026-04-07 21:36:46 - root - WARNING - [WARN] Retry 2/3 for model magicoder:7b-s-cl: timed out
2026-04-07 21:37:51 - root - WARNING - [WARN] Retry 2/3 for model magicoder:7b-s-cl: timed out
2026-04-07 21:38:56 - root - WARNING - [WARN] Retry 2/3 for model magicoder:7b-s-cl: timed out
2026-04-07 21:40:01 - root - WARNING - [WARN] Retry 2/3 for model magicoder:7b-s-cl: timed out
2026-04-07 21:41:06 - root - WARNING - [WARN] Retry 2/3 for model magicoder:7b-s-cl: timed out
2026-04-07 21:42:11 - root - WARNING - [WARN] Retry 2/3 for model magicoder:7b-s-cl: timed out
2026-04-07 21:43:16 - root - WARNING - [WARN] Retry 2/3 for model magicoder:7b-s-cl: timed out
2026-04-07 21:44:21 - root - WARNING - [WARN] Retry 2/3 for model magicoder:7b-s-cl: timed out
2026-04-07 21:45:26 - root - WARNING - [WARN] Retry 2/3 for model magicoder:7b-s-cl: timed out
2026-04-07 21:46:31 - root - WARNING - [WARN] Retry 2/3 for model magicoder:7b-s-cl: timed out
2026-04-07 21:47:36 - root - WARNING - [WARN] Retry 2/3 for model magicoder:7b-s-cl: timed out
2026-04-07 21:48:41 - root - WARNING - [WARN] Retry 2/3 for model magicoder:7b-s-cl: timed out
2026-04-07 21:49:46 - root - WARNING - [WARN] Retry 2/3 for model magicoder:7b-s-cl: timed out
2026-04-07 21:50:51 - root - WARNING - [WARN] Retry 2/3 for model magicoder:7b-s-cl: timed out
2026-04-07 21:51:57 - root - WARNING - [WARN] Retry 2/3 for model magicoder:7b-s-cl: timed out
2026-04-07 21:53:02 - root - WARNING - [WARN] Retry 2/3 for model magicoder:7b-s-cl: timed out
2026-04-07 21:54:07 - root - WARNING - [WARN] Retry 2/3 for model magicoder:7b-s-cl: timed out
2026-04-07 21:55:12 - root - WARNING - [WARN] Retry 2/3 for model magicoder:7b-s-cl: timed out
2026-04-07 21:56:17 - root - WARNING - [WARN] Retry 2/3 for model magicoder:7b-s-cl: timed out
2026-04-07 21:57:22 - root - WARNING - [WARN] Retry 2/3 for model magicoder:7b-s-cl: timed out
2026-04-07 21:58:27 - root - WARNING - [WARN] Retry 2/3 for model magicoder:7b-s-cl: timed out
2026-04-07 21:59:32 - root - WARNING - [WARN] Retry 2/3 for model magicoder:7b-s-cl: timed out
2026-04-07 22:00:37 - root - WARNING - [WARN] Retry 2/3 for model magicoder:7b-s-cl: timed out
2026-04-07 22:01:42 - root - WARNING - [WARN] Retry 2/3 for model magicoder:7b-s-cl: timed out
2026-04-07 22:02:47 - root - WARNING - [WARN] Retry 2/3 for model magicoder:7b-s-cl: timed out
2026-04-07 22:03:52 - root - WARNING - [WARN] Retry 2/3 for model magicoder:7b-s-cl: timed out
2026-04-07 22:04:57 - root - WARNING - [WARN] Retry 2/3 for model magicoder:7b-s-cl: timed out
2026-04-07 22:06:02 - root - WARNING - [WARN] Retry 2/3 for model magicoder:7b-s-cl: timed out
2026-04-07 22:07:07 - root - WARNING - [WARN] Retry 2/3 for model magicoder:7b-s-cl: timed out
2026-04-07 22:08:13 - root - WARNING - [WARN] Retry 2/3 for model magicoder:7b-s-cl: timed out
2026-04-07 22:09:18 - root - WARNING - [WARN] Retry 2/3 for model magicoder:7b-s-cl: timed out
2026-04-07 22:10:23 - root - WARNING - [WARN] Retry 2/3 for model magicoder:7b-s-cl: timed out
2026-04-07 22:11:28 - root - WARNING - [WARN] Retry 2/3 for model magicoder:7b-s-cl: timed out
2026-04-07 22:12:33 - root - WARNING - [WARN] Retry 2/3 for model magicoder:7b-s-cl: timed out
2026-04-07 22:13:38 - root - WARNING - [WARN] Retry 2/3 for model magicoder:7b-s-cl: timed out
2026-04-07 22:14:43 - root - WARNING - [WARN] Retry 2/3 for model magicoder:7b-s-cl: timed out
2026-04-07 22:15:48 - root - WARNING - [WARN] Retry 2/3 for model magicoder:7b-s-cl: timed out
2026-04-07 22:16:53 - root - WARNING - [WARN] Retry 2/3 for model magicoder:7b-s-cl: timed out
2026-04-07 22:17:58 - root - WARNING - [WARN] Retry 2/3 for model magicoder:7b-s-cl: timed out
2026-04-07 22:19:03 - root - WARNING - [WARN] Retry 2/3 for model magicoder:7b-s-cl: timed out
2026-04-07 22:20:08 - root - WARNING - [WARN] Retry 2/3 for model magicoder:7b-s-cl: timed out
2026-04-07 22:21:13 - root - WARNING - [WARN] Retry 2/3 for model magicoder:7b-s-cl: timed out
2026-04-07 22:22:18 - root - WARNING - [WARN] Retry 2/3 for model magicoder:7b-s-cl: timed out
2026-04-07 22:23:23 - root - WARNING - [WARN] Retry 2/3 for model magicoder:7b-s-cl: timed out
2026-04-07 22:24:29 - root - WARNING - [WARN] Retry 2/3 for model magicoder:7b-s-cl: timed out
2026-04-07 22:25:34 - root - WARNING - [WARN] Retry 2/3 for model magicoder:7b-s-cl: timed out
2026-04-07 22:26:39 - root - WARNING - [WARN] Retry 2/3 for model magicoder:7b-s-cl: timed out
2026-04-07 22:27:44 - root - WARNING - [WARN] Retry 2/3 for model magicoder:7b-s-cl: timed out
2026-04-07 22:28:49 - root - WARNING - [WARN] Retry 2/3 for model magicoder:7b-s-cl: timed out
2026-04-07 22:29:54 - root - WARNING - [WARN] Retry 2/3 for model magicoder:7b-s-cl: timed out
2026-04-07 22:30:59 - root - WARNING - [WARN] Retry 2/3 for model magicoder:7b-s-cl: timed out
2026-04-07 22:32:04 - root - WARNING - [WARN] Retry 2/3 for model magicoder:7b-s-cl: timed out
2026-04-07 22:33:09 - root - WARNING - [WARN] Retry 2/3 for model magicoder:7b-s-cl: timed out
2026-04-07 22:34:14 - root - WARNING - [WARN] Retry 2/3 for model magicoder:7b-s-cl: timed out
2026-04-07 22:35:19 - root - WARNING - [WARN] Retry 2/3 for model magicoder:7b-s-cl: timed out
2026-04-07 22:36:24 - root - WARNING - [WARN] Retry 2/3 for model magicoder:7b-s-cl: timed out
2026-04-07 22:37:29 - root - WARNING - [WARN] Retry 2/3 for model magicoder:7b-s-cl: timed out
2026-04-07 22:38:34 - root - WARNING - [WARN] Retry 2/3 for model magicoder:7b-s-cl: timed out
2026-04-07 22:39:39 - root - WARNING - [WARN] Retry 2/3 for model magicoder:7b-s-cl: timed out
2026-04-07 22:40:45 - root - WARNING - [WARN] Retry 2/3 for model magicoder:7b-s-cl: timed out
2026-04-07 22:41:50 - root - WARNING - [WARN] Retry 2/3 for model magicoder:7b-s-cl: timed out
2026-04-07 22:42:55 - root - WARNING - [WARN] Retry 2/3 for model magicoder:7b-s-cl: timed out
2026-04-07 22:44:00 - root - WARNING - [WARN] Retry 2/3 for model magicoder:7b-s-cl: timed out
2026-04-07 22:45:05 - root - WARNING - [WARN] Retry 2/3 for model magicoder:7b-s-cl: timed out
2026-04-07 22:46:10 - root - WARNING - [WARN] Retry 2/3 for model magicoder:7b-s-cl: timed out
2026-04-07 22:47:15 - root - WARNING - [WARN] Retry 2/3 for model magicoder:7b-s-cl: timed out
2026-04-07 22:48:20 - root - WARNING - [WARN] Retry 2/3 for model magicoder:7b-s-cl: timed out
2026-04-07 22:49:25 - root - WARNING - [WARN] Retry 2/3 for model magicoder:7b-s-cl: timed out
2026-04-07 22:50:30 - root - WARNING - [WARN] Retry 2/3 for model magicoder:7b-s-cl: timed out
2026-04-07 22:51:35 - root - WARNING - [WARN] Retry 2/3 for model magicoder:7b-s-cl: timed out
2026-04-07 22:52:40 - root - WARNING - [WARN] Retry 2/3 for model magicoder:7b-s-cl: timed out
2026-04-07 22:53:45 - root - WARNING - [WARN] Retry 2/3 for model magicoder:7b-s-cl: timed out
2026-04-07 22:54:50 - root - WARNING - [WARN] Retry 2/3 for model magicoder:7b-s-cl: timed out
2026-04-07 22:55:55 - root - WARNING - [WARN] Retry 2/3 for model magicoder:7b-s-cl: timed out
2026-04-07 22:57:01 - root - WARNING - [WARN] Retry 2/3 for model magicoder:7b-s-cl: timed out
2026-04-07 22:58:06 - root - WARNING - [WARN] Retry 2/3 for model magicoder:7b-s-cl: timed out
2026-04-07 22:59:11 - root - WARNING - [WARN] Retry 2/3 for model magicoder:7b-s-cl: timed out
2026-04-07 23:00:16 - root - WARNING - [WARN] Retry 2/3 for model magicoder:7b-s-cl: timed out
2026-04-07 23:01:21 - root - WARNING - [WARN] Retry 2/3 for model magicoder:7b-s-cl: timed out
2026-04-07 23:02:26 - root - WARNING - [WARN] Retry 2/3 for model magicoder:7b-s-cl: timed out
2026-04-07 23:03:31 - root - WARNING - [WARN] Retry 2/3 for model magicoder:7b-s-cl: timed out
2026-04-07 23:04:36 - root - WARNING - [WARN] Retry 2/3 for model magicoder:7b-s-cl: timed out
2026-04-07 23:05:41 - root - WARNING - [WARN] Retry 2/3 for model magicoder:7b-s-cl: timed out
2026-04-07 23:06:46 - root - WARNING - [WARN] Retry 2/3 for model magicoder:7b-s-cl: timed out
2026-04-07 23:07:51 - root - WARNING - [WARN] Retry 2/3 for model magicoder:7b-s-cl: timed out
2026-04-07 23:08:56 - root - WARNING - [WARN] Retry 2/3 for model magicoder:7b-s-cl: timed out
2026-04-07 23:10:01 - root - WARNING - [WARN] Retry 2/3 for model magicoder:7b-s-cl: timed out
2026-04-07 23:11:06 - root - WARNING - [WARN] Retry 2/3 for model magicoder:7b-s-cl: timed out
2026-04-07 23:12:11 - root - WARNING - [WARN] Retry 2/3 for model magicoder:7b-s-cl: timed out
2026-04-07 23:13:17 - root - WARNING - [WARN] Retry 2/3 for model magicoder:7b-s-cl: timed out
2026-04-07 23:14:22 - root - WARNING - [WARN] Retry 2/3 for model magicoder:7b-s-cl: timed out
2026-04-07 23:15:27 - root - WARNING - [WARN] Retry 2/3 for model magicoder:7b-s-cl: timed out
2026-04-07 23:16:32 - root - WARNING - [WARN] Retry 2/3 for model magicoder:7b-s-cl: timed out
2026-04-07 23:17:37 - root - WARNING - [WARN] Retry 2/3 for model magicoder:7b-s-cl: timed out
2026-04-07 23:18:42 - root - WARNING - [WARN] Retry 2/3 for model magicoder:7b-s-cl: timed out
2026-04-07 23:19:47 - root - WARNING - [WARN] Retry 2/3 for model magicoder:7b-s-cl: timed out
2026-04-07 23:20:52 - root - WARNING - [WARN] Retry 2/3 for model magicoder:7b-s-cl: timed out
2026-04-07 23:21:57 - root - WARNING - [WARN] Retry 2/3 for model magicoder:7b-s-cl: timed out
2026-04-07 23:23:02 - root - WARNING - [WARN] Retry 2/3 for model magicoder:7b-s-cl: timed out
2026-04-07 23:24:07 - root - WARNING - [WARN] Retry 2/3 for model magicoder:7b-s-cl: timed out
2026-04-07 23:25:12 - root - WARNING - [WARN] Retry 2/3 for model magicoder:7b-s-cl: timed out
2026-04-07 23:26:17 - root - WARNING - [WARN] Retry 2/3 for model magicoder:7b-s-cl: timed out
2026-04-07 23:27:22 - root - WARNING - [WARN] Retry 2/3 for model magicoder:7b-s-cl: timed out
2026-04-07 23:28:27 - root - WARNING - [WARN] Retry 2/3 for model magicoder:7b-s-cl: timed out
2026-04-07 23:29:32 - root - WARNING - [WARN] Retry 2/3 for model magicoder:7b-s-cl: timed out
2026-04-07 23:30:38 - root - WARNING - [WARN] Retry 2/3 for model magicoder:7b-s-cl: timed out
2026-04-07 23:31:43 - root - WARNING - [WARN] Retry 2/3 for model magicoder:7b-s-cl: timed out
2026-04-07 23:32:48 - root - WARNING - [WARN] Retry 2/3 for model magicoder:7b-s-cl: timed out
2026-04-07 23:33:53 - root - WARNING - [WARN] Retry 2/3 for model magicoder:7b-s-cl: timed out
2026-04-07 23:34:58 - root - WARNING - [WARN] Retry 2/3 for model magicoder:7b-s-cl: timed out
2026-04-07 23:36:03 - root - WARNING - [WARN] Retry 2/3 for model magicoder:7b-s-cl: timed out
2026-04-07 23:37:08 - root - WARNING - [WARN] Retry 2/3 for model magicoder:7b-s-cl: timed out
2026-04-07 23:38:13 - root - WARNING - [WARN] Retry 2/3 for model magicoder:7b-s-cl: timed out
2026-04-07 23:39:18 - root - WARNING - [WARN] Retry 2/3 for model magicoder:7b-s-cl: timed out
2026-04-07 23:40:23 - root - WARNING - [WARN] Retry 2/3 for model magicoder:7b-s-cl: timed out
2026-04-07 23:41:28 - root - WARNING - [WARN] Retry 2/3 for model magicoder:7b-s-cl: timed out
2026-04-07 23:42:33 - root - WARNING - [WARN] Retry 2/3 for model magicoder:7b-s-cl: timed out
2026-04-07 23:43:38 - root - WARNING - [WARN] Retry 2/3 for model magicoder:7b-s-cl: timed out
2026-04-07 23:44:43 - root - WARNING - [WARN] Retry 2/3 for model magicoder:7b-s-cl: timed out
2026-04-07 23:45:48 - root - WARNING - [WARN] Retry 2/3 for model magicoder:7b-s-cl: timed out
2026-04-07 23:46:54 - root - WARNING - [WARN] Retry 2/3 for model magicoder:7b-s-cl: timed out
2026-04-07 23:47:59 - root - WARNING - [WARN] Retry 2/3 for model magicoder:7b-s-cl: timed out
2026-04-07 23:49:04 - root - WARNING - [WARN] Retry 2/3 for model magicoder:7b-s-cl: timed out
2026-04-07 23:50:09 - root - WARNING - [WARN] Retry 2/3 for model magicoder:7b-s-cl: timed out
2026-04-07 23:51:14 - root - WARNING - [WARN] Retry 2/3 for model magicoder:7b-s-cl: timed out
2026-04-07 23:52:19 - root - WARNING - [WARN] Retry 2/3 for model magicoder:7b-s-cl: timed out
2026-04-07 23:53:24 - root - WARNING - [WARN] Retry 2/3 for model magicoder:7b-s-cl: timed out
2026-04-07 23:54:29 - root - WARNING - [WARN] Retry 2/3 for model magicoder:7b-s-cl: timed out
2026-04-07 23:55:34 - root - WARNING - [WARN] Retry 2/3 for model magicoder:7b-s-cl: timed out
2026-04-07 23:56:39 - root - WARNING - [WARN] Retry 2/3 for model magicoder:7b-s-cl: timed out
2026-04-07 23:57:44 - root - WARNING - [WARN] Retry 2/3 for model magicoder:7b-s-cl: timed out
2026-04-07 23:58:49 - root - WARNING - [WARN] Retry 2/3 for model magicoder:7b-s-cl: timed out
2026-04-07 23:59:54 - root - WARNING - [WARN] Retry 2/3 for model magicoder:7b-s-cl: timed out
2026-04-08 00:00:59 - root - WARNING - [WARN] Retry 2/3 for model magicoder:7b-s-cl: timed out
2026-04-08 00:02:04 - root - WARNING - [WARN] Retry 2/3 for model magicoder:7b-s-cl: timed out
2026-04-08 00:03:10 - root - WARNING - [WARN] Retry 2/3 for model magicoder:7b-s-cl: timed out
2026-04-08 00:04:15 - root - WARNING - [WARN] Retry 2/3 for model magicoder:7b-s-cl: timed out
2026-04-08 00:05:20 - root - WARNING - [WARN] Retry 2/3 for model magicoder:7b-s-cl: timed out
2026-04-08 00:06:25 - root - WARNING - [WARN] Retry 2/3 for model magicoder:7b-s-cl: timed out
2026-04-08 00:07:30 - root - WARNING - [WARN] Retry 2/3 for model magicoder:7b-s-cl: timed out
2026-04-08 00:08:35 - root - WARNING - [WARN] Retry 2/3 for model magicoder:7b-s-cl: timed out
2026-04-08 00:09:40 - root - WARNING - [WARN] Retry 2/3 for model magicoder:7b-s-cl: timed out
2026-04-08 00:10:45 - root - WARNING - [WARN] Retry 2/3 for model magicoder:7b-s-cl: timed out
2026-04-08 00:11:50 - root - WARNING - [WARN] Retry 2/3 for model magicoder:7b-s-cl: timed out
2026-04-08 00:12:55 - root - WARNING - [WARN] Retry 2/3 for model magicoder:7b-s-cl: timed out
2026-04-08 00:14:00 - root - WARNING - [WARN] Retry 2/3 for model magicoder:7b-s-cl: timed out
2026-04-08 00:15:05 - root - WARNING - [WARN] Retry 2/3 for model magicoder:7b-s-cl: timed out
2026-04-08 00:16:10 - root - WARNING - [WARN] Retry 2/3 for model magicoder:7b-s-cl: timed out
2026-04-08 00:17:15 - root - WARNING - [WARN] Retry 2/3 for model magicoder:7b-s-cl: timed out
2026-04-08 00:18:20 - root - WARNING - [WARN] Retry 2/3 for model magicoder:7b-s-cl: timed out
2026-04-08 00:19:26 - root - WARNING - [WARN] Retry 2/3 for model magicoder:7b-s-cl: timed out
2026-04-08 00:20:31 - root - WARNING - [WARN] Retry 2/3 for model magicoder:7b-s-cl: timed out
2026-04-08 00:21:36 - root - WARNING - [WARN] Retry 2/3 for model magicoder:7b-s-cl: timed out
2026-04-08 00:22:41 - root - WARNING - [WARN] Retry 2/3 for model magicoder:7b-s-cl: timed out
2026-04-08 00:23:46 - root - WARNING - [WARN] Retry 2/3 for model magicoder:7b-s-cl: timed out
2026-04-08 00:24:51 - root - WARNING - [WARN] Retry 2/3 for model magicoder:7b-s-cl: timed out
2026-04-08 00:25:56 - root - WARNING - [WARN] Retry 2/3 for model magicoder:7b-s-cl: timed out
2026-04-08 00:27:01 - root - WARNING - [WARN] Retry 2/3 for model magicoder:7b-s-cl: timed out
2026-04-08 00:28:06 - root - WARNING - [WARN] Retry 2/3 for model magicoder:7b-s-cl: timed out
2026-04-08 00:29:11 - root - WARNING - [WARN] Retry 2/3 for model magicoder:7b-s-cl: timed out
2026-04-08 00:30:16 - root - WARNING - [WARN] Retry 2/3 for model magicoder:7b-s-cl: timed out
2026-04-08 00:31:21 - root - WARNING - [WARN] Retry 2/3 for model magicoder:7b-s-cl: timed out
2026-04-08 00:32:26 - root - WARNING - [WARN] Retry 2/3 for model magicoder:7b-s-cl: timed out
2026-04-08 00:33:31 - root - WARNING - [WARN] Retry 2/3 for model magicoder:7b-s-cl: timed out
2026-04-08 00:34:36 - root - WARNING - [WARN] Retry 2/3 for model magicoder:7b-s-cl: timed out
2026-04-08 00:35:41 - root - WARNING - [WARN] Retry 2/3 for model magicoder:7b-s-cl: timed out
2026-04-08 00:36:47 - root - WARNING - [WARN] Retry 2/3 for model magicoder:7b-s-cl: timed out
2026-04-08 00:37:52 - root - WARNING - [WARN] Retry 2/3 for model magicoder:7b-s-cl: timed out
2026-04-08 00:38:57 - root - WARNING - [WARN] Retry 2/3 for model magicoder:7b-s-cl: timed out
2026-04-08 00:40:02 - root - WARNING - [WARN] Retry 2/3 for model magicoder:7b-s-cl: timed out
2026-04-08 00:41:07 - root - WARNING - [WARN] Retry 2/3 for model magicoder:7b-s-cl: timed out
2026-04-08 00:42:12 - root - WARNING - [WARN] Retry 2/3 for model magicoder:7b-s-cl: timed out
2026-04-08 00:43:17 - root - WARNING - [WARN] Retry 2/3 for model magicoder:7b-s-cl: timed out
2026-04-08 00:44:22 - root - WARNING - [WARN] Retry 2/3 for model magicoder:7b-s-cl: timed out
2026-04-08 00:45:27 - root - WARNING - [WARN] Retry 2/3 for model magicoder:7b-s-cl: timed out
2026-04-08 00:46:32 - root - WARNING - [WARN] Retry 2/3 for model magicoder:7b-s-cl: timed out
2026-04-08 00:47:37 - root - WARNING - [WARN] Retry 2/3 for model magicoder:7b-s-cl: timed out
2026-04-08 00:48:42 - root - WARNING - [WARN] Retry 2/3 for model magicoder:7b-s-cl: timed out
2026-04-08 00:49:47 - root - WARNING - [WARN] Retry 2/3 for model magicoder:7b-s-cl: timed out
2026-04-08 00:50:52 - root - WARNING - [WARN] Retry 2/3 for model magicoder:7b-s-cl: timed out
2026-04-08 00:51:57 - root - WARNING - [WARN] Retry 2/3 for model magicoder:7b-s-cl: timed out
2026-04-08 00:53:03 - root - WARNING - [WARN] Retry 2/3 for model magicoder:7b-s-cl: timed out
2026-04-08 00:54:08 - root - WARNING - [WARN] Retry 2/3 for model magicoder:7b-s-cl: timed out
2026-04-08 00:55:13 - root - WARNING - [WARN] Retry 2/3 for model magicoder:7b-s-cl: timed out
2026-04-08 00:56:18 - root - WARNING - [WARN] Retry 2/3 for model magicoder:7b-s-cl: timed out
2026-04-08 00:57:23 - root - WARNING - [WARN] Retry 2/3 for model magicoder:7b-s-cl: timed out
2026-04-08 00:58:28 - root - WARNING - [WARN] Retry 2/3 for model magicoder:7b-s-cl: timed out
2026-04-08 00:59:33 - root - WARNING - [WARN] Retry 2/3 for model magicoder:7b-s-cl: timed out
2026-04-08 01:00:38 - root - WARNING - [WARN] Retry 2/3 for model magicoder:7b-s-cl: timed out
2026-04-08 01:01:43 - root - WARNING - [WARN] Retry 2/3 for model magicoder:7b-s-cl: timed out
2026-04-08 01:02:48 - root - WARNING - [WARN] Retry 2/3 for model magicoder:7b-s-cl: timed out
2026-04-08 01:03:53 - root - WARNING - [WARN] Retry 2/3 for model magicoder:7b-s-cl: timed out
2026-04-08 01:04:58 - root - WARNING - [WARN] Retry 2/3 for model magicoder:7b-s-cl: timed out
2026-04-08 01:06:03 - root - WARNING - [WARN] Retry 2/3 for model magicoder:7b-s-cl: timed out
2026-04-08 01:07:08 - root - WARNING - [WARN] Retry 2/3 for model magicoder:7b-s-cl: timed out
2026-04-08 01:08:13 - root - WARNING - [WARN] Retry 2/3 for model magicoder:7b-s-cl: timed out
2026-04-08 01:09:18 - root - WARNING - [WARN] Retry 2/3 for model magicoder:7b-s-cl: timed out
2026-04-08 01:10:24 - root - WARNING - [WARN] Retry 2/3 for model magicoder:7b-s-cl: timed out
2026-04-08 01:11:29 - root - WARNING - [WARN] Retry 2/3 for model magicoder:7b-s-cl: timed out
2026-04-08 01:12:34 - root - WARNING - [WARN] Retry 2/3 for model magicoder:7b-s-cl: timed out
2026-04-08 01:13:39 - root - WARNING - [WARN] Retry 2/3 for model magicoder:7b-s-cl: timed out
2026-04-08 01:14:44 - root - WARNING - [WARN] Retry 2/3 for model magicoder:7b-s-cl: timed out
2026-04-08 01:15:49 - root - WARNING - [WARN] Retry 2/3 for model magicoder:7b-s-cl: timed out
2026-04-08 01:16:54 - root - WARNING - [WARN] Retry 2/3 for model magicoder:7b-s-cl: timed out
2026-04-08 01:17:59 - root - WARNING - [WARN] Retry 2/3 for model magicoder:7b-s-cl: timed out
2026-04-08 01:19:04 - root - WARNING - [WARN] Retry 2/3 for model magicoder:7b-s-cl: timed out
2026-04-08 01:20:09 - root - WARNING - [WARN] Retry 2/3 for model magicoder:7b-s-cl: timed out
2026-04-08 01:21:14 - root - WARNING - [WARN] Retry 2/3 for model magicoder:7b-s-cl: timed out
2026-04-08 01:22:19 - root - WARNING - [WARN] Retry 2/3 for model magicoder:7b-s-cl: timed out
2026-04-08 01:23:24 - root - WARNING - [WARN] Retry 2/3 for model magicoder:7b-s-cl: timed out
2026-04-08 01:24:29 - root - WARNING - [WARN] Retry 2/3 for model magicoder:7b-s-cl: timed out
2026-04-08 01:25:34 - root - WARNING - [WARN] Retry 2/3 for model magicoder:7b-s-cl: timed out
2026-04-08 01:26:40 - root - WARNING - [WARN] Retry 2/3 for model magicoder:7b-s-cl: timed out
2026-04-08 01:27:45 - root - WARNING - [WARN] Retry 2/3 for model magicoder:7b-s-cl: timed out
2026-04-08 01:28:50 - root - WARNING - [WARN] Retry 2/3 for model magicoder:7b-s-cl: timed out
2026-04-08 01:29:55 - root - WARNING - [WARN] Retry 2/3 for model magicoder:7b-s-cl: timed out
2026-04-08 01:31:00 - root - WARNING - [WARN] Retry 2/3 for model magicoder:7b-s-cl: timed out
2026-04-08 01:32:05 - root - WARNING - [WARN] Retry 2/3 for model magicoder:7b-s-cl: timed out
2026-04-08 01:33:10 - root - WARNING - [WARN] Retry 2/3 for model magicoder:7b-s-cl: timed out
2026-04-08 01:34:15 - root - WARNING - [WARN] Retry 2/3 for model magicoder:7b-s-cl: timed out
2026-04-08 01:35:20 - root - WARNING - [WARN] Retry 2/3 for model magicoder:7b-s-cl: timed out
2026-04-08 01:36:25 - root - WARNING - [WARN] Retry 2/3 for model magicoder:7b-s-cl: timed out
2026-04-08 01:37:30 - root - WARNING - [WARN] Retry 2/3 for model magicoder:7b-s-cl: timed out
2026-04-08 01:38:35 - root - WARNING - [WARN] Retry 2/3 for model magicoder:7b-s-cl: timed out
2026-04-08 01:39:40 - root - WARNING - [WARN] Retry 2/3 for model magicoder:7b-s-cl: timed out
2026-04-08 01:40:45 - root - WARNING - [WARN] Retry 2/3 for model magicoder:7b-s-cl: timed out
2026-04-08 01:41:50 - root - WARNING - [WARN] Retry 2/3 for model magicoder:7b-s-cl: timed out
2026-04-08 01:42:56 - root - WARNING - [WARN] Retry 2/3 for model magicoder:7b-s-cl: timed out
2026-04-08 01:44:01 - root - WARNING - [WARN] Retry 2/3 for model magicoder:7b-s-cl: timed out
2026-04-08 01:45:06 - root - WARNING - [WARN] Retry 2/3 for model magicoder:7b-s-cl: timed out
2026-04-08 01:46:11 - root - WARNING - [WARN] Retry 2/3 for model magicoder:7b-s-cl: timed out
2026-04-08 01:47:16 - root - WARNING - [WARN] Retry 2/3 for model magicoder:7b-s-cl: timed out
2026-04-08 01:48:21 - root - WARNING - [WARN] Retry 2/3 for model magicoder:7b-s-cl: timed out
2026-04-08 01:49:26 - root - WARNING - [WARN] Retry 2/3 for model magicoder:7b-s-cl: timed out
2026-04-08 01:50:31 - root - WARNING - [WARN] Retry 2/3 for model magicoder:7b-s-cl: timed out
2026-04-08 01:51:36 - root - WARNING - [WARN] Retry 2/3 for model magicoder:7b-s-cl: timed out
2026-04-08 01:52:41 - root - WARNING - [WARN] Retry 2/3 for model magicoder:7b-s-cl: timed out
2026-04-08 01:53:46 - root - WARNING - [WARN] Retry 2/3 for model magicoder:7b-s-cl: timed out
2026-04-08 01:54:51 - root - WARNING - [WARN] Retry 2/3 for model magicoder:7b-s-cl: timed out
2026-04-08 01:55:56 - root - WARNING - [WARN] Retry 2/3 for model magicoder:7b-s-cl: timed out
2026-04-08 01:57:01 - root - WARNING - [WARN] Retry 2/3 for model magicoder:7b-s-cl: timed out
2026-04-08 01:58:06 - root - WARNING - [WARN] Retry 2/3 for model magicoder:7b-s-cl: timed out
2026-04-08 01:59:11 - root - WARNING - [WARN] Retry 2/3 for model magicoder:7b-s-cl: timed out
2026-04-08 02:00:17 - root - WARNING - [WARN] Retry 2/3 for model magicoder:7b-s-cl: timed out
2026-04-08 02:01:22 - root - WARNING - [WARN] Retry 2/3 for model magicoder:7b-s-cl: timed out
2026-04-08 02:02:27 - root - WARNING - [WARN] Retry 2/3 for model magicoder:7b-s-cl: timed out
2026-04-08 02:03:32 - root - WARNING - [WARN] Retry 2/3 for model magicoder:7b-s-cl: timed out
2026-04-08 02:04:37 - root - WARNING - [WARN] Retry 2/3 for model magicoder:7b-s-cl: timed out
2026-04-08 02:05:42 - root - WARNING - [WARN] Retry 2/3 for model magicoder:7b-s-cl: timed out
2026-04-08 02:06:47 - root - WARNING - [WARN] Retry 2/3 for model magicoder:7b-s-cl: timed out
2026-04-08 02:07:52 - root - WARNING - [WARN] Retry 2/3 for model magicoder:7b-s-cl: timed out
2026-04-08 02:08:57 - root - WARNING - [WARN] Retry 2/3 for model magicoder:7b-s-cl: timed out
2026-04-08 02:10:02 - root - WARNING - [WARN] Retry 2/3 for model magicoder:7b-s-cl: timed out
2026-04-08 02:11:07 - root - WARNING - [WARN] Retry 2/3 for model magicoder:7b-s-cl: timed out
2026-04-08 02:12:12 - root - WARNING - [WARN] Retry 2/3 for model magicoder:7b-s-cl: timed out
2026-04-08 02:13:17 - root - WARNING - [WARN] Retry 2/3 for model magicoder:7b-s-cl: timed out
2026-04-08 02:14:22 - root - WARNING - [WARN] Retry 2/3 for model magicoder:7b-s-cl: timed out
2026-04-08 02:15:27 - root - WARNING - [WARN] Retry 2/3 for model magicoder:7b-s-cl: timed out
2026-04-08 02:16:33 - root - WARNING - [WARN] Retry 2/3 for model magicoder:7b-s-cl: timed out
2026-04-08 02:17:38 - root - WARNING - [WARN] Retry 2/3 for model magicoder:7b-s-cl: timed out
2026-04-08 02:18:43 - root - WARNING - [WARN] Retry 2/3 for model magicoder:7b-s-cl: timed out
2026-04-08 02:19:48 - root - WARNING - [WARN] Retry 2/3 for model magicoder:7b-s-cl: timed out
2026-04-08 02:20:53 - root - WARNING - [WARN] Retry 2/3 for model magicoder:7b-s-cl: timed out
2026-04-08 02:20:58 - httpx - INFO - HTTP Request: POST http://127.0.0.1:11434/api/chat "HTTP/1.1 500 Internal Server Error"
2026-04-08 02:20:58 - root - WARNING - [WARN] Retry 2/3 for model magicoder:7b-s-cl: open /home/sahand.moslemi/.ollama/models/manifests/registry.ollama.ai/library/magicoder/7b-s-cl: permission denied (status code: 500)
2026-04-08 02:21:03 - httpx - INFO - HTTP Request: POST http://127.0.0.1:11434/api/chat "HTTP/1.1 500 Internal Server Error"
2026-04-08 02:21:03 - root - WARNING - [WARN] Retry 2/3 for model magicoder:7b-s-cl: open /home/sahand.moslemi/.ollama/models/manifests/registry.ollama.ai/library/magicoder/7b-s-cl: permission denied (status code: 500)
2026-04-08 02:21:08 - httpx - INFO - HTTP Request: POST http://127.0.0.1:11434/api/chat "HTTP/1.1 500 Internal Server Error"
2026-04-08 02:21:08 - root - WARNING - [WARN] Retry 2/3 for model magicoder:7b-s-cl: open /home/sahand.moslemi/.ollama/models/manifests/registry.ollama.ai/library/magicoder/7b-s-cl: permission denied (status code: 500)
2026-04-08 02:21:13 - httpx - INFO - HTTP Request: POST http://127.0.0.1:11434/api/chat "HTTP/1.1 500 Internal Server Error"
2026-04-08 02:21:13 - root - WARNING - [WARN] Retry 2/3 for model magicoder:7b-s-cl: open /home/sahand.moslemi/.ollama/models/manifests/registry.ollama.ai/library/magicoder/7b-s-cl: permission denied (status code: 500)
2026-04-08 02:21:18 - httpx - INFO - HTTP Request: POST http://127.0.0.1:11434/api/chat "HTTP/1.1 500 Internal Server Error"
2026-04-08 02:21:18 - root - WARNING - [WARN] Retry 2/3 for model magicoder:7b-s-cl: open /home/sahand.moslemi/.ollama/models/manifests/registry.ollama.ai/library/magicoder/7b-s-cl: permission denied (status code: 500)
2026-04-08 02:21:23 - httpx - INFO - HTTP Request: POST http://127.0.0.1:11434/api/chat "HTTP/1.1 500 Internal Server Error"
2026-04-08 02:21:23 - root - WARNING - [WARN] Retry 2/3 for model magicoder:7b-s-cl: open /home/sahand.moslemi/.ollama/models/manifests/registry.ollama.ai/library/magicoder/7b-s-cl: permission denied (status code: 500)
2026-04-08 02:21:28 - httpx - INFO - HTTP Request: POST http://127.0.0.1:11434/api/chat "HTTP/1.1 500 Internal Server Error"
2026-04-08 02:21:28 - root - WARNING - [WARN] Retry 2/3 for model magicoder:7b-s-cl: open /home/sahand.moslemi/.ollama/models/manifests/registry.ollama.ai/library/magicoder/7b-s-cl: permission denied (status code: 500)
2026-04-08 02:21:33 - httpx - INFO - HTTP Request: POST http://127.0.0.1:11434/api/chat "HTTP/1.1 500 Internal Server Error"
2026-04-08 02:21:33 - root - WARNING - [WARN] Retry 2/3 for model magicoder:7b-s-cl: open /home/sahand.moslemi/.ollama/models/manifests/registry.ollama.ai/library/magicoder/7b-s-cl: permission denied (status code: 500)
2026-04-08 02:21:38 - httpx - INFO - HTTP Request: POST http://127.0.0.1:11434/api/chat "HTTP/1.1 500 Internal Server Error"
2026-04-08 02:21:38 - root - WARNING - [WARN] Retry 2/3 for model magicoder:7b-s-cl: open /home/sahand.moslemi/.ollama/models/manifests/registry.ollama.ai/library/magicoder/7b-s-cl: permission denied (status code: 500)
2026-04-08 02:21:43 - httpx - INFO - HTTP Request: POST http://127.0.0.1:11434/api/chat "HTTP/1.1 500 Internal Server Error"
2026-04-08 02:21:43 - root - WARNING - [WARN] Retry 2/3 for model magicoder:7b-s-cl: open /home/sahand.moslemi/.ollama/models/manifests/registry.ollama.ai/library/magicoder/7b-s-cl: permission denied (status code: 500)
2026-04-08 02:21:48 - httpx - INFO - HTTP Request: POST http://127.0.0.1:11434/api/chat "HTTP/1.1 500 Internal Server Error"
2026-04-08 02:21:48 - root - WARNING - [WARN] Retry 2/3 for model magicoder:7b-s-cl: open /home/sahand.moslemi/.ollama/models/manifests/registry.ollama.ai/library/magicoder/7b-s-cl: permission denied (status code: 500)
2026-04-08 02:21:53 - httpx - INFO - HTTP Request: POST http://127.0.0.1:11434/api/chat "HTTP/1.1 500 Internal Server Error"
2026-04-08 02:21:53 - root - WARNING - [WARN] Retry 2/3 for model magicoder:7b-s-cl: open /home/sahand.moslemi/.ollama/models/manifests/registry.ollama.ai/library/magicoder/7b-s-cl: permission denied (status code: 500)
2026-04-08 02:21:58 - httpx - INFO - HTTP Request: POST http://127.0.0.1:11434/api/chat "HTTP/1.1 500 Internal Server Error"
2026-04-08 02:21:58 - root - WARNING - [WARN] Retry 2/3 for model magicoder:7b-s-cl: open /home/sahand.moslemi/.ollama/models/manifests/registry.ollama.ai/library/magicoder/7b-s-cl: permission denied (status code: 500)
2026-04-08 02:22:03 - httpx - INFO - HTTP Request: POST http://127.0.0.1:11434/api/chat "HTTP/1.1 500 Internal Server Error"
2026-04-08 02:22:03 - root - WARNING - [WARN] Retry 2/3 for model magicoder:7b-s-cl: open /home/sahand.moslemi/.ollama/models/manifests/registry.ollama.ai/library/magicoder/7b-s-cl: permission denied (status code: 500)
2026-04-08 02:22:08 - httpx - INFO - HTTP Request: POST http://127.0.0.1:11434/api/chat "HTTP/1.1 500 Internal Server Error"
2026-04-08 02:22:08 - root - WARNING - [WARN] Retry 2/3 for model magicoder:7b-s-cl: open /home/sahand.moslemi/.ollama/models/manifests/registry.ollama.ai/library/magicoder/7b-s-cl: permission denied (status code: 500)
2026-04-08 02:22:13 - httpx - INFO - HTTP Request: POST http://127.0.0.1:11434/api/chat "HTTP/1.1 500 Internal Server Error"
2026-04-08 02:22:13 - root - WARNING - [WARN] Retry 2/3 for model magicoder:7b-s-cl: open /home/sahand.moslemi/.ollama/models/manifests/registry.ollama.ai/library/magicoder/7b-s-cl: permission denied (status code: 500)
2026-04-08 02:22:18 - httpx - INFO - HTTP Request: POST http://127.0.0.1:11434/api/chat "HTTP/1.1 500 Internal Server Error"
2026-04-08 02:22:18 - root - WARNING - [WARN] Retry 2/3 for model magicoder:7b-s-cl: open /home/sahand.moslemi/.ollama/models/manifests/registry.ollama.ai/library/magicoder/7b-s-cl: permission denied (status code: 500)
2026-04-08 02:22:23 - httpx - INFO - HTTP Request: POST http://127.0.0.1:11434/api/chat "HTTP/1.1 500 Internal Server Error"
2026-04-08 02:22:23 - root - WARNING - [WARN] Retry 2/3 for model magicoder:7b-s-cl: open /home/sahand.moslemi/.ollama/models/manifests/registry.ollama.ai/library/magicoder/7b-s-cl: permission denied (status code: 500)
2026-04-08 02:22:28 - httpx - INFO - HTTP Request: POST http://127.0.0.1:11434/api/chat "HTTP/1.1 500 Internal Server Error"
2026-04-08 02:22:28 - root - WARNING - [WARN] Retry 2/3 for model magicoder:7b-s-cl: open /home/sahand.moslemi/.ollama/models/manifests/registry.ollama.ai/library/magicoder/7b-s-cl: permission denied (status code: 500)
2026-04-08 02:22:33 - httpx - INFO - HTTP Request: POST http://127.0.0.1:11434/api/chat "HTTP/1.1 500 Internal Server Error"
2026-04-08 02:22:33 - root - WARNING - [WARN] Retry 2/3 for model magicoder:7b-s-cl: open /home/sahand.moslemi/.ollama/models/manifests/registry.ollama.ai/library/magicoder/7b-s-cl: permission denied (status code: 500)
2026-04-08 02:22:38 - httpx - INFO - HTTP Request: POST http://127.0.0.1:11434/api/chat "HTTP/1.1 500 Internal Server Error"
2026-04-08 02:22:38 - root - WARNING - [WARN] Retry 2/3 for model magicoder:7b-s-cl: open /home/sahand.moslemi/.ollama/models/manifests/registry.ollama.ai/library/magicoder/7b-s-cl: permission denied (status code: 500)
2026-04-08 02:22:43 - httpx - INFO - HTTP Request: POST http://127.0.0.1:11434/api/chat "HTTP/1.1 500 Internal Server Error"
2026-04-08 02:22:43 - root - WARNING - [WARN] Retry 2/3 for model magicoder:7b-s-cl: open /home/sahand.moslemi/.ollama/models/manifests/registry.ollama.ai/library/magicoder/7b-s-cl: permission denied (status code: 500)
2026-04-08 02:22:48 - httpx - INFO - HTTP Request: POST http://127.0.0.1:11434/api/chat "HTTP/1.1 500 Internal Server Error"
2026-04-08 02:22:48 - root - WARNING - [WARN] Retry 2/3 for model magicoder:7b-s-cl: open /home/sahand.moslemi/.ollama/models/manifests/registry.ollama.ai/library/magicoder/7b-s-cl: permission denied (status code: 500)
2026-04-08 02:22:53 - httpx - INFO - HTTP Request: POST http://127.0.0.1:11434/api/chat "HTTP/1.1 500 Internal Server Error"
2026-04-08 02:22:53 - root - WARNING - [WARN] Retry 2/3 for model magicoder:7b-s-cl: open /home/sahand.moslemi/.ollama/models/manifests/registry.ollama.ai/library/magicoder/7b-s-cl: permission denied (status code: 500)
2026-04-08 02:22:58 - httpx - INFO - HTTP Request: POST http://127.0.0.1:11434/api/chat "HTTP/1.1 500 Internal Server Error"
2026-04-08 02:22:58 - root - WARNING - [WARN] Retry 2/3 for model magicoder:7b-s-cl: open /home/sahand.moslemi/.ollama/models/manifests/registry.ollama.ai/library/magicoder/7b-s-cl: permission denied (status code: 500)
2026-04-08 02:23:03 - httpx - INFO - HTTP Request: POST http://127.0.0.1:11434/api/chat "HTTP/1.1 500 Internal Server Error"
2026-04-08 02:23:03 - root - WARNING - [WARN] Retry 2/3 for model magicoder:7b-s-cl: open /home/sahand.moslemi/.ollama/models/manifests/registry.ollama.ai/library/magicoder/7b-s-cl: permission denied (status code: 500)
2026-04-08 02:23:08 - httpx - INFO - HTTP Request: POST http://127.0.0.1:11434/api/chat "HTTP/1.1 500 Internal Server Error"
2026-04-08 02:23:08 - root - WARNING - [WARN] Retry 2/3 for model magicoder:7b-s-cl: open /home/sahand.moslemi/.ollama/models/manifests/registry.ollama.ai/library/magicoder/7b-s-cl: permission denied (status code: 500)
2026-04-08 02:23:13 - httpx - INFO - HTTP Request: POST http://127.0.0.1:11434/api/chat "HTTP/1.1 500 Internal Server Error"
2026-04-08 02:23:13 - root - WARNING - [WARN] Retry 2/3 for model magicoder:7b-s-cl: open /home/sahand.moslemi/.ollama/models/manifests/registry.ollama.ai/library/magicoder/7b-s-cl: permission denied (status code: 500)
2026-04-08 02:23:18 - httpx - INFO - HTTP Request: POST http://127.0.0.1:11434/api/chat "HTTP/1.1 500 Internal Server Error"
2026-04-08 02:23:18 - root - WARNING - [WARN] Retry 2/3 for model magicoder:7b-s-cl: open /home/sahand.moslemi/.ollama/models/manifests/registry.ollama.ai/library/magicoder/7b-s-cl: permission denied (status code: 500)
2026-04-08 02:23:23 - httpx - INFO - HTTP Request: POST http://127.0.0.1:11434/api/chat "HTTP/1.1 500 Internal Server Error"
2026-04-08 02:23:23 - root - WARNING - [WARN] Retry 2/3 for model magicoder:7b-s-cl: open /home/sahand.moslemi/.ollama/models/manifests/registry.ollama.ai/library/magicoder/7b-s-cl: permission denied (status code: 500)
2026-04-08 02:23:28 - httpx - INFO - HTTP Request: POST http://127.0.0.1:11434/api/chat "HTTP/1.1 500 Internal Server Error"
2026-04-08 02:23:28 - root - WARNING - [WARN] Retry 2/3 for model magicoder:7b-s-cl: mkdir /home/sahand.moslemi/.ollama/models: permission denied: ensure path elements are traversable (status code: 500)
2026-04-08 02:23:33 - httpx - INFO - HTTP Request: POST http://127.0.0.1:11434/api/chat "HTTP/1.1 500 Internal Server Error"
2026-04-08 02:23:33 - root - WARNING - [WARN] Retry 2/3 for model magicoder:7b-s-cl: mkdir /home/sahand.moslemi/.ollama/models: permission denied: ensure path elements are traversable (status code: 500)
2026-04-08 02:23:38 - httpx - INFO - HTTP Request: POST http://127.0.0.1:11434/api/chat "HTTP/1.1 500 Internal Server Error"
2026-04-08 02:23:38 - root - WARNING - [WARN] Retry 2/3 for model magicoder:7b-s-cl: mkdir /home/sahand.moslemi/.ollama/models: permission denied: ensure path elements are traversable (status code: 500)
2026-04-08 02:23:43 - httpx - INFO - HTTP Request: POST http://127.0.0.1:11434/api/chat "HTTP/1.1 500 Internal Server Error"
2026-04-08 02:23:43 - root - WARNING - [WARN] Retry 2/3 for model magicoder:7b-s-cl: mkdir /home/sahand.moslemi/.ollama/models: permission denied: ensure path elements are traversable (status code: 500)
2026-04-08 02:23:48 - httpx - INFO - HTTP Request: POST http://127.0.0.1:11434/api/chat "HTTP/1.1 500 Internal Server Error"
2026-04-08 02:23:48 - root - WARNING - [WARN] Retry 2/3 for model magicoder:7b-s-cl: mkdir /home/sahand.moslemi/.ollama/models: permission denied: ensure path elements are traversable (status code: 500)
2026-04-08 02:23:53 - httpx - INFO - HTTP Request: POST http://127.0.0.1:11434/api/chat "HTTP/1.1 500 Internal Server Error"
2026-04-08 02:23:53 - root - WARNING - [WARN] Retry 2/3 for model magicoder:7b-s-cl: mkdir /home/sahand.moslemi/.ollama/models: permission denied: ensure path elements are traversable (status code: 500)
2026-04-08 02:23:58 - httpx - INFO - HTTP Request: POST http://127.0.0.1:11434/api/chat "HTTP/1.1 500 Internal Server Error"
2026-04-08 02:23:58 - root - WARNING - [WARN] Retry 2/3 for model magicoder:7b-s-cl: mkdir /home/sahand.moslemi/.ollama/models: permission denied: ensure path elements are traversable (status code: 500)
2026-04-08 02:24:03 - httpx - INFO - HTTP Request: POST http://127.0.0.1:11434/api/chat "HTTP/1.1 500 Internal Server Error"
2026-04-08 02:24:03 - root - WARNING - [WARN] Retry 2/3 for model magicoder:7b-s-cl: mkdir /home/sahand.moslemi/.ollama/models: permission denied: ensure path elements are traversable (status code: 500)
2026-04-08 02:24:08 - httpx - INFO - HTTP Request: POST http://127.0.0.1:11434/api/chat "HTTP/1.1 500 Internal Server Error"
2026-04-08 02:24:08 - root - WARNING - [WARN] Retry 2/3 for model magicoder:7b-s-cl: mkdir /home/sahand.moslemi/.ollama/models: permission denied: ensure path elements are traversable (status code: 500)
2026-04-08 02:24:13 - httpx - INFO - HTTP Request: POST http://127.0.0.1:11434/api/chat "HTTP/1.1 500 Internal Server Error"
2026-04-08 02:24:13 - root - WARNING - [WARN] Retry 2/3 for model magicoder:7b-s-cl: mkdir /home/sahand.moslemi/.ollama/models: permission denied: ensure path elements are traversable (status code: 500)
2026-04-08 02:24:18 - httpx - INFO - HTTP Request: POST http://127.0.0.1:11434/api/chat "HTTP/1.1 500 Internal Server Error"
2026-04-08 02:24:18 - root - WARNING - [WARN] Retry 2/3 for model magicoder:7b-s-cl: mkdir /home/sahand.moslemi/.ollama/models: permission denied: ensure path elements are traversable (status code: 500)
2026-04-08 02:24:23 - httpx - INFO - HTTP Request: POST http://127.0.0.1:11434/api/chat "HTTP/1.1 500 Internal Server Error"
2026-04-08 02:24:23 - root - WARNING - [WARN] Retry 2/3 for model magicoder:7b-s-cl: mkdir /home/sahand.moslemi/.ollama/models: permission denied: ensure path elements are traversable (status code: 500)
2026-04-08 02:24:28 - httpx - INFO - HTTP Request: POST http://127.0.0.1:11434/api/chat "HTTP/1.1 500 Internal Server Error"
2026-04-08 02:24:28 - root - WARNING - [WARN] Retry 2/3 for model magicoder:7b-s-cl: mkdir /home/sahand.moslemi/.ollama/models: permission denied: ensure path elements are traversable (status code: 500)
2026-04-08 02:24:33 - httpx - INFO - HTTP Request: POST http://127.0.0.1:11434/api/chat "HTTP/1.1 500 Internal Server Error"
2026-04-08 02:24:33 - root - WARNING - [WARN] Retry 2/3 for model magicoder:7b-s-cl: mkdir /home/sahand.moslemi/.ollama/models: permission denied: ensure path elements are traversable (status code: 500)
2026-04-08 02:24:38 - httpx - INFO - HTTP Request: POST http://127.0.0.1:11434/api/chat "HTTP/1.1 500 Internal Server Error"
2026-04-08 02:24:38 - root - WARNING - [WARN] Retry 2/3 for model magicoder:7b-s-cl: mkdir /home/sahand.moslemi/.ollama/models: permission denied: ensure path elements are traversable (status code: 500)
2026-04-08 02:24:43 - httpx - INFO - HTTP Request: POST http://127.0.0.1:11434/api/chat "HTTP/1.1 500 Internal Server Error"
2026-04-08 02:24:43 - root - WARNING - [WARN] Retry 2/3 for model magicoder:7b-s-cl: mkdir /home/sahand.moslemi/.ollama/models: permission denied: ensure path elements are traversable (status code: 500)
2026-04-08 02:24:48 - httpx - INFO - HTTP Request: POST http://127.0.0.1:11434/api/chat "HTTP/1.1 500 Internal Server Error"
2026-04-08 02:24:48 - root - WARNING - [WARN] Retry 2/3 for model magicoder:7b-s-cl: mkdir /home/sahand.moslemi/.ollama/models: permission denied: ensure path elements are traversable (status code: 500)
2026-04-08 02:24:53 - httpx - INFO - HTTP Request: POST http://127.0.0.1:11434/api/chat "HTTP/1.1 500 Internal Server Error"
2026-04-08 02:24:53 - root - WARNING - [WARN] Retry 2/3 for model magicoder:7b-s-cl: mkdir /home/sahand.moslemi/.ollama/models: permission denied: ensure path elements are traversable (status code: 500)
2026-04-08 02:24:58 - httpx - INFO - HTTP Request: POST http://127.0.0.1:11434/api/chat "HTTP/1.1 500 Internal Server Error"
2026-04-08 02:24:58 - root - WARNING - [WARN] Retry 2/3 for model magicoder:7b-s-cl: mkdir /home/sahand.moslemi/.ollama/models: permission denied: ensure path elements are traversable (status code: 500)
2026-04-08 02:25:03 - httpx - INFO - HTTP Request: POST http://127.0.0.1:11434/api/chat "HTTP/1.1 500 Internal Server Error"
2026-04-08 02:25:03 - root - WARNING - [WARN] Retry 2/3 for model magicoder:7b-s-cl: mkdir /home/sahand.moslemi/.ollama/models: permission denied: ensure path elements are traversable (status code: 500)
2026-04-08 02:25:08 - httpx - INFO - HTTP Request: POST http://127.0.0.1:11434/api/chat "HTTP/1.1 500 Internal Server Error"
2026-04-08 02:25:08 - root - WARNING - [WARN] Retry 2/3 for model magicoder:7b-s-cl: mkdir /home/sahand.moslemi/.ollama/models: permission denied: ensure path elements are traversable (status code: 500)
2026-04-08 02:25:13 - httpx - INFO - HTTP Request: POST http://127.0.0.1:11434/api/chat "HTTP/1.1 500 Internal Server Error"
2026-04-08 02:25:13 - root - WARNING - [WARN] Retry 2/3 for model magicoder:7b-s-cl: mkdir /home/sahand.moslemi/.ollama/models: permission denied: ensure path elements are traversable (status code: 500)
2026-04-08 02:25:18 - httpx - INFO - HTTP Request: POST http://127.0.0.1:11434/api/chat "HTTP/1.1 500 Internal Server Error"
2026-04-08 02:25:18 - root - WARNING - [WARN] Retry 2/3 for model magicoder:7b-s-cl: mkdir /home/sahand.moslemi/.ollama/models: permission denied: ensure path elements are traversable (status code: 500)
2026-04-08 02:25:23 - httpx - INFO - HTTP Request: POST http://127.0.0.1:11434/api/chat "HTTP/1.1 500 Internal Server Error"
2026-04-08 02:25:23 - root - WARNING - [WARN] Retry 2/3 for model magicoder:7b-s-cl: mkdir /home/sahand.moslemi/.ollama/models: permission denied: ensure path elements are traversable (status code: 500)
2026-04-08 02:25:28 - httpx - INFO - HTTP Request: POST http://127.0.0.1:11434/api/chat "HTTP/1.1 500 Internal Server Error"
2026-04-08 02:25:28 - root - WARNING - [WARN] Retry 2/3 for model magicoder:7b-s-cl: mkdir /home/sahand.moslemi/.ollama/models: permission denied: ensure path elements are traversable (status code: 500)
2026-04-08 02:25:33 - httpx - INFO - HTTP Request: POST http://127.0.0.1:11434/api/chat "HTTP/1.1 500 Internal Server Error"
2026-04-08 02:25:33 - root - WARNING - [WARN] Retry 2/3 for model magicoder:7b-s-cl: mkdir /home/sahand.moslemi/.ollama/models: permission denied: ensure path elements are traversable (status code: 500)
2026-04-08 02:25:38 - httpx - INFO - HTTP Request: POST http://127.0.0.1:11434/api/chat "HTTP/1.1 500 Internal Server Error"
2026-04-08 02:25:38 - root - WARNING - [WARN] Retry 2/3 for model magicoder:7b-s-cl: mkdir /home/sahand.moslemi/.ollama/models: permission denied: ensure path elements are traversable (status code: 500)
2026-04-08 02:25:43 - httpx - INFO - HTTP Request: POST http://127.0.0.1:11434/api/chat "HTTP/1.1 500 Internal Server Error"
2026-04-08 02:25:43 - root - WARNING - [WARN] Retry 2/3 for model magicoder:7b-s-cl: mkdir /home/sahand.moslemi/.ollama/models: permission denied: ensure path elements are traversable (status code: 500)
2026-04-08 02:25:48 - httpx - INFO - HTTP Request: POST http://127.0.0.1:11434/api/chat "HTTP/1.1 500 Internal Server Error"
2026-04-08 02:25:48 - root - WARNING - [WARN] Retry 2/3 for model magicoder:7b-s-cl: mkdir /home/sahand.moslemi/.ollama/models: permission denied: ensure path elements are traversable (status code: 500)
2026-04-08 02:25:53 - httpx - INFO - HTTP Request: POST http://127.0.0.1:11434/api/chat "HTTP/1.1 500 Internal Server Error"
2026-04-08 02:25:53 - root - WARNING - [WARN] Retry 2/3 for model magicoder:7b-s-cl: mkdir /home/sahand.moslemi/.ollama/models: permission denied: ensure path elements are traversable (status code: 500)
2026-04-08 02:25:58 - httpx - INFO - HTTP Request: POST http://127.0.0.1:11434/api/chat "HTTP/1.1 500 Internal Server Error"
2026-04-08 02:25:58 - root - WARNING - [WARN] Retry 2/3 for model magicoder:7b-s-cl: mkdir /home/sahand.moslemi/.ollama/models: permission denied: ensure path elements are traversable (status code: 500)
2026-04-08 02:26:03 - httpx - INFO - HTTP Request: POST http://127.0.0.1:11434/api/chat "HTTP/1.1 500 Internal Server Error"
2026-04-08 02:26:03 - root - WARNING - [WARN] Retry 2/3 for model magicoder:7b-s-cl: mkdir /home/sahand.moslemi/.ollama/models: permission denied: ensure path elements are traversable (status code: 500)
2026-04-08 02:26:08 - httpx - INFO - HTTP Request: POST http://127.0.0.1:11434/api/chat "HTTP/1.1 500 Internal Server Error"
2026-04-08 02:26:08 - root - WARNING - [WARN] Retry 2/3 for model magicoder:7b-s-cl: mkdir /home/sahand.moslemi/.ollama/models: permission denied: ensure path elements are traversable (status code: 500)
2026-04-08 02:26:13 - httpx - INFO - HTTP Request: POST http://127.0.0.1:11434/api/chat "HTTP/1.1 500 Internal Server Error"
2026-04-08 02:26:13 - root - WARNING - [WARN] Retry 2/3 for model magicoder:7b-s-cl: mkdir /home/sahand.moslemi/.ollama/models: permission denied: ensure path elements are traversable (status code: 500)
2026-04-08 02:26:18 - httpx - INFO - HTTP Request: POST http://127.0.0.1:11434/api/chat "HTTP/1.1 500 Internal Server Error"
2026-04-08 02:26:18 - root - WARNING - [WARN] Retry 2/3 for model magicoder:7b-s-cl: mkdir /home/sahand.moslemi/.ollama/models: permission denied: ensure path elements are traversable (status code: 500)
2026-04-08 02:26:23 - httpx - INFO - HTTP Request: POST http://127.0.0.1:11434/api/chat "HTTP/1.1 500 Internal Server Error"
2026-04-08 02:26:23 - root - WARNING - [WARN] Retry 2/3 for model magicoder:7b-s-cl: mkdir /home/sahand.moslemi/.ollama/models: permission denied: ensure path elements are traversable (status code: 500)
2026-04-08 02:26:28 - httpx - INFO - HTTP Request: POST http://127.0.0.1:11434/api/chat "HTTP/1.1 500 Internal Server Error"
2026-04-08 02:26:28 - root - WARNING - [WARN] Retry 2/3 for model magicoder:7b-s-cl: mkdir /home/sahand.moslemi/.ollama/models: permission denied: ensure path elements are traversable (status code: 500)
2026-04-08 02:26:33 - httpx - INFO - HTTP Request: POST http://127.0.0.1:11434/api/chat "HTTP/1.1 500 Internal Server Error"
2026-04-08 02:26:33 - root - WARNING - [WARN] Retry 2/3 for model magicoder:7b-s-cl: mkdir /home/sahand.moslemi/.ollama/models: permission denied: ensure path elements are traversable (status code: 500)
2026-04-08 02:26:38 - httpx - INFO - HTTP Request: POST http://127.0.0.1:11434/api/chat "HTTP/1.1 500 Internal Server Error"
2026-04-08 02:26:38 - root - WARNING - [WARN] Retry 2/3 for model magicoder:7b-s-cl: mkdir /home/sahand.moslemi/.ollama/models: permission denied: ensure path elements are traversable (status code: 500)
2026-04-08 02:26:43 - httpx - INFO - HTTP Request: POST http://127.0.0.1:11434/api/chat "HTTP/1.1 500 Internal Server Error"
2026-04-08 02:26:43 - root - WARNING - [WARN] Retry 2/3 for model magicoder:7b-s-cl: mkdir /home/sahand.moslemi/.ollama/models: permission denied: ensure path elements are traversable (status code: 500)
2026-04-08 02:26:48 - httpx - INFO - HTTP Request: POST http://127.0.0.1:11434/api/chat "HTTP/1.1 500 Internal Server Error"
2026-04-08 02:26:48 - root - WARNING - [WARN] Retry 2/3 for model magicoder:7b-s-cl: mkdir /home/sahand.moslemi/.ollama/models: permission denied: ensure path elements are traversable (status code: 500)
2026-04-08 02:26:53 - httpx - INFO - HTTP Request: POST http://127.0.0.1:11434/api/chat "HTTP/1.1 500 Internal Server Error"
2026-04-08 02:26:53 - root - WARNING - [WARN] Retry 2/3 for model magicoder:7b-s-cl: mkdir /home/sahand.moslemi/.ollama/models: permission denied: ensure path elements are traversable (status code: 500)
2026-04-08 02:26:58 - httpx - INFO - HTTP Request: POST http://127.0.0.1:11434/api/chat "HTTP/1.1 500 Internal Server Error"
2026-04-08 02:26:58 - root - WARNING - [WARN] Retry 2/3 for model magicoder:7b-s-cl: mkdir /home/sahand.moslemi/.ollama/models: permission denied: ensure path elements are traversable (status code: 500)
2026-04-08 02:27:03 - httpx - INFO - HTTP Request: POST http://127.0.0.1:11434/api/chat "HTTP/1.1 500 Internal Server Error"
2026-04-08 02:27:04 - root - WARNING - [WARN] Retry 2/3 for model magicoder:7b-s-cl: mkdir /home/sahand.moslemi/.ollama/models: permission denied: ensure path elements are traversable (status code: 500)
2026-04-08 02:27:09 - httpx - INFO - HTTP Request: POST http://127.0.0.1:11434/api/chat "HTTP/1.1 500 Internal Server Error"
2026-04-08 02:27:09 - root - WARNING - [WARN] Retry 2/3 for model magicoder:7b-s-cl: open /home/sahand.moslemi/.ollama/models/manifests/registry.ollama.ai/library/magicoder/7b-s-cl: permission denied (status code: 500)
2026-04-08 02:27:14 - httpx - INFO - HTTP Request: POST http://127.0.0.1:11434/api/chat "HTTP/1.1 500 Internal Server Error"
2026-04-08 02:27:14 - root - WARNING - [WARN] Retry 2/3 for model magicoder:7b-s-cl: open /home/sahand.moslemi/.ollama/models/manifests/registry.ollama.ai/library/magicoder/7b-s-cl: permission denied (status code: 500)
2026-04-08 02:27:19 - httpx - INFO - HTTP Request: POST http://127.0.0.1:11434/api/chat "HTTP/1.1 500 Internal Server Error"
2026-04-08 02:27:19 - root - WARNING - [WARN] Retry 2/3 for model magicoder:7b-s-cl: open /home/sahand.moslemi/.ollama/models/manifests/registry.ollama.ai/library/magicoder/7b-s-cl: permission denied (status code: 500)
2026-04-08 02:27:24 - httpx - INFO - HTTP Request: POST http://127.0.0.1:11434/api/chat "HTTP/1.1 500 Internal Server Error"
2026-04-08 02:27:24 - root - WARNING - [WARN] Retry 2/3 for model magicoder:7b-s-cl: open /home/sahand.moslemi/.ollama/models/manifests/registry.ollama.ai/library/magicoder/7b-s-cl: permission denied (status code: 500)
2026-04-08 02:27:29 - httpx - INFO - HTTP Request: POST http://127.0.0.1:11434/api/chat "HTTP/1.1 500 Internal Server Error"
2026-04-08 02:27:29 - root - WARNING - [WARN] Retry 2/3 for model magicoder:7b-s-cl: open /home/sahand.moslemi/.ollama/models/manifests/registry.ollama.ai/library/magicoder/7b-s-cl: permission denied (status code: 500)
2026-04-08 02:27:34 - httpx - INFO - HTTP Request: POST http://127.0.0.1:11434/api/chat "HTTP/1.1 500 Internal Server Error"
2026-04-08 02:27:34 - root - WARNING - [WARN] Retry 2/3 for model magicoder:7b-s-cl: open /home/sahand.moslemi/.ollama/models/manifests/registry.ollama.ai/library/magicoder/7b-s-cl: permission denied (status code: 500)
2026-04-08 02:27:39 - httpx - INFO - HTTP Request: POST http://127.0.0.1:11434/api/chat "HTTP/1.1 500 Internal Server Error"
2026-04-08 02:27:39 - root - WARNING - [WARN] Retry 2/3 for model magicoder:7b-s-cl: open /home/sahand.moslemi/.ollama/models/manifests/registry.ollama.ai/library/magicoder/7b-s-cl: permission denied (status code: 500)
2026-04-08 02:27:44 - httpx - INFO - HTTP Request: POST http://127.0.0.1:11434/api/chat "HTTP/1.1 500 Internal Server Error"
2026-04-08 02:27:44 - root - WARNING - [WARN] Retry 2/3 for model magicoder:7b-s-cl: open /home/sahand.moslemi/.ollama/models/manifests/registry.ollama.ai/library/magicoder/7b-s-cl: permission denied (status code: 500)
2026-04-08 02:27:49 - httpx - INFO - HTTP Request: POST http://127.0.0.1:11434/api/chat "HTTP/1.1 500 Internal Server Error"
2026-04-08 02:27:49 - root - WARNING - [WARN] Retry 2/3 for model magicoder:7b-s-cl: open /home/sahand.moslemi/.ollama/models/manifests/registry.ollama.ai/library/magicoder/7b-s-cl: permission denied (status code: 500)
2026-04-08 02:27:54 - httpx - INFO - HTTP Request: POST http://127.0.0.1:11434/api/chat "HTTP/1.1 500 Internal Server Error"
2026-04-08 02:27:54 - root - WARNING - [WARN] Retry 2/3 for model magicoder:7b-s-cl: open /home/sahand.moslemi/.ollama/models/manifests/registry.ollama.ai/library/magicoder/7b-s-cl: permission denied (status code: 500)
2026-04-08 02:27:59 - httpx - INFO - HTTP Request: POST http://127.0.0.1:11434/api/chat "HTTP/1.1 500 Internal Server Error"
2026-04-08 02:27:59 - root - WARNING - [WARN] Retry 2/3 for model magicoder:7b-s-cl: open /home/sahand.moslemi/.ollama/models/manifests/registry.ollama.ai/library/magicoder/7b-s-cl: permission denied (status code: 500)
2026-04-08 02:28:04 - httpx - INFO - HTTP Request: POST http://127.0.0.1:11434/api/chat "HTTP/1.1 500 Internal Server Error"
2026-04-08 02:28:04 - root - WARNING - [WARN] Retry 2/3 for model magicoder:7b-s-cl: open /home/sahand.moslemi/.ollama/models/manifests/registry.ollama.ai/library/magicoder/7b-s-cl: permission denied (status code: 500)
2026-04-08 02:28:09 - httpx - INFO - HTTP Request: POST http://127.0.0.1:11434/api/chat "HTTP/1.1 500 Internal Server Error"
2026-04-08 02:28:09 - root - WARNING - [WARN] Retry 2/3 for model magicoder:7b-s-cl: open /home/sahand.moslemi/.ollama/models/manifests/registry.ollama.ai/library/magicoder/7b-s-cl: permission denied (status code: 500)
2026-04-08 02:28:14 - httpx - INFO - HTTP Request: POST http://127.0.0.1:11434/api/chat "HTTP/1.1 500 Internal Server Error"
2026-04-08 02:28:14 - root - WARNING - [WARN] Retry 2/3 for model magicoder:7b-s-cl: open /home/sahand.moslemi/.ollama/models/manifests/registry.ollama.ai/library/magicoder/7b-s-cl: permission denied (status code: 500)
2026-04-08 02:28:19 - httpx - INFO - HTTP Request: POST http://127.0.0.1:11434/api/chat "HTTP/1.1 500 Internal Server Error"
2026-04-08 02:28:19 - root - WARNING - [WARN] Retry 2/3 for model magicoder:7b-s-cl: open /home/sahand.moslemi/.ollama/models/manifests/registry.ollama.ai/library/magicoder/7b-s-cl: permission denied (status code: 500)
2026-04-08 02:28:24 - httpx - INFO - HTTP Request: POST http://127.0.0.1:11434/api/chat "HTTP/1.1 500 Internal Server Error"
2026-04-08 02:28:24 - root - WARNING - [WARN] Retry 2/3 for model magicoder:7b-s-cl: open /home/sahand.moslemi/.ollama/models/manifests/registry.ollama.ai/library/magicoder/7b-s-cl: permission denied (status code: 500)
2026-04-08 02:28:29 - httpx - INFO - HTTP Request: POST http://127.0.0.1:11434/api/chat "HTTP/1.1 500 Internal Server Error"
2026-04-08 02:28:29 - root - WARNING - [WARN] Retry 2/3 for model magicoder:7b-s-cl: open /home/sahand.moslemi/.ollama/models/manifests/registry.ollama.ai/library/magicoder/7b-s-cl: permission denied (status code: 500)
2026-04-08 02:28:34 - httpx - INFO - HTTP Request: POST http://127.0.0.1:11434/api/chat "HTTP/1.1 500 Internal Server Error"
2026-04-08 02:28:34 - root - WARNING - [WARN] Retry 2/3 for model magicoder:7b-s-cl: open /home/sahand.moslemi/.ollama/models/manifests/registry.ollama.ai/library/magicoder/7b-s-cl: permission denied (status code: 500)
2026-04-08 02:28:39 - httpx - INFO - HTTP Request: POST http://127.0.0.1:11434/api/chat "HTTP/1.1 500 Internal Server Error"
2026-04-08 02:28:39 - root - WARNING - [WARN] Retry 2/3 for model magicoder:7b-s-cl: open /home/sahand.moslemi/.ollama/models/manifests/registry.ollama.ai/library/magicoder/7b-s-cl: permission denied (status code: 500)
2026-04-08 02:28:44 - httpx - INFO - HTTP Request: POST http://127.0.0.1:11434/api/chat "HTTP/1.1 500 Internal Server Error"
2026-04-08 02:28:44 - root - WARNING - [WARN] Retry 2/3 for model magicoder:7b-s-cl: open /home/sahand.moslemi/.ollama/models/manifests/registry.ollama.ai/library/magicoder/7b-s-cl: permission denied (status code: 500)
2026-04-08 02:28:49 - httpx - INFO - HTTP Request: POST http://127.0.0.1:11434/api/chat "HTTP/1.1 500 Internal Server Error"
2026-04-08 02:28:49 - root - WARNING - [WARN] Retry 2/3 for model magicoder:7b-s-cl: open /home/sahand.moslemi/.ollama/models/manifests/registry.ollama.ai/library/magicoder/7b-s-cl: permission denied (status code: 500)
2026-04-08 02:28:54 - httpx - INFO - HTTP Request: POST http://127.0.0.1:11434/api/chat "HTTP/1.1 500 Internal Server Error"
2026-04-08 02:28:54 - root - WARNING - [WARN] Retry 2/3 for model magicoder:7b-s-cl: open /home/sahand.moslemi/.ollama/models/manifests/registry.ollama.ai/library/magicoder/7b-s-cl: permission denied (status code: 500)
2026-04-08 02:28:59 - httpx - INFO - HTTP Request: POST http://127.0.0.1:11434/api/chat "HTTP/1.1 500 Internal Server Error"
2026-04-08 02:28:59 - root - WARNING - [WARN] Retry 2/3 for model magicoder:7b-s-cl: open /home/sahand.moslemi/.ollama/models/manifests/registry.ollama.ai/library/magicoder/7b-s-cl: permission denied (status code: 500)
2026-04-08 02:29:04 - httpx - INFO - HTTP Request: POST http://127.0.0.1:11434/api/chat "HTTP/1.1 500 Internal Server Error"
2026-04-08 02:29:04 - root - WARNING - [WARN] Retry 2/3 for model magicoder:7b-s-cl: open /home/sahand.moslemi/.ollama/models/manifests/registry.ollama.ai/library/magicoder/7b-s-cl: permission denied (status code: 500)
2026-04-08 02:29:09 - httpx - INFO - HTTP Request: POST http://127.0.0.1:11434/api/chat "HTTP/1.1 500 Internal Server Error"
2026-04-08 02:29:09 - root - WARNING - [WARN] Retry 2/3 for model magicoder:7b-s-cl: open /home/sahand.moslemi/.ollama/models/manifests/registry.ollama.ai/library/magicoder/7b-s-cl: permission denied (status code: 500)
2026-04-08 02:29:14 - httpx - INFO - HTTP Request: POST http://127.0.0.1:11434/api/chat "HTTP/1.1 500 Internal Server Error"
2026-04-08 02:29:14 - root - WARNING - [WARN] Retry 2/3 for model magicoder:7b-s-cl: open /home/sahand.moslemi/.ollama/models/manifests/registry.ollama.ai/library/magicoder/7b-s-cl: permission denied (status code: 500)
2026-04-08 02:29:19 - httpx - INFO - HTTP Request: POST http://127.0.0.1:11434/api/chat "HTTP/1.1 500 Internal Server Error"
2026-04-08 02:29:19 - root - WARNING - [WARN] Retry 2/3 for model magicoder:7b-s-cl: open /home/sahand.moslemi/.ollama/models/manifests/registry.ollama.ai/library/magicoder/7b-s-cl: permission denied (status code: 500)
2026-04-08 02:29:24 - httpx - INFO - HTTP Request: POST http://127.0.0.1:11434/api/chat "HTTP/1.1 500 Internal Server Error"
2026-04-08 02:29:24 - root - WARNING - [WARN] Retry 2/3 for model magicoder:7b-s-cl: open /home/sahand.moslemi/.ollama/models/manifests/registry.ollama.ai/library/magicoder/7b-s-cl: permission denied (status code: 500)
2026-04-08 02:29:29 - httpx - INFO - HTTP Request: POST http://127.0.0.1:11434/api/chat "HTTP/1.1 500 Internal Server Error"
2026-04-08 02:29:29 - root - WARNING - [WARN] Retry 2/3 for model magicoder:7b-s-cl: open /home/sahand.moslemi/.ollama/models/manifests/registry.ollama.ai/library/magicoder/7b-s-cl: permission denied (status code: 500)
2026-04-08 02:29:34 - httpx - INFO - HTTP Request: POST http://127.0.0.1:11434/api/chat "HTTP/1.1 500 Internal Server Error"
2026-04-08 02:29:34 - root - WARNING - [WARN] Retry 2/3 for model magicoder:7b-s-cl: open /home/sahand.moslemi/.ollama/models/manifests/registry.ollama.ai/library/magicoder/7b-s-cl: permission denied (status code: 500)
2026-04-08 02:29:39 - httpx - INFO - HTTP Request: POST http://127.0.0.1:11434/api/chat "HTTP/1.1 500 Internal Server Error"
2026-04-08 02:29:39 - root - WARNING - [WARN] Retry 2/3 for model magicoder:7b-s-cl: open /home/sahand.moslemi/.ollama/models/manifests/registry.ollama.ai/library/magicoder/7b-s-cl: permission denied (status code: 500)
2026-04-08 02:29:44 - httpx - INFO - HTTP Request: POST http://127.0.0.1:11434/api/chat "HTTP/1.1 500 Internal Server Error"
2026-04-08 02:29:44 - root - WARNING - [WARN] Retry 2/3 for model magicoder:7b-s-cl: mkdir /home/sahand.moslemi/.ollama/models: permission denied: ensure path elements are traversable (status code: 500)
2026-04-08 02:29:49 - httpx - INFO - HTTP Request: POST http://127.0.0.1:11434/api/chat "HTTP/1.1 500 Internal Server Error"
2026-04-08 02:29:49 - root - WARNING - [WARN] Retry 2/3 for model magicoder:7b-s-cl: mkdir /home/sahand.moslemi/.ollama/models: permission denied: ensure path elements are traversable (status code: 500)
2026-04-08 02:29:54 - httpx - INFO - HTTP Request: POST http://127.0.0.1:11434/api/chat "HTTP/1.1 500 Internal Server Error"
2026-04-08 02:29:54 - root - WARNING - [WARN] Retry 2/3 for model magicoder:7b-s-cl: mkdir /home/sahand.moslemi/.ollama/models: permission denied: ensure path elements are traversable (status code: 500)
2026-04-08 02:29:59 - httpx - INFO - HTTP Request: POST http://127.0.0.1:11434/api/chat "HTTP/1.1 500 Internal Server Error"
2026-04-08 02:29:59 - root - WARNING - [WARN] Retry 2/3 for model magicoder:7b-s-cl: mkdir /home/sahand.moslemi/.ollama/models: permission denied: ensure path elements are traversable (status code: 500)
2026-04-08 02:30:04 - httpx - INFO - HTTP Request: POST http://127.0.0.1:11434/api/chat "HTTP/1.1 500 Internal Server Error"
2026-04-08 02:30:04 - root - WARNING - [WARN] Retry 2/3 for model magicoder:7b-s-cl: mkdir /home/sahand.moslemi/.ollama/models: permission denied: ensure path elements are traversable (status code: 500)
2026-04-08 02:30:09 - httpx - INFO - HTTP Request: POST http://127.0.0.1:11434/api/chat "HTTP/1.1 500 Internal Server Error"
2026-04-08 02:30:09 - root - WARNING - [WARN] Retry 2/3 for model magicoder:7b-s-cl: mkdir /home/sahand.moslemi/.ollama/models: permission denied: ensure path elements are traversable (status code: 500)
2026-04-08 02:30:14 - httpx - INFO - HTTP Request: POST http://127.0.0.1:11434/api/chat "HTTP/1.1 500 Internal Server Error"
2026-04-08 02:30:14 - root - WARNING - [WARN] Retry 2/3 for model magicoder:7b-s-cl: mkdir /home/sahand.moslemi/.ollama/models: permission denied: ensure path elements are traversable (status code: 500)
2026-04-08 02:30:19 - httpx - INFO - HTTP Request: POST http://127.0.0.1:11434/api/chat "HTTP/1.1 500 Internal Server Error"
2026-04-08 02:30:19 - root - WARNING - [WARN] Retry 2/3 for model magicoder:7b-s-cl: mkdir /home/sahand.moslemi/.ollama/models: permission denied: ensure path elements are traversable (status code: 500)
2026-04-08 02:30:24 - httpx - INFO - HTTP Request: POST http://127.0.0.1:11434/api/chat "HTTP/1.1 500 Internal Server Error"
2026-04-08 02:30:24 - root - WARNING - [WARN] Retry 2/3 for model magicoder:7b-s-cl: mkdir /home/sahand.moslemi/.ollama/models: permission denied: ensure path elements are traversable (status code: 500)
2026-04-08 02:30:29 - httpx - INFO - HTTP Request: POST http://127.0.0.1:11434/api/chat "HTTP/1.1 500 Internal Server Error"
2026-04-08 02:30:29 - root - WARNING - [WARN] Retry 2/3 for model magicoder:7b-s-cl: mkdir /home/sahand.moslemi/.ollama/models: permission denied: ensure path elements are traversable (status code: 500)
2026-04-08 02:30:34 - httpx - INFO - HTTP Request: POST http://127.0.0.1:11434/api/chat "HTTP/1.1 500 Internal Server Error"
2026-04-08 02:30:34 - root - WARNING - [WARN] Retry 2/3 for model magicoder:7b-s-cl: mkdir /home/sahand.moslemi/.ollama/models: permission denied: ensure path elements are traversable (status code: 500)
2026-04-08 02:30:39 - httpx - INFO - HTTP Request: POST http://127.0.0.1:11434/api/chat "HTTP/1.1 500 Internal Server Error"
2026-04-08 02:30:39 - root - WARNING - [WARN] Retry 2/3 for model magicoder:7b-s-cl: mkdir /home/sahand.moslemi/.ollama/models: permission denied: ensure path elements are traversable (status code: 500)
2026-04-08 02:30:44 - httpx - INFO - HTTP Request: POST http://127.0.0.1:11434/api/chat "HTTP/1.1 500 Internal Server Error"
2026-04-08 02:30:44 - root - WARNING - [WARN] Retry 2/3 for model magicoder:7b-s-cl: mkdir /home/sahand.moslemi/.ollama/models: permission denied: ensure path elements are traversable (status code: 500)
2026-04-08 02:30:49 - httpx - INFO - HTTP Request: POST http://127.0.0.1:11434/api/chat "HTTP/1.1 500 Internal Server Error"
2026-04-08 02:30:49 - root - WARNING - [WARN] Retry 2/3 for model magicoder:7b-s-cl: mkdir /home/sahand.moslemi/.ollama/models: permission denied: ensure path elements are traversable (status code: 500)
2026-04-08 02:30:54 - httpx - INFO - HTTP Request: POST http://127.0.0.1:11434/api/chat "HTTP/1.1 500 Internal Server Error"
2026-04-08 02:30:54 - root - WARNING - [WARN] Retry 2/3 for model magicoder:7b-s-cl: mkdir /home/sahand.moslemi/.ollama/models: permission denied: ensure path elements are traversable (status code: 500)
2026-04-08 02:30:59 - httpx - INFO - HTTP Request: POST http://127.0.0.1:11434/api/chat "HTTP/1.1 500 Internal Server Error"
2026-04-08 02:30:59 - root - WARNING - [WARN] Retry 2/3 for model magicoder:7b-s-cl: mkdir /home/sahand.moslemi/.ollama/models: permission denied: ensure path elements are traversable (status code: 500)
2026-04-08 02:31:04 - httpx - INFO - HTTP Request: POST http://127.0.0.1:11434/api/chat "HTTP/1.1 500 Internal Server Error"
2026-04-08 02:31:04 - root - WARNING - [WARN] Retry 2/3 for model magicoder:7b-s-cl: mkdir /home/sahand.moslemi/.ollama/models: permission denied: ensure path elements are traversable (status code: 500)
2026-04-08 02:31:09 - httpx - INFO - HTTP Request: POST http://127.0.0.1:11434/api/chat "HTTP/1.1 500 Internal Server Error"
2026-04-08 02:31:09 - root - WARNING - [WARN] Retry 2/3 for model magicoder:7b-s-cl: mkdir /home/sahand.moslemi/.ollama/models: permission denied: ensure path elements are traversable (status code: 500)
2026-04-08 02:31:14 - httpx - INFO - HTTP Request: POST http://127.0.0.1:11434/api/chat "HTTP/1.1 500 Internal Server Error"
2026-04-08 02:31:14 - root - WARNING - [WARN] Retry 2/3 for model magicoder:7b-s-cl: mkdir /home/sahand.moslemi/.ollama/models: permission denied: ensure path elements are traversable (status code: 500)
2026-04-08 02:31:19 - httpx - INFO - HTTP Request: POST http://127.0.0.1:11434/api/chat "HTTP/1.1 500 Internal Server Error"
2026-04-08 02:31:19 - root - WARNING - [WARN] Retry 2/3 for model magicoder:7b-s-cl: mkdir /home/sahand.moslemi/.ollama/models: permission denied: ensure path elements are traversable (status code: 500)
2026-04-08 02:31:24 - httpx - INFO - HTTP Request: POST http://127.0.0.1:11434/api/chat "HTTP/1.1 500 Internal Server Error"
2026-04-08 02:31:24 - root - WARNING - [WARN] Retry 2/3 for model magicoder:7b-s-cl: mkdir /home/sahand.moslemi/.ollama/models: permission denied: ensure path elements are traversable (status code: 500)
2026-04-08 02:31:29 - httpx - INFO - HTTP Request: POST http://127.0.0.1:11434/api/chat "HTTP/1.1 500 Internal Server Error"
2026-04-08 02:31:29 - root - WARNING - [WARN] Retry 2/3 for model magicoder:7b-s-cl: mkdir /home/sahand.moslemi/.ollama/models: permission denied: ensure path elements are traversable (status code: 500)
2026-04-08 02:31:34 - httpx - INFO - HTTP Request: POST http://127.0.0.1:11434/api/chat "HTTP/1.1 500 Internal Server Error"
2026-04-08 02:31:34 - root - WARNING - [WARN] Retry 2/3 for model magicoder:7b-s-cl: mkdir /home/sahand.moslemi/.ollama/models: permission denied: ensure path elements are traversable (status code: 500)
2026-04-08 02:31:39 - httpx - INFO - HTTP Request: POST http://127.0.0.1:11434/api/chat "HTTP/1.1 500 Internal Server Error"
2026-04-08 02:31:39 - root - WARNING - [WARN] Retry 2/3 for model magicoder:7b-s-cl: mkdir /home/sahand.moslemi/.ollama/models: permission denied: ensure path elements are traversable (status code: 500)
2026-04-08 02:31:44 - httpx - INFO - HTTP Request: POST http://127.0.0.1:11434/api/chat "HTTP/1.1 500 Internal Server Error"
2026-04-08 02:31:44 - root - WARNING - [WARN] Retry 2/3 for model magicoder:7b-s-cl: mkdir /home/sahand.moslemi/.ollama/models: permission denied: ensure path elements are traversable (status code: 500)
2026-04-08 02:31:49 - httpx - INFO - HTTP Request: POST http://127.0.0.1:11434/api/chat "HTTP/1.1 500 Internal Server Error"
2026-04-08 02:31:49 - root - WARNING - [WARN] Retry 2/3 for model magicoder:7b-s-cl: mkdir /home/sahand.moslemi/.ollama/models: permission denied: ensure path elements are traversable (status code: 500)
2026-04-08 02:31:54 - httpx - INFO - HTTP Request: POST http://127.0.0.1:11434/api/chat "HTTP/1.1 500 Internal Server Error"
2026-04-08 02:31:54 - root - WARNING - [WARN] Retry 2/3 for model magicoder:7b-s-cl: mkdir /home/sahand.moslemi/.ollama/models: permission denied: ensure path elements are traversable (status code: 500)
2026-04-08 02:31:59 - httpx - INFO - HTTP Request: POST http://127.0.0.1:11434/api/chat "HTTP/1.1 500 Internal Server Error"
2026-04-08 02:31:59 - root - WARNING - [WARN] Retry 2/3 for model magicoder:7b-s-cl: mkdir /home/sahand.moslemi/.ollama/models: permission denied: ensure path elements are traversable (status code: 500)
2026-04-08 02:32:04 - httpx - INFO - HTTP Request: POST http://127.0.0.1:11434/api/chat "HTTP/1.1 500 Internal Server Error"
2026-04-08 02:32:04 - root - WARNING - [WARN] Retry 2/3 for model magicoder:7b-s-cl: mkdir /home/sahand.moslemi/.ollama/models: permission denied: ensure path elements are traversable (status code: 500)
2026-04-08 02:32:09 - httpx - INFO - HTTP Request: POST http://127.0.0.1:11434/api/chat "HTTP/1.1 500 Internal Server Error"
2026-04-08 02:32:09 - root - WARNING - [WARN] Retry 2/3 for model magicoder:7b-s-cl: mkdir /home/sahand.moslemi/.ollama/models: permission denied: ensure path elements are traversable (status code: 500)
2026-04-08 02:32:14 - httpx - INFO - HTTP Request: POST http://127.0.0.1:11434/api/chat "HTTP/1.1 500 Internal Server Error"
2026-04-08 02:32:14 - root - WARNING - [WARN] Retry 2/3 for model magicoder:7b-s-cl: mkdir /home/sahand.moslemi/.ollama/models: permission denied: ensure path elements are traversable (status code: 500)
2026-04-08 02:32:19 - httpx - INFO - HTTP Request: POST http://127.0.0.1:11434/api/chat "HTTP/1.1 500 Internal Server Error"
2026-04-08 02:32:19 - root - WARNING - [WARN] Retry 2/3 for model magicoder:7b-s-cl: mkdir /home/sahand.moslemi/.ollama/models: permission denied: ensure path elements are traversable (status code: 500)
2026-04-08 02:32:24 - httpx - INFO - HTTP Request: POST http://127.0.0.1:11434/api/chat "HTTP/1.1 500 Internal Server Error"
2026-04-08 02:32:24 - root - WARNING - [WARN] Retry 2/3 for model magicoder:7b-s-cl: mkdir /home/sahand.moslemi/.ollama/models: permission denied: ensure path elements are traversable (status code: 500)
2026-04-08 02:32:29 - httpx - INFO - HTTP Request: POST http://127.0.0.1:11434/api/chat "HTTP/1.1 500 Internal Server Error"
2026-04-08 02:32:29 - root - WARNING - [WARN] Retry 2/3 for model magicoder:7b-s-cl: mkdir /home/sahand.moslemi/.ollama/models: permission denied: ensure path elements are traversable (status code: 500)
2026-04-08 02:32:34 - httpx - INFO - HTTP Request: POST http://127.0.0.1:11434/api/chat "HTTP/1.1 500 Internal Server Error"
2026-04-08 02:32:34 - root - WARNING - [WARN] Retry 2/3 for model magicoder:7b-s-cl: mkdir /home/sahand.moslemi/.ollama/models: permission denied: ensure path elements are traversable (status code: 500)
2026-04-08 02:32:39 - httpx - INFO - HTTP Request: POST http://127.0.0.1:11434/api/chat "HTTP/1.1 500 Internal Server Error"
2026-04-08 02:32:39 - root - WARNING - [WARN] Retry 2/3 for model magicoder:7b-s-cl: mkdir /home/sahand.moslemi/.ollama/models: permission denied: ensure path elements are traversable (status code: 500)
2026-04-08 02:32:44 - httpx - INFO - HTTP Request: POST http://127.0.0.1:11434/api/chat "HTTP/1.1 500 Internal Server Error"
2026-04-08 02:32:44 - root - WARNING - [WARN] Retry 2/3 for model magicoder:7b-s-cl: mkdir /home/sahand.moslemi/.ollama/models: permission denied: ensure path elements are traversable (status code: 500)
2026-04-08 02:32:49 - httpx - INFO - HTTP Request: POST http://127.0.0.1:11434/api/chat "HTTP/1.1 500 Internal Server Error"
2026-04-08 02:32:49 - root - WARNING - [WARN] Retry 2/3 for model magicoder:7b-s-cl: mkdir /home/sahand.moslemi/.ollama/models: permission denied: ensure path elements are traversable (status code: 500)
2026-04-08 02:32:54 - httpx - INFO - HTTP Request: POST http://127.0.0.1:11434/api/chat "HTTP/1.1 500 Internal Server Error"
2026-04-08 02:32:54 - root - WARNING - [WARN] Retry 2/3 for model magicoder:7b-s-cl: mkdir /home/sahand.moslemi/.ollama/models: permission denied: ensure path elements are traversable (status code: 500)
2026-04-08 02:32:59 - httpx - INFO - HTTP Request: POST http://127.0.0.1:11434/api/chat "HTTP/1.1 500 Internal Server Error"
2026-04-08 02:32:59 - root - WARNING - [WARN] Retry 2/3 for model magicoder:7b-s-cl: mkdir /home/sahand.moslemi/.ollama/models: permission denied: ensure path elements are traversable (status code: 500)
2026-04-08 02:33:04 - httpx - INFO - HTTP Request: POST http://127.0.0.1:11434/api/chat "HTTP/1.1 500 Internal Server Error"
2026-04-08 02:33:04 - root - WARNING - [WARN] Retry 2/3 for model magicoder:7b-s-cl: mkdir /home/sahand.moslemi/.ollama/models: permission denied: ensure path elements are traversable (status code: 500)
2026-04-08 02:33:09 - httpx - INFO - HTTP Request: POST http://127.0.0.1:11434/api/chat "HTTP/1.1 500 Internal Server Error"
2026-04-08 02:33:09 - root - WARNING - [WARN] Retry 2/3 for model magicoder:7b-s-cl: mkdir /home/sahand.moslemi/.ollama/models: permission denied: ensure path elements are traversable (status code: 500)
2026-04-08 02:33:14 - httpx - INFO - HTTP Request: POST http://127.0.0.1:11434/api/chat "HTTP/1.1 500 Internal Server Error"
2026-04-08 02:33:14 - root - WARNING - [WARN] Retry 2/3 for model magicoder:7b-s-cl: mkdir /home/sahand.moslemi/.ollama/models: permission denied: ensure path elements are traversable (status code: 500)
2026-04-08 02:33:19 - httpx - INFO - HTTP Request: POST http://127.0.0.1:11434/api/chat "HTTP/1.1 500 Internal Server Error"
2026-04-08 02:33:19 - root - WARNING - [WARN] Retry 2/3 for model magicoder:7b-s-cl: mkdir /home/sahand.moslemi/.ollama/models: permission denied: ensure path elements are traversable (status code: 500)
2026-04-08 02:33:24 - httpx - INFO - HTTP Request: POST http://127.0.0.1:11434/api/chat "HTTP/1.1 500 Internal Server Error"
2026-04-08 02:33:24 - root - WARNING - [WARN] Retry 2/3 for model magicoder:7b-s-cl: mkdir /home/sahand.moslemi/.ollama/models: permission denied: ensure path elements are traversable (status code: 500)
2026-04-08 02:33:29 - httpx - INFO - HTTP Request: POST http://127.0.0.1:11434/api/chat "HTTP/1.1 500 Internal Server Error"
2026-04-08 02:33:29 - root - WARNING - [WARN] Retry 2/3 for model magicoder:7b-s-cl: mkdir /home/sahand.moslemi/.ollama/models: permission denied: ensure path elements are traversable (status code: 500)
2026-04-08 02:33:34 - httpx - INFO - HTTP Request: POST http://127.0.0.1:11434/api/chat "HTTP/1.1 500 Internal Server Error"
2026-04-08 02:33:34 - root - WARNING - [WARN] Retry 2/3 for model magicoder:7b-s-cl: mkdir /home/sahand.moslemi/.ollama/models: permission denied: ensure path elements are traversable (status code: 500)
2026-04-08 02:33:39 - httpx - INFO - HTTP Request: POST http://127.0.0.1:11434/api/chat "HTTP/1.1 500 Internal Server Error"
2026-04-08 02:33:39 - root - WARNING - [WARN] Retry 2/3 for model magicoder:7b-s-cl: mkdir /home/sahand.moslemi/.ollama/models: permission denied: ensure path elements are traversable (status code: 500)
2026-04-08 02:33:44 - httpx - INFO - HTTP Request: POST http://127.0.0.1:11434/api/chat "HTTP/1.1 500 Internal Server Error"
2026-04-08 02:33:44 - root - WARNING - [WARN] Retry 2/3 for model magicoder:7b-s-cl: mkdir /home/sahand.moslemi/.ollama/models: permission denied: ensure path elements are traversable (status code: 500)
2026-04-08 02:33:49 - httpx - INFO - HTTP Request: POST http://127.0.0.1:11434/api/chat "HTTP/1.1 500 Internal Server Error"
2026-04-08 02:33:49 - root - WARNING - [WARN] Retry 2/3 for model magicoder:7b-s-cl: mkdir /home/sahand.moslemi/.ollama/models: permission denied: ensure path elements are traversable (status code: 500)
2026-04-08 02:33:54 - httpx - INFO - HTTP Request: POST http://127.0.0.1:11434/api/chat "HTTP/1.1 500 Internal Server Error"
2026-04-08 02:33:54 - root - WARNING - [WARN] Retry 2/3 for model magicoder:7b-s-cl: mkdir /home/sahand.moslemi/.ollama/models: permission denied: ensure path elements are traversable (status code: 500)
2026-04-08 02:33:59 - httpx - INFO - HTTP Request: POST http://127.0.0.1:11434/api/chat "HTTP/1.1 500 Internal Server Error"
2026-04-08 02:33:59 - root - WARNING - [WARN] Retry 2/3 for model magicoder:7b-s-cl: mkdir /home/sahand.moslemi/.ollama/models: permission denied: ensure path elements are traversable (status code: 500)
2026-04-08 02:34:04 - httpx - INFO - HTTP Request: POST http://127.0.0.1:11434/api/chat "HTTP/1.1 500 Internal Server Error"
2026-04-08 02:34:04 - root - WARNING - [WARN] Retry 2/3 for model magicoder:7b-s-cl: mkdir /home/sahand.moslemi/.ollama/models: permission denied: ensure path elements are traversable (status code: 500)
2026-04-08 02:34:09 - httpx - INFO - HTTP Request: POST http://127.0.0.1:11434/api/chat "HTTP/1.1 500 Internal Server Error"
2026-04-08 02:34:09 - root - WARNING - [WARN] Retry 2/3 for model magicoder:7b-s-cl: mkdir /home/sahand.moslemi/.ollama/models: permission denied: ensure path elements are traversable (status code: 500)
2026-04-08 02:34:14 - httpx - INFO - HTTP Request: POST http://127.0.0.1:11434/api/chat "HTTP/1.1 500 Internal Server Error"
2026-04-08 02:34:14 - root - WARNING - [WARN] Retry 2/3 for model magicoder:7b-s-cl: mkdir /home/sahand.moslemi/.ollama/models: permission denied: ensure path elements are traversable (status code: 500)
2026-04-08 02:34:19 - httpx - INFO - HTTP Request: POST http://127.0.0.1:11434/api/chat "HTTP/1.1 500 Internal Server Error"
2026-04-08 02:34:19 - root - WARNING - [WARN] Retry 2/3 for model magicoder:7b-s-cl: mkdir /home/sahand.moslemi/.ollama/models: permission denied: ensure path elements are traversable (status code: 500)
2026-04-08 02:34:24 - httpx - INFO - HTTP Request: POST http://127.0.0.1:11434/api/chat "HTTP/1.1 500 Internal Server Error"
2026-04-08 02:34:24 - root - WARNING - [WARN] Retry 2/3 for model magicoder:7b-s-cl: mkdir /home/sahand.moslemi/.ollama/models: permission denied: ensure path elements are traversable (status code: 500)
2026-04-08 02:34:29 - httpx - INFO - HTTP Request: POST http://127.0.0.1:11434/api/chat "HTTP/1.1 500 Internal Server Error"
2026-04-08 02:34:29 - root - WARNING - [WARN] Retry 2/3 for model magicoder:7b-s-cl: mkdir /home/sahand.moslemi/.ollama/models: permission denied: ensure path elements are traversable (status code: 500)
2026-04-08 02:34:34 - httpx - INFO - HTTP Request: POST http://127.0.0.1:11434/api/chat "HTTP/1.1 500 Internal Server Error"
2026-04-08 02:34:34 - root - WARNING - [WARN] Retry 2/3 for model magicoder:7b-s-cl: mkdir /home/sahand.moslemi/.ollama/models: permission denied: ensure path elements are traversable (status code: 500)
2026-04-08 02:34:39 - httpx - INFO - HTTP Request: POST http://127.0.0.1:11434/api/chat "HTTP/1.1 500 Internal Server Error"
2026-04-08 02:34:39 - root - WARNING - [WARN] Retry 2/3 for model magicoder:7b-s-cl: mkdir /home/sahand.moslemi/.ollama/models: permission denied: ensure path elements are traversable (status code: 500)
2026-04-08 02:34:44 - httpx - INFO - HTTP Request: POST http://127.0.0.1:11434/api/chat "HTTP/1.1 500 Internal Server Error"
2026-04-08 02:34:44 - root - WARNING - [WARN] Retry 2/3 for model magicoder:7b-s-cl: mkdir /home/sahand.moslemi/.ollama/models: permission denied: ensure path elements are traversable (status code: 500)
2026-04-08 02:34:49 - httpx - INFO - HTTP Request: POST http://127.0.0.1:11434/api/chat "HTTP/1.1 500 Internal Server Error"
2026-04-08 02:34:49 - root - WARNING - [WARN] Retry 2/3 for model magicoder:7b-s-cl: mkdir /home/sahand.moslemi/.ollama/models: permission denied: ensure path elements are traversable (status code: 500)
2026-04-08 02:34:54 - httpx - INFO - HTTP Request: POST http://127.0.0.1:11434/api/chat "HTTP/1.1 500 Internal Server Error"
2026-04-08 02:34:54 - root - WARNING - [WARN] Retry 2/3 for model magicoder:7b-s-cl: mkdir /home/sahand.moslemi/.ollama/models: permission denied: ensure path elements are traversable (status code: 500)
2026-04-08 02:34:59 - httpx - INFO - HTTP Request: POST http://127.0.0.1:11434/api/chat "HTTP/1.1 500 Internal Server Error"
2026-04-08 02:34:59 - root - WARNING - [WARN] Retry 2/3 for model magicoder:7b-s-cl: mkdir /home/sahand.moslemi/.ollama/models: permission denied: ensure path elements are traversable (status code: 500)
2026-04-08 02:35:04 - httpx - INFO - HTTP Request: POST http://127.0.0.1:11434/api/chat "HTTP/1.1 500 Internal Server Error"
2026-04-08 02:35:04 - root - WARNING - [WARN] Retry 2/3 for model magicoder:7b-s-cl: mkdir /home/sahand.moslemi/.ollama/models: permission denied: ensure path elements are traversable (status code: 500)
2026-04-08 02:35:09 - httpx - INFO - HTTP Request: POST http://127.0.0.1:11434/api/chat "HTTP/1.1 500 Internal Server Error"
2026-04-08 02:35:09 - root - WARNING - [WARN] Retry 2/3 for model magicoder:7b-s-cl: mkdir /home/sahand.moslemi/.ollama/models: permission denied: ensure path elements are traversable (status code: 500)
2026-04-08 02:35:15 - httpx - INFO - HTTP Request: POST http://127.0.0.1:11434/api/chat "HTTP/1.1 500 Internal Server Error"
2026-04-08 02:35:15 - root - WARNING - [WARN] Retry 2/3 for model magicoder:7b-s-cl: open /home/sahand.moslemi/.ollama/models/manifests/registry.ollama.ai/library/magicoder/7b-s-cl: permission denied (status code: 500)
2026-04-08 02:35:20 - httpx - INFO - HTTP Request: POST http://127.0.0.1:11434/api/chat "HTTP/1.1 500 Internal Server Error"
2026-04-08 02:35:20 - root - WARNING - [WARN] Retry 2/3 for model magicoder:7b-s-cl: open /home/sahand.moslemi/.ollama/models/manifests/registry.ollama.ai/library/magicoder/7b-s-cl: permission denied (status code: 500)
2026-04-08 02:35:25 - httpx - INFO - HTTP Request: POST http://127.0.0.1:11434/api/chat "HTTP/1.1 500 Internal Server Error"
2026-04-08 02:35:25 - root - WARNING - [WARN] Retry 2/3 for model magicoder:7b-s-cl: open /home/sahand.moslemi/.ollama/models/manifests/registry.ollama.ai/library/magicoder/7b-s-cl: permission denied (status code: 500)
2026-04-08 02:35:30 - httpx - INFO - HTTP Request: POST http://127.0.0.1:11434/api/chat "HTTP/1.1 500 Internal Server Error"
2026-04-08 02:35:30 - root - WARNING - [WARN] Retry 2/3 for model magicoder:7b-s-cl: open /home/sahand.moslemi/.ollama/models/manifests/registry.ollama.ai/library/magicoder/7b-s-cl: permission denied (status code: 500)
2026-04-08 02:35:35 - httpx - INFO - HTTP Request: POST http://127.0.0.1:11434/api/chat "HTTP/1.1 500 Internal Server Error"
2026-04-08 02:35:35 - root - WARNING - [WARN] Retry 2/3 for model magicoder:7b-s-cl: open /home/sahand.moslemi/.ollama/models/manifests/registry.ollama.ai/library/magicoder/7b-s-cl: permission denied (status code: 500)
2026-04-08 02:35:40 - httpx - INFO - HTTP Request: POST http://127.0.0.1:11434/api/chat "HTTP/1.1 500 Internal Server Error"
2026-04-08 02:35:40 - root - WARNING - [WARN] Retry 2/3 for model magicoder:7b-s-cl: open /home/sahand.moslemi/.ollama/models/manifests/registry.ollama.ai/library/magicoder/7b-s-cl: permission denied (status code: 500)
2026-04-08 02:35:45 - httpx - INFO - HTTP Request: POST http://127.0.0.1:11434/api/chat "HTTP/1.1 500 Internal Server Error"
2026-04-08 02:35:45 - root - WARNING - [WARN] Retry 2/3 for model magicoder:7b-s-cl: mkdir /home/sahand.moslemi/.ollama/models: permission denied: ensure path elements are traversable (status code: 500)
2026-04-08 02:35:50 - httpx - INFO - HTTP Request: POST http://127.0.0.1:11434/api/chat "HTTP/1.1 500 Internal Server Error"
2026-04-08 02:35:50 - root - WARNING - [WARN] Retry 2/3 for model magicoder:7b-s-cl: mkdir /home/sahand.moslemi/.ollama/models: permission denied: ensure path elements are traversable (status code: 500)
2026-04-08 02:35:55 - httpx - INFO - HTTP Request: POST http://127.0.0.1:11434/api/chat "HTTP/1.1 500 Internal Server Error"
2026-04-08 02:35:55 - root - WARNING - [WARN] Retry 2/3 for model magicoder:7b-s-cl: mkdir /home/sahand.moslemi/.ollama/models: permission denied: ensure path elements are traversable (status code: 500)
2026-04-08 02:36:00 - httpx - INFO - HTTP Request: POST http://127.0.0.1:11434/api/chat "HTTP/1.1 500 Internal Server Error"
2026-04-08 02:36:00 - root - WARNING - [WARN] Retry 2/3 for model magicoder:7b-s-cl: mkdir /home/sahand.moslemi/.ollama/models: permission denied: ensure path elements are traversable (status code: 500)
2026-04-08 02:36:05 - httpx - INFO - HTTP Request: POST http://127.0.0.1:11434/api/chat "HTTP/1.1 500 Internal Server Error"
2026-04-08 02:36:05 - root - WARNING - [WARN] Retry 2/3 for model magicoder:7b-s-cl: mkdir /home/sahand.moslemi/.ollama/models: permission denied: ensure path elements are traversable (status code: 500)
2026-04-08 02:36:10 - httpx - INFO - HTTP Request: POST http://127.0.0.1:11434/api/chat "HTTP/1.1 500 Internal Server Error"
2026-04-08 02:36:10 - root - WARNING - [WARN] Retry 2/3 for model magicoder:7b-s-cl: mkdir /home/sahand.moslemi/.ollama/models: permission denied: ensure path elements are traversable (status code: 500)
2026-04-08 02:36:15 - httpx - INFO - HTTP Request: POST http://127.0.0.1:11434/api/chat "HTTP/1.1 500 Internal Server Error"
2026-04-08 02:36:15 - root - WARNING - [WARN] Retry 2/3 for model magicoder:7b-s-cl: mkdir /home/sahand.moslemi/.ollama/models: permission denied: ensure path elements are traversable (status code: 500)
2026-04-08 02:36:20 - httpx - INFO - HTTP Request: POST http://127.0.0.1:11434/api/chat "HTTP/1.1 500 Internal Server Error"
2026-04-08 02:36:20 - root - WARNING - [WARN] Retry 2/3 for model magicoder:7b-s-cl: mkdir /home/sahand.moslemi/.ollama/models: permission denied: ensure path elements are traversable (status code: 500)
2026-04-08 02:36:25 - httpx - INFO - HTTP Request: POST http://127.0.0.1:11434/api/chat "HTTP/1.1 500 Internal Server Error"
2026-04-08 02:36:25 - root - WARNING - [WARN] Retry 2/3 for model magicoder:7b-s-cl: mkdir /home/sahand.moslemi/.ollama/models: permission denied: ensure path elements are traversable (status code: 500)
2026-04-08 02:36:30 - httpx - INFO - HTTP Request: POST http://127.0.0.1:11434/api/chat "HTTP/1.1 500 Internal Server Error"
2026-04-08 02:36:30 - root - WARNING - [WARN] Retry 2/3 for model magicoder:7b-s-cl: mkdir /home/sahand.moslemi/.ollama/models: permission denied: ensure path elements are traversable (status code: 500)
2026-04-08 02:36:35 - httpx - INFO - HTTP Request: POST http://127.0.0.1:11434/api/chat "HTTP/1.1 500 Internal Server Error"
2026-04-08 02:36:35 - root - WARNING - [WARN] Retry 2/3 for model magicoder:7b-s-cl: mkdir /home/sahand.moslemi/.ollama/models: permission denied: ensure path elements are traversable (status code: 500)
2026-04-08 02:36:40 - httpx - INFO - HTTP Request: POST http://127.0.0.1:11434/api/chat "HTTP/1.1 500 Internal Server Error"
2026-04-08 02:36:40 - root - WARNING - [WARN] Retry 2/3 for model magicoder:7b-s-cl: mkdir /home/sahand.moslemi/.ollama/models: permission denied: ensure path elements are traversable (status code: 500)
2026-04-08 02:36:45 - httpx - INFO - HTTP Request: POST http://127.0.0.1:11434/api/chat "HTTP/1.1 500 Internal Server Error"
2026-04-08 02:36:45 - root - WARNING - [WARN] Retry 2/3 for model magicoder:7b-s-cl: mkdir /home/sahand.moslemi/.ollama/models: permission denied: ensure path elements are traversable (status code: 500)
2026-04-08 02:36:50 - httpx - INFO - HTTP Request: POST http://127.0.0.1:11434/api/chat "HTTP/1.1 500 Internal Server Error"
2026-04-08 02:36:50 - root - WARNING - [WARN] Retry 2/3 for model magicoder:7b-s-cl: mkdir /home/sahand.moslemi/.ollama/models: permission denied: ensure path elements are traversable (status code: 500)
2026-04-08 02:36:55 - httpx - INFO - HTTP Request: POST http://127.0.0.1:11434/api/chat "HTTP/1.1 500 Internal Server Error"
2026-04-08 02:36:55 - root - WARNING - [WARN] Retry 2/3 for model magicoder:7b-s-cl: mkdir /home/sahand.moslemi/.ollama/models: permission denied: ensure path elements are traversable (status code: 500)
2026-04-08 02:37:00 - httpx - INFO - HTTP Request: POST http://127.0.0.1:11434/api/chat "HTTP/1.1 500 Internal Server Error"
2026-04-08 02:37:00 - root - WARNING - [WARN] Retry 2/3 for model magicoder:7b-s-cl: mkdir /home/sahand.moslemi/.ollama/models: permission denied: ensure path elements are traversable (status code: 500)
2026-04-08 02:37:05 - httpx - INFO - HTTP Request: POST http://127.0.0.1:11434/api/chat "HTTP/1.1 500 Internal Server Error"
2026-04-08 02:37:05 - root - WARNING - [WARN] Retry 2/3 for model magicoder:7b-s-cl: mkdir /home/sahand.moslemi/.ollama/models: permission denied: ensure path elements are traversable (status code: 500)
2026-04-08 02:37:10 - httpx - INFO - HTTP Request: POST http://127.0.0.1:11434/api/chat "HTTP/1.1 500 Internal Server Error"
2026-04-08 02:37:10 - root - WARNING - [WARN] Retry 2/3 for model magicoder:7b-s-cl: mkdir /home/sahand.moslemi/.ollama/models: permission denied: ensure path elements are traversable (status code: 500)
2026-04-08 02:37:15 - httpx - INFO - HTTP Request: POST http://127.0.0.1:11434/api/chat "HTTP/1.1 500 Internal Server Error"
2026-04-08 02:37:15 - root - WARNING - [WARN] Retry 2/3 for model magicoder:7b-s-cl: mkdir /home/sahand.moslemi/.ollama/models: permission denied: ensure path elements are traversable (status code: 500)
2026-04-08 02:37:20 - httpx - INFO - HTTP Request: POST http://127.0.0.1:11434/api/chat "HTTP/1.1 500 Internal Server Error"
2026-04-08 02:37:20 - root - WARNING - [WARN] Retry 2/3 for model magicoder:7b-s-cl: mkdir /home/sahand.moslemi/.ollama/models: permission denied: ensure path elements are traversable (status code: 500)
2026-04-08 02:37:25 - httpx - INFO - HTTP Request: POST http://127.0.0.1:11434/api/chat "HTTP/1.1 500 Internal Server Error"
2026-04-08 02:37:25 - root - WARNING - [WARN] Retry 2/3 for model magicoder:7b-s-cl: mkdir /home/sahand.moslemi/.ollama/models: permission denied: ensure path elements are traversable (status code: 500)
2026-04-08 02:37:30 - httpx - INFO - HTTP Request: POST http://127.0.0.1:11434/api/chat "HTTP/1.1 500 Internal Server Error"
2026-04-08 02:37:30 - root - WARNING - [WARN] Retry 2/3 for model magicoder:7b-s-cl: mkdir /home/sahand.moslemi/.ollama/models: permission denied: ensure path elements are traversable (status code: 500)
2026-04-08 02:37:35 - httpx - INFO - HTTP Request: POST http://127.0.0.1:11434/api/chat "HTTP/1.1 500 Internal Server Error"
2026-04-08 02:37:35 - root - WARNING - [WARN] Retry 2/3 for model magicoder:7b-s-cl: mkdir /home/sahand.moslemi/.ollama/models: permission denied: ensure path elements are traversable (status code: 500)
2026-04-08 02:37:40 - httpx - INFO - HTTP Request: POST http://127.0.0.1:11434/api/chat "HTTP/1.1 500 Internal Server Error"
2026-04-08 02:37:40 - root - WARNING - [WARN] Retry 2/3 for model magicoder:7b-s-cl: mkdir /home/sahand.moslemi/.ollama/models: permission denied: ensure path elements are traversable (status code: 500)
2026-04-08 02:37:45 - httpx - INFO - HTTP Request: POST http://127.0.0.1:11434/api/chat "HTTP/1.1 500 Internal Server Error"
2026-04-08 02:37:45 - root - WARNING - [WARN] Retry 2/3 for model magicoder:7b-s-cl: mkdir /home/sahand.moslemi/.ollama/models: permission denied: ensure path elements are traversable (status code: 500)
2026-04-08 02:37:50 - httpx - INFO - HTTP Request: POST http://127.0.0.1:11434/api/chat "HTTP/1.1 500 Internal Server Error"
2026-04-08 02:37:50 - root - WARNING - [WARN] Retry 2/3 for model magicoder:7b-s-cl: mkdir /home/sahand.moslemi/.ollama/models: permission denied: ensure path elements are traversable (status code: 500)
2026-04-08 02:37:55 - httpx - INFO - HTTP Request: POST http://127.0.0.1:11434/api/chat "HTTP/1.1 500 Internal Server Error"
2026-04-08 02:37:55 - root - WARNING - [WARN] Retry 2/3 for model magicoder:7b-s-cl: mkdir /home/sahand.moslemi/.ollama/models: permission denied: ensure path elements are traversable (status code: 500)
2026-04-08 02:38:00 - httpx - INFO - HTTP Request: POST http://127.0.0.1:11434/api/chat "HTTP/1.1 500 Internal Server Error"
2026-04-08 02:38:00 - root - WARNING - [WARN] Retry 2/3 for model magicoder:7b-s-cl: mkdir /home/sahand.moslemi/.ollama/models: permission denied: ensure path elements are traversable (status code: 500)
2026-04-08 02:38:05 - httpx - INFO - HTTP Request: POST http://127.0.0.1:11434/api/chat "HTTP/1.1 500 Internal Server Error"
2026-04-08 02:38:05 - root - WARNING - [WARN] Retry 2/3 for model magicoder:7b-s-cl: mkdir /home/sahand.moslemi/.ollama/models: permission denied: ensure path elements are traversable (status code: 500)
2026-04-08 02:38:10 - httpx - INFO - HTTP Request: POST http://127.0.0.1:11434/api/chat "HTTP/1.1 500 Internal Server Error"
2026-04-08 02:38:10 - root - WARNING - [WARN] Retry 2/3 for model magicoder:7b-s-cl: mkdir /home/sahand.moslemi/.ollama/models: permission denied: ensure path elements are traversable (status code: 500)
2026-04-08 02:38:15 - httpx - INFO - HTTP Request: POST http://127.0.0.1:11434/api/chat "HTTP/1.1 500 Internal Server Error"
2026-04-08 02:38:15 - root - WARNING - [WARN] Retry 2/3 for model magicoder:7b-s-cl: mkdir /home/sahand.moslemi/.ollama/models: permission denied: ensure path elements are traversable (status code: 500)
2026-04-08 02:38:20 - httpx - INFO - HTTP Request: POST http://127.0.0.1:11434/api/chat "HTTP/1.1 500 Internal Server Error"
2026-04-08 02:38:20 - root - WARNING - [WARN] Retry 2/3 for model magicoder:7b-s-cl: mkdir /home/sahand.moslemi/.ollama/models: permission denied: ensure path elements are traversable (status code: 500)
2026-04-08 02:38:25 - httpx - INFO - HTTP Request: POST http://127.0.0.1:11434/api/chat "HTTP/1.1 500 Internal Server Error"
2026-04-08 02:38:25 - root - WARNING - [WARN] Retry 2/3 for model magicoder:7b-s-cl: mkdir /home/sahand.moslemi/.ollama/models: permission denied: ensure path elements are traversable (status code: 500)
2026-04-08 02:38:30 - httpx - INFO - HTTP Request: POST http://127.0.0.1:11434/api/chat "HTTP/1.1 500 Internal Server Error"
2026-04-08 02:38:30 - root - WARNING - [WARN] Retry 2/3 for model magicoder:7b-s-cl: mkdir /home/sahand.moslemi/.ollama/models: permission denied: ensure path elements are traversable (status code: 500)
2026-04-08 02:38:35 - httpx - INFO - HTTP Request: POST http://127.0.0.1:11434/api/chat "HTTP/1.1 500 Internal Server Error"
2026-04-08 02:38:35 - root - WARNING - [WARN] Retry 2/3 for model magicoder:7b-s-cl: mkdir /home/sahand.moslemi/.ollama/models: permission denied: ensure path elements are traversable (status code: 500)
2026-04-08 02:38:40 - httpx - INFO - HTTP Request: POST http://127.0.0.1:11434/api/chat "HTTP/1.1 500 Internal Server Error"
2026-04-08 02:38:40 - root - WARNING - [WARN] Retry 2/3 for model magicoder:7b-s-cl: mkdir /home/sahand.moslemi/.ollama/models: permission denied: ensure path elements are traversable (status code: 500)
2026-04-08 02:38:45 - httpx - INFO - HTTP Request: POST http://127.0.0.1:11434/api/chat "HTTP/1.1 500 Internal Server Error"
2026-04-08 02:38:45 - root - WARNING - [WARN] Retry 2/3 for model magicoder:7b-s-cl: mkdir /home/sahand.moslemi/.ollama/models: permission denied: ensure path elements are traversable (status code: 500)
2026-04-08 02:38:50 - httpx - INFO - HTTP Request: POST http://127.0.0.1:11434/api/chat "HTTP/1.1 500 Internal Server Error"
2026-04-08 02:38:50 - root - WARNING - [WARN] Retry 2/3 for model magicoder:7b-s-cl: mkdir /home/sahand.moslemi/.ollama/models: permission denied: ensure path elements are traversable (status code: 500)
2026-04-08 02:38:55 - httpx - INFO - HTTP Request: POST http://127.0.0.1:11434/api/chat "HTTP/1.1 500 Internal Server Error"
2026-04-08 02:38:55 - root - WARNING - [WARN] Retry 2/3 for model magicoder:7b-s-cl: mkdir /home/sahand.moslemi/.ollama/models: permission denied: ensure path elements are traversable (status code: 500)
2026-04-08 02:39:00 - httpx - INFO - HTTP Request: POST http://127.0.0.1:11434/api/chat "HTTP/1.1 500 Internal Server Error"
2026-04-08 02:39:00 - root - WARNING - [WARN] Retry 2/3 for model magicoder:7b-s-cl: mkdir /home/sahand.moslemi/.ollama/models: permission denied: ensure path elements are traversable (status code: 500)
2026-04-08 02:39:05 - httpx - INFO - HTTP Request: POST http://127.0.0.1:11434/api/chat "HTTP/1.1 500 Internal Server Error"
2026-04-08 02:39:05 - root - WARNING - [WARN] Retry 2/3 for model magicoder:7b-s-cl: mkdir /home/sahand.moslemi/.ollama/models: permission denied: ensure path elements are traversable (status code: 500)
2026-04-08 02:39:10 - httpx - INFO - HTTP Request: POST http://127.0.0.1:11434/api/chat "HTTP/1.1 500 Internal Server Error"
2026-04-08 02:39:10 - root - WARNING - [WARN] Retry 2/3 for model magicoder:7b-s-cl: mkdir /home/sahand.moslemi/.ollama/models: permission denied: ensure path elements are traversable (status code: 500)
2026-04-08 02:39:15 - httpx - INFO - HTTP Request: POST http://127.0.0.1:11434/api/chat "HTTP/1.1 500 Internal Server Error"
2026-04-08 02:39:15 - root - WARNING - [WARN] Retry 2/3 for model magicoder:7b-s-cl: mkdir /home/sahand.moslemi/.ollama/models: permission denied: ensure path elements are traversable (status code: 500)
2026-04-08 02:39:20 - httpx - INFO - HTTP Request: POST http://127.0.0.1:11434/api/chat "HTTP/1.1 500 Internal Server Error"
2026-04-08 02:39:20 - root - WARNING - [WARN] Retry 2/3 for model magicoder:7b-s-cl: mkdir /home/sahand.moslemi/.ollama/models: permission denied: ensure path elements are traversable (status code: 500)
2026-04-08 02:39:25 - httpx - INFO - HTTP Request: POST http://127.0.0.1:11434/api/chat "HTTP/1.1 500 Internal Server Error"
2026-04-08 02:39:25 - root - WARNING - [WARN] Retry 2/3 for model magicoder:7b-s-cl: mkdir /home/sahand.moslemi/.ollama/models: permission denied: ensure path elements are traversable (status code: 500)
2026-04-08 02:39:30 - httpx - INFO - HTTP Request: POST http://127.0.0.1:11434/api/chat "HTTP/1.1 500 Internal Server Error"
2026-04-08 02:39:30 - root - WARNING - [WARN] Retry 2/3 for model magicoder:7b-s-cl: mkdir /home/sahand.moslemi/.ollama/models: permission denied: ensure path elements are traversable (status code: 500)
2026-04-08 02:39:35 - httpx - INFO - HTTP Request: POST http://127.0.0.1:11434/api/chat "HTTP/1.1 500 Internal Server Error"
2026-04-08 02:39:35 - root - WARNING - [WARN] Retry 2/3 for model magicoder:7b-s-cl: mkdir /home/sahand.moslemi/.ollama/models: permission denied: ensure path elements are traversable (status code: 500)
2026-04-08 02:39:40 - httpx - INFO - HTTP Request: POST http://127.0.0.1:11434/api/chat "HTTP/1.1 500 Internal Server Error"
2026-04-08 02:39:40 - root - WARNING - [WARN] Retry 2/3 for model magicoder:7b-s-cl: mkdir /home/sahand.moslemi/.ollama/models: permission denied: ensure path elements are traversable (status code: 500)
2026-04-08 02:39:45 - httpx - INFO - HTTP Request: POST http://127.0.0.1:11434/api/chat "HTTP/1.1 500 Internal Server Error"
2026-04-08 02:39:45 - root - WARNING - [WARN] Retry 2/3 for model magicoder:7b-s-cl: mkdir /home/sahand.moslemi/.ollama/models: permission denied: ensure path elements are traversable (status code: 500)
2026-04-08 02:39:50 - httpx - INFO - HTTP Request: POST http://127.0.0.1:11434/api/chat "HTTP/1.1 500 Internal Server Error"
2026-04-08 02:39:51 - root - WARNING - [WARN] Retry 2/3 for model magicoder:7b-s-cl: mkdir /home/sahand.moslemi/.ollama/models: permission denied: ensure path elements are traversable (status code: 500)
2026-04-08 02:39:56 - httpx - INFO - HTTP Request: POST http://127.0.0.1:11434/api/chat "HTTP/1.1 500 Internal Server Error"
2026-04-08 02:39:56 - root - WARNING - [WARN] Retry 2/3 for model magicoder:7b-s-cl: mkdir /home/sahand.moslemi/.ollama/models: permission denied: ensure path elements are traversable (status code: 500)
2026-04-08 02:40:01 - httpx - INFO - HTTP Request: POST http://127.0.0.1:11434/api/chat "HTTP/1.1 500 Internal Server Error"
2026-04-08 02:40:01 - root - WARNING - [WARN] Retry 2/3 for model magicoder:7b-s-cl: mkdir /home/sahand.moslemi/.ollama/models: permission denied: ensure path elements are traversable (status code: 500)
2026-04-08 02:40:06 - httpx - INFO - HTTP Request: POST http://127.0.0.1:11434/api/chat "HTTP/1.1 500 Internal Server Error"
2026-04-08 02:40:06 - root - WARNING - [WARN] Retry 2/3 for model magicoder:7b-s-cl: mkdir /home/sahand.moslemi/.ollama/models: permission denied: ensure path elements are traversable (status code: 500)
2026-04-08 02:40:11 - httpx - INFO - HTTP Request: POST http://127.0.0.1:11434/api/chat "HTTP/1.1 500 Internal Server Error"
2026-04-08 02:40:11 - root - WARNING - [WARN] Retry 2/3 for model magicoder:7b-s-cl: mkdir /home/sahand.moslemi/.ollama/models: permission denied: ensure path elements are traversable (status code: 500)
2026-04-08 02:40:16 - httpx - INFO - HTTP Request: POST http://127.0.0.1:11434/api/chat "HTTP/1.1 500 Internal Server Error"
2026-04-08 02:40:16 - root - WARNING - [WARN] Retry 2/3 for model magicoder:7b-s-cl: mkdir /home/sahand.moslemi/.ollama/models: permission denied: ensure path elements are traversable (status code: 500)
2026-04-08 02:40:21 - httpx - INFO - HTTP Request: POST http://127.0.0.1:11434/api/chat "HTTP/1.1 500 Internal Server Error"
2026-04-08 02:40:21 - root - WARNING - [WARN] Retry 2/3 for model magicoder:7b-s-cl: mkdir /home/sahand.moslemi/.ollama/models: permission denied: ensure path elements are traversable (status code: 500)
2026-04-08 02:40:26 - httpx - INFO - HTTP Request: POST http://127.0.0.1:11434/api/chat "HTTP/1.1 500 Internal Server Error"
2026-04-08 02:40:26 - root - WARNING - [WARN] Retry 2/3 for model magicoder:7b-s-cl: mkdir /home/sahand.moslemi/.ollama/models: permission denied: ensure path elements are traversable (status code: 500)
2026-04-08 02:40:31 - httpx - INFO - HTTP Request: POST http://127.0.0.1:11434/api/chat "HTTP/1.1 500 Internal Server Error"
2026-04-08 02:40:31 - root - WARNING - [WARN] Retry 2/3 for model magicoder:7b-s-cl: mkdir /home/sahand.moslemi/.ollama/models: permission denied: ensure path elements are traversable (status code: 500)
2026-04-08 02:40:36 - httpx - INFO - HTTP Request: POST http://127.0.0.1:11434/api/chat "HTTP/1.1 500 Internal Server Error"
2026-04-08 02:40:36 - root - WARNING - [WARN] Retry 2/3 for model magicoder:7b-s-cl: mkdir /home/sahand.moslemi/.ollama/models: permission denied: ensure path elements are traversable (status code: 500)
2026-04-08 02:40:41 - httpx - INFO - HTTP Request: POST http://127.0.0.1:11434/api/chat "HTTP/1.1 500 Internal Server Error"
2026-04-08 02:40:41 - root - WARNING - [WARN] Retry 2/3 for model magicoder:7b-s-cl: mkdir /home/sahand.moslemi/.ollama/models: permission denied: ensure path elements are traversable (status code: 500)
2026-04-08 02:40:46 - httpx - INFO - HTTP Request: POST http://127.0.0.1:11434/api/chat "HTTP/1.1 500 Internal Server Error"
2026-04-08 02:40:46 - root - WARNING - [WARN] Retry 2/3 for model magicoder:7b-s-cl: mkdir /home/sahand.moslemi/.ollama/models: permission denied: ensure path elements are traversable (status code: 500)
2026-04-08 02:40:51 - httpx - INFO - HTTP Request: POST http://127.0.0.1:11434/api/chat "HTTP/1.1 500 Internal Server Error"
2026-04-08 02:40:51 - root - WARNING - [WARN] Retry 2/3 for model magicoder:7b-s-cl: mkdir /home/sahand.moslemi/.ollama/models: permission denied: ensure path elements are traversable (status code: 500)
2026-04-08 02:40:56 - httpx - INFO - HTTP Request: POST http://127.0.0.1:11434/api/chat "HTTP/1.1 500 Internal Server Error"
2026-04-08 02:40:56 - root - WARNING - [WARN] Retry 2/3 for model magicoder:7b-s-cl: mkdir /home/sahand.moslemi/.ollama/models: permission denied: ensure path elements are traversable (status code: 500)
2026-04-08 02:41:01 - httpx - INFO - HTTP Request: POST http://127.0.0.1:11434/api/chat "HTTP/1.1 500 Internal Server Error"
2026-04-08 02:41:01 - root - WARNING - [WARN] Retry 2/3 for model magicoder:7b-s-cl: mkdir /home/sahand.moslemi/.ollama/models: permission denied: ensure path elements are traversable (status code: 500)
2026-04-08 02:41:06 - httpx - INFO - HTTP Request: POST http://127.0.0.1:11434/api/chat "HTTP/1.1 500 Internal Server Error"
2026-04-08 02:41:06 - root - WARNING - [WARN] Retry 2/3 for model magicoder:7b-s-cl: mkdir /home/sahand.moslemi/.ollama/models: permission denied: ensure path elements are traversable (status code: 500)
2026-04-08 02:41:11 - httpx - INFO - HTTP Request: POST http://127.0.0.1:11434/api/chat "HTTP/1.1 500 Internal Server Error"
2026-04-08 02:41:11 - root - WARNING - [WARN] Retry 2/3 for model magicoder:7b-s-cl: mkdir /home/sahand.moslemi/.ollama/models: permission denied: ensure path elements are traversable (status code: 500)
2026-04-08 02:41:16 - httpx - INFO - HTTP Request: POST http://127.0.0.1:11434/api/chat "HTTP/1.1 500 Internal Server Error"
2026-04-08 02:41:16 - root - WARNING - [WARN] Retry 2/3 for model magicoder:7b-s-cl: mkdir /home/sahand.moslemi/.ollama/models: permission denied: ensure path elements are traversable (status code: 500)
2026-04-08 02:41:21 - httpx - INFO - HTTP Request: POST http://127.0.0.1:11434/api/chat "HTTP/1.1 500 Internal Server Error"
2026-04-08 02:41:21 - root - WARNING - [WARN] Retry 2/3 for model magicoder:7b-s-cl: mkdir /home/sahand.moslemi/.ollama/models: permission denied: ensure path elements are traversable (status code: 500)
2026-04-08 02:41:26 - httpx - INFO - HTTP Request: POST http://127.0.0.1:11434/api/chat "HTTP/1.1 500 Internal Server Error"
2026-04-08 02:41:26 - root - WARNING - [WARN] Retry 2/3 for model magicoder:7b-s-cl: mkdir /home/sahand.moslemi/.ollama/models: permission denied: ensure path elements are traversable (status code: 500)
2026-04-08 02:41:31 - httpx - INFO - HTTP Request: POST http://127.0.0.1:11434/api/chat "HTTP/1.1 500 Internal Server Error"
2026-04-08 02:41:31 - root - WARNING - [WARN] Retry 2/3 for model magicoder:7b-s-cl: mkdir /home/sahand.moslemi/.ollama/models: permission denied: ensure path elements are traversable (status code: 500)
2026-04-08 02:41:36 - httpx - INFO - HTTP Request: POST http://127.0.0.1:11434/api/chat "HTTP/1.1 500 Internal Server Error"
2026-04-08 02:41:36 - root - WARNING - [WARN] Retry 2/3 for model magicoder:7b-s-cl: mkdir /home/sahand.moslemi/.ollama/models: permission denied: ensure path elements are traversable (status code: 500)
2026-04-08 02:41:41 - httpx - INFO - HTTP Request: POST http://127.0.0.1:11434/api/chat "HTTP/1.1 500 Internal Server Error"
2026-04-08 02:41:41 - root - WARNING - [WARN] Retry 2/3 for model magicoder:7b-s-cl: mkdir /home/sahand.moslemi/.ollama/models: permission denied: ensure path elements are traversable (status code: 500)
2026-04-08 02:41:46 - httpx - INFO - HTTP Request: POST http://127.0.0.1:11434/api/chat "HTTP/1.1 500 Internal Server Error"
2026-04-08 02:41:46 - root - WARNING - [WARN] Retry 2/3 for model magicoder:7b-s-cl: mkdir /home/sahand.moslemi/.ollama/models: permission denied: ensure path elements are traversable (status code: 500)
2026-04-08 02:41:51 - httpx - INFO - HTTP Request: POST http://127.0.0.1:11434/api/chat "HTTP/1.1 500 Internal Server Error"
2026-04-08 02:41:51 - root - WARNING - [WARN] Retry 2/3 for model magicoder:7b-s-cl: mkdir /home/sahand.moslemi/.ollama/models: permission denied: ensure path elements are traversable (status code: 500)
2026-04-08 02:41:56 - httpx - INFO - HTTP Request: POST http://127.0.0.1:11434/api/chat "HTTP/1.1 500 Internal Server Error"
2026-04-08 02:41:56 - root - WARNING - [WARN] Retry 2/3 for model magicoder:7b-s-cl: mkdir /home/sahand.moslemi/.ollama/models: permission denied: ensure path elements are traversable (status code: 500)
2026-04-08 02:42:01 - httpx - INFO - HTTP Request: POST http://127.0.0.1:11434/api/chat "HTTP/1.1 500 Internal Server Error"
2026-04-08 02:42:01 - root - WARNING - [WARN] Retry 2/3 for model magicoder:7b-s-cl: mkdir /home/sahand.moslemi/.ollama/models: permission denied: ensure path elements are traversable (status code: 500)
2026-04-08 02:42:06 - httpx - INFO - HTTP Request: POST http://127.0.0.1:11434/api/chat "HTTP/1.1 500 Internal Server Error"
2026-04-08 02:42:06 - root - WARNING - [WARN] Retry 2/3 for model magicoder:7b-s-cl: mkdir /home/sahand.moslemi/.ollama/models: permission denied: ensure path elements are traversable (status code: 500)
2026-04-08 02:42:11 - httpx - INFO - HTTP Request: POST http://127.0.0.1:11434/api/chat "HTTP/1.1 500 Internal Server Error"
2026-04-08 02:42:11 - root - WARNING - [WARN] Retry 2/3 for model magicoder:7b-s-cl: mkdir /home/sahand.moslemi/.ollama/models: permission denied: ensure path elements are traversable (status code: 500)
2026-04-08 02:42:16 - httpx - INFO - HTTP Request: POST http://127.0.0.1:11434/api/chat "HTTP/1.1 500 Internal Server Error"
2026-04-08 02:42:16 - root - WARNING - [WARN] Retry 2/3 for model magicoder:7b-s-cl: mkdir /home/sahand.moslemi/.ollama/models: permission denied: ensure path elements are traversable (status code: 500)
2026-04-08 02:42:21 - httpx - INFO - HTTP Request: POST http://127.0.0.1:11434/api/chat "HTTP/1.1 500 Internal Server Error"
2026-04-08 02:42:21 - root - WARNING - [WARN] Retry 2/3 for model magicoder:7b-s-cl: mkdir /home/sahand.moslemi/.ollama/models: permission denied: ensure path elements are traversable (status code: 500)
2026-04-08 02:42:26 - httpx - INFO - HTTP Request: POST http://127.0.0.1:11434/api/chat "HTTP/1.1 500 Internal Server Error"
2026-04-08 02:42:26 - root - WARNING - [WARN] Retry 2/3 for model magicoder:7b-s-cl: mkdir /home/sahand.moslemi/.ollama/models: permission denied: ensure path elements are traversable (status code: 500)
2026-04-08 02:42:31 - httpx - INFO - HTTP Request: POST http://127.0.0.1:11434/api/chat "HTTP/1.1 500 Internal Server Error"
2026-04-08 02:42:31 - root - WARNING - [WARN] Retry 2/3 for model magicoder:7b-s-cl: mkdir /home/sahand.moslemi/.ollama/models: permission denied: ensure path elements are traversable (status code: 500)
2026-04-08 02:42:36 - httpx - INFO - HTTP Request: POST http://127.0.0.1:11434/api/chat "HTTP/1.1 500 Internal Server Error"
2026-04-08 02:42:36 - root - WARNING - [WARN] Retry 2/3 for model magicoder:7b-s-cl: mkdir /home/sahand.moslemi/.ollama/models: permission denied: ensure path elements are traversable (status code: 500)
2026-04-08 02:42:41 - httpx - INFO - HTTP Request: POST http://127.0.0.1:11434/api/chat "HTTP/1.1 500 Internal Server Error"
2026-04-08 02:42:41 - root - WARNING - [WARN] Retry 2/3 for model magicoder:7b-s-cl: mkdir /home/sahand.moslemi/.ollama/models: permission denied: ensure path elements are traversable (status code: 500)
2026-04-08 02:42:46 - httpx - INFO - HTTP Request: POST http://127.0.0.1:11434/api/chat "HTTP/1.1 500 Internal Server Error"
2026-04-08 02:42:46 - root - WARNING - [WARN] Retry 2/3 for model magicoder:7b-s-cl: mkdir /home/sahand.moslemi/.ollama/models: permission denied: ensure path elements are traversable (status code: 500)
2026-04-08 02:42:51 - httpx - INFO - HTTP Request: POST http://127.0.0.1:11434/api/chat "HTTP/1.1 500 Internal Server Error"
2026-04-08 02:42:51 - root - WARNING - [WARN] Retry 2/3 for model magicoder:7b-s-cl: mkdir /home/sahand.moslemi/.ollama/models: permission denied: ensure path elements are traversable (status code: 500)
2026-04-08 02:42:56 - httpx - INFO - HTTP Request: POST http://127.0.0.1:11434/api/chat "HTTP/1.1 500 Internal Server Error"
2026-04-08 02:42:56 - root - WARNING - [WARN] Retry 2/3 for model magicoder:7b-s-cl: mkdir /home/sahand.moslemi/.ollama/models: permission denied: ensure path elements are traversable (status code: 500)
2026-04-08 02:43:01 - httpx - INFO - HTTP Request: POST http://127.0.0.1:11434/api/chat "HTTP/1.1 500 Internal Server Error"
2026-04-08 02:43:01 - root - WARNING - [WARN] Retry 2/3 for model magicoder:7b-s-cl: mkdir /home/sahand.moslemi/.ollama/models: permission denied: ensure path elements are traversable (status code: 500)
2026-04-08 02:43:06 - httpx - INFO - HTTP Request: POST http://127.0.0.1:11434/api/chat "HTTP/1.1 500 Internal Server Error"
2026-04-08 02:43:06 - root - WARNING - [WARN] Retry 2/3 for model magicoder:7b-s-cl: mkdir /home/sahand.moslemi/.ollama/models: permission denied: ensure path elements are traversable (status code: 500)
2026-04-08 02:43:11 - httpx - INFO - HTTP Request: POST http://127.0.0.1:11434/api/chat "HTTP/1.1 500 Internal Server Error"
2026-04-08 02:43:11 - root - WARNING - [WARN] Retry 2/3 for model magicoder:7b-s-cl: mkdir /home/sahand.moslemi/.ollama/models: permission denied: ensure path elements are traversable (status code: 500)
2026-04-08 02:43:16 - httpx - INFO - HTTP Request: POST http://127.0.0.1:11434/api/chat "HTTP/1.1 500 Internal Server Error"
2026-04-08 02:43:16 - root - WARNING - [WARN] Retry 2/3 for model magicoder:7b-s-cl: mkdir /home/sahand.moslemi/.ollama/models: permission denied: ensure path elements are traversable (status code: 500)
2026-04-08 02:43:21 - httpx - INFO - HTTP Request: POST http://127.0.0.1:11434/api/chat "HTTP/1.1 500 Internal Server Error"
2026-04-08 02:43:21 - root - WARNING - [WARN] Retry 2/3 for model magicoder:7b-s-cl: mkdir /home/sahand.moslemi/.ollama/models: permission denied: ensure path elements are traversable (status code: 500)
2026-04-08 02:43:26 - httpx - INFO - HTTP Request: POST http://127.0.0.1:11434/api/chat "HTTP/1.1 500 Internal Server Error"
2026-04-08 02:43:26 - root - WARNING - [WARN] Retry 2/3 for model magicoder:7b-s-cl: mkdir /home/sahand.moslemi/.ollama/models: permission denied: ensure path elements are traversable (status code: 500)
2026-04-08 02:43:31 - httpx - INFO - HTTP Request: POST http://127.0.0.1:11434/api/chat "HTTP/1.1 500 Internal Server Error"
2026-04-08 02:43:31 - root - WARNING - [WARN] Retry 2/3 for model magicoder:7b-s-cl: mkdir /home/sahand.moslemi/.ollama/models: permission denied: ensure path elements are traversable (status code: 500)
2026-04-08 02:43:36 - httpx - INFO - HTTP Request: POST http://127.0.0.1:11434/api/chat "HTTP/1.1 500 Internal Server Error"
2026-04-08 02:43:36 - root - WARNING - [WARN] Retry 2/3 for model magicoder:7b-s-cl: mkdir /home/sahand.moslemi/.ollama/models: permission denied: ensure path elements are traversable (status code: 500)
2026-04-08 02:43:41 - httpx - INFO - HTTP Request: POST http://127.0.0.1:11434/api/chat "HTTP/1.1 500 Internal Server Error"
2026-04-08 02:43:41 - root - WARNING - [WARN] Retry 2/3 for model magicoder:7b-s-cl: mkdir /home/sahand.moslemi/.ollama/models: permission denied: ensure path elements are traversable (status code: 500)
2026-04-08 02:43:46 - httpx - INFO - HTTP Request: POST http://127.0.0.1:11434/api/chat "HTTP/1.1 500 Internal Server Error"
2026-04-08 02:43:46 - root - WARNING - [WARN] Retry 2/3 for model magicoder:7b-s-cl: mkdir /home/sahand.moslemi/.ollama/models: permission denied: ensure path elements are traversable (status code: 500)
2026-04-08 02:43:52 - httpx - INFO - HTTP Request: POST http://127.0.0.1:11434/api/chat "HTTP/1.1 500 Internal Server Error"
2026-04-08 02:43:52 - root - WARNING - [WARN] Retry 2/3 for model magicoder:7b-s-cl: open /home/sahand.moslemi/.ollama/models/manifests/registry.ollama.ai/library/magicoder/7b-s-cl: permission denied (status code: 500)
2026-04-08 02:43:57 - httpx - INFO - HTTP Request: POST http://127.0.0.1:11434/api/chat "HTTP/1.1 500 Internal Server Error"
2026-04-08 02:43:57 - root - WARNING - [WARN] Retry 2/3 for model magicoder:7b-s-cl: mkdir /home/sahand.moslemi/.ollama/models: permission denied: ensure path elements are traversable (status code: 500)
2026-04-08 02:44:02 - httpx - INFO - HTTP Request: POST http://127.0.0.1:11434/api/chat "HTTP/1.1 500 Internal Server Error"
2026-04-08 02:44:02 - root - WARNING - [WARN] Retry 2/3 for model magicoder:7b-s-cl: mkdir /home/sahand.moslemi/.ollama/models: permission denied: ensure path elements are traversable (status code: 500)
2026-04-08 02:44:07 - httpx - INFO - HTTP Request: POST http://127.0.0.1:11434/api/chat "HTTP/1.1 500 Internal Server Error"
2026-04-08 02:44:07 - root - WARNING - [WARN] Retry 2/3 for model magicoder:7b-s-cl: mkdir /home/sahand.moslemi/.ollama/models: permission denied: ensure path elements are traversable (status code: 500)
2026-04-08 02:44:12 - httpx - INFO - HTTP Request: POST http://127.0.0.1:11434/api/chat "HTTP/1.1 500 Internal Server Error"
2026-04-08 02:44:12 - root - WARNING - [WARN] Retry 2/3 for model magicoder:7b-s-cl: mkdir /home/sahand.moslemi/.ollama/models: permission denied: ensure path elements are traversable (status code: 500)
2026-04-08 02:44:17 - httpx - INFO - HTTP Request: POST http://127.0.0.1:11434/api/chat "HTTP/1.1 500 Internal Server Error"
2026-04-08 02:44:17 - root - WARNING - [WARN] Retry 2/3 for model magicoder:7b-s-cl: mkdir /home/sahand.moslemi/.ollama/models: permission denied: ensure path elements are traversable (status code: 500)
2026-04-08 02:44:22 - httpx - INFO - HTTP Request: POST http://127.0.0.1:11434/api/chat "HTTP/1.1 500 Internal Server Error"
2026-04-08 02:44:22 - root - WARNING - [WARN] Retry 2/3 for model magicoder:7b-s-cl: mkdir /home/sahand.moslemi/.ollama/models: permission denied: ensure path elements are traversable (status code: 500)
2026-04-08 02:44:27 - httpx - INFO - HTTP Request: POST http://127.0.0.1:11434/api/chat "HTTP/1.1 500 Internal Server Error"
2026-04-08 02:44:27 - root - WARNING - [WARN] Retry 2/3 for model magicoder:7b-s-cl: mkdir /home/sahand.moslemi/.ollama/models: permission denied: ensure path elements are traversable (status code: 500)
2026-04-08 02:44:32 - httpx - INFO - HTTP Request: POST http://127.0.0.1:11434/api/chat "HTTP/1.1 500 Internal Server Error"
2026-04-08 02:44:32 - root - WARNING - [WARN] Retry 2/3 for model magicoder:7b-s-cl: mkdir /home/sahand.moslemi/.ollama/models: permission denied: ensure path elements are traversable (status code: 500)
2026-04-08 02:44:37 - httpx - INFO - HTTP Request: POST http://127.0.0.1:11434/api/chat "HTTP/1.1 500 Internal Server Error"
2026-04-08 02:44:37 - root - WARNING - [WARN] Retry 2/3 for model magicoder:7b-s-cl: mkdir /home/sahand.moslemi/.ollama/models: permission denied: ensure path elements are traversable (status code: 500)
2026-04-08 02:44:42 - httpx - INFO - HTTP Request: POST http://127.0.0.1:11434/api/chat "HTTP/1.1 500 Internal Server Error"
2026-04-08 02:44:42 - root - WARNING - [WARN] Retry 2/3 for model magicoder:7b-s-cl: mkdir /home/sahand.moslemi/.ollama/models: permission denied: ensure path elements are traversable (status code: 500)
2026-04-08 02:44:47 - httpx - INFO - HTTP Request: POST http://127.0.0.1:11434/api/chat "HTTP/1.1 500 Internal Server Error"
2026-04-08 02:44:47 - root - WARNING - [WARN] Retry 2/3 for model magicoder:7b-s-cl: mkdir /home/sahand.moslemi/.ollama/models: permission denied: ensure path elements are traversable (status code: 500)
2026-04-08 02:44:52 - httpx - INFO - HTTP Request: POST http://127.0.0.1:11434/api/chat "HTTP/1.1 500 Internal Server Error"
2026-04-08 02:44:52 - root - WARNING - [WARN] Retry 2/3 for model magicoder:7b-s-cl: mkdir /home/sahand.moslemi/.ollama/models: permission denied: ensure path elements are traversable (status code: 500)
2026-04-08 02:44:57 - httpx - INFO - HTTP Request: POST http://127.0.0.1:11434/api/chat "HTTP/1.1 500 Internal Server Error"
2026-04-08 02:44:57 - root - WARNING - [WARN] Retry 2/3 for model magicoder:7b-s-cl: mkdir /home/sahand.moslemi/.ollama/models: permission denied: ensure path elements are traversable (status code: 500)
2026-04-08 02:45:02 - httpx - INFO - HTTP Request: POST http://127.0.0.1:11434/api/chat "HTTP/1.1 500 Internal Server Error"
2026-04-08 02:45:02 - root - WARNING - [WARN] Retry 2/3 for model magicoder:7b-s-cl: mkdir /home/sahand.moslemi/.ollama/models: permission denied: ensure path elements are traversable (status code: 500)
2026-04-08 02:45:07 - httpx - INFO - HTTP Request: POST http://127.0.0.1:11434/api/chat "HTTP/1.1 500 Internal Server Error"
2026-04-08 02:45:07 - root - WARNING - [WARN] Retry 2/3 for model magicoder:7b-s-cl: mkdir /home/sahand.moslemi/.ollama/models: permission denied: ensure path elements are traversable (status code: 500)
2026-04-08 02:45:12 - httpx - INFO - HTTP Request: POST http://127.0.0.1:11434/api/chat "HTTP/1.1 500 Internal Server Error"
2026-04-08 02:45:12 - root - WARNING - [WARN] Retry 2/3 for model magicoder:7b-s-cl: mkdir /home/sahand.moslemi/.ollama/models: permission denied: ensure path elements are traversable (status code: 500)
2026-04-08 02:45:17 - httpx - INFO - HTTP Request: POST http://127.0.0.1:11434/api/chat "HTTP/1.1 500 Internal Server Error"
2026-04-08 02:45:17 - root - WARNING - [WARN] Retry 2/3 for model magicoder:7b-s-cl: mkdir /home/sahand.moslemi/.ollama/models: permission denied: ensure path elements are traversable (status code: 500)
2026-04-08 02:45:22 - httpx - INFO - HTTP Request: POST http://127.0.0.1:11434/api/chat "HTTP/1.1 500 Internal Server Error"
2026-04-08 02:45:22 - root - WARNING - [WARN] Retry 2/3 for model magicoder:7b-s-cl: mkdir /home/sahand.moslemi/.ollama/models: permission denied: ensure path elements are traversable (status code: 500)
2026-04-08 02:45:27 - httpx - INFO - HTTP Request: POST http://127.0.0.1:11434/api/chat "HTTP/1.1 500 Internal Server Error"
2026-04-08 02:45:27 - root - WARNING - [WARN] Retry 2/3 for model magicoder:7b-s-cl: mkdir /home/sahand.moslemi/.ollama/models: permission denied: ensure path elements are traversable (status code: 500)
2026-04-08 02:45:32 - httpx - INFO - HTTP Request: POST http://127.0.0.1:11434/api/chat "HTTP/1.1 500 Internal Server Error"
2026-04-08 02:45:32 - root - WARNING - [WARN] Retry 2/3 for model magicoder:7b-s-cl: mkdir /home/sahand.moslemi/.ollama/models: permission denied: ensure path elements are traversable (status code: 500)
2026-04-08 02:45:37 - httpx - INFO - HTTP Request: POST http://127.0.0.1:11434/api/chat "HTTP/1.1 500 Internal Server Error"
2026-04-08 02:45:37 - root - WARNING - [WARN] Retry 2/3 for model magicoder:7b-s-cl: mkdir /home/sahand.moslemi/.ollama/models: permission denied: ensure path elements are traversable (status code: 500)
2026-04-08 02:45:42 - httpx - INFO - HTTP Request: POST http://127.0.0.1:11434/api/chat "HTTP/1.1 500 Internal Server Error"
2026-04-08 02:45:42 - root - WARNING - [WARN] Retry 2/3 for model magicoder:7b-s-cl: mkdir /home/sahand.moslemi/.ollama/models: permission denied: ensure path elements are traversable (status code: 500)
2026-04-08 02:45:47 - httpx - INFO - HTTP Request: POST http://127.0.0.1:11434/api/chat "HTTP/1.1 500 Internal Server Error"
2026-04-08 02:45:47 - root - WARNING - [WARN] Retry 2/3 for model magicoder:7b-s-cl: mkdir /home/sahand.moslemi/.ollama/models: permission denied: ensure path elements are traversable (status code: 500)
2026-04-08 02:45:52 - httpx - INFO - HTTP Request: POST http://127.0.0.1:11434/api/chat "HTTP/1.1 500 Internal Server Error"
2026-04-08 02:45:52 - root - WARNING - [WARN] Retry 2/3 for model magicoder:7b-s-cl: mkdir /home/sahand.moslemi/.ollama/models: permission denied: ensure path elements are traversable (status code: 500)
2026-04-08 02:45:57 - httpx - INFO - HTTP Request: POST http://127.0.0.1:11434/api/chat "HTTP/1.1 500 Internal Server Error"
2026-04-08 02:45:57 - root - WARNING - [WARN] Retry 2/3 for model magicoder:7b-s-cl: mkdir /home/sahand.moslemi/.ollama/models: permission denied: ensure path elements are traversable (status code: 500)
2026-04-08 02:46:02 - httpx - INFO - HTTP Request: POST http://127.0.0.1:11434/api/chat "HTTP/1.1 500 Internal Server Error"
2026-04-08 02:46:02 - root - WARNING - [WARN] Retry 2/3 for model magicoder:7b-s-cl: mkdir /home/sahand.moslemi/.ollama/models: permission denied: ensure path elements are traversable (status code: 500)
2026-04-08 02:46:07 - httpx - INFO - HTTP Request: POST http://127.0.0.1:11434/api/chat "HTTP/1.1 500 Internal Server Error"
2026-04-08 02:46:07 - root - WARNING - [WARN] Retry 2/3 for model magicoder:7b-s-cl: mkdir /home/sahand.moslemi/.ollama/models: permission denied: ensure path elements are traversable (status code: 500)
2026-04-08 02:46:12 - httpx - INFO - HTTP Request: POST http://127.0.0.1:11434/api/chat "HTTP/1.1 500 Internal Server Error"
2026-04-08 02:46:12 - root - WARNING - [WARN] Retry 2/3 for model magicoder:7b-s-cl: mkdir /home/sahand.moslemi/.ollama/models: permission denied: ensure path elements are traversable (status code: 500)
2026-04-08 02:46:17 - httpx - INFO - HTTP Request: POST http://127.0.0.1:11434/api/chat "HTTP/1.1 500 Internal Server Error"
2026-04-08 02:46:17 - root - WARNING - [WARN] Retry 2/3 for model magicoder:7b-s-cl: mkdir /home/sahand.moslemi/.ollama/models: permission denied: ensure path elements are traversable (status code: 500)
2026-04-08 02:46:22 - httpx - INFO - HTTP Request: POST http://127.0.0.1:11434/api/chat "HTTP/1.1 500 Internal Server Error"
2026-04-08 02:46:22 - root - WARNING - [WARN] Retry 2/3 for model magicoder:7b-s-cl: mkdir /home/sahand.moslemi/.ollama/models: permission denied: ensure path elements are traversable (status code: 500)
2026-04-08 02:46:27 - httpx - INFO - HTTP Request: POST http://127.0.0.1:11434/api/chat "HTTP/1.1 500 Internal Server Error"
2026-04-08 02:46:27 - root - WARNING - [WARN] Retry 2/3 for model magicoder:7b-s-cl: mkdir /home/sahand.moslemi/.ollama/models: permission denied: ensure path elements are traversable (status code: 500)
2026-04-08 02:46:32 - httpx - INFO - HTTP Request: POST http://127.0.0.1:11434/api/chat "HTTP/1.1 500 Internal Server Error"
2026-04-08 02:46:32 - root - WARNING - [WARN] Retry 2/3 for model magicoder:7b-s-cl: mkdir /home/sahand.moslemi/.ollama/models: permission denied: ensure path elements are traversable (status code: 500)
2026-04-08 02:46:37 - httpx - INFO - HTTP Request: POST http://127.0.0.1:11434/api/chat "HTTP/1.1 500 Internal Server Error"
2026-04-08 02:46:37 - root - WARNING - [WARN] Retry 2/3 for model magicoder:7b-s-cl: mkdir /home/sahand.moslemi/.ollama/models: permission denied: ensure path elements are traversable (status code: 500)
2026-04-08 02:46:42 - httpx - INFO - HTTP Request: POST http://127.0.0.1:11434/api/chat "HTTP/1.1 500 Internal Server Error"
2026-04-08 02:46:42 - root - WARNING - [WARN] Retry 2/3 for model magicoder:7b-s-cl: mkdir /home/sahand.moslemi/.ollama/models: permission denied: ensure path elements are traversable (status code: 500)
2026-04-08 02:46:47 - httpx - INFO - HTTP Request: POST http://127.0.0.1:11434/api/chat "HTTP/1.1 500 Internal Server Error"
2026-04-08 02:46:47 - root - WARNING - [WARN] Retry 2/3 for model magicoder:7b-s-cl: mkdir /home/sahand.moslemi/.ollama/models: permission denied: ensure path elements are traversable (status code: 500)
2026-04-08 02:46:52 - httpx - INFO - HTTP Request: POST http://127.0.0.1:11434/api/chat "HTTP/1.1 500 Internal Server Error"
2026-04-08 02:46:52 - root - WARNING - [WARN] Retry 2/3 for model magicoder:7b-s-cl: mkdir /home/sahand.moslemi/.ollama/models: permission denied: ensure path elements are traversable (status code: 500)
2026-04-08 02:46:57 - httpx - INFO - HTTP Request: POST http://127.0.0.1:11434/api/chat "HTTP/1.1 500 Internal Server Error"
2026-04-08 02:46:57 - root - WARNING - [WARN] Retry 2/3 for model magicoder:7b-s-cl: mkdir /home/sahand.moslemi/.ollama/models: permission denied: ensure path elements are traversable (status code: 500)
2026-04-08 02:47:02 - httpx - INFO - HTTP Request: POST http://127.0.0.1:11434/api/chat "HTTP/1.1 500 Internal Server Error"
2026-04-08 02:47:02 - root - WARNING - [WARN] Retry 2/3 for model magicoder:7b-s-cl: mkdir /home/sahand.moslemi/.ollama/models: permission denied: ensure path elements are traversable (status code: 500)
2026-04-08 02:47:07 - httpx - INFO - HTTP Request: POST http://127.0.0.1:11434/api/chat "HTTP/1.1 500 Internal Server Error"
2026-04-08 02:47:07 - root - WARNING - [WARN] Retry 2/3 for model magicoder:7b-s-cl: mkdir /home/sahand.moslemi/.ollama/models: permission denied: ensure path elements are traversable (status code: 500)
2026-04-08 02:47:12 - httpx - INFO - HTTP Request: POST http://127.0.0.1:11434/api/chat "HTTP/1.1 500 Internal Server Error"
2026-04-08 02:47:12 - root - WARNING - [WARN] Retry 2/3 for model magicoder:7b-s-cl: mkdir /home/sahand.moslemi/.ollama/models: permission denied: ensure path elements are traversable (status code: 500)
2026-04-08 02:47:17 - httpx - INFO - HTTP Request: POST http://127.0.0.1:11434/api/chat "HTTP/1.1 500 Internal Server Error"
2026-04-08 02:47:17 - root - WARNING - [WARN] Retry 2/3 for model magicoder:7b-s-cl: mkdir /home/sahand.moslemi/.ollama/models: permission denied: ensure path elements are traversable (status code: 500)
2026-04-08 02:47:22 - httpx - INFO - HTTP Request: POST http://127.0.0.1:11434/api/chat "HTTP/1.1 500 Internal Server Error"
2026-04-08 02:47:22 - root - WARNING - [WARN] Retry 2/3 for model magicoder:7b-s-cl: mkdir /home/sahand.moslemi/.ollama/models: permission denied: ensure path elements are traversable (status code: 500)
2026-04-08 02:47:27 - httpx - INFO - HTTP Request: POST http://127.0.0.1:11434/api/chat "HTTP/1.1 500 Internal Server Error"
2026-04-08 02:47:27 - root - WARNING - [WARN] Retry 2/3 for model magicoder:7b-s-cl: mkdir /home/sahand.moslemi/.ollama/models: permission denied: ensure path elements are traversable (status code: 500)
2026-04-08 02:47:32 - httpx - INFO - HTTP Request: POST http://127.0.0.1:11434/api/chat "HTTP/1.1 500 Internal Server Error"
2026-04-08 02:47:32 - root - WARNING - [WARN] Retry 2/3 for model magicoder:7b-s-cl: mkdir /home/sahand.moslemi/.ollama/models: permission denied: ensure path elements are traversable (status code: 500)
2026-04-08 02:47:37 - httpx - INFO - HTTP Request: POST http://127.0.0.1:11434/api/chat "HTTP/1.1 500 Internal Server Error"
2026-04-08 02:47:37 - root - WARNING - [WARN] Retry 2/3 for model magicoder:7b-s-cl: mkdir /home/sahand.moslemi/.ollama/models: permission denied: ensure path elements are traversable (status code: 500)
2026-04-08 02:47:42 - httpx - INFO - HTTP Request: POST http://127.0.0.1:11434/api/chat "HTTP/1.1 500 Internal Server Error"
2026-04-08 02:47:42 - root - WARNING - [WARN] Retry 2/3 for model magicoder:7b-s-cl: mkdir /home/sahand.moslemi/.ollama/models: permission denied: ensure path elements are traversable (status code: 500)
2026-04-08 02:47:47 - httpx - INFO - HTTP Request: POST http://127.0.0.1:11434/api/chat "HTTP/1.1 500 Internal Server Error"
2026-04-08 02:47:47 - root - WARNING - [WARN] Retry 2/3 for model magicoder:7b-s-cl: mkdir /home/sahand.moslemi/.ollama/models: permission denied: ensure path elements are traversable (status code: 500)
2026-04-08 02:47:52 - httpx - INFO - HTTP Request: POST http://127.0.0.1:11434/api/chat "HTTP/1.1 500 Internal Server Error"
2026-04-08 02:47:52 - root - WARNING - [WARN] Retry 2/3 for model magicoder:7b-s-cl: mkdir /home/sahand.moslemi/.ollama/models: permission denied: ensure path elements are traversable (status code: 500)
2026-04-08 02:47:57 - httpx - INFO - HTTP Request: POST http://127.0.0.1:11434/api/chat "HTTP/1.1 500 Internal Server Error"
2026-04-08 02:47:57 - root - WARNING - [WARN] Retry 2/3 for model magicoder:7b-s-cl: mkdir /home/sahand.moslemi/.ollama/models: permission denied: ensure path elements are traversable (status code: 500)
2026-04-08 02:48:02 - httpx - INFO - HTTP Request: POST http://127.0.0.1:11434/api/chat "HTTP/1.1 500 Internal Server Error"
2026-04-08 02:48:03 - root - WARNING - [WARN] Retry 2/3 for model magicoder:7b-s-cl: mkdir /home/sahand.moslemi/.ollama/models: permission denied: ensure path elements are traversable (status code: 500)
2026-04-08 02:48:08 - httpx - INFO - HTTP Request: POST http://127.0.0.1:11434/api/chat "HTTP/1.1 500 Internal Server Error"
2026-04-08 02:48:08 - root - WARNING - [WARN] Retry 2/3 for model magicoder:7b-s-cl: mkdir /home/sahand.moslemi/.ollama/models: permission denied: ensure path elements are traversable (status code: 500)
2026-04-08 02:48:13 - httpx - INFO - HTTP Request: POST http://127.0.0.1:11434/api/chat "HTTP/1.1 500 Internal Server Error"
2026-04-08 02:48:13 - root - WARNING - [WARN] Retry 2/3 for model magicoder:7b-s-cl: mkdir /home/sahand.moslemi/.ollama/models: permission denied: ensure path elements are traversable (status code: 500)
2026-04-08 02:48:18 - httpx - INFO - HTTP Request: POST http://127.0.0.1:11434/api/chat "HTTP/1.1 500 Internal Server Error"
2026-04-08 02:48:18 - root - WARNING - [WARN] Retry 2/3 for model magicoder:7b-s-cl: mkdir /home/sahand.moslemi/.ollama/models: permission denied: ensure path elements are traversable (status code: 500)
2026-04-08 02:48:23 - httpx - INFO - HTTP Request: POST http://127.0.0.1:11434/api/chat "HTTP/1.1 500 Internal Server Error"
2026-04-08 02:48:23 - root - WARNING - [WARN] Retry 2/3 for model magicoder:7b-s-cl: mkdir /home/sahand.moslemi/.ollama/models: permission denied: ensure path elements are traversable (status code: 500)
2026-04-08 02:48:28 - httpx - INFO - HTTP Request: POST http://127.0.0.1:11434/api/chat "HTTP/1.1 500 Internal Server Error"
2026-04-08 02:48:28 - root - WARNING - [WARN] Retry 2/3 for model magicoder:7b-s-cl: mkdir /home/sahand.moslemi/.ollama/models: permission denied: ensure path elements are traversable (status code: 500)
2026-04-08 02:48:33 - httpx - INFO - HTTP Request: POST http://127.0.0.1:11434/api/chat "HTTP/1.1 500 Internal Server Error"
2026-04-08 02:48:33 - root - WARNING - [WARN] Retry 2/3 for model magicoder:7b-s-cl: mkdir /home/sahand.moslemi/.ollama/models: permission denied: ensure path elements are traversable (status code: 500)
2026-04-08 02:48:38 - httpx - INFO - HTTP Request: POST http://127.0.0.1:11434/api/chat "HTTP/1.1 500 Internal Server Error"
2026-04-08 02:48:38 - root - WARNING - [WARN] Retry 2/3 for model magicoder:7b-s-cl: mkdir /home/sahand.moslemi/.ollama/models: permission denied: ensure path elements are traversable (status code: 500)
2026-04-08 02:48:43 - httpx - INFO - HTTP Request: POST http://127.0.0.1:11434/api/chat "HTTP/1.1 500 Internal Server Error"
2026-04-08 02:48:43 - root - WARNING - [WARN] Retry 2/3 for model magicoder:7b-s-cl: mkdir /home/sahand.moslemi/.ollama/models: permission denied: ensure path elements are traversable (status code: 500)
2026-04-08 02:48:48 - httpx - INFO - HTTP Request: POST http://127.0.0.1:11434/api/chat "HTTP/1.1 500 Internal Server Error"
2026-04-08 02:48:48 - root - WARNING - [WARN] Retry 2/3 for model magicoder:7b-s-cl: mkdir /home/sahand.moslemi/.ollama/models: permission denied: ensure path elements are traversable (status code: 500)
2026-04-08 02:48:53 - httpx - INFO - HTTP Request: POST http://127.0.0.1:11434/api/chat "HTTP/1.1 500 Internal Server Error"
2026-04-08 02:48:53 - root - WARNING - [WARN] Retry 2/3 for model magicoder:7b-s-cl: mkdir /home/sahand.moslemi/.ollama/models: permission denied: ensure path elements are traversable (status code: 500)
2026-04-08 02:48:58 - httpx - INFO - HTTP Request: POST http://127.0.0.1:11434/api/chat "HTTP/1.1 500 Internal Server Error"
2026-04-08 02:48:58 - root - WARNING - [WARN] Retry 2/3 for model magicoder:7b-s-cl: mkdir /home/sahand.moslemi/.ollama/models: permission denied: ensure path elements are traversable (status code: 500)
2026-04-08 02:49:03 - httpx - INFO - HTTP Request: POST http://127.0.0.1:11434/api/chat "HTTP/1.1 500 Internal Server Error"
2026-04-08 02:49:03 - root - WARNING - [WARN] Retry 2/3 for model magicoder:7b-s-cl: mkdir /home/sahand.moslemi/.ollama/models: permission denied: ensure path elements are traversable (status code: 500)
2026-04-08 02:49:08 - httpx - INFO - HTTP Request: POST http://127.0.0.1:11434/api/chat "HTTP/1.1 500 Internal Server Error"
2026-04-08 02:49:08 - root - WARNING - [WARN] Retry 2/3 for model magicoder:7b-s-cl: mkdir /home/sahand.moslemi/.ollama/models: permission denied: ensure path elements are traversable (status code: 500)
2026-04-08 02:49:13 - httpx - INFO - HTTP Request: POST http://127.0.0.1:11434/api/chat "HTTP/1.1 500 Internal Server Error"
2026-04-08 02:49:13 - root - WARNING - [WARN] Retry 2/3 for model magicoder:7b-s-cl: mkdir /home/sahand.moslemi/.ollama/models: permission denied: ensure path elements are traversable (status code: 500)
2026-04-08 02:49:18 - httpx - INFO - HTTP Request: POST http://127.0.0.1:11434/api/chat "HTTP/1.1 500 Internal Server Error"
2026-04-08 02:49:18 - root - WARNING - [WARN] Retry 2/3 for model magicoder:7b-s-cl: mkdir /home/sahand.moslemi/.ollama/models: permission denied: ensure path elements are traversable (status code: 500)
2026-04-08 02:49:23 - httpx - INFO - HTTP Request: POST http://127.0.0.1:11434/api/chat "HTTP/1.1 500 Internal Server Error"
2026-04-08 02:49:23 - root - WARNING - [WARN] Retry 2/3 for model magicoder:7b-s-cl: mkdir /home/sahand.moslemi/.ollama/models: permission denied: ensure path elements are traversable (status code: 500)
2026-04-08 02:49:28 - httpx - INFO - HTTP Request: POST http://127.0.0.1:11434/api/chat "HTTP/1.1 500 Internal Server Error"
2026-04-08 02:49:28 - root - WARNING - [WARN] Retry 2/3 for model magicoder:7b-s-cl: mkdir /home/sahand.moslemi/.ollama/models: permission denied: ensure path elements are traversable (status code: 500)
2026-04-08 02:49:33 - httpx - INFO - HTTP Request: POST http://127.0.0.1:11434/api/chat "HTTP/1.1 500 Internal Server Error"
2026-04-08 02:49:33 - root - WARNING - [WARN] Retry 2/3 for model magicoder:7b-s-cl: mkdir /home/sahand.moslemi/.ollama/models: permission denied: ensure path elements are traversable (status code: 500)
2026-04-08 02:49:38 - httpx - INFO - HTTP Request: POST http://127.0.0.1:11434/api/chat "HTTP/1.1 500 Internal Server Error"
2026-04-08 02:49:38 - root - WARNING - [WARN] Retry 2/3 for model magicoder:7b-s-cl: mkdir /home/sahand.moslemi/.ollama/models: permission denied: ensure path elements are traversable (status code: 500)
2026-04-08 02:49:43 - httpx - INFO - HTTP Request: POST http://127.0.0.1:11434/api/chat "HTTP/1.1 500 Internal Server Error"
2026-04-08 02:49:43 - root - WARNING - [WARN] Retry 2/3 for model magicoder:7b-s-cl: mkdir /home/sahand.moslemi/.ollama/models: permission denied: ensure path elements are traversable (status code: 500)
2026-04-08 02:49:48 - httpx - INFO - HTTP Request: POST http://127.0.0.1:11434/api/chat "HTTP/1.1 500 Internal Server Error"
2026-04-08 02:49:48 - root - WARNING - [WARN] Retry 2/3 for model magicoder:7b-s-cl: mkdir /home/sahand.moslemi/.ollama/models: permission denied: ensure path elements are traversable (status code: 500)
2026-04-08 02:49:53 - httpx - INFO - HTTP Request: POST http://127.0.0.1:11434/api/chat "HTTP/1.1 500 Internal Server Error"
2026-04-08 02:49:53 - root - WARNING - [WARN] Retry 2/3 for model magicoder:7b-s-cl: mkdir /home/sahand.moslemi/.ollama/models: permission denied: ensure path elements are traversable (status code: 500)
2026-04-08 02:49:58 - httpx - INFO - HTTP Request: POST http://127.0.0.1:11434/api/chat "HTTP/1.1 500 Internal Server Error"
2026-04-08 02:49:58 - root - WARNING - [WARN] Retry 2/3 for model magicoder:7b-s-cl: mkdir /home/sahand.moslemi/.ollama/models: permission denied: ensure path elements are traversable (status code: 500)
2026-04-08 02:50:03 - httpx - INFO - HTTP Request: POST http://127.0.0.1:11434/api/chat "HTTP/1.1 500 Internal Server Error"
2026-04-08 02:50:03 - root - WARNING - [WARN] Retry 2/3 for model magicoder:7b-s-cl: mkdir /home/sahand.moslemi/.ollama/models: permission denied: ensure path elements are traversable (status code: 500)
2026-04-08 02:50:08 - httpx - INFO - HTTP Request: POST http://127.0.0.1:11434/api/chat "HTTP/1.1 500 Internal Server Error"
2026-04-08 02:50:08 - root - WARNING - [WARN] Retry 2/3 for model magicoder:7b-s-cl: mkdir /home/sahand.moslemi/.ollama/models: permission denied: ensure path elements are traversable (status code: 500)
2026-04-08 02:50:13 - httpx - INFO - HTTP Request: POST http://127.0.0.1:11434/api/chat "HTTP/1.1 500 Internal Server Error"
2026-04-08 02:50:13 - root - WARNING - [WARN] Retry 2/3 for model magicoder:7b-s-cl: mkdir /home/sahand.moslemi/.ollama/models: permission denied: ensure path elements are traversable (status code: 500)
2026-04-08 02:50:18 - httpx - INFO - HTTP Request: POST http://127.0.0.1:11434/api/chat "HTTP/1.1 500 Internal Server Error"
2026-04-08 02:50:18 - root - WARNING - [WARN] Retry 2/3 for model magicoder:7b-s-cl: mkdir /home/sahand.moslemi/.ollama/models: permission denied: ensure path elements are traversable (status code: 500)
2026-04-08 02:50:23 - httpx - INFO - HTTP Request: POST http://127.0.0.1:11434/api/chat "HTTP/1.1 500 Internal Server Error"
2026-04-08 02:50:23 - root - WARNING - [WARN] Retry 2/3 for model magicoder:7b-s-cl: mkdir /home/sahand.moslemi/.ollama/models: permission denied: ensure path elements are traversable (status code: 500)
2026-04-08 02:50:28 - httpx - INFO - HTTP Request: POST http://127.0.0.1:11434/api/chat "HTTP/1.1 500 Internal Server Error"
2026-04-08 02:50:28 - root - WARNING - [WARN] Retry 2/3 for model magicoder:7b-s-cl: mkdir /home/sahand.moslemi/.ollama/models: permission denied: ensure path elements are traversable (status code: 500)
2026-04-08 02:50:33 - httpx - INFO - HTTP Request: POST http://127.0.0.1:11434/api/chat "HTTP/1.1 500 Internal Server Error"
2026-04-08 02:50:33 - root - WARNING - [WARN] Retry 2/3 for model magicoder:7b-s-cl: mkdir /home/sahand.moslemi/.ollama/models: permission denied: ensure path elements are traversable (status code: 500)
2026-04-08 02:50:38 - httpx - INFO - HTTP Request: POST http://127.0.0.1:11434/api/chat "HTTP/1.1 500 Internal Server Error"
2026-04-08 02:50:38 - root - WARNING - [WARN] Retry 2/3 for model magicoder:7b-s-cl: mkdir /home/sahand.moslemi/.ollama/models: permission denied: ensure path elements are traversable (status code: 500)
2026-04-08 02:50:43 - httpx - INFO - HTTP Request: POST http://127.0.0.1:11434/api/chat "HTTP/1.1 500 Internal Server Error"
2026-04-08 02:50:43 - root - WARNING - [WARN] Retry 2/3 for model magicoder:7b-s-cl: mkdir /home/sahand.moslemi/.ollama/models: permission denied: ensure path elements are traversable (status code: 500)
2026-04-08 02:50:48 - httpx - INFO - HTTP Request: POST http://127.0.0.1:11434/api/chat "HTTP/1.1 500 Internal Server Error"
2026-04-08 02:50:48 - root - WARNING - [WARN] Retry 2/3 for model magicoder:7b-s-cl: mkdir /home/sahand.moslemi/.ollama/models: permission denied: ensure path elements are traversable (status code: 500)
2026-04-08 02:50:53 - httpx - INFO - HTTP Request: POST http://127.0.0.1:11434/api/chat "HTTP/1.1 500 Internal Server Error"
2026-04-08 02:50:53 - root - WARNING - [WARN] Retry 2/3 for model magicoder:7b-s-cl: mkdir /home/sahand.moslemi/.ollama/models: permission denied: ensure path elements are traversable (status code: 500)
2026-04-08 02:50:58 - httpx - INFO - HTTP Request: POST http://127.0.0.1:11434/api/chat "HTTP/1.1 500 Internal Server Error"
2026-04-08 02:50:58 - root - WARNING - [WARN] Retry 2/3 for model magicoder:7b-s-cl: mkdir /home/sahand.moslemi/.ollama/models: permission denied: ensure path elements are traversable (status code: 500)
2026-04-08 02:51:03 - httpx - INFO - HTTP Request: POST http://127.0.0.1:11434/api/chat "HTTP/1.1 500 Internal Server Error"
2026-04-08 02:51:03 - root - WARNING - [WARN] Retry 2/3 for model magicoder:7b-s-cl: mkdir /home/sahand.moslemi/.ollama/models: permission denied: ensure path elements are traversable (status code: 500)
2026-04-08 02:51:08 - httpx - INFO - HTTP Request: POST http://127.0.0.1:11434/api/chat "HTTP/1.1 500 Internal Server Error"
2026-04-08 02:51:08 - root - WARNING - [WARN] Retry 2/3 for model magicoder:7b-s-cl: mkdir /home/sahand.moslemi/.ollama/models: permission denied: ensure path elements are traversable (status code: 500)
2026-04-08 02:51:13 - httpx - INFO - HTTP Request: POST http://127.0.0.1:11434/api/chat "HTTP/1.1 500 Internal Server Error"
2026-04-08 02:51:13 - root - WARNING - [WARN] Retry 2/3 for model magicoder:7b-s-cl: mkdir /home/sahand.moslemi/.ollama/models: permission denied: ensure path elements are traversable (status code: 500)
2026-04-08 02:51:18 - httpx - INFO - HTTP Request: POST http://127.0.0.1:11434/api/chat "HTTP/1.1 500 Internal Server Error"
2026-04-08 02:51:18 - root - WARNING - [WARN] Retry 2/3 for model magicoder:7b-s-cl: mkdir /home/sahand.moslemi/.ollama/models: permission denied: ensure path elements are traversable (status code: 500)
2026-04-08 02:51:23 - httpx - INFO - HTTP Request: POST http://127.0.0.1:11434/api/chat "HTTP/1.1 500 Internal Server Error"
2026-04-08 02:51:23 - root - WARNING - [WARN] Retry 2/3 for model magicoder:7b-s-cl: mkdir /home/sahand.moslemi/.ollama/models: permission denied: ensure path elements are traversable (status code: 500)
2026-04-08 02:51:28 - httpx - INFO - HTTP Request: POST http://127.0.0.1:11434/api/chat "HTTP/1.1 500 Internal Server Error"
2026-04-08 02:51:28 - root - WARNING - [WARN] Retry 2/3 for model magicoder:7b-s-cl: mkdir /home/sahand.moslemi/.ollama/models: permission denied: ensure path elements are traversable (status code: 500)
2026-04-08 02:51:33 - httpx - INFO - HTTP Request: POST http://127.0.0.1:11434/api/chat "HTTP/1.1 500 Internal Server Error"
2026-04-08 02:51:33 - root - WARNING - [WARN] Retry 2/3 for model magicoder:7b-s-cl: mkdir /home/sahand.moslemi/.ollama/models: permission denied: ensure path elements are traversable (status code: 500)
2026-04-08 02:51:38 - httpx - INFO - HTTP Request: POST http://127.0.0.1:11434/api/chat "HTTP/1.1 500 Internal Server Error"
2026-04-08 02:51:38 - root - WARNING - [WARN] Retry 2/3 for model magicoder:7b-s-cl: mkdir /home/sahand.moslemi/.ollama/models: permission denied: ensure path elements are traversable (status code: 500)
2026-04-08 02:51:43 - httpx - INFO - HTTP Request: POST http://127.0.0.1:11434/api/chat "HTTP/1.1 500 Internal Server Error"
2026-04-08 02:51:43 - root - WARNING - [WARN] Retry 2/3 for model magicoder:7b-s-cl: mkdir /home/sahand.moslemi/.ollama/models: permission denied: ensure path elements are traversable (status code: 500)
2026-04-08 02:51:48 - httpx - INFO - HTTP Request: POST http://127.0.0.1:11434/api/chat "HTTP/1.1 500 Internal Server Error"
2026-04-08 02:51:48 - root - WARNING - [WARN] Retry 2/3 for model magicoder:7b-s-cl: mkdir /home/sahand.moslemi/.ollama/models: permission denied: ensure path elements are traversable (status code: 500)
2026-04-08 02:51:53 - httpx - INFO - HTTP Request: POST http://127.0.0.1:11434/api/chat "HTTP/1.1 500 Internal Server Error"
2026-04-08 02:51:53 - root - WARNING - [WARN] Retry 2/3 for model magicoder:7b-s-cl: mkdir /home/sahand.moslemi/.ollama/models: permission denied: ensure path elements are traversable (status code: 500)
2026-04-08 02:51:58 - httpx - INFO - HTTP Request: POST http://127.0.0.1:11434/api/chat "HTTP/1.1 500 Internal Server Error"
2026-04-08 02:51:58 - root - WARNING - [WARN] Retry 2/3 for model magicoder:7b-s-cl: mkdir /home/sahand.moslemi/.ollama/models: permission denied: ensure path elements are traversable (status code: 500)
2026-04-08 02:52:03 - httpx - INFO - HTTP Request: POST http://127.0.0.1:11434/api/chat "HTTP/1.1 500 Internal Server Error"
2026-04-08 02:52:03 - root - WARNING - [WARN] Retry 2/3 for model magicoder:7b-s-cl: mkdir /home/sahand.moslemi/.ollama/models: permission denied: ensure path elements are traversable (status code: 500)
2026-04-08 02:52:08 - httpx - INFO - HTTP Request: POST http://127.0.0.1:11434/api/chat "HTTP/1.1 500 Internal Server Error"
2026-04-08 02:52:08 - root - WARNING - [WARN] Retry 2/3 for model magicoder:7b-s-cl: mkdir /home/sahand.moslemi/.ollama/models: permission denied: ensure path elements are traversable (status code: 500)
2026-04-08 02:52:13 - httpx - INFO - HTTP Request: POST http://127.0.0.1:11434/api/chat "HTTP/1.1 500 Internal Server Error"
2026-04-08 02:52:13 - root - WARNING - [WARN] Retry 2/3 for model magicoder:7b-s-cl: mkdir /home/sahand.moslemi/.ollama/models: permission denied: ensure path elements are traversable (status code: 500)
2026-04-08 02:52:18 - httpx - INFO - HTTP Request: POST http://127.0.0.1:11434/api/chat "HTTP/1.1 500 Internal Server Error"
2026-04-08 02:52:18 - root - WARNING - [WARN] Retry 2/3 for model magicoder:7b-s-cl: mkdir /home/sahand.moslemi/.ollama/models: permission denied: ensure path elements are traversable (status code: 500)
2026-04-08 02:52:23 - httpx - INFO - HTTP Request: POST http://127.0.0.1:11434/api/chat "HTTP/1.1 500 Internal Server Error"
2026-04-08 02:52:23 - root - WARNING - [WARN] Retry 2/3 for model magicoder:7b-s-cl: mkdir /home/sahand.moslemi/.ollama/models: permission denied: ensure path elements are traversable (status code: 500)
2026-04-08 02:52:28 - httpx - INFO - HTTP Request: POST http://127.0.0.1:11434/api/chat "HTTP/1.1 500 Internal Server Error"
2026-04-08 02:52:28 - root - WARNING - [WARN] Retry 2/3 for model magicoder:7b-s-cl: mkdir /home/sahand.moslemi/.ollama/models: permission denied: ensure path elements are traversable (status code: 500)
2026-04-08 02:52:33 - httpx - INFO - HTTP Request: POST http://127.0.0.1:11434/api/chat "HTTP/1.1 500 Internal Server Error"
2026-04-08 02:52:33 - root - WARNING - [WARN] Retry 2/3 for model magicoder:7b-s-cl: mkdir /home/sahand.moslemi/.ollama/models: permission denied: ensure path elements are traversable (status code: 500)
2026-04-08 02:52:38 - httpx - INFO - HTTP Request: POST http://127.0.0.1:11434/api/chat "HTTP/1.1 500 Internal Server Error"
2026-04-08 02:52:38 - root - WARNING - [WARN] Retry 2/3 for model magicoder:7b-s-cl: mkdir /home/sahand.moslemi/.ollama/models: permission denied: ensure path elements are traversable (status code: 500)
2026-04-08 02:52:43 - httpx - INFO - HTTP Request: POST http://127.0.0.1:11434/api/chat "HTTP/1.1 500 Internal Server Error"
2026-04-08 02:52:43 - root - WARNING - [WARN] Retry 2/3 for model magicoder:7b-s-cl: mkdir /home/sahand.moslemi/.ollama/models: permission denied: ensure path elements are traversable (status code: 500)
2026-04-08 02:52:49 - httpx - INFO - HTTP Request: POST http://127.0.0.1:11434/api/chat "HTTP/1.1 500 Internal Server Error"
2026-04-08 02:52:49 - root - WARNING - [WARN] Retry 2/3 for model magicoder:7b-s-cl: open /home/sahand.moslemi/.ollama/models/manifests/registry.ollama.ai/library/magicoder/7b-s-cl: permission denied (status code: 500)
2026-04-08 02:52:54 - httpx - INFO - HTTP Request: POST http://127.0.0.1:11434/api/chat "HTTP/1.1 500 Internal Server Error"
2026-04-08 02:52:54 - root - WARNING - [WARN] Retry 2/3 for model magicoder:7b-s-cl: mkdir /home/sahand.moslemi/.ollama/models: permission denied: ensure path elements are traversable (status code: 500)
2026-04-08 02:52:59 - httpx - INFO - HTTP Request: POST http://127.0.0.1:11434/api/chat "HTTP/1.1 500 Internal Server Error"
2026-04-08 02:52:59 - root - WARNING - [WARN] Retry 2/3 for model magicoder:7b-s-cl: mkdir /home/sahand.moslemi/.ollama/models: permission denied: ensure path elements are traversable (status code: 500)
2026-04-08 02:53:04 - httpx - INFO - HTTP Request: POST http://127.0.0.1:11434/api/chat "HTTP/1.1 500 Internal Server Error"
2026-04-08 02:53:04 - root - WARNING - [WARN] Retry 2/3 for model magicoder:7b-s-cl: mkdir /home/sahand.moslemi/.ollama/models: permission denied: ensure path elements are traversable (status code: 500)
2026-04-08 02:53:09 - httpx - INFO - HTTP Request: POST http://127.0.0.1:11434/api/chat "HTTP/1.1 500 Internal Server Error"
2026-04-08 02:53:09 - root - WARNING - [WARN] Retry 2/3 for model magicoder:7b-s-cl: mkdir /home/sahand.moslemi/.ollama/models: permission denied: ensure path elements are traversable (status code: 500)
2026-04-08 02:53:14 - httpx - INFO - HTTP Request: POST http://127.0.0.1:11434/api/chat "HTTP/1.1 500 Internal Server Error"
2026-04-08 02:53:14 - root - WARNING - [WARN] Retry 2/3 for model magicoder:7b-s-cl: mkdir /home/sahand.moslemi/.ollama/models: permission denied: ensure path elements are traversable (status code: 500)
2026-04-08 02:53:19 - httpx - INFO - HTTP Request: POST http://127.0.0.1:11434/api/chat "HTTP/1.1 500 Internal Server Error"
2026-04-08 02:53:19 - root - WARNING - [WARN] Retry 2/3 for model magicoder:7b-s-cl: mkdir /home/sahand.moslemi/.ollama/models: permission denied: ensure path elements are traversable (status code: 500)
2026-04-08 02:53:24 - httpx - INFO - HTTP Request: POST http://127.0.0.1:11434/api/chat "HTTP/1.1 500 Internal Server Error"
2026-04-08 02:53:24 - root - WARNING - [WARN] Retry 2/3 for model magicoder:7b-s-cl: mkdir /home/sahand.moslemi/.ollama/models: permission denied: ensure path elements are traversable (status code: 500)
2026-04-08 02:53:29 - httpx - INFO - HTTP Request: POST http://127.0.0.1:11434/api/chat "HTTP/1.1 500 Internal Server Error"
2026-04-08 02:53:29 - root - WARNING - [WARN] Retry 2/3 for model magicoder:7b-s-cl: mkdir /home/sahand.moslemi/.ollama/models: permission denied: ensure path elements are traversable (status code: 500)
2026-04-08 02:53:34 - httpx - INFO - HTTP Request: POST http://127.0.0.1:11434/api/chat "HTTP/1.1 500 Internal Server Error"
2026-04-08 02:53:34 - root - WARNING - [WARN] Retry 2/3 for model magicoder:7b-s-cl: mkdir /home/sahand.moslemi/.ollama/models: permission denied: ensure path elements are traversable (status code: 500)
2026-04-08 02:53:39 - httpx - INFO - HTTP Request: POST http://127.0.0.1:11434/api/chat "HTTP/1.1 500 Internal Server Error"
2026-04-08 02:53:39 - root - WARNING - [WARN] Retry 2/3 for model magicoder:7b-s-cl: mkdir /home/sahand.moslemi/.ollama/models: permission denied: ensure path elements are traversable (status code: 500)
2026-04-08 02:53:44 - httpx - INFO - HTTP Request: POST http://127.0.0.1:11434/api/chat "HTTP/1.1 500 Internal Server Error"
2026-04-08 02:53:44 - root - WARNING - [WARN] Retry 2/3 for model magicoder:7b-s-cl: mkdir /home/sahand.moslemi/.ollama/models: permission denied: ensure path elements are traversable (status code: 500)
2026-04-08 02:53:49 - httpx - INFO - HTTP Request: POST http://127.0.0.1:11434/api/chat "HTTP/1.1 500 Internal Server Error"
2026-04-08 02:53:49 - root - WARNING - [WARN] Retry 2/3 for model magicoder:7b-s-cl: mkdir /home/sahand.moslemi/.ollama/models: permission denied: ensure path elements are traversable (status code: 500)
2026-04-08 02:53:54 - httpx - INFO - HTTP Request: POST http://127.0.0.1:11434/api/chat "HTTP/1.1 500 Internal Server Error"
2026-04-08 02:53:54 - root - WARNING - [WARN] Retry 2/3 for model magicoder:7b-s-cl: mkdir /home/sahand.moslemi/.ollama/models: permission denied: ensure path elements are traversable (status code: 500)
2026-04-08 02:53:59 - httpx - INFO - HTTP Request: POST http://127.0.0.1:11434/api/chat "HTTP/1.1 500 Internal Server Error"
2026-04-08 02:53:59 - root - WARNING - [WARN] Retry 2/3 for model magicoder:7b-s-cl: mkdir /home/sahand.moslemi/.ollama/models: permission denied: ensure path elements are traversable (status code: 500)
2026-04-08 02:54:04 - httpx - INFO - HTTP Request: POST http://127.0.0.1:11434/api/chat "HTTP/1.1 500 Internal Server Error"
2026-04-08 02:54:04 - root - WARNING - [WARN] Retry 2/3 for model magicoder:7b-s-cl: mkdir /home/sahand.moslemi/.ollama/models: permission denied: ensure path elements are traversable (status code: 500)
2026-04-08 02:54:09 - httpx - INFO - HTTP Request: POST http://127.0.0.1:11434/api/chat "HTTP/1.1 500 Internal Server Error"
2026-04-08 02:54:09 - root - WARNING - [WARN] Retry 2/3 for model magicoder:7b-s-cl: mkdir /home/sahand.moslemi/.ollama/models: permission denied: ensure path elements are traversable (status code: 500)
2026-04-08 02:54:14 - httpx - INFO - HTTP Request: POST http://127.0.0.1:11434/api/chat "HTTP/1.1 500 Internal Server Error"
2026-04-08 02:54:14 - root - WARNING - [WARN] Retry 2/3 for model magicoder:7b-s-cl: mkdir /home/sahand.moslemi/.ollama/models: permission denied: ensure path elements are traversable (status code: 500)
2026-04-08 02:54:19 - httpx - INFO - HTTP Request: POST http://127.0.0.1:11434/api/chat "HTTP/1.1 500 Internal Server Error"
2026-04-08 02:54:19 - root - WARNING - [WARN] Retry 2/3 for model magicoder:7b-s-cl: mkdir /home/sahand.moslemi/.ollama/models: permission denied: ensure path elements are traversable (status code: 500)
2026-04-08 02:54:24 - httpx - INFO - HTTP Request: POST http://127.0.0.1:11434/api/chat "HTTP/1.1 500 Internal Server Error"
2026-04-08 02:54:24 - root - WARNING - [WARN] Retry 2/3 for model magicoder:7b-s-cl: mkdir /home/sahand.moslemi/.ollama/models: permission denied: ensure path elements are traversable (status code: 500)
2026-04-08 02:54:29 - httpx - INFO - HTTP Request: POST http://127.0.0.1:11434/api/chat "HTTP/1.1 500 Internal Server Error"
2026-04-08 02:54:29 - root - WARNING - [WARN] Retry 2/3 for model magicoder:7b-s-cl: mkdir /home/sahand.moslemi/.ollama/models: permission denied: ensure path elements are traversable (status code: 500)
2026-04-08 02:54:34 - httpx - INFO - HTTP Request: POST http://127.0.0.1:11434/api/chat "HTTP/1.1 500 Internal Server Error"
2026-04-08 02:54:34 - root - WARNING - [WARN] Retry 2/3 for model magicoder:7b-s-cl: mkdir /home/sahand.moslemi/.ollama/models: permission denied: ensure path elements are traversable (status code: 500)
2026-04-08 02:54:39 - httpx - INFO - HTTP Request: POST http://127.0.0.1:11434/api/chat "HTTP/1.1 500 Internal Server Error"
2026-04-08 02:54:39 - root - WARNING - [WARN] Retry 2/3 for model magicoder:7b-s-cl: mkdir /home/sahand.moslemi/.ollama/models: permission denied: ensure path elements are traversable (status code: 500)
2026-04-08 02:54:44 - httpx - INFO - HTTP Request: POST http://127.0.0.1:11434/api/chat "HTTP/1.1 500 Internal Server Error"
2026-04-08 02:54:44 - root - WARNING - [WARN] Retry 2/3 for model magicoder:7b-s-cl: mkdir /home/sahand.moslemi/.ollama/models: permission denied: ensure path elements are traversable (status code: 500)
2026-04-08 02:54:49 - httpx - INFO - HTTP Request: POST http://127.0.0.1:11434/api/chat "HTTP/1.1 500 Internal Server Error"
2026-04-08 02:54:49 - root - WARNING - [WARN] Retry 2/3 for model magicoder:7b-s-cl: mkdir /home/sahand.moslemi/.ollama/models: permission denied: ensure path elements are traversable (status code: 500)
2026-04-08 02:54:54 - httpx - INFO - HTTP Request: POST http://127.0.0.1:11434/api/chat "HTTP/1.1 500 Internal Server Error"
2026-04-08 02:54:54 - root - WARNING - [WARN] Retry 2/3 for model magicoder:7b-s-cl: mkdir /home/sahand.moslemi/.ollama/models: permission denied: ensure path elements are traversable (status code: 500)
2026-04-08 02:54:59 - httpx - INFO - HTTP Request: POST http://127.0.0.1:11434/api/chat "HTTP/1.1 500 Internal Server Error"
2026-04-08 02:54:59 - root - WARNING - [WARN] Retry 2/3 for model magicoder:7b-s-cl: mkdir /home/sahand.moslemi/.ollama/models: permission denied: ensure path elements are traversable (status code: 500)
2026-04-08 02:55:04 - httpx - INFO - HTTP Request: POST http://127.0.0.1:11434/api/chat "HTTP/1.1 500 Internal Server Error"
2026-04-08 02:55:04 - root - WARNING - [WARN] Retry 2/3 for model magicoder:7b-s-cl: mkdir /home/sahand.moslemi/.ollama/models: permission denied: ensure path elements are traversable (status code: 500)
2026-04-08 02:55:09 - httpx - INFO - HTTP Request: POST http://127.0.0.1:11434/api/chat "HTTP/1.1 500 Internal Server Error"
2026-04-08 02:55:09 - root - WARNING - [WARN] Retry 2/3 for model magicoder:7b-s-cl: mkdir /home/sahand.moslemi/.ollama/models: permission denied: ensure path elements are traversable (status code: 500)
2026-04-08 02:55:14 - httpx - INFO - HTTP Request: POST http://127.0.0.1:11434/api/chat "HTTP/1.1 500 Internal Server Error"
2026-04-08 02:55:14 - root - WARNING - [WARN] Retry 2/3 for model magicoder:7b-s-cl: mkdir /home/sahand.moslemi/.ollama/models: permission denied: ensure path elements are traversable (status code: 500)
2026-04-08 02:55:19 - httpx - INFO - HTTP Request: POST http://127.0.0.1:11434/api/chat "HTTP/1.1 500 Internal Server Error"
2026-04-08 02:55:19 - root - WARNING - [WARN] Retry 2/3 for model magicoder:7b-s-cl: mkdir /home/sahand.moslemi/.ollama/models: permission denied: ensure path elements are traversable (status code: 500)
2026-04-08 02:55:24 - httpx - INFO - HTTP Request: POST http://127.0.0.1:11434/api/chat "HTTP/1.1 500 Internal Server Error"
2026-04-08 02:55:24 - root - WARNING - [WARN] Retry 2/3 for model magicoder:7b-s-cl: mkdir /home/sahand.moslemi/.ollama/models: permission denied: ensure path elements are traversable (status code: 500)
2026-04-08 02:55:29 - httpx - INFO - HTTP Request: POST http://127.0.0.1:11434/api/chat "HTTP/1.1 500 Internal Server Error"
2026-04-08 02:55:29 - root - WARNING - [WARN] Retry 2/3 for model magicoder:7b-s-cl: mkdir /home/sahand.moslemi/.ollama/models: permission denied: ensure path elements are traversable (status code: 500)
2026-04-08 02:55:34 - httpx - INFO - HTTP Request: POST http://127.0.0.1:11434/api/chat "HTTP/1.1 500 Internal Server Error"
2026-04-08 02:55:34 - root - WARNING - [WARN] Retry 2/3 for model magicoder:7b-s-cl: mkdir /home/sahand.moslemi/.ollama/models: permission denied: ensure path elements are traversable (status code: 500)
2026-04-08 02:55:39 - httpx - INFO - HTTP Request: POST http://127.0.0.1:11434/api/chat "HTTP/1.1 500 Internal Server Error"
2026-04-08 02:55:39 - root - WARNING - [WARN] Retry 2/3 for model magicoder:7b-s-cl: mkdir /home/sahand.moslemi/.ollama/models: permission denied: ensure path elements are traversable (status code: 500)
2026-04-08 02:55:44 - httpx - INFO - HTTP Request: POST http://127.0.0.1:11434/api/chat "HTTP/1.1 500 Internal Server Error"
2026-04-08 02:55:44 - root - WARNING - [WARN] Retry 2/3 for model magicoder:7b-s-cl: mkdir /home/sahand.moslemi/.ollama/models: permission denied: ensure path elements are traversable (status code: 500)
2026-04-08 02:55:49 - httpx - INFO - HTTP Request: POST http://127.0.0.1:11434/api/chat "HTTP/1.1 500 Internal Server Error"
2026-04-08 02:55:49 - root - WARNING - [WARN] Retry 2/3 for model magicoder:7b-s-cl: mkdir /home/sahand.moslemi/.ollama/models: permission denied: ensure path elements are traversable (status code: 500)
2026-04-08 02:55:54 - httpx - INFO - HTTP Request: POST http://127.0.0.1:11434/api/chat "HTTP/1.1 500 Internal Server Error"
2026-04-08 02:55:54 - root - WARNING - [WARN] Retry 2/3 for model magicoder:7b-s-cl: mkdir /home/sahand.moslemi/.ollama/models: permission denied: ensure path elements are traversable (status code: 500)
2026-04-08 02:55:59 - httpx - INFO - HTTP Request: POST http://127.0.0.1:11434/api/chat "HTTP/1.1 500 Internal Server Error"
2026-04-08 02:55:59 - root - WARNING - [WARN] Retry 2/3 for model magicoder:7b-s-cl: mkdir /home/sahand.moslemi/.ollama/models: permission denied: ensure path elements are traversable (status code: 500)
2026-04-08 02:56:04 - httpx - INFO - HTTP Request: POST http://127.0.0.1:11434/api/chat "HTTP/1.1 500 Internal Server Error"
2026-04-08 02:56:04 - root - WARNING - [WARN] Retry 2/3 for model magicoder:7b-s-cl: mkdir /home/sahand.moslemi/.ollama/models: permission denied: ensure path elements are traversable (status code: 500)
2026-04-08 02:56:09 - httpx - INFO - HTTP Request: POST http://127.0.0.1:11434/api/chat "HTTP/1.1 500 Internal Server Error"
2026-04-08 02:56:09 - root - WARNING - [WARN] Retry 2/3 for model magicoder:7b-s-cl: mkdir /home/sahand.moslemi/.ollama/models: permission denied: ensure path elements are traversable (status code: 500)
2026-04-08 02:56:14 - httpx - INFO - HTTP Request: POST http://127.0.0.1:11434/api/chat "HTTP/1.1 500 Internal Server Error"
2026-04-08 02:56:14 - root - WARNING - [WARN] Retry 2/3 for model magicoder:7b-s-cl: mkdir /home/sahand.moslemi/.ollama/models: permission denied: ensure path elements are traversable (status code: 500)
2026-04-08 02:56:19 - httpx - INFO - HTTP Request: POST http://127.0.0.1:11434/api/chat "HTTP/1.1 500 Internal Server Error"
2026-04-08 02:56:19 - root - WARNING - [WARN] Retry 2/3 for model magicoder:7b-s-cl: mkdir /home/sahand.moslemi/.ollama/models: permission denied: ensure path elements are traversable (status code: 500)
2026-04-08 02:56:24 - httpx - INFO - HTTP Request: POST http://127.0.0.1:11434/api/chat "HTTP/1.1 500 Internal Server Error"
2026-04-08 02:56:24 - root - WARNING - [WARN] Retry 2/3 for model magicoder:7b-s-cl: mkdir /home/sahand.moslemi/.ollama/models: permission denied: ensure path elements are traversable (status code: 500)
2026-04-08 02:56:29 - httpx - INFO - HTTP Request: POST http://127.0.0.1:11434/api/chat "HTTP/1.1 500 Internal Server Error"
2026-04-08 02:56:29 - root - WARNING - [WARN] Retry 2/3 for model magicoder:7b-s-cl: mkdir /home/sahand.moslemi/.ollama/models: permission denied: ensure path elements are traversable (status code: 500)
2026-04-08 02:56:34 - httpx - INFO - HTTP Request: POST http://127.0.0.1:11434/api/chat "HTTP/1.1 500 Internal Server Error"
2026-04-08 02:56:34 - root - WARNING - [WARN] Retry 2/3 for model magicoder:7b-s-cl: mkdir /home/sahand.moslemi/.ollama/models: permission denied: ensure path elements are traversable (status code: 500)
2026-04-08 02:56:39 - httpx - INFO - HTTP Request: POST http://127.0.0.1:11434/api/chat "HTTP/1.1 500 Internal Server Error"
2026-04-08 02:56:39 - root - WARNING - [WARN] Retry 2/3 for model magicoder:7b-s-cl: mkdir /home/sahand.moslemi/.ollama/models: permission denied: ensure path elements are traversable (status code: 500)
2026-04-08 02:56:44 - httpx - INFO - HTTP Request: POST http://127.0.0.1:11434/api/chat "HTTP/1.1 500 Internal Server Error"
2026-04-08 02:56:44 - root - WARNING - [WARN] Retry 2/3 for model magicoder:7b-s-cl: mkdir /home/sahand.moslemi/.ollama/models: permission denied: ensure path elements are traversable (status code: 500)
2026-04-08 02:56:49 - httpx - INFO - HTTP Request: POST http://127.0.0.1:11434/api/chat "HTTP/1.1 500 Internal Server Error"
2026-04-08 02:56:49 - root - WARNING - [WARN] Retry 2/3 for model magicoder:7b-s-cl: mkdir /home/sahand.moslemi/.ollama/models: permission denied: ensure path elements are traversable (status code: 500)
2026-04-08 02:56:54 - httpx - INFO - HTTP Request: POST http://127.0.0.1:11434/api/chat "HTTP/1.1 500 Internal Server Error"
2026-04-08 02:56:54 - root - WARNING - [WARN] Retry 2/3 for model magicoder:7b-s-cl: mkdir /home/sahand.moslemi/.ollama/models: permission denied: ensure path elements are traversable (status code: 500)
2026-04-08 02:56:59 - httpx - INFO - HTTP Request: POST http://127.0.0.1:11434/api/chat "HTTP/1.1 500 Internal Server Error"
2026-04-08 02:56:59 - root - WARNING - [WARN] Retry 2/3 for model magicoder:7b-s-cl: mkdir /home/sahand.moslemi/.ollama/models: permission denied: ensure path elements are traversable (status code: 500)
2026-04-08 02:57:04 - httpx - INFO - HTTP Request: POST http://127.0.0.1:11434/api/chat "HTTP/1.1 500 Internal Server Error"
2026-04-08 02:57:04 - root - WARNING - [WARN] Retry 2/3 for model magicoder:7b-s-cl: mkdir /home/sahand.moslemi/.ollama/models: permission denied: ensure path elements are traversable (status code: 500)
2026-04-08 02:57:09 - httpx - INFO - HTTP Request: POST http://127.0.0.1:11434/api/chat "HTTP/1.1 500 Internal Server Error"
2026-04-08 02:57:09 - root - WARNING - [WARN] Retry 2/3 for model magicoder:7b-s-cl: mkdir /home/sahand.moslemi/.ollama/models: permission denied: ensure path elements are traversable (status code: 500)
2026-04-08 02:57:14 - httpx - INFO - HTTP Request: POST http://127.0.0.1:11434/api/chat "HTTP/1.1 500 Internal Server Error"
2026-04-08 02:57:14 - root - WARNING - [WARN] Retry 2/3 for model magicoder:7b-s-cl: mkdir /home/sahand.moslemi/.ollama/models: permission denied: ensure path elements are traversable (status code: 500)
2026-04-08 02:57:19 - httpx - INFO - HTTP Request: POST http://127.0.0.1:11434/api/chat "HTTP/1.1 500 Internal Server Error"
2026-04-08 02:57:19 - root - WARNING - [WARN] Retry 2/3 for model magicoder:7b-s-cl: mkdir /home/sahand.moslemi/.ollama/models: permission denied: ensure path elements are traversable (status code: 500)
2026-04-08 02:57:24 - httpx - INFO - HTTP Request: POST http://127.0.0.1:11434/api/chat "HTTP/1.1 500 Internal Server Error"
2026-04-08 02:57:24 - root - WARNING - [WARN] Retry 2/3 for model magicoder:7b-s-cl: mkdir /home/sahand.moslemi/.ollama/models: permission denied: ensure path elements are traversable (status code: 500)
2026-04-08 02:57:29 - httpx - INFO - HTTP Request: POST http://127.0.0.1:11434/api/chat "HTTP/1.1 500 Internal Server Error"
2026-04-08 02:57:29 - root - WARNING - [WARN] Retry 2/3 for model magicoder:7b-s-cl: mkdir /home/sahand.moslemi/.ollama/models: permission denied: ensure path elements are traversable (status code: 500)
2026-04-08 02:57:34 - httpx - INFO - HTTP Request: POST http://127.0.0.1:11434/api/chat "HTTP/1.1 500 Internal Server Error"
2026-04-08 02:57:34 - root - WARNING - [WARN] Retry 2/3 for model magicoder:7b-s-cl: mkdir /home/sahand.moslemi/.ollama/models: permission denied: ensure path elements are traversable (status code: 500)
2026-04-08 02:57:39 - httpx - INFO - HTTP Request: POST http://127.0.0.1:11434/api/chat "HTTP/1.1 500 Internal Server Error"
2026-04-08 02:57:39 - root - WARNING - [WARN] Retry 2/3 for model magicoder:7b-s-cl: mkdir /home/sahand.moslemi/.ollama/models: permission denied: ensure path elements are traversable (status code: 500)
2026-04-08 02:57:44 - httpx - INFO - HTTP Request: POST http://127.0.0.1:11434/api/chat "HTTP/1.1 500 Internal Server Error"
2026-04-08 02:57:44 - root - WARNING - [WARN] Retry 2/3 for model magicoder:7b-s-cl: mkdir /home/sahand.moslemi/.ollama/models: permission denied: ensure path elements are traversable (status code: 500)
2026-04-08 02:57:49 - httpx - INFO - HTTP Request: POST http://127.0.0.1:11434/api/chat "HTTP/1.1 500 Internal Server Error"
2026-04-08 02:57:49 - root - WARNING - [WARN] Retry 2/3 for model magicoder:7b-s-cl: mkdir /home/sahand.moslemi/.ollama/models: permission denied: ensure path elements are traversable (status code: 500)
2026-04-08 02:57:55 - httpx - INFO - HTTP Request: POST http://127.0.0.1:11434/api/chat "HTTP/1.1 500 Internal Server Error"
2026-04-08 02:57:55 - root - WARNING - [WARN] Retry 2/3 for model magicoder:7b-s-cl: mkdir /home/sahand.moslemi/.ollama/models: permission denied: ensure path elements are traversable (status code: 500)
2026-04-08 02:58:00 - httpx - INFO - HTTP Request: POST http://127.0.0.1:11434/api/chat "HTTP/1.1 500 Internal Server Error"
2026-04-08 02:58:00 - root - WARNING - [WARN] Retry 2/3 for model magicoder:7b-s-cl: mkdir /home/sahand.moslemi/.ollama/models: permission denied: ensure path elements are traversable (status code: 500)
2026-04-08 02:58:05 - httpx - INFO - HTTP Request: POST http://127.0.0.1:11434/api/chat "HTTP/1.1 500 Internal Server Error"
2026-04-08 02:58:05 - root - WARNING - [WARN] Retry 2/3 for model magicoder:7b-s-cl: mkdir /home/sahand.moslemi/.ollama/models: permission denied: ensure path elements are traversable (status code: 500)
2026-04-08 02:58:10 - httpx - INFO - HTTP Request: POST http://127.0.0.1:11434/api/chat "HTTP/1.1 500 Internal Server Error"
2026-04-08 02:58:10 - root - WARNING - [WARN] Retry 2/3 for model magicoder:7b-s-cl: mkdir /home/sahand.moslemi/.ollama/models: permission denied: ensure path elements are traversable (status code: 500)
2026-04-08 02:58:15 - httpx - INFO - HTTP Request: POST http://127.0.0.1:11434/api/chat "HTTP/1.1 500 Internal Server Error"
2026-04-08 02:58:15 - root - WARNING - [WARN] Retry 2/3 for model magicoder:7b-s-cl: mkdir /home/sahand.moslemi/.ollama/models: permission denied: ensure path elements are traversable (status code: 500)
2026-04-08 02:58:20 - httpx - INFO - HTTP Request: POST http://127.0.0.1:11434/api/chat "HTTP/1.1 500 Internal Server Error"
2026-04-08 02:58:20 - root - WARNING - [WARN] Retry 2/3 for model magicoder:7b-s-cl: mkdir /home/sahand.moslemi/.ollama/models: permission denied: ensure path elements are traversable (status code: 500)
2026-04-08 02:58:25 - httpx - INFO - HTTP Request: POST http://127.0.0.1:11434/api/chat "HTTP/1.1 500 Internal Server Error"
2026-04-08 02:58:25 - root - WARNING - [WARN] Retry 2/3 for model magicoder:7b-s-cl: mkdir /home/sahand.moslemi/.ollama/models: permission denied: ensure path elements are traversable (status code: 500)
2026-04-08 02:58:30 - httpx - INFO - HTTP Request: POST http://127.0.0.1:11434/api/chat "HTTP/1.1 500 Internal Server Error"
2026-04-08 02:58:30 - root - WARNING - [WARN] Retry 2/3 for model magicoder:7b-s-cl: mkdir /home/sahand.moslemi/.ollama/models: permission denied: ensure path elements are traversable (status code: 500)
2026-04-08 02:58:35 - httpx - INFO - HTTP Request: POST http://127.0.0.1:11434/api/chat "HTTP/1.1 500 Internal Server Error"
2026-04-08 02:58:35 - root - WARNING - [WARN] Retry 2/3 for model magicoder:7b-s-cl: mkdir /home/sahand.moslemi/.ollama/models: permission denied: ensure path elements are traversable (status code: 500)
2026-04-08 02:58:40 - httpx - INFO - HTTP Request: POST http://127.0.0.1:11434/api/chat "HTTP/1.1 500 Internal Server Error"
2026-04-08 02:58:40 - root - WARNING - [WARN] Retry 2/3 for model magicoder:7b-s-cl: mkdir /home/sahand.moslemi/.ollama/models: permission denied: ensure path elements are traversable (status code: 500)
2026-04-08 02:58:45 - httpx - INFO - HTTP Request: POST http://127.0.0.1:11434/api/chat "HTTP/1.1 500 Internal Server Error"
2026-04-08 02:58:45 - root - WARNING - [WARN] Retry 2/3 for model magicoder:7b-s-cl: mkdir /home/sahand.moslemi/.ollama/models: permission denied: ensure path elements are traversable (status code: 500)
2026-04-08 02:58:50 - httpx - INFO - HTTP Request: POST http://127.0.0.1:11434/api/chat "HTTP/1.1 500 Internal Server Error"
2026-04-08 02:58:50 - root - WARNING - [WARN] Retry 2/3 for model magicoder:7b-s-cl: mkdir /home/sahand.moslemi/.ollama/models: permission denied: ensure path elements are traversable (status code: 500)
2026-04-08 02:58:55 - httpx - INFO - HTTP Request: POST http://127.0.0.1:11434/api/chat "HTTP/1.1 500 Internal Server Error"
2026-04-08 02:58:55 - root - WARNING - [WARN] Retry 2/3 for model magicoder:7b-s-cl: mkdir /home/sahand.moslemi/.ollama/models: permission denied: ensure path elements are traversable (status code: 500)
2026-04-08 02:59:00 - httpx - INFO - HTTP Request: POST http://127.0.0.1:11434/api/chat "HTTP/1.1 500 Internal Server Error"
2026-04-08 02:59:00 - root - WARNING - [WARN] Retry 2/3 for model magicoder:7b-s-cl: mkdir /home/sahand.moslemi/.ollama/models: permission denied: ensure path elements are traversable (status code: 500)
2026-04-08 02:59:05 - httpx - INFO - HTTP Request: POST http://127.0.0.1:11434/api/chat "HTTP/1.1 500 Internal Server Error"
2026-04-08 02:59:05 - root - WARNING - [WARN] Retry 2/3 for model magicoder:7b-s-cl: mkdir /home/sahand.moslemi/.ollama/models: permission denied: ensure path elements are traversable (status code: 500)
2026-04-08 02:59:10 - httpx - INFO - HTTP Request: POST http://127.0.0.1:11434/api/chat "HTTP/1.1 500 Internal Server Error"
2026-04-08 02:59:10 - root - WARNING - [WARN] Retry 2/3 for model magicoder:7b-s-cl: mkdir /home/sahand.moslemi/.ollama/models: permission denied: ensure path elements are traversable (status code: 500)
2026-04-08 02:59:15 - httpx - INFO - HTTP Request: POST http://127.0.0.1:11434/api/chat "HTTP/1.1 500 Internal Server Error"
2026-04-08 02:59:15 - root - WARNING - [WARN] Retry 2/3 for model magicoder:7b-s-cl: mkdir /home/sahand.moslemi/.ollama/models: permission denied: ensure path elements are traversable (status code: 500)
2026-04-08 02:59:20 - httpx - INFO - HTTP Request: POST http://127.0.0.1:11434/api/chat "HTTP/1.1 500 Internal Server Error"
2026-04-08 02:59:20 - root - WARNING - [WARN] Retry 2/3 for model magicoder:7b-s-cl: mkdir /home/sahand.moslemi/.ollama/models: permission denied: ensure path elements are traversable (status code: 500)
2026-04-08 02:59:25 - httpx - INFO - HTTP Request: POST http://127.0.0.1:11434/api/chat "HTTP/1.1 500 Internal Server Error"
2026-04-08 02:59:25 - root - WARNING - [WARN] Retry 2/3 for model magicoder:7b-s-cl: mkdir /home/sahand.moslemi/.ollama/models: permission denied: ensure path elements are traversable (status code: 500)
2026-04-08 02:59:30 - httpx - INFO - HTTP Request: POST http://127.0.0.1:11434/api/chat "HTTP/1.1 500 Internal Server Error"
2026-04-08 02:59:30 - root - WARNING - [WARN] Retry 2/3 for model magicoder:7b-s-cl: mkdir /home/sahand.moslemi/.ollama/models: permission denied: ensure path elements are traversable (status code: 500)
2026-04-08 02:59:35 - httpx - INFO - HTTP Request: POST http://127.0.0.1:11434/api/chat "HTTP/1.1 500 Internal Server Error"
2026-04-08 02:59:35 - root - WARNING - [WARN] Retry 2/3 for model magicoder:7b-s-cl: mkdir /home/sahand.moslemi/.ollama/models: permission denied: ensure path elements are traversable (status code: 500)
2026-04-08 02:59:40 - httpx - INFO - HTTP Request: POST http://127.0.0.1:11434/api/chat "HTTP/1.1 500 Internal Server Error"
2026-04-08 02:59:40 - root - WARNING - [WARN] Retry 2/3 for model magicoder:7b-s-cl: mkdir /home/sahand.moslemi/.ollama/models: permission denied: ensure path elements are traversable (status code: 500)
2026-04-08 02:59:45 - httpx - INFO - HTTP Request: POST http://127.0.0.1:11434/api/chat "HTTP/1.1 500 Internal Server Error"
2026-04-08 02:59:45 - root - WARNING - [WARN] Retry 2/3 for model magicoder:7b-s-cl: mkdir /home/sahand.moslemi/.ollama/models: permission denied: ensure path elements are traversable (status code: 500)
2026-04-08 02:59:50 - httpx - INFO - HTTP Request: POST http://127.0.0.1:11434/api/chat "HTTP/1.1 500 Internal Server Error"
2026-04-08 02:59:50 - root - WARNING - [WARN] Retry 2/3 for model magicoder:7b-s-cl: mkdir /home/sahand.moslemi/.ollama/models: permission denied: ensure path elements are traversable (status code: 500)
2026-04-08 02:59:55 - httpx - INFO - HTTP Request: POST http://127.0.0.1:11434/api/chat "HTTP/1.1 500 Internal Server Error"
2026-04-08 02:59:55 - root - WARNING - [WARN] Retry 2/3 for model magicoder:7b-s-cl: mkdir /home/sahand.moslemi/.ollama/models: permission denied: ensure path elements are traversable (status code: 500)
2026-04-08 03:00:00 - httpx - INFO - HTTP Request: POST http://127.0.0.1:11434/api/chat "HTTP/1.1 500 Internal Server Error"
2026-04-08 03:00:00 - root - WARNING - [WARN] Retry 2/3 for model magicoder:7b-s-cl: mkdir /home/sahand.moslemi/.ollama/models: permission denied: ensure path elements are traversable (status code: 500)
2026-04-08 03:00:05 - httpx - INFO - HTTP Request: POST http://127.0.0.1:11434/api/chat "HTTP/1.1 500 Internal Server Error"
2026-04-08 03:00:05 - root - WARNING - [WARN] Retry 2/3 for model magicoder:7b-s-cl: mkdir /home/sahand.moslemi/.ollama/models: permission denied: ensure path elements are traversable (status code: 500)
2026-04-08 03:00:10 - httpx - INFO - HTTP Request: POST http://127.0.0.1:11434/api/chat "HTTP/1.1 500 Internal Server Error"
2026-04-08 03:00:10 - root - WARNING - [WARN] Retry 2/3 for model magicoder:7b-s-cl: mkdir /home/sahand.moslemi/.ollama/models: permission denied: ensure path elements are traversable (status code: 500)
2026-04-08 03:00:15 - httpx - INFO - HTTP Request: POST http://127.0.0.1:11434/api/chat "HTTP/1.1 500 Internal Server Error"
2026-04-08 03:00:15 - root - WARNING - [WARN] Retry 2/3 for model magicoder:7b-s-cl: mkdir /home/sahand.moslemi/.ollama/models: permission denied: ensure path elements are traversable (status code: 500)
2026-04-08 03:00:20 - httpx - INFO - HTTP Request: POST http://127.0.0.1:11434/api/chat "HTTP/1.1 500 Internal Server Error"
2026-04-08 03:00:20 - root - WARNING - [WARN] Retry 2/3 for model magicoder:7b-s-cl: mkdir /home/sahand.moslemi/.ollama/models: permission denied: ensure path elements are traversable (status code: 500)
2026-04-08 03:00:25 - httpx - INFO - HTTP Request: POST http://127.0.0.1:11434/api/chat "HTTP/1.1 500 Internal Server Error"
2026-04-08 03:00:25 - root - WARNING - [WARN] Retry 2/3 for model magicoder:7b-s-cl: mkdir /home/sahand.moslemi/.ollama/models: permission denied: ensure path elements are traversable (status code: 500)
2026-04-08 03:00:30 - httpx - INFO - HTTP Request: POST http://127.0.0.1:11434/api/chat "HTTP/1.1 500 Internal Server Error"
2026-04-08 03:00:30 - root - WARNING - [WARN] Retry 2/3 for model magicoder:7b-s-cl: mkdir /home/sahand.moslemi/.ollama/models: permission denied: ensure path elements are traversable (status code: 500)
2026-04-08 03:00:35 - httpx - INFO - HTTP Request: POST http://127.0.0.1:11434/api/chat "HTTP/1.1 500 Internal Server Error"
2026-04-08 03:00:35 - root - WARNING - [WARN] Retry 2/3 for model magicoder:7b-s-cl: mkdir /home/sahand.moslemi/.ollama/models: permission denied: ensure path elements are traversable (status code: 500)
2026-04-08 03:00:40 - httpx - INFO - HTTP Request: POST http://127.0.0.1:11434/api/chat "HTTP/1.1 500 Internal Server Error"
2026-04-08 03:00:40 - root - WARNING - [WARN] Retry 2/3 for model magicoder:7b-s-cl: mkdir /home/sahand.moslemi/.ollama/models: permission denied: ensure path elements are traversable (status code: 500)
2026-04-08 03:00:45 - httpx - INFO - HTTP Request: POST http://127.0.0.1:11434/api/chat "HTTP/1.1 500 Internal Server Error"
2026-04-08 03:00:45 - root - WARNING - [WARN] Retry 2/3 for model magicoder:7b-s-cl: mkdir /home/sahand.moslemi/.ollama/models: permission denied: ensure path elements are traversable (status code: 500)
2026-04-08 03:00:50 - httpx - INFO - HTTP Request: POST http://127.0.0.1:11434/api/chat "HTTP/1.1 500 Internal Server Error"
2026-04-08 03:00:50 - root - WARNING - [WARN] Retry 2/3 for model magicoder:7b-s-cl: mkdir /home/sahand.moslemi/.ollama/models: permission denied: ensure path elements are traversable (status code: 500)
2026-04-08 03:00:55 - httpx - INFO - HTTP Request: POST http://127.0.0.1:11434/api/chat "HTTP/1.1 500 Internal Server Error"
2026-04-08 03:00:55 - root - WARNING - [WARN] Retry 2/3 for model magicoder:7b-s-cl: mkdir /home/sahand.moslemi/.ollama/models: permission denied: ensure path elements are traversable (status code: 500)
2026-04-08 03:01:00 - httpx - INFO - HTTP Request: POST http://127.0.0.1:11434/api/chat "HTTP/1.1 500 Internal Server Error"
2026-04-08 03:01:00 - root - WARNING - [WARN] Retry 2/3 for model magicoder:7b-s-cl: mkdir /home/sahand.moslemi/.ollama/models: permission denied: ensure path elements are traversable (status code: 500)
2026-04-08 03:01:05 - httpx - INFO - HTTP Request: POST http://127.0.0.1:11434/api/chat "HTTP/1.1 500 Internal Server Error"
2026-04-08 03:01:05 - root - WARNING - [WARN] Retry 2/3 for model magicoder:7b-s-cl: mkdir /home/sahand.moslemi/.ollama/models: permission denied: ensure path elements are traversable (status code: 500)
2026-04-08 03:01:10 - httpx - INFO - HTTP Request: POST http://127.0.0.1:11434/api/chat "HTTP/1.1 500 Internal Server Error"
2026-04-08 03:01:10 - root - WARNING - [WARN] Retry 2/3 for model magicoder:7b-s-cl: mkdir /home/sahand.moslemi/.ollama/models: permission denied: ensure path elements are traversable (status code: 500)
2026-04-08 03:01:15 - httpx - INFO - HTTP Request: POST http://127.0.0.1:11434/api/chat "HTTP/1.1 500 Internal Server Error"
2026-04-08 03:01:15 - root - WARNING - [WARN] Retry 2/3 for model magicoder:7b-s-cl: mkdir /home/sahand.moslemi/.ollama/models: permission denied: ensure path elements are traversable (status code: 500)
2026-04-08 03:01:20 - httpx - INFO - HTTP Request: POST http://127.0.0.1:11434/api/chat "HTTP/1.1 500 Internal Server Error"
2026-04-08 03:01:20 - root - WARNING - [WARN] Retry 2/3 for model magicoder:7b-s-cl: mkdir /home/sahand.moslemi/.ollama/models: permission denied: ensure path elements are traversable (status code: 500)
2026-04-08 03:01:25 - httpx - INFO - HTTP Request: POST http://127.0.0.1:11434/api/chat "HTTP/1.1 500 Internal Server Error"
2026-04-08 03:01:25 - root - WARNING - [WARN] Retry 2/3 for model magicoder:7b-s-cl: mkdir /home/sahand.moslemi/.ollama/models: permission denied: ensure path elements are traversable (status code: 500)
2026-04-08 03:01:30 - httpx - INFO - HTTP Request: POST http://127.0.0.1:11434/api/chat "HTTP/1.1 500 Internal Server Error"
2026-04-08 03:01:30 - root - WARNING - [WARN] Retry 2/3 for model magicoder:7b-s-cl: mkdir /home/sahand.moslemi/.ollama/models: permission denied: ensure path elements are traversable (status code: 500)
2026-04-08 03:01:35 - httpx - INFO - HTTP Request: POST http://127.0.0.1:11434/api/chat "HTTP/1.1 500 Internal Server Error"
2026-04-08 03:01:35 - root - WARNING - [WARN] Retry 2/3 for model magicoder:7b-s-cl: mkdir /home/sahand.moslemi/.ollama/models: permission denied: ensure path elements are traversable (status code: 500)
2026-04-08 03:01:40 - httpx - INFO - HTTP Request: POST http://127.0.0.1:11434/api/chat "HTTP/1.1 500 Internal Server Error"
2026-04-08 03:01:40 - root - WARNING - [WARN] Retry 2/3 for model magicoder:7b-s-cl: mkdir /home/sahand.moslemi/.ollama/models: permission denied: ensure path elements are traversable (status code: 500)
2026-04-08 03:01:45 - httpx - INFO - HTTP Request: POST http://127.0.0.1:11434/api/chat "HTTP/1.1 500 Internal Server Error"
2026-04-08 03:01:45 - root - WARNING - [WARN] Retry 2/3 for model magicoder:7b-s-cl: mkdir /home/sahand.moslemi/.ollama/models: permission denied: ensure path elements are traversable (status code: 500)
2026-04-08 03:01:50 - httpx - INFO - HTTP Request: POST http://127.0.0.1:11434/api/chat "HTTP/1.1 500 Internal Server Error"
2026-04-08 03:01:50 - root - WARNING - [WARN] Retry 2/3 for model magicoder:7b-s-cl: mkdir /home/sahand.moslemi/.ollama/models: permission denied: ensure path elements are traversable (status code: 500)
2026-04-08 03:01:55 - httpx - INFO - HTTP Request: POST http://127.0.0.1:11434/api/chat "HTTP/1.1 500 Internal Server Error"
2026-04-08 03:01:55 - root - WARNING - [WARN] Retry 2/3 for model magicoder:7b-s-cl: mkdir /home/sahand.moslemi/.ollama/models: permission denied: ensure path elements are traversable (status code: 500)
2026-04-08 03:02:00 - httpx - INFO - HTTP Request: POST http://127.0.0.1:11434/api/chat "HTTP/1.1 500 Internal Server Error"
2026-04-08 03:02:00 - root - WARNING - [WARN] Retry 2/3 for model magicoder:7b-s-cl: mkdir /home/sahand.moslemi/.ollama/models: permission denied: ensure path elements are traversable (status code: 500)
2026-04-08 03:02:05 - httpx - INFO - HTTP Request: POST http://127.0.0.1:11434/api/chat "HTTP/1.1 500 Internal Server Error"
2026-04-08 03:02:05 - root - WARNING - [WARN] Retry 2/3 for model magicoder:7b-s-cl: mkdir /home/sahand.moslemi/.ollama/models: permission denied: ensure path elements are traversable (status code: 500)
2026-04-08 03:02:10 - httpx - INFO - HTTP Request: POST http://127.0.0.1:11434/api/chat "HTTP/1.1 500 Internal Server Error"
2026-04-08 03:02:10 - root - WARNING - [WARN] Retry 2/3 for model magicoder:7b-s-cl: mkdir /home/sahand.moslemi/.ollama/models: permission denied: ensure path elements are traversable (status code: 500)
2026-04-08 03:02:15 - httpx - INFO - HTTP Request: POST http://127.0.0.1:11434/api/chat "HTTP/1.1 500 Internal Server Error"
2026-04-08 03:02:15 - root - WARNING - [WARN] Retry 2/3 for model magicoder:7b-s-cl: mkdir /home/sahand.moslemi/.ollama/models: permission denied: ensure path elements are traversable (status code: 500)
2026-04-08 03:02:20 - httpx - INFO - HTTP Request: POST http://127.0.0.1:11434/api/chat "HTTP/1.1 500 Internal Server Error"
2026-04-08 03:02:20 - root - WARNING - [WARN] Retry 2/3 for model magicoder:7b-s-cl: mkdir /home/sahand.moslemi/.ollama/models: permission denied: ensure path elements are traversable (status code: 500)
2026-04-08 03:02:25 - httpx - INFO - HTTP Request: POST http://127.0.0.1:11434/api/chat "HTTP/1.1 500 Internal Server Error"
2026-04-08 03:02:25 - root - WARNING - [WARN] Retry 2/3 for model magicoder:7b-s-cl: mkdir /home/sahand.moslemi/.ollama/models: permission denied: ensure path elements are traversable (status code: 500)
2026-04-08 03:02:30 - httpx - INFO - HTTP Request: POST http://127.0.0.1:11434/api/chat "HTTP/1.1 500 Internal Server Error"
2026-04-08 03:02:30 - root - WARNING - [WARN] Retry 2/3 for model magicoder:7b-s-cl: mkdir /home/sahand.moslemi/.ollama/models: permission denied: ensure path elements are traversable (status code: 500)
2026-04-08 03:02:35 - httpx - INFO - HTTP Request: POST http://127.0.0.1:11434/api/chat "HTTP/1.1 500 Internal Server Error"
2026-04-08 03:02:35 - root - WARNING - [WARN] Retry 2/3 for model magicoder:7b-s-cl: mkdir /home/sahand.moslemi/.ollama/models: permission denied: ensure path elements are traversable (status code: 500)
2026-04-08 03:02:40 - httpx - INFO - HTTP Request: POST http://127.0.0.1:11434/api/chat "HTTP/1.1 500 Internal Server Error"
2026-04-08 03:02:40 - root - WARNING - [WARN] Retry 2/3 for model magicoder:7b-s-cl: mkdir /home/sahand.moslemi/.ollama/models: permission denied: ensure path elements are traversable (status code: 500)
2026-04-08 03:02:45 - httpx - INFO - HTTP Request: POST http://127.0.0.1:11434/api/chat "HTTP/1.1 500 Internal Server Error"
2026-04-08 03:02:45 - root - WARNING - [WARN] Retry 2/3 for model magicoder:7b-s-cl: mkdir /home/sahand.moslemi/.ollama/models: permission denied: ensure path elements are traversable (status code: 500)
2026-04-08 03:02:50 - httpx - INFO - HTTP Request: POST http://127.0.0.1:11434/api/chat "HTTP/1.1 500 Internal Server Error"
2026-04-08 03:02:50 - root - WARNING - [WARN] Retry 2/3 for model magicoder:7b-s-cl: mkdir /home/sahand.moslemi/.ollama/models: permission denied: ensure path elements are traversable (status code: 500)
2026-04-08 03:02:55 - httpx - INFO - HTTP Request: POST http://127.0.0.1:11434/api/chat "HTTP/1.1 500 Internal Server Error"
2026-04-08 03:02:55 - root - WARNING - [WARN] Retry 2/3 for model magicoder:7b-s-cl: mkdir /home/sahand.moslemi/.ollama/models: permission denied: ensure path elements are traversable (status code: 500)
2026-04-08 03:03:00 - httpx - INFO - HTTP Request: POST http://127.0.0.1:11434/api/chat "HTTP/1.1 500 Internal Server Error"
2026-04-08 03:03:00 - root - WARNING - [WARN] Retry 2/3 for model magicoder:7b-s-cl: mkdir /home/sahand.moslemi/.ollama/models: permission denied: ensure path elements are traversable (status code: 500)
2026-04-08 03:03:06 - httpx - INFO - HTTP Request: POST http://127.0.0.1:11434/api/chat "HTTP/1.1 500 Internal Server Error"
2026-04-08 03:03:06 - root - WARNING - [WARN] Retry 2/3 for model magicoder:7b-s-cl: mkdir /home/sahand.moslemi/.ollama/models: permission denied: ensure path elements are traversable (status code: 500)
2026-04-08 03:03:11 - httpx - INFO - HTTP Request: POST http://127.0.0.1:11434/api/chat "HTTP/1.1 500 Internal Server Error"
2026-04-08 03:03:11 - root - WARNING - [WARN] Retry 2/3 for model magicoder:7b-s-cl: mkdir /home/sahand.moslemi/.ollama/models: permission denied: ensure path elements are traversable (status code: 500)
2026-04-08 03:03:16 - httpx - INFO - HTTP Request: POST http://127.0.0.1:11434/api/chat "HTTP/1.1 500 Internal Server Error"
2026-04-08 03:03:16 - root - WARNING - [WARN] Retry 2/3 for model magicoder:7b-s-cl: mkdir /home/sahand.moslemi/.ollama/models: permission denied: ensure path elements are traversable (status code: 500)
2026-04-08 03:03:21 - httpx - INFO - HTTP Request: POST http://127.0.0.1:11434/api/chat "HTTP/1.1 500 Internal Server Error"
2026-04-08 03:03:21 - root - WARNING - [WARN] Retry 2/3 for model magicoder:7b-s-cl: mkdir /home/sahand.moslemi/.ollama/models: permission denied: ensure path elements are traversable (status code: 500)
2026-04-08 03:03:26 - httpx - INFO - HTTP Request: POST http://127.0.0.1:11434/api/chat "HTTP/1.1 500 Internal Server Error"
2026-04-08 03:03:26 - root - WARNING - [WARN] Retry 2/3 for model magicoder:7b-s-cl: mkdir /home/sahand.moslemi/.ollama/models: permission denied: ensure path elements are traversable (status code: 500)
2026-04-08 03:03:31 - httpx - INFO - HTTP Request: POST http://127.0.0.1:11434/api/chat "HTTP/1.1 500 Internal Server Error"
2026-04-08 03:03:31 - root - WARNING - [WARN] Retry 2/3 for model magicoder:7b-s-cl: mkdir /home/sahand.moslemi/.ollama/models: permission denied: ensure path elements are traversable (status code: 500)
2026-04-08 03:03:36 - httpx - INFO - HTTP Request: POST http://127.0.0.1:11434/api/chat "HTTP/1.1 500 Internal Server Error"
2026-04-08 03:03:36 - root - WARNING - [WARN] Retry 2/3 for model magicoder:7b-s-cl: mkdir /home/sahand.moslemi/.ollama/models: permission denied: ensure path elements are traversable (status code: 500)
2026-04-08 03:03:41 - httpx - INFO - HTTP Request: POST http://127.0.0.1:11434/api/chat "HTTP/1.1 500 Internal Server Error"
2026-04-08 03:03:41 - root - WARNING - [WARN] Retry 2/3 for model magicoder:7b-s-cl: mkdir /home/sahand.moslemi/.ollama/models: permission denied: ensure path elements are traversable (status code: 500)
2026-04-08 03:03:46 - httpx - INFO - HTTP Request: POST http://127.0.0.1:11434/api/chat "HTTP/1.1 500 Internal Server Error"
2026-04-08 03:03:46 - root - WARNING - [WARN] Retry 2/3 for model magicoder:7b-s-cl: mkdir /home/sahand.moslemi/.ollama/models: permission denied: ensure path elements are traversable (status code: 500)
2026-04-08 03:03:51 - httpx - INFO - HTTP Request: POST http://127.0.0.1:11434/api/chat "HTTP/1.1 500 Internal Server Error"
2026-04-08 03:03:51 - root - WARNING - [WARN] Retry 2/3 for model magicoder:7b-s-cl: mkdir /home/sahand.moslemi/.ollama/models: permission denied: ensure path elements are traversable (status code: 500)
2026-04-08 03:03:56 - httpx - INFO - HTTP Request: POST http://127.0.0.1:11434/api/chat "HTTP/1.1 500 Internal Server Error"
2026-04-08 03:03:56 - root - WARNING - [WARN] Retry 2/3 for model magicoder:7b-s-cl: mkdir /home/sahand.moslemi/.ollama/models: permission denied: ensure path elements are traversable (status code: 500)
2026-04-08 03:04:01 - httpx - INFO - HTTP Request: POST http://127.0.0.1:11434/api/chat "HTTP/1.1 500 Internal Server Error"
2026-04-08 03:04:01 - root - WARNING - [WARN] Retry 2/3 for model magicoder:7b-s-cl: mkdir /home/sahand.moslemi/.ollama/models: permission denied: ensure path elements are traversable (status code: 500)
2026-04-08 03:04:06 - httpx - INFO - HTTP Request: POST http://127.0.0.1:11434/api/chat "HTTP/1.1 500 Internal Server Error"
2026-04-08 03:04:06 - root - WARNING - [WARN] Retry 2/3 for model magicoder:7b-s-cl: mkdir /home/sahand.moslemi/.ollama/models: permission denied: ensure path elements are traversable (status code: 500)
2026-04-08 03:04:11 - httpx - INFO - HTTP Request: POST http://127.0.0.1:11434/api/chat "HTTP/1.1 500 Internal Server Error"
2026-04-08 03:04:11 - root - WARNING - [WARN] Retry 2/3 for model magicoder:7b-s-cl: mkdir /home/sahand.moslemi/.ollama/models: permission denied: ensure path elements are traversable (status code: 500)
2026-04-08 03:04:16 - httpx - INFO - HTTP Request: POST http://127.0.0.1:11434/api/chat "HTTP/1.1 500 Internal Server Error"
2026-04-08 03:04:16 - root - WARNING - [WARN] Retry 2/3 for model magicoder:7b-s-cl: mkdir /home/sahand.moslemi/.ollama/models: permission denied: ensure path elements are traversable (status code: 500)
2026-04-08 03:04:21 - httpx - INFO - HTTP Request: POST http://127.0.0.1:11434/api/chat "HTTP/1.1 500 Internal Server Error"
2026-04-08 03:04:21 - root - WARNING - [WARN] Retry 2/3 for model magicoder:7b-s-cl: mkdir /home/sahand.moslemi/.ollama/models: permission denied: ensure path elements are traversable (status code: 500)
2026-04-08 03:04:26 - httpx - INFO - HTTP Request: POST http://127.0.0.1:11434/api/chat "HTTP/1.1 500 Internal Server Error"
2026-04-08 03:04:26 - root - WARNING - [WARN] Retry 2/3 for model magicoder:7b-s-cl: mkdir /home/sahand.moslemi/.ollama/models: permission denied: ensure path elements are traversable (status code: 500)
2026-04-08 03:04:31 - httpx - INFO - HTTP Request: POST http://127.0.0.1:11434/api/chat "HTTP/1.1 500 Internal Server Error"
2026-04-08 03:04:31 - root - WARNING - [WARN] Retry 2/3 for model magicoder:7b-s-cl: mkdir /home/sahand.moslemi/.ollama/models: permission denied: ensure path elements are traversable (status code: 500)
2026-04-08 03:04:36 - httpx - INFO - HTTP Request: POST http://127.0.0.1:11434/api/chat "HTTP/1.1 500 Internal Server Error"
2026-04-08 03:04:36 - root - WARNING - [WARN] Retry 2/3 for model magicoder:7b-s-cl: mkdir /home/sahand.moslemi/.ollama/models: permission denied: ensure path elements are traversable (status code: 500)
2026-04-08 03:04:41 - httpx - INFO - HTTP Request: POST http://127.0.0.1:11434/api/chat "HTTP/1.1 500 Internal Server Error"
2026-04-08 03:04:41 - root - WARNING - [WARN] Retry 2/3 for model magicoder:7b-s-cl: mkdir /home/sahand.moslemi/.ollama/models: permission denied: ensure path elements are traversable (status code: 500)
2026-04-08 03:04:46 - httpx - INFO - HTTP Request: POST http://127.0.0.1:11434/api/chat "HTTP/1.1 500 Internal Server Error"
2026-04-08 03:04:46 - root - WARNING - [WARN] Retry 2/3 for model magicoder:7b-s-cl: mkdir /home/sahand.moslemi/.ollama/models: permission denied: ensure path elements are traversable (status code: 500)
2026-04-08 03:04:51 - httpx - INFO - HTTP Request: POST http://127.0.0.1:11434/api/chat "HTTP/1.1 500 Internal Server Error"
2026-04-08 03:04:51 - root - WARNING - [WARN] Retry 2/3 for model magicoder:7b-s-cl: mkdir /home/sahand.moslemi/.ollama/models: permission denied: ensure path elements are traversable (status code: 500)
2026-04-08 03:04:56 - httpx - INFO - HTTP Request: POST http://127.0.0.1:11434/api/chat "HTTP/1.1 500 Internal Server Error"
2026-04-08 03:04:56 - root - WARNING - [WARN] Retry 2/3 for model magicoder:7b-s-cl: mkdir /home/sahand.moslemi/.ollama/models: permission denied: ensure path elements are traversable (status code: 500)
2026-04-08 03:05:01 - httpx - INFO - HTTP Request: POST http://127.0.0.1:11434/api/chat "HTTP/1.1 500 Internal Server Error"
2026-04-08 03:05:01 - root - WARNING - [WARN] Retry 2/3 for model magicoder:7b-s-cl: mkdir /home/sahand.moslemi/.ollama/models: permission denied: ensure path elements are traversable (status code: 500)
2026-04-08 03:05:06 - httpx - INFO - HTTP Request: POST http://127.0.0.1:11434/api/chat "HTTP/1.1 500 Internal Server Error"
2026-04-08 03:05:06 - root - WARNING - [WARN] Retry 2/3 for model magicoder:7b-s-cl: mkdir /home/sahand.moslemi/.ollama/models: permission denied: ensure path elements are traversable (status code: 500)
2026-04-08 03:05:11 - httpx - INFO - HTTP Request: POST http://127.0.0.1:11434/api/chat "HTTP/1.1 500 Internal Server Error"
2026-04-08 03:05:11 - root - WARNING - [WARN] Retry 2/3 for model magicoder:7b-s-cl: mkdir /home/sahand.moslemi/.ollama/models: permission denied: ensure path elements are traversable (status code: 500)
2026-04-08 03:05:16 - httpx - INFO - HTTP Request: POST http://127.0.0.1:11434/api/chat "HTTP/1.1 500 Internal Server Error"
2026-04-08 03:05:16 - root - WARNING - [WARN] Retry 2/3 for model magicoder:7b-s-cl: mkdir /home/sahand.moslemi/.ollama/models: permission denied: ensure path elements are traversable (status code: 500)
2026-04-08 03:05:21 - httpx - INFO - HTTP Request: POST http://127.0.0.1:11434/api/chat "HTTP/1.1 500 Internal Server Error"
2026-04-08 03:05:21 - root - WARNING - [WARN] Retry 2/3 for model magicoder:7b-s-cl: mkdir /home/sahand.moslemi/.ollama/models: permission denied: ensure path elements are traversable (status code: 500)
2026-04-08 03:05:26 - httpx - INFO - HTTP Request: POST http://127.0.0.1:11434/api/chat "HTTP/1.1 500 Internal Server Error"
2026-04-08 03:05:26 - root - WARNING - [WARN] Retry 2/3 for model magicoder:7b-s-cl: mkdir /home/sahand.moslemi/.ollama/models: permission denied: ensure path elements are traversable (status code: 500)
2026-04-08 03:05:31 - httpx - INFO - HTTP Request: POST http://127.0.0.1:11434/api/chat "HTTP/1.1 500 Internal Server Error"
2026-04-08 03:05:31 - root - WARNING - [WARN] Retry 2/3 for model magicoder:7b-s-cl: mkdir /home/sahand.moslemi/.ollama/models: permission denied: ensure path elements are traversable (status code: 500)
2026-04-08 03:05:36 - httpx - INFO - HTTP Request: POST http://127.0.0.1:11434/api/chat "HTTP/1.1 500 Internal Server Error"
2026-04-08 03:05:36 - root - WARNING - [WARN] Retry 2/3 for model magicoder:7b-s-cl: mkdir /home/sahand.moslemi/.ollama/models: permission denied: ensure path elements are traversable (status code: 500)
2026-04-08 03:05:41 - httpx - INFO - HTTP Request: POST http://127.0.0.1:11434/api/chat "HTTP/1.1 500 Internal Server Error"
2026-04-08 03:05:41 - root - WARNING - [WARN] Retry 2/3 for model magicoder:7b-s-cl: mkdir /home/sahand.moslemi/.ollama/models: permission denied: ensure path elements are traversable (status code: 500)
2026-04-08 03:05:46 - httpx - INFO - HTTP Request: POST http://127.0.0.1:11434/api/chat "HTTP/1.1 500 Internal Server Error"
2026-04-08 03:05:46 - root - WARNING - [WARN] Retry 2/3 for model magicoder:7b-s-cl: mkdir /home/sahand.moslemi/.ollama/models: permission denied: ensure path elements are traversable (status code: 500)
2026-04-08 03:05:51 - httpx - INFO - HTTP Request: POST http://127.0.0.1:11434/api/chat "HTTP/1.1 500 Internal Server Error"
2026-04-08 03:05:51 - root - WARNING - [WARN] Retry 2/3 for model magicoder:7b-s-cl: mkdir /home/sahand.moslemi/.ollama/models: permission denied: ensure path elements are traversable (status code: 500)
2026-04-08 03:05:56 - httpx - INFO - HTTP Request: POST http://127.0.0.1:11434/api/chat "HTTP/1.1 500 Internal Server Error"
2026-04-08 03:05:56 - root - WARNING - [WARN] Retry 2/3 for model magicoder:7b-s-cl: mkdir /home/sahand.moslemi/.ollama/models: permission denied: ensure path elements are traversable (status code: 500)
2026-04-08 03:06:01 - httpx - INFO - HTTP Request: POST http://127.0.0.1:11434/api/chat "HTTP/1.1 500 Internal Server Error"
2026-04-08 03:06:01 - root - WARNING - [WARN] Retry 2/3 for model magicoder:7b-s-cl: mkdir /home/sahand.moslemi/.ollama/models: permission denied: ensure path elements are traversable (status code: 500)
2026-04-08 03:06:06 - httpx - INFO - HTTP Request: POST http://127.0.0.1:11434/api/chat "HTTP/1.1 500 Internal Server Error"
2026-04-08 03:06:06 - root - WARNING - [WARN] Retry 2/3 for model magicoder:7b-s-cl: mkdir /home/sahand.moslemi/.ollama/models: permission denied: ensure path elements are traversable (status code: 500)
2026-04-08 03:06:11 - httpx - INFO - HTTP Request: POST http://127.0.0.1:11434/api/chat "HTTP/1.1 500 Internal Server Error"
2026-04-08 03:06:11 - root - WARNING - [WARN] Retry 2/3 for model magicoder:7b-s-cl: mkdir /home/sahand.moslemi/.ollama/models: permission denied: ensure path elements are traversable (status code: 500)
2026-04-08 03:06:16 - httpx - INFO - HTTP Request: POST http://127.0.0.1:11434/api/chat "HTTP/1.1 500 Internal Server Error"
2026-04-08 03:06:16 - root - WARNING - [WARN] Retry 2/3 for model magicoder:7b-s-cl: mkdir /home/sahand.moslemi/.ollama/models: permission denied: ensure path elements are traversable (status code: 500)
2026-04-08 03:06:21 - httpx - INFO - HTTP Request: POST http://127.0.0.1:11434/api/chat "HTTP/1.1 500 Internal Server Error"
2026-04-08 03:06:21 - root - WARNING - [WARN] Retry 2/3 for model magicoder:7b-s-cl: mkdir /home/sahand.moslemi/.ollama/models: permission denied: ensure path elements are traversable (status code: 500)
2026-04-08 03:06:26 - httpx - INFO - HTTP Request: POST http://127.0.0.1:11434/api/chat "HTTP/1.1 500 Internal Server Error"
2026-04-08 03:06:26 - root - WARNING - [WARN] Retry 2/3 for model magicoder:7b-s-cl: mkdir /home/sahand.moslemi/.ollama/models: permission denied: ensure path elements are traversable (status code: 500)
2026-04-08 03:06:31 - httpx - INFO - HTTP Request: POST http://127.0.0.1:11434/api/chat "HTTP/1.1 500 Internal Server Error"
2026-04-08 03:06:31 - root - WARNING - [WARN] Retry 2/3 for model magicoder:7b-s-cl: mkdir /home/sahand.moslemi/.ollama/models: permission denied: ensure path elements are traversable (status code: 500)
2026-04-08 03:06:36 - httpx - INFO - HTTP Request: POST http://127.0.0.1:11434/api/chat "HTTP/1.1 500 Internal Server Error"
2026-04-08 03:06:36 - root - WARNING - [WARN] Retry 2/3 for model magicoder:7b-s-cl: mkdir /home/sahand.moslemi/.ollama/models: permission denied: ensure path elements are traversable (status code: 500)
2026-04-08 03:06:41 - httpx - INFO - HTTP Request: POST http://127.0.0.1:11434/api/chat "HTTP/1.1 500 Internal Server Error"
2026-04-08 03:06:41 - root - WARNING - [WARN] Retry 2/3 for model magicoder:7b-s-cl: mkdir /home/sahand.moslemi/.ollama/models: permission denied: ensure path elements are traversable (status code: 500)
2026-04-08 03:06:46 - httpx - INFO - HTTP Request: POST http://127.0.0.1:11434/api/chat "HTTP/1.1 500 Internal Server Error"
2026-04-08 03:06:46 - root - WARNING - [WARN] Retry 2/3 for model magicoder:7b-s-cl: mkdir /home/sahand.moslemi/.ollama/models: permission denied: ensure path elements are traversable (status code: 500)
2026-04-08 03:06:51 - httpx - INFO - HTTP Request: POST http://127.0.0.1:11434/api/chat "HTTP/1.1 500 Internal Server Error"
2026-04-08 03:06:51 - root - WARNING - [WARN] Retry 2/3 for model magicoder:7b-s-cl: mkdir /home/sahand.moslemi/.ollama/models: permission denied: ensure path elements are traversable (status code: 500)
2026-04-08 03:06:56 - httpx - INFO - HTTP Request: POST http://127.0.0.1:11434/api/chat "HTTP/1.1 500 Internal Server Error"
2026-04-08 03:06:56 - root - WARNING - [WARN] Retry 2/3 for model magicoder:7b-s-cl: mkdir /home/sahand.moslemi/.ollama/models: permission denied: ensure path elements are traversable (status code: 500)
2026-04-08 03:07:01 - httpx - INFO - HTTP Request: POST http://127.0.0.1:11434/api/chat "HTTP/1.1 500 Internal Server Error"
2026-04-08 03:07:01 - root - WARNING - [WARN] Retry 2/3 for model magicoder:7b-s-cl: mkdir /home/sahand.moslemi/.ollama/models: permission denied: ensure path elements are traversable (status code: 500)
2026-04-08 03:07:06 - httpx - INFO - HTTP Request: POST http://127.0.0.1:11434/api/chat "HTTP/1.1 500 Internal Server Error"
2026-04-08 03:07:06 - root - WARNING - [WARN] Retry 2/3 for model magicoder:7b-s-cl: mkdir /home/sahand.moslemi/.ollama/models: permission denied: ensure path elements are traversable (status code: 500)
2026-04-08 03:07:11 - httpx - INFO - HTTP Request: POST http://127.0.0.1:11434/api/chat "HTTP/1.1 500 Internal Server Error"
2026-04-08 03:07:11 - root - WARNING - [WARN] Retry 2/3 for model magicoder:7b-s-cl: mkdir /home/sahand.moslemi/.ollama/models: permission denied: ensure path elements are traversable (status code: 500)
2026-04-08 03:07:16 - httpx - INFO - HTTP Request: POST http://127.0.0.1:11434/api/chat "HTTP/1.1 500 Internal Server Error"
2026-04-08 03:07:16 - root - WARNING - [WARN] Retry 2/3 for model magicoder:7b-s-cl: mkdir /home/sahand.moslemi/.ollama/models: permission denied: ensure path elements are traversable (status code: 500)
2026-04-08 03:07:21 - httpx - INFO - HTTP Request: POST http://127.0.0.1:11434/api/chat "HTTP/1.1 500 Internal Server Error"
2026-04-08 03:07:21 - root - WARNING - [WARN] Retry 2/3 for model magicoder:7b-s-cl: mkdir /home/sahand.moslemi/.ollama/models: permission denied: ensure path elements are traversable (status code: 500)
2026-04-08 03:07:26 - httpx - INFO - HTTP Request: POST http://127.0.0.1:11434/api/chat "HTTP/1.1 500 Internal Server Error"
2026-04-08 03:07:26 - root - WARNING - [WARN] Retry 2/3 for model magicoder:7b-s-cl: mkdir /home/sahand.moslemi/.ollama/models: permission denied: ensure path elements are traversable (status code: 500)
2026-04-08 03:07:31 - httpx - INFO - HTTP Request: POST http://127.0.0.1:11434/api/chat "HTTP/1.1 500 Internal Server Error"
2026-04-08 03:07:31 - root - WARNING - [WARN] Retry 2/3 for model magicoder:7b-s-cl: mkdir /home/sahand.moslemi/.ollama/models: permission denied: ensure path elements are traversable (status code: 500)
2026-04-08 03:07:36 - httpx - INFO - HTTP Request: POST http://127.0.0.1:11434/api/chat "HTTP/1.1 500 Internal Server Error"
2026-04-08 03:07:36 - root - WARNING - [WARN] Retry 2/3 for model magicoder:7b-s-cl: mkdir /home/sahand.moslemi/.ollama/models: permission denied: ensure path elements are traversable (status code: 500)
2026-04-08 03:07:41 - httpx - INFO - HTTP Request: POST http://127.0.0.1:11434/api/chat "HTTP/1.1 500 Internal Server Error"
2026-04-08 03:07:41 - root - WARNING - [WARN] Retry 2/3 for model magicoder:7b-s-cl: mkdir /home/sahand.moslemi/.ollama/models: permission denied: ensure path elements are traversable (status code: 500)
2026-04-08 03:07:46 - httpx - INFO - HTTP Request: POST http://127.0.0.1:11434/api/chat "HTTP/1.1 500 Internal Server Error"
2026-04-08 03:07:46 - root - WARNING - [WARN] Retry 2/3 for model magicoder:7b-s-cl: mkdir /home/sahand.moslemi/.ollama/models: permission denied: ensure path elements are traversable (status code: 500)
2026-04-08 03:07:51 - httpx - INFO - HTTP Request: POST http://127.0.0.1:11434/api/chat "HTTP/1.1 500 Internal Server Error"
2026-04-08 03:07:51 - root - WARNING - [WARN] Retry 2/3 for model magicoder:7b-s-cl: mkdir /home/sahand.moslemi/.ollama/models: permission denied: ensure path elements are traversable (status code: 500)
2026-04-08 03:07:56 - httpx - INFO - HTTP Request: POST http://127.0.0.1:11434/api/chat "HTTP/1.1 500 Internal Server Error"
2026-04-08 03:07:56 - root - WARNING - [WARN] Retry 2/3 for model magicoder:7b-s-cl: mkdir /home/sahand.moslemi/.ollama/models: permission denied: ensure path elements are traversable (status code: 500)
2026-04-08 03:08:01 - httpx - INFO - HTTP Request: POST http://127.0.0.1:11434/api/chat "HTTP/1.1 500 Internal Server Error"
2026-04-08 03:08:01 - root - WARNING - [WARN] Retry 2/3 for model magicoder:7b-s-cl: mkdir /home/sahand.moslemi/.ollama/models: permission denied: ensure path elements are traversable (status code: 500)
2026-04-08 03:08:06 - httpx - INFO - HTTP Request: POST http://127.0.0.1:11434/api/chat "HTTP/1.1 500 Internal Server Error"
2026-04-08 03:08:06 - root - WARNING - [WARN] Retry 2/3 for model magicoder:7b-s-cl: mkdir /home/sahand.moslemi/.ollama/models: permission denied: ensure path elements are traversable (status code: 500)
2026-04-08 03:08:12 - httpx - INFO - HTTP Request: POST http://127.0.0.1:11434/api/chat "HTTP/1.1 500 Internal Server Error"
2026-04-08 03:08:12 - root - WARNING - [WARN] Retry 2/3 for model magicoder:7b-s-cl: open /home/sahand.moslemi/.ollama/models/manifests/registry.ollama.ai/library/magicoder/7b-s-cl: permission denied (status code: 500)
2026-04-08 03:08:17 - httpx - INFO - HTTP Request: POST http://127.0.0.1:11434/api/chat "HTTP/1.1 500 Internal Server Error"
2026-04-08 03:08:17 - root - WARNING - [WARN] Retry 2/3 for model magicoder:7b-s-cl: mkdir /home/sahand.moslemi/.ollama/models: permission denied: ensure path elements are traversable (status code: 500)
2026-04-08 03:08:22 - httpx - INFO - HTTP Request: POST http://127.0.0.1:11434/api/chat "HTTP/1.1 500 Internal Server Error"
2026-04-08 03:08:22 - root - WARNING - [WARN] Retry 2/3 for model magicoder:7b-s-cl: mkdir /home/sahand.moslemi/.ollama/models: permission denied: ensure path elements are traversable (status code: 500)
2026-04-08 03:08:27 - httpx - INFO - HTTP Request: POST http://127.0.0.1:11434/api/chat "HTTP/1.1 500 Internal Server Error"
2026-04-08 03:08:27 - root - WARNING - [WARN] Retry 2/3 for model magicoder:7b-s-cl: mkdir /home/sahand.moslemi/.ollama/models: permission denied: ensure path elements are traversable (status code: 500)
2026-04-08 03:08:32 - httpx - INFO - HTTP Request: POST http://127.0.0.1:11434/api/chat "HTTP/1.1 500 Internal Server Error"
2026-04-08 03:08:32 - root - WARNING - [WARN] Retry 2/3 for model magicoder:7b-s-cl: mkdir /home/sahand.moslemi/.ollama/models: permission denied: ensure path elements are traversable (status code: 500)
2026-04-08 03:08:37 - httpx - INFO - HTTP Request: POST http://127.0.0.1:11434/api/chat "HTTP/1.1 500 Internal Server Error"
2026-04-08 03:08:37 - root - WARNING - [WARN] Retry 2/3 for model magicoder:7b-s-cl: mkdir /home/sahand.moslemi/.ollama/models: permission denied: ensure path elements are traversable (status code: 500)
2026-04-08 03:08:42 - httpx - INFO - HTTP Request: POST http://127.0.0.1:11434/api/chat "HTTP/1.1 500 Internal Server Error"
2026-04-08 03:08:42 - root - WARNING - [WARN] Retry 2/3 for model magicoder:7b-s-cl: mkdir /home/sahand.moslemi/.ollama/models: permission denied: ensure path elements are traversable (status code: 500)
2026-04-08 03:08:47 - httpx - INFO - HTTP Request: POST http://127.0.0.1:11434/api/chat "HTTP/1.1 500 Internal Server Error"
2026-04-08 03:08:47 - root - WARNING - [WARN] Retry 2/3 for model magicoder:7b-s-cl: mkdir /home/sahand.moslemi/.ollama/models: permission denied: ensure path elements are traversable (status code: 500)
2026-04-08 03:08:52 - httpx - INFO - HTTP Request: POST http://127.0.0.1:11434/api/chat "HTTP/1.1 500 Internal Server Error"
2026-04-08 03:08:52 - root - WARNING - [WARN] Retry 2/3 for model magicoder:7b-s-cl: mkdir /home/sahand.moslemi/.ollama/models: permission denied: ensure path elements are traversable (status code: 500)
2026-04-08 03:08:57 - httpx - INFO - HTTP Request: POST http://127.0.0.1:11434/api/chat "HTTP/1.1 500 Internal Server Error"
2026-04-08 03:08:57 - root - WARNING - [WARN] Retry 2/3 for model magicoder:7b-s-cl: mkdir /home/sahand.moslemi/.ollama/models: permission denied: ensure path elements are traversable (status code: 500)
2026-04-08 03:09:02 - httpx - INFO - HTTP Request: POST http://127.0.0.1:11434/api/chat "HTTP/1.1 500 Internal Server Error"
2026-04-08 03:09:02 - root - WARNING - [WARN] Retry 2/3 for model magicoder:7b-s-cl: mkdir /home/sahand.moslemi/.ollama/models: permission denied: ensure path elements are traversable (status code: 500)
2026-04-08 03:09:07 - httpx - INFO - HTTP Request: POST http://127.0.0.1:11434/api/chat "HTTP/1.1 500 Internal Server Error"
2026-04-08 03:09:07 - root - WARNING - [WARN] Retry 2/3 for model magicoder:7b-s-cl: mkdir /home/sahand.moslemi/.ollama/models: permission denied: ensure path elements are traversable (status code: 500)
2026-04-08 03:09:12 - httpx - INFO - HTTP Request: POST http://127.0.0.1:11434/api/chat "HTTP/1.1 500 Internal Server Error"
2026-04-08 03:09:12 - root - WARNING - [WARN] Retry 2/3 for model magicoder:7b-s-cl: mkdir /home/sahand.moslemi/.ollama/models: permission denied: ensure path elements are traversable (status code: 500)
2026-04-08 03:09:17 - httpx - INFO - HTTP Request: POST http://127.0.0.1:11434/api/chat "HTTP/1.1 500 Internal Server Error"
2026-04-08 03:09:17 - root - WARNING - [WARN] Retry 2/3 for model magicoder:7b-s-cl: mkdir /home/sahand.moslemi/.ollama/models: permission denied: ensure path elements are traversable (status code: 500)
2026-04-08 03:09:22 - httpx - INFO - HTTP Request: POST http://127.0.0.1:11434/api/chat "HTTP/1.1 500 Internal Server Error"
2026-04-08 03:09:22 - root - WARNING - [WARN] Retry 2/3 for model magicoder:7b-s-cl: mkdir /home/sahand.moslemi/.ollama/models: permission denied: ensure path elements are traversable (status code: 500)
2026-04-08 03:09:27 - httpx - INFO - HTTP Request: POST http://127.0.0.1:11434/api/chat "HTTP/1.1 500 Internal Server Error"
2026-04-08 03:09:27 - root - WARNING - [WARN] Retry 2/3 for model magicoder:7b-s-cl: mkdir /home/sahand.moslemi/.ollama/models: permission denied: ensure path elements are traversable (status code: 500)
2026-04-08 03:09:32 - httpx - INFO - HTTP Request: POST http://127.0.0.1:11434/api/chat "HTTP/1.1 500 Internal Server Error"
2026-04-08 03:09:32 - root - WARNING - [WARN] Retry 2/3 for model magicoder:7b-s-cl: mkdir /home/sahand.moslemi/.ollama/models: permission denied: ensure path elements are traversable (status code: 500)
2026-04-08 03:09:37 - httpx - INFO - HTTP Request: POST http://127.0.0.1:11434/api/chat "HTTP/1.1 500 Internal Server Error"
2026-04-08 03:09:37 - root - WARNING - [WARN] Retry 2/3 for model magicoder:7b-s-cl: mkdir /home/sahand.moslemi/.ollama/models: permission denied: ensure path elements are traversable (status code: 500)
2026-04-08 03:09:42 - httpx - INFO - HTTP Request: POST http://127.0.0.1:11434/api/chat "HTTP/1.1 500 Internal Server Error"
2026-04-08 03:09:42 - root - WARNING - [WARN] Retry 2/3 for model magicoder:7b-s-cl: mkdir /home/sahand.moslemi/.ollama/models: permission denied: ensure path elements are traversable (status code: 500)
2026-04-08 03:09:47 - httpx - INFO - HTTP Request: POST http://127.0.0.1:11434/api/chat "HTTP/1.1 500 Internal Server Error"
2026-04-08 03:09:47 - root - WARNING - [WARN] Retry 2/3 for model magicoder:7b-s-cl: mkdir /home/sahand.moslemi/.ollama/models: permission denied: ensure path elements are traversable (status code: 500)
2026-04-08 03:09:52 - httpx - INFO - HTTP Request: POST http://127.0.0.1:11434/api/chat "HTTP/1.1 500 Internal Server Error"
2026-04-08 03:09:52 - root - WARNING - [WARN] Retry 2/3 for model magicoder:7b-s-cl: mkdir /home/sahand.moslemi/.ollama/models: permission denied: ensure path elements are traversable (status code: 500)
2026-04-08 03:09:57 - httpx - INFO - HTTP Request: POST http://127.0.0.1:11434/api/chat "HTTP/1.1 500 Internal Server Error"
2026-04-08 03:09:57 - root - WARNING - [WARN] Retry 2/3 for model magicoder:7b-s-cl: mkdir /home/sahand.moslemi/.ollama/models: permission denied: ensure path elements are traversable (status code: 500)
2026-04-08 03:10:02 - httpx - INFO - HTTP Request: POST http://127.0.0.1:11434/api/chat "HTTP/1.1 500 Internal Server Error"
2026-04-08 03:10:02 - root - WARNING - [WARN] Retry 2/3 for model magicoder:7b-s-cl: mkdir /home/sahand.moslemi/.ollama/models: permission denied: ensure path elements are traversable (status code: 500)
2026-04-08 03:10:07 - httpx - INFO - HTTP Request: POST http://127.0.0.1:11434/api/chat "HTTP/1.1 500 Internal Server Error"
2026-04-08 03:10:07 - root - WARNING - [WARN] Retry 2/3 for model magicoder:7b-s-cl: mkdir /home/sahand.moslemi/.ollama/models: permission denied: ensure path elements are traversable (status code: 500)
2026-04-08 03:10:12 - httpx - INFO - HTTP Request: POST http://127.0.0.1:11434/api/chat "HTTP/1.1 500 Internal Server Error"
2026-04-08 03:10:12 - root - WARNING - [WARN] Retry 2/3 for model magicoder:7b-s-cl: mkdir /home/sahand.moslemi/.ollama/models: permission denied: ensure path elements are traversable (status code: 500)
2026-04-08 03:10:17 - httpx - INFO - HTTP Request: POST http://127.0.0.1:11434/api/chat "HTTP/1.1 500 Internal Server Error"
2026-04-08 03:10:17 - root - WARNING - [WARN] Retry 2/3 for model magicoder:7b-s-cl: mkdir /home/sahand.moslemi/.ollama/models: permission denied: ensure path elements are traversable (status code: 500)
2026-04-08 03:10:22 - httpx - INFO - HTTP Request: POST http://127.0.0.1:11434/api/chat "HTTP/1.1 500 Internal Server Error"
2026-04-08 03:10:22 - root - WARNING - [WARN] Retry 2/3 for model magicoder:7b-s-cl: mkdir /home/sahand.moslemi/.ollama/models: permission denied: ensure path elements are traversable (status code: 500)
2026-04-08 03:10:27 - httpx - INFO - HTTP Request: POST http://127.0.0.1:11434/api/chat "HTTP/1.1 500 Internal Server Error"
2026-04-08 03:10:27 - root - WARNING - [WARN] Retry 2/3 for model magicoder:7b-s-cl: mkdir /home/sahand.moslemi/.ollama/models: permission denied: ensure path elements are traversable (status code: 500)
2026-04-08 03:10:32 - httpx - INFO - HTTP Request: POST http://127.0.0.1:11434/api/chat "HTTP/1.1 500 Internal Server Error"
2026-04-08 03:10:32 - root - WARNING - [WARN] Retry 2/3 for model magicoder:7b-s-cl: mkdir /home/sahand.moslemi/.ollama/models: permission denied: ensure path elements are traversable (status code: 500)
2026-04-08 03:10:37 - httpx - INFO - HTTP Request: POST http://127.0.0.1:11434/api/chat "HTTP/1.1 500 Internal Server Error"
2026-04-08 03:10:37 - root - WARNING - [WARN] Retry 2/3 for model magicoder:7b-s-cl: mkdir /home/sahand.moslemi/.ollama/models: permission denied: ensure path elements are traversable (status code: 500)
2026-04-08 03:10:42 - httpx - INFO - HTTP Request: POST http://127.0.0.1:11434/api/chat "HTTP/1.1 500 Internal Server Error"
2026-04-08 03:10:42 - root - WARNING - [WARN] Retry 2/3 for model magicoder:7b-s-cl: mkdir /home/sahand.moslemi/.ollama/models: permission denied: ensure path elements are traversable (status code: 500)
2026-04-08 03:10:47 - httpx - INFO - HTTP Request: POST http://127.0.0.1:11434/api/chat "HTTP/1.1 500 Internal Server Error"
2026-04-08 03:10:47 - root - WARNING - [WARN] Retry 2/3 for model magicoder:7b-s-cl: mkdir /home/sahand.moslemi/.ollama/models: permission denied: ensure path elements are traversable (status code: 500)
2026-04-08 03:10:52 - httpx - INFO - HTTP Request: POST http://127.0.0.1:11434/api/chat "HTTP/1.1 500 Internal Server Error"
2026-04-08 03:10:52 - root - WARNING - [WARN] Retry 2/3 for model magicoder:7b-s-cl: mkdir /home/sahand.moslemi/.ollama/models: permission denied: ensure path elements are traversable (status code: 500)
2026-04-08 03:10:57 - httpx - INFO - HTTP Request: POST http://127.0.0.1:11434/api/chat "HTTP/1.1 500 Internal Server Error"
2026-04-08 03:10:57 - root - WARNING - [WARN] Retry 2/3 for model magicoder:7b-s-cl: mkdir /home/sahand.moslemi/.ollama/models: permission denied: ensure path elements are traversable (status code: 500)
2026-04-08 03:11:02 - httpx - INFO - HTTP Request: POST http://127.0.0.1:11434/api/chat "HTTP/1.1 500 Internal Server Error"
2026-04-08 03:11:02 - root - WARNING - [WARN] Retry 2/3 for model magicoder:7b-s-cl: mkdir /home/sahand.moslemi/.ollama/models: permission denied: ensure path elements are traversable (status code: 500)
2026-04-08 03:11:07 - httpx - INFO - HTTP Request: POST http://127.0.0.1:11434/api/chat "HTTP/1.1 500 Internal Server Error"
2026-04-08 03:11:07 - root - WARNING - [WARN] Retry 2/3 for model magicoder:7b-s-cl: mkdir /home/sahand.moslemi/.ollama/models: permission denied: ensure path elements are traversable (status code: 500)
2026-04-08 03:11:12 - httpx - INFO - HTTP Request: POST http://127.0.0.1:11434/api/chat "HTTP/1.1 500 Internal Server Error"
2026-04-08 03:11:12 - root - WARNING - [WARN] Retry 2/3 for model magicoder:7b-s-cl: mkdir /home/sahand.moslemi/.ollama/models: permission denied: ensure path elements are traversable (status code: 500)
2026-04-08 03:11:17 - httpx - INFO - HTTP Request: POST http://127.0.0.1:11434/api/chat "HTTP/1.1 500 Internal Server Error"
2026-04-08 03:11:17 - root - WARNING - [WARN] Retry 2/3 for model magicoder:7b-s-cl: mkdir /home/sahand.moslemi/.ollama/models: permission denied: ensure path elements are traversable (status code: 500)
2026-04-08 03:11:22 - httpx - INFO - HTTP Request: POST http://127.0.0.1:11434/api/chat "HTTP/1.1 500 Internal Server Error"
2026-04-08 03:11:22 - root - WARNING - [WARN] Retry 2/3 for model magicoder:7b-s-cl: mkdir /home/sahand.moslemi/.ollama/models: permission denied: ensure path elements are traversable (status code: 500)
2026-04-08 03:11:27 - httpx - INFO - HTTP Request: POST http://127.0.0.1:11434/api/chat "HTTP/1.1 500 Internal Server Error"
2026-04-08 03:11:27 - root - WARNING - [WARN] Retry 2/3 for model magicoder:7b-s-cl: mkdir /home/sahand.moslemi/.ollama/models: permission denied: ensure path elements are traversable (status code: 500)
2026-04-08 03:11:32 - httpx - INFO - HTTP Request: POST http://127.0.0.1:11434/api/chat "HTTP/1.1 500 Internal Server Error"
2026-04-08 03:11:32 - root - WARNING - [WARN] Retry 2/3 for model magicoder:7b-s-cl: mkdir /home/sahand.moslemi/.ollama/models: permission denied: ensure path elements are traversable (status code: 500)
2026-04-08 03:11:37 - httpx - INFO - HTTP Request: POST http://127.0.0.1:11434/api/chat "HTTP/1.1 500 Internal Server Error"
2026-04-08 03:11:37 - root - WARNING - [WARN] Retry 2/3 for model magicoder:7b-s-cl: mkdir /home/sahand.moslemi/.ollama/models: permission denied: ensure path elements are traversable (status code: 500)
2026-04-08 03:11:42 - httpx - INFO - HTTP Request: POST http://127.0.0.1:11434/api/chat "HTTP/1.1 500 Internal Server Error"
2026-04-08 03:11:42 - root - WARNING - [WARN] Retry 2/3 for model magicoder:7b-s-cl: mkdir /home/sahand.moslemi/.ollama/models: permission denied: ensure path elements are traversable (status code: 500)
2026-04-08 03:11:47 - httpx - INFO - HTTP Request: POST http://127.0.0.1:11434/api/chat "HTTP/1.1 500 Internal Server Error"
2026-04-08 03:11:47 - root - WARNING - [WARN] Retry 2/3 for model magicoder:7b-s-cl: mkdir /home/sahand.moslemi/.ollama/models: permission denied: ensure path elements are traversable (status code: 500)
2026-04-08 03:11:52 - httpx - INFO - HTTP Request: POST http://127.0.0.1:11434/api/chat "HTTP/1.1 500 Internal Server Error"
2026-04-08 03:11:52 - root - WARNING - [WARN] Retry 2/3 for model magicoder:7b-s-cl: mkdir /home/sahand.moslemi/.ollama/models: permission denied: ensure path elements are traversable (status code: 500)
2026-04-08 03:11:57 - httpx - INFO - HTTP Request: POST http://127.0.0.1:11434/api/chat "HTTP/1.1 500 Internal Server Error"
2026-04-08 03:11:57 - root - WARNING - [WARN] Retry 2/3 for model magicoder:7b-s-cl: mkdir /home/sahand.moslemi/.ollama/models: permission denied: ensure path elements are traversable (status code: 500)
2026-04-08 03:12:02 - httpx - INFO - HTTP Request: POST http://127.0.0.1:11434/api/chat "HTTP/1.1 500 Internal Server Error"
2026-04-08 03:12:02 - root - WARNING - [WARN] Retry 2/3 for model magicoder:7b-s-cl: mkdir /home/sahand.moslemi/.ollama/models: permission denied: ensure path elements are traversable (status code: 500)
2026-04-08 03:12:07 - httpx - INFO - HTTP Request: POST http://127.0.0.1:11434/api/chat "HTTP/1.1 500 Internal Server Error"
2026-04-08 03:12:07 - root - WARNING - [WARN] Retry 2/3 for model magicoder:7b-s-cl: mkdir /home/sahand.moslemi/.ollama/models: permission denied: ensure path elements are traversable (status code: 500)
2026-04-08 03:12:12 - httpx - INFO - HTTP Request: POST http://127.0.0.1:11434/api/chat "HTTP/1.1 500 Internal Server Error"
2026-04-08 03:12:12 - root - WARNING - [WARN] Retry 2/3 for model magicoder:7b-s-cl: mkdir /home/sahand.moslemi/.ollama/models: permission denied: ensure path elements are traversable (status code: 500)
2026-04-08 03:12:17 - httpx - INFO - HTTP Request: POST http://127.0.0.1:11434/api/chat "HTTP/1.1 500 Internal Server Error"
2026-04-08 03:12:17 - root - WARNING - [WARN] Retry 2/3 for model magicoder:7b-s-cl: mkdir /home/sahand.moslemi/.ollama/models: permission denied: ensure path elements are traversable (status code: 500)
2026-04-08 03:12:22 - httpx - INFO - HTTP Request: POST http://127.0.0.1:11434/api/chat "HTTP/1.1 500 Internal Server Error"
2026-04-08 03:12:22 - root - WARNING - [WARN] Retry 2/3 for model magicoder:7b-s-cl: mkdir /home/sahand.moslemi/.ollama/models: permission denied: ensure path elements are traversable (status code: 500)
2026-04-08 03:12:27 - httpx - INFO - HTTP Request: POST http://127.0.0.1:11434/api/chat "HTTP/1.1 500 Internal Server Error"
2026-04-08 03:12:27 - root - WARNING - [WARN] Retry 2/3 for model magicoder:7b-s-cl: mkdir /home/sahand.moslemi/.ollama/models: permission denied: ensure path elements are traversable (status code: 500)
2026-04-08 03:12:32 - httpx - INFO - HTTP Request: POST http://127.0.0.1:11434/api/chat "HTTP/1.1 500 Internal Server Error"
2026-04-08 03:12:32 - root - WARNING - [WARN] Retry 2/3 for model magicoder:7b-s-cl: mkdir /home/sahand.moslemi/.ollama/models: permission denied: ensure path elements are traversable (status code: 500)
2026-04-08 03:12:37 - httpx - INFO - HTTP Request: POST http://127.0.0.1:11434/api/chat "HTTP/1.1 500 Internal Server Error"
2026-04-08 03:12:37 - root - WARNING - [WARN] Retry 2/3 for model magicoder:7b-s-cl: mkdir /home/sahand.moslemi/.ollama/models: permission denied: ensure path elements are traversable (status code: 500)
2026-04-08 03:12:42 - httpx - INFO - HTTP Request: POST http://127.0.0.1:11434/api/chat "HTTP/1.1 500 Internal Server Error"
2026-04-08 03:12:42 - root - WARNING - [WARN] Retry 2/3 for model magicoder:7b-s-cl: mkdir /home/sahand.moslemi/.ollama/models: permission denied: ensure path elements are traversable (status code: 500)
2026-04-08 03:12:47 - httpx - INFO - HTTP Request: POST http://127.0.0.1:11434/api/chat "HTTP/1.1 500 Internal Server Error"
2026-04-08 03:12:47 - root - WARNING - [WARN] Retry 2/3 for model magicoder:7b-s-cl: mkdir /home/sahand.moslemi/.ollama/models: permission denied: ensure path elements are traversable (status code: 500)
2026-04-08 03:12:52 - httpx - INFO - HTTP Request: POST http://127.0.0.1:11434/api/chat "HTTP/1.1 500 Internal Server Error"
2026-04-08 03:12:52 - root - WARNING - [WARN] Retry 2/3 for model magicoder:7b-s-cl: mkdir /home/sahand.moslemi/.ollama/models: permission denied: ensure path elements are traversable (status code: 500)
2026-04-08 03:12:57 - httpx - INFO - HTTP Request: POST http://127.0.0.1:11434/api/chat "HTTP/1.1 500 Internal Server Error"
2026-04-08 03:12:57 - root - WARNING - [WARN] Retry 2/3 for model magicoder:7b-s-cl: mkdir /home/sahand.moslemi/.ollama/models: permission denied: ensure path elements are traversable (status code: 500)
2026-04-08 03:13:02 - httpx - INFO - HTTP Request: POST http://127.0.0.1:11434/api/chat "HTTP/1.1 500 Internal Server Error"
2026-04-08 03:13:02 - root - WARNING - [WARN] Retry 2/3 for model magicoder:7b-s-cl: mkdir /home/sahand.moslemi/.ollama/models: permission denied: ensure path elements are traversable (status code: 500)
2026-04-08 03:13:07 - httpx - INFO - HTTP Request: POST http://127.0.0.1:11434/api/chat "HTTP/1.1 500 Internal Server Error"
2026-04-08 03:13:07 - root - WARNING - [WARN] Retry 2/3 for model magicoder:7b-s-cl: mkdir /home/sahand.moslemi/.ollama/models: permission denied: ensure path elements are traversable (status code: 500)
2026-04-08 03:13:12 - httpx - INFO - HTTP Request: POST http://127.0.0.1:11434/api/chat "HTTP/1.1 500 Internal Server Error"
2026-04-08 03:13:12 - root - WARNING - [WARN] Retry 2/3 for model magicoder:7b-s-cl: mkdir /home/sahand.moslemi/.ollama/models: permission denied: ensure path elements are traversable (status code: 500)
2026-04-08 03:13:18 - httpx - INFO - HTTP Request: POST http://127.0.0.1:11434/api/chat "HTTP/1.1 500 Internal Server Error"
2026-04-08 03:13:18 - root - WARNING - [WARN] Retry 2/3 for model magicoder:7b-s-cl: mkdir /home/sahand.moslemi/.ollama/models: permission denied: ensure path elements are traversable (status code: 500)
2026-04-08 03:13:23 - httpx - INFO - HTTP Request: POST http://127.0.0.1:11434/api/chat "HTTP/1.1 500 Internal Server Error"
2026-04-08 03:13:23 - root - WARNING - [WARN] Retry 2/3 for model magicoder:7b-s-cl: mkdir /home/sahand.moslemi/.ollama/models: permission denied: ensure path elements are traversable (status code: 500)
2026-04-08 03:13:28 - httpx - INFO - HTTP Request: POST http://127.0.0.1:11434/api/chat "HTTP/1.1 500 Internal Server Error"
2026-04-08 03:13:28 - root - WARNING - [WARN] Retry 2/3 for model magicoder:7b-s-cl: mkdir /home/sahand.moslemi/.ollama/models: permission denied: ensure path elements are traversable (status code: 500)
2026-04-08 03:13:33 - httpx - INFO - HTTP Request: POST http://127.0.0.1:11434/api/chat "HTTP/1.1 500 Internal Server Error"
2026-04-08 03:13:33 - root - WARNING - [WARN] Retry 2/3 for model magicoder:7b-s-cl: mkdir /home/sahand.moslemi/.ollama/models: permission denied: ensure path elements are traversable (status code: 500)
2026-04-08 03:13:38 - httpx - INFO - HTTP Request: POST http://127.0.0.1:11434/api/chat "HTTP/1.1 500 Internal Server Error"
2026-04-08 03:13:38 - root - WARNING - [WARN] Retry 2/3 for model magicoder:7b-s-cl: mkdir /home/sahand.moslemi/.ollama/models: permission denied: ensure path elements are traversable (status code: 500)
2026-04-08 03:13:43 - httpx - INFO - HTTP Request: POST http://127.0.0.1:11434/api/chat "HTTP/1.1 500 Internal Server Error"
2026-04-08 03:13:43 - root - WARNING - [WARN] Retry 2/3 for model magicoder:7b-s-cl: mkdir /home/sahand.moslemi/.ollama/models: permission denied: ensure path elements are traversable (status code: 500)
2026-04-08 03:13:48 - httpx - INFO - HTTP Request: POST http://127.0.0.1:11434/api/chat "HTTP/1.1 500 Internal Server Error"
2026-04-08 03:13:48 - root - WARNING - [WARN] Retry 2/3 for model magicoder:7b-s-cl: mkdir /home/sahand.moslemi/.ollama/models: permission denied: ensure path elements are traversable (status code: 500)
2026-04-08 03:13:53 - httpx - INFO - HTTP Request: POST http://127.0.0.1:11434/api/chat "HTTP/1.1 500 Internal Server Error"
2026-04-08 03:13:53 - root - WARNING - [WARN] Retry 2/3 for model magicoder:7b-s-cl: mkdir /home/sahand.moslemi/.ollama/models: permission denied: ensure path elements are traversable (status code: 500)
2026-04-08 03:13:58 - httpx - INFO - HTTP Request: POST http://127.0.0.1:11434/api/chat "HTTP/1.1 500 Internal Server Error"
2026-04-08 03:13:58 - root - WARNING - [WARN] Retry 2/3 for model magicoder:7b-s-cl: mkdir /home/sahand.moslemi/.ollama/models: permission denied: ensure path elements are traversable (status code: 500)
2026-04-08 03:14:03 - httpx - INFO - HTTP Request: POST http://127.0.0.1:11434/api/chat "HTTP/1.1 500 Internal Server Error"
2026-04-08 03:14:03 - root - WARNING - [WARN] Retry 2/3 for model magicoder:7b-s-cl: mkdir /home/sahand.moslemi/.ollama/models: permission denied: ensure path elements are traversable (status code: 500)
2026-04-08 03:14:08 - httpx - INFO - HTTP Request: POST http://127.0.0.1:11434/api/chat "HTTP/1.1 500 Internal Server Error"
2026-04-08 03:14:08 - root - WARNING - [WARN] Retry 2/3 for model magicoder:7b-s-cl: mkdir /home/sahand.moslemi/.ollama/models: permission denied: ensure path elements are traversable (status code: 500)
2026-04-08 03:14:13 - httpx - INFO - HTTP Request: POST http://127.0.0.1:11434/api/chat "HTTP/1.1 500 Internal Server Error"
2026-04-08 03:14:13 - root - WARNING - [WARN] Retry 2/3 for model magicoder:7b-s-cl: mkdir /home/sahand.moslemi/.ollama/models: permission denied: ensure path elements are traversable (status code: 500)
2026-04-08 03:14:18 - httpx - INFO - HTTP Request: POST http://127.0.0.1:11434/api/chat "HTTP/1.1 500 Internal Server Error"
2026-04-08 03:14:18 - root - WARNING - [WARN] Retry 2/3 for model magicoder:7b-s-cl: mkdir /home/sahand.moslemi/.ollama/models: permission denied: ensure path elements are traversable (status code: 500)
2026-04-08 03:14:23 - httpx - INFO - HTTP Request: POST http://127.0.0.1:11434/api/chat "HTTP/1.1 500 Internal Server Error"
2026-04-08 03:14:23 - root - WARNING - [WARN] Retry 2/3 for model magicoder:7b-s-cl: mkdir /home/sahand.moslemi/.ollama/models: permission denied: ensure path elements are traversable (status code: 500)
2026-04-08 03:14:28 - httpx - INFO - HTTP Request: POST http://127.0.0.1:11434/api/chat "HTTP/1.1 500 Internal Server Error"
2026-04-08 03:14:28 - root - WARNING - [WARN] Retry 2/3 for model magicoder:7b-s-cl: mkdir /home/sahand.moslemi/.ollama/models: permission denied: ensure path elements are traversable (status code: 500)
2026-04-08 03:14:33 - httpx - INFO - HTTP Request: POST http://127.0.0.1:11434/api/chat "HTTP/1.1 500 Internal Server Error"
2026-04-08 03:14:33 - root - WARNING - [WARN] Retry 2/3 for model magicoder:7b-s-cl: mkdir /home/sahand.moslemi/.ollama/models: permission denied: ensure path elements are traversable (status code: 500)
2026-04-08 03:14:38 - httpx - INFO - HTTP Request: POST http://127.0.0.1:11434/api/chat "HTTP/1.1 500 Internal Server Error"
2026-04-08 03:14:38 - root - WARNING - [WARN] Retry 2/3 for model magicoder:7b-s-cl: mkdir /home/sahand.moslemi/.ollama/models: permission denied: ensure path elements are traversable (status code: 500)
2026-04-08 03:14:43 - httpx - INFO - HTTP Request: POST http://127.0.0.1:11434/api/chat "HTTP/1.1 500 Internal Server Error"
2026-04-08 03:14:43 - root - WARNING - [WARN] Retry 2/3 for model magicoder:7b-s-cl: mkdir /home/sahand.moslemi/.ollama/models: permission denied: ensure path elements are traversable (status code: 500)
2026-04-08 03:14:48 - httpx - INFO - HTTP Request: POST http://127.0.0.1:11434/api/chat "HTTP/1.1 500 Internal Server Error"
2026-04-08 03:14:48 - root - WARNING - [WARN] Retry 2/3 for model magicoder:7b-s-cl: mkdir /home/sahand.moslemi/.ollama/models: permission denied: ensure path elements are traversable (status code: 500)
2026-04-08 03:14:53 - httpx - INFO - HTTP Request: POST http://127.0.0.1:11434/api/chat "HTTP/1.1 500 Internal Server Error"
2026-04-08 03:14:53 - root - WARNING - [WARN] Retry 2/3 for model magicoder:7b-s-cl: mkdir /home/sahand.moslemi/.ollama/models: permission denied: ensure path elements are traversable (status code: 500)
2026-04-08 03:14:58 - httpx - INFO - HTTP Request: POST http://127.0.0.1:11434/api/chat "HTTP/1.1 500 Internal Server Error"
2026-04-08 03:14:58 - root - WARNING - [WARN] Retry 2/3 for model magicoder:7b-s-cl: mkdir /home/sahand.moslemi/.ollama/models: permission denied: ensure path elements are traversable (status code: 500)
2026-04-08 03:15:03 - httpx - INFO - HTTP Request: POST http://127.0.0.1:11434/api/chat "HTTP/1.1 500 Internal Server Error"
2026-04-08 03:15:03 - root - WARNING - [WARN] Retry 2/3 for model magicoder:7b-s-cl: mkdir /home/sahand.moslemi/.ollama/models: permission denied: ensure path elements are traversable (status code: 500)
2026-04-08 03:15:08 - httpx - INFO - HTTP Request: POST http://127.0.0.1:11434/api/chat "HTTP/1.1 500 Internal Server Error"
2026-04-08 03:15:08 - root - WARNING - [WARN] Retry 2/3 for model magicoder:7b-s-cl: mkdir /home/sahand.moslemi/.ollama/models: permission denied: ensure path elements are traversable (status code: 500)
2026-04-08 03:15:13 - httpx - INFO - HTTP Request: POST http://127.0.0.1:11434/api/chat "HTTP/1.1 500 Internal Server Error"
2026-04-08 03:15:13 - root - WARNING - [WARN] Retry 2/3 for model magicoder:7b-s-cl: mkdir /home/sahand.moslemi/.ollama/models: permission denied: ensure path elements are traversable (status code: 500)
2026-04-08 03:15:18 - httpx - INFO - HTTP Request: POST http://127.0.0.1:11434/api/chat "HTTP/1.1 500 Internal Server Error"
2026-04-08 03:15:18 - root - WARNING - [WARN] Retry 2/3 for model magicoder:7b-s-cl: mkdir /home/sahand.moslemi/.ollama/models: permission denied: ensure path elements are traversable (status code: 500)
2026-04-08 03:15:23 - httpx - INFO - HTTP Request: POST http://127.0.0.1:11434/api/chat "HTTP/1.1 500 Internal Server Error"
2026-04-08 03:15:23 - root - WARNING - [WARN] Retry 2/3 for model magicoder:7b-s-cl: mkdir /home/sahand.moslemi/.ollama/models: permission denied: ensure path elements are traversable (status code: 500)
2026-04-08 03:15:28 - httpx - INFO - HTTP Request: POST http://127.0.0.1:11434/api/chat "HTTP/1.1 500 Internal Server Error"
2026-04-08 03:15:28 - root - WARNING - [WARN] Retry 2/3 for model magicoder:7b-s-cl: mkdir /home/sahand.moslemi/.ollama/models: permission denied: ensure path elements are traversable (status code: 500)
2026-04-08 03:15:33 - httpx - INFO - HTTP Request: POST http://127.0.0.1:11434/api/chat "HTTP/1.1 500 Internal Server Error"
2026-04-08 03:15:33 - root - WARNING - [WARN] Retry 2/3 for model magicoder:7b-s-cl: mkdir /home/sahand.moslemi/.ollama/models: permission denied: ensure path elements are traversable (status code: 500)
2026-04-08 03:15:38 - httpx - INFO - HTTP Request: POST http://127.0.0.1:11434/api/chat "HTTP/1.1 500 Internal Server Error"
2026-04-08 03:15:38 - root - WARNING - [WARN] Retry 2/3 for model magicoder:7b-s-cl: mkdir /home/sahand.moslemi/.ollama/models: permission denied: ensure path elements are traversable (status code: 500)
2026-04-08 03:15:43 - httpx - INFO - HTTP Request: POST http://127.0.0.1:11434/api/chat "HTTP/1.1 500 Internal Server Error"
2026-04-08 03:15:43 - root - WARNING - [WARN] Retry 2/3 for model magicoder:7b-s-cl: mkdir /home/sahand.moslemi/.ollama/models: permission denied: ensure path elements are traversable (status code: 500)
2026-04-08 03:15:48 - httpx - INFO - HTTP Request: POST http://127.0.0.1:11434/api/chat "HTTP/1.1 500 Internal Server Error"
2026-04-08 03:15:48 - root - WARNING - [WARN] Retry 2/3 for model magicoder:7b-s-cl: mkdir /home/sahand.moslemi/.ollama/models: permission denied: ensure path elements are traversable (status code: 500)
2026-04-08 03:15:53 - httpx - INFO - HTTP Request: POST http://127.0.0.1:11434/api/chat "HTTP/1.1 500 Internal Server Error"
2026-04-08 03:15:53 - root - WARNING - [WARN] Retry 2/3 for model magicoder:7b-s-cl: mkdir /home/sahand.moslemi/.ollama/models: permission denied: ensure path elements are traversable (status code: 500)
2026-04-08 03:15:58 - httpx - INFO - HTTP Request: POST http://127.0.0.1:11434/api/chat "HTTP/1.1 500 Internal Server Error"
2026-04-08 03:15:58 - root - WARNING - [WARN] Retry 2/3 for model magicoder:7b-s-cl: mkdir /home/sahand.moslemi/.ollama/models: permission denied: ensure path elements are traversable (status code: 500)
2026-04-08 03:16:03 - httpx - INFO - HTTP Request: POST http://127.0.0.1:11434/api/chat "HTTP/1.1 500 Internal Server Error"
2026-04-08 03:16:03 - root - WARNING - [WARN] Retry 2/3 for model magicoder:7b-s-cl: mkdir /home/sahand.moslemi/.ollama/models: permission denied: ensure path elements are traversable (status code: 500)
2026-04-08 03:16:08 - httpx - INFO - HTTP Request: POST http://127.0.0.1:11434/api/chat "HTTP/1.1 500 Internal Server Error"
2026-04-08 03:16:08 - root - WARNING - [WARN] Retry 2/3 for model magicoder:7b-s-cl: mkdir /home/sahand.moslemi/.ollama/models: permission denied: ensure path elements are traversable (status code: 500)
2026-04-08 03:16:13 - httpx - INFO - HTTP Request: POST http://127.0.0.1:11434/api/chat "HTTP/1.1 500 Internal Server Error"
2026-04-08 03:16:13 - root - WARNING - [WARN] Retry 2/3 for model magicoder:7b-s-cl: mkdir /home/sahand.moslemi/.ollama/models: permission denied: ensure path elements are traversable (status code: 500)
2026-04-08 03:16:18 - httpx - INFO - HTTP Request: POST http://127.0.0.1:11434/api/chat "HTTP/1.1 500 Internal Server Error"
2026-04-08 03:16:18 - root - WARNING - [WARN] Retry 2/3 for model magicoder:7b-s-cl: mkdir /home/sahand.moslemi/.ollama/models: permission denied: ensure path elements are traversable (status code: 500)
2026-04-08 03:16:23 - httpx - INFO - HTTP Request: POST http://127.0.0.1:11434/api/chat "HTTP/1.1 500 Internal Server Error"
2026-04-08 03:16:23 - root - WARNING - [WARN] Retry 2/3 for model magicoder:7b-s-cl: mkdir /home/sahand.moslemi/.ollama/models: permission denied: ensure path elements are traversable (status code: 500)
2026-04-08 03:16:28 - httpx - INFO - HTTP Request: POST http://127.0.0.1:11434/api/chat "HTTP/1.1 500 Internal Server Error"
2026-04-08 03:16:28 - root - WARNING - [WARN] Retry 2/3 for model magicoder:7b-s-cl: mkdir /home/sahand.moslemi/.ollama/models: permission denied: ensure path elements are traversable (status code: 500)
2026-04-08 03:16:33 - httpx - INFO - HTTP Request: POST http://127.0.0.1:11434/api/chat "HTTP/1.1 500 Internal Server Error"
2026-04-08 03:16:33 - root - WARNING - [WARN] Retry 2/3 for model magicoder:7b-s-cl: mkdir /home/sahand.moslemi/.ollama/models: permission denied: ensure path elements are traversable (status code: 500)
2026-04-08 03:16:38 - httpx - INFO - HTTP Request: POST http://127.0.0.1:11434/api/chat "HTTP/1.1 500 Internal Server Error"
2026-04-08 03:16:38 - root - WARNING - [WARN] Retry 2/3 for model magicoder:7b-s-cl: mkdir /home/sahand.moslemi/.ollama/models: permission denied: ensure path elements are traversable (status code: 500)
2026-04-08 03:16:43 - httpx - INFO - HTTP Request: POST http://127.0.0.1:11434/api/chat "HTTP/1.1 500 Internal Server Error"
2026-04-08 03:16:43 - root - WARNING - [WARN] Retry 2/3 for model magicoder:7b-s-cl: mkdir /home/sahand.moslemi/.ollama/models: permission denied: ensure path elements are traversable (status code: 500)
2026-04-08 03:16:48 - httpx - INFO - HTTP Request: POST http://127.0.0.1:11434/api/chat "HTTP/1.1 500 Internal Server Error"
2026-04-08 03:16:48 - root - WARNING - [WARN] Retry 2/3 for model magicoder:7b-s-cl: mkdir /home/sahand.moslemi/.ollama/models: permission denied: ensure path elements are traversable (status code: 500)
2026-04-08 03:16:53 - httpx - INFO - HTTP Request: POST http://127.0.0.1:11434/api/chat "HTTP/1.1 500 Internal Server Error"
2026-04-08 03:16:53 - root - WARNING - [WARN] Retry 2/3 for model magicoder:7b-s-cl: mkdir /home/sahand.moslemi/.ollama/models: permission denied: ensure path elements are traversable (status code: 500)
2026-04-08 03:16:58 - httpx - INFO - HTTP Request: POST http://127.0.0.1:11434/api/chat "HTTP/1.1 500 Internal Server Error"
2026-04-08 03:16:58 - root - WARNING - [WARN] Retry 2/3 for model magicoder:7b-s-cl: mkdir /home/sahand.moslemi/.ollama/models: permission denied: ensure path elements are traversable (status code: 500)
2026-04-08 03:17:03 - httpx - INFO - HTTP Request: POST http://127.0.0.1:11434/api/chat "HTTP/1.1 500 Internal Server Error"
2026-04-08 03:17:03 - root - WARNING - [WARN] Retry 2/3 for model magicoder:7b-s-cl: mkdir /home/sahand.moslemi/.ollama/models: permission denied: ensure path elements are traversable (status code: 500)
2026-04-08 03:17:08 - httpx - INFO - HTTP Request: POST http://127.0.0.1:11434/api/chat "HTTP/1.1 500 Internal Server Error"
2026-04-08 03:17:08 - root - WARNING - [WARN] Retry 2/3 for model magicoder:7b-s-cl: mkdir /home/sahand.moslemi/.ollama/models: permission denied: ensure path elements are traversable (status code: 500)
2026-04-08 03:17:13 - httpx - INFO - HTTP Request: POST http://127.0.0.1:11434/api/chat "HTTP/1.1 500 Internal Server Error"
2026-04-08 03:17:13 - root - WARNING - [WARN] Retry 2/3 for model magicoder:7b-s-cl: mkdir /home/sahand.moslemi/.ollama/models: permission denied: ensure path elements are traversable (status code: 500)
2026-04-08 03:17:18 - httpx - INFO - HTTP Request: POST http://127.0.0.1:11434/api/chat "HTTP/1.1 500 Internal Server Error"
2026-04-08 03:17:18 - root - WARNING - [WARN] Retry 2/3 for model magicoder:7b-s-cl: mkdir /home/sahand.moslemi/.ollama/models: permission denied: ensure path elements are traversable (status code: 500)
2026-04-08 03:17:23 - httpx - INFO - HTTP Request: POST http://127.0.0.1:11434/api/chat "HTTP/1.1 500 Internal Server Error"
2026-04-08 03:17:23 - root - WARNING - [WARN] Retry 2/3 for model magicoder:7b-s-cl: mkdir /home/sahand.moslemi/.ollama/models: permission denied: ensure path elements are traversable (status code: 500)
2026-04-08 03:17:28 - httpx - INFO - HTTP Request: POST http://127.0.0.1:11434/api/chat "HTTP/1.1 500 Internal Server Error"
2026-04-08 03:17:28 - root - WARNING - [WARN] Retry 2/3 for model magicoder:7b-s-cl: mkdir /home/sahand.moslemi/.ollama/models: permission denied: ensure path elements are traversable (status code: 500)
2026-04-08 03:17:33 - httpx - INFO - HTTP Request: POST http://127.0.0.1:11434/api/chat "HTTP/1.1 500 Internal Server Error"
2026-04-08 03:17:33 - root - WARNING - [WARN] Retry 2/3 for model magicoder:7b-s-cl: mkdir /home/sahand.moslemi/.ollama/models: permission denied: ensure path elements are traversable (status code: 500)
2026-04-08 03:17:38 - httpx - INFO - HTTP Request: POST http://127.0.0.1:11434/api/chat "HTTP/1.1 500 Internal Server Error"
2026-04-08 03:17:38 - root - WARNING - [WARN] Retry 2/3 for model magicoder:7b-s-cl: mkdir /home/sahand.moslemi/.ollama/models: permission denied: ensure path elements are traversable (status code: 500)
2026-04-08 03:17:43 - httpx - INFO - HTTP Request: POST http://127.0.0.1:11434/api/chat "HTTP/1.1 500 Internal Server Error"
2026-04-08 03:17:43 - root - WARNING - [WARN] Retry 2/3 for model magicoder:7b-s-cl: mkdir /home/sahand.moslemi/.ollama/models: permission denied: ensure path elements are traversable (status code: 500)
2026-04-08 03:17:48 - httpx - INFO - HTTP Request: POST http://127.0.0.1:11434/api/chat "HTTP/1.1 500 Internal Server Error"
2026-04-08 03:17:48 - root - WARNING - [WARN] Retry 2/3 for model magicoder:7b-s-cl: mkdir /home/sahand.moslemi/.ollama/models: permission denied: ensure path elements are traversable (status code: 500)
2026-04-08 03:17:53 - httpx - INFO - HTTP Request: POST http://127.0.0.1:11434/api/chat "HTTP/1.1 500 Internal Server Error"
2026-04-08 03:17:53 - root - WARNING - [WARN] Retry 2/3 for model magicoder:7b-s-cl: mkdir /home/sahand.moslemi/.ollama/models: permission denied: ensure path elements are traversable (status code: 500)
2026-04-08 03:17:58 - httpx - INFO - HTTP Request: POST http://127.0.0.1:11434/api/chat "HTTP/1.1 500 Internal Server Error"
2026-04-08 03:17:58 - root - WARNING - [WARN] Retry 2/3 for model magicoder:7b-s-cl: mkdir /home/sahand.moslemi/.ollama/models: permission denied: ensure path elements are traversable (status code: 500)
2026-04-08 03:18:03 - httpx - INFO - HTTP Request: POST http://127.0.0.1:11434/api/chat "HTTP/1.1 500 Internal Server Error"
2026-04-08 03:18:03 - root - WARNING - [WARN] Retry 2/3 for model magicoder:7b-s-cl: mkdir /home/sahand.moslemi/.ollama/models: permission denied: ensure path elements are traversable (status code: 500)
2026-04-08 03:18:08 - httpx - INFO - HTTP Request: POST http://127.0.0.1:11434/api/chat "HTTP/1.1 500 Internal Server Error"
2026-04-08 03:18:08 - root - WARNING - [WARN] Retry 2/3 for model magicoder:7b-s-cl: mkdir /home/sahand.moslemi/.ollama/models: permission denied: ensure path elements are traversable (status code: 500)
2026-04-08 03:18:13 - httpx - INFO - HTTP Request: POST http://127.0.0.1:11434/api/chat "HTTP/1.1 500 Internal Server Error"
2026-04-08 03:18:13 - root - WARNING - [WARN] Retry 2/3 for model magicoder:7b-s-cl: mkdir /home/sahand.moslemi/.ollama/models: permission denied: ensure path elements are traversable (status code: 500)
2026-04-08 03:18:18 - httpx - INFO - HTTP Request: POST http://127.0.0.1:11434/api/chat "HTTP/1.1 500 Internal Server Error"
2026-04-08 03:18:18 - root - WARNING - [WARN] Retry 2/3 for model magicoder:7b-s-cl: mkdir /home/sahand.moslemi/.ollama/models: permission denied: ensure path elements are traversable (status code: 500)
2026-04-08 03:18:24 - httpx - INFO - HTTP Request: POST http://127.0.0.1:11434/api/chat "HTTP/1.1 500 Internal Server Error"
2026-04-08 03:18:24 - root - WARNING - [WARN] Retry 2/3 for model magicoder:7b-s-cl: mkdir /home/sahand.moslemi/.ollama/models: permission denied: ensure path elements are traversable (status code: 500)
2026-04-08 03:18:29 - httpx - INFO - HTTP Request: POST http://127.0.0.1:11434/api/chat "HTTP/1.1 500 Internal Server Error"
2026-04-08 03:18:29 - root - WARNING - [WARN] Retry 2/3 for model magicoder:7b-s-cl: mkdir /home/sahand.moslemi/.ollama/models: permission denied: ensure path elements are traversable (status code: 500)
2026-04-08 03:18:34 - httpx - INFO - HTTP Request: POST http://127.0.0.1:11434/api/chat "HTTP/1.1 500 Internal Server Error"
2026-04-08 03:18:34 - root - WARNING - [WARN] Retry 2/3 for model magicoder:7b-s-cl: mkdir /home/sahand.moslemi/.ollama/models: permission denied: ensure path elements are traversable (status code: 500)
2026-04-08 03:18:39 - httpx - INFO - HTTP Request: POST http://127.0.0.1:11434/api/chat "HTTP/1.1 500 Internal Server Error"
2026-04-08 03:18:39 - root - WARNING - [WARN] Retry 2/3 for model magicoder:7b-s-cl: mkdir /home/sahand.moslemi/.ollama/models: permission denied: ensure path elements are traversable (status code: 500)
2026-04-08 03:18:44 - httpx - INFO - HTTP Request: POST http://127.0.0.1:11434/api/chat "HTTP/1.1 500 Internal Server Error"
2026-04-08 03:18:44 - root - WARNING - [WARN] Retry 2/3 for model magicoder:7b-s-cl: mkdir /home/sahand.moslemi/.ollama/models: permission denied: ensure path elements are traversable (status code: 500)
2026-04-08 03:18:49 - httpx - INFO - HTTP Request: POST http://127.0.0.1:11434/api/chat "HTTP/1.1 500 Internal Server Error"
2026-04-08 03:18:49 - root - WARNING - [WARN] Retry 2/3 for model magicoder:7b-s-cl: mkdir /home/sahand.moslemi/.ollama/models: permission denied: ensure path elements are traversable (status code: 500)
2026-04-08 03:18:54 - httpx - INFO - HTTP Request: POST http://127.0.0.1:11434/api/chat "HTTP/1.1 500 Internal Server Error"
2026-04-08 03:18:54 - root - WARNING - [WARN] Retry 2/3 for model magicoder:7b-s-cl: mkdir /home/sahand.moslemi/.ollama/models: permission denied: ensure path elements are traversable (status code: 500)
2026-04-08 03:18:59 - httpx - INFO - HTTP Request: POST http://127.0.0.1:11434/api/chat "HTTP/1.1 500 Internal Server Error"
2026-04-08 03:18:59 - root - WARNING - [WARN] Retry 2/3 for model magicoder:7b-s-cl: mkdir /home/sahand.moslemi/.ollama/models: permission denied: ensure path elements are traversable (status code: 500)
2026-04-08 03:19:04 - httpx - INFO - HTTP Request: POST http://127.0.0.1:11434/api/chat "HTTP/1.1 500 Internal Server Error"
2026-04-08 03:19:04 - root - WARNING - [WARN] Retry 2/3 for model magicoder:7b-s-cl: mkdir /home/sahand.moslemi/.ollama/models: permission denied: ensure path elements are traversable (status code: 500)
2026-04-08 03:19:09 - httpx - INFO - HTTP Request: POST http://127.0.0.1:11434/api/chat "HTTP/1.1 500 Internal Server Error"
2026-04-08 03:19:09 - root - WARNING - [WARN] Retry 2/3 for model magicoder:7b-s-cl: mkdir /home/sahand.moslemi/.ollama/models: permission denied: ensure path elements are traversable (status code: 500)
2026-04-08 03:19:14 - httpx - INFO - HTTP Request: POST http://127.0.0.1:11434/api/chat "HTTP/1.1 500 Internal Server Error"
2026-04-08 03:19:14 - root - WARNING - [WARN] Retry 2/3 for model magicoder:7b-s-cl: mkdir /home/sahand.moslemi/.ollama/models: permission denied: ensure path elements are traversable (status code: 500)
2026-04-08 03:19:19 - httpx - INFO - HTTP Request: POST http://127.0.0.1:11434/api/chat "HTTP/1.1 500 Internal Server Error"
2026-04-08 03:19:19 - root - WARNING - [WARN] Retry 2/3 for model magicoder:7b-s-cl: mkdir /home/sahand.moslemi/.ollama/models: permission denied: ensure path elements are traversable (status code: 500)
2026-04-08 03:19:24 - httpx - INFO - HTTP Request: POST http://127.0.0.1:11434/api/chat "HTTP/1.1 500 Internal Server Error"
2026-04-08 03:19:24 - root - WARNING - [WARN] Retry 2/3 for model magicoder:7b-s-cl: mkdir /home/sahand.moslemi/.ollama/models: permission denied: ensure path elements are traversable (status code: 500)
2026-04-08 03:19:29 - httpx - INFO - HTTP Request: POST http://127.0.0.1:11434/api/chat "HTTP/1.1 500 Internal Server Error"
2026-04-08 03:19:29 - root - WARNING - [WARN] Retry 2/3 for model magicoder:7b-s-cl: mkdir /home/sahand.moslemi/.ollama/models: permission denied: ensure path elements are traversable (status code: 500)
2026-04-08 03:19:34 - httpx - INFO - HTTP Request: POST http://127.0.0.1:11434/api/chat "HTTP/1.1 500 Internal Server Error"
2026-04-08 03:19:34 - root - WARNING - [WARN] Retry 2/3 for model magicoder:7b-s-cl: mkdir /home/sahand.moslemi/.ollama/models: permission denied: ensure path elements are traversable (status code: 500)
2026-04-08 03:19:39 - httpx - INFO - HTTP Request: POST http://127.0.0.1:11434/api/chat "HTTP/1.1 500 Internal Server Error"
2026-04-08 03:19:39 - root - WARNING - [WARN] Retry 2/3 for model magicoder:7b-s-cl: mkdir /home/sahand.moslemi/.ollama/models: permission denied: ensure path elements are traversable (status code: 500)
2026-04-08 03:19:44 - httpx - INFO - HTTP Request: POST http://127.0.0.1:11434/api/chat "HTTP/1.1 500 Internal Server Error"
2026-04-08 03:19:44 - root - WARNING - [WARN] Retry 2/3 for model magicoder:7b-s-cl: mkdir /home/sahand.moslemi/.ollama/models: permission denied: ensure path elements are traversable (status code: 500)
2026-04-08 03:19:49 - httpx - INFO - HTTP Request: POST http://127.0.0.1:11434/api/chat "HTTP/1.1 500 Internal Server Error"
2026-04-08 03:19:49 - root - WARNING - [WARN] Retry 2/3 for model magicoder:7b-s-cl: mkdir /home/sahand.moslemi/.ollama/models: permission denied: ensure path elements are traversable (status code: 500)
2026-04-08 03:19:54 - httpx - INFO - HTTP Request: POST http://127.0.0.1:11434/api/chat "HTTP/1.1 500 Internal Server Error"
2026-04-08 03:19:54 - root - WARNING - [WARN] Retry 2/3 for model magicoder:7b-s-cl: mkdir /home/sahand.moslemi/.ollama/models: permission denied: ensure path elements are traversable (status code: 500)
2026-04-08 03:19:59 - httpx - INFO - HTTP Request: POST http://127.0.0.1:11434/api/chat "HTTP/1.1 500 Internal Server Error"
2026-04-08 03:19:59 - root - WARNING - [WARN] Retry 2/3 for model magicoder:7b-s-cl: mkdir /home/sahand.moslemi/.ollama/models: permission denied: ensure path elements are traversable (status code: 500)
2026-04-08 03:20:04 - httpx - INFO - HTTP Request: POST http://127.0.0.1:11434/api/chat "HTTP/1.1 500 Internal Server Error"
2026-04-08 03:20:04 - root - WARNING - [WARN] Retry 2/3 for model magicoder:7b-s-cl: mkdir /home/sahand.moslemi/.ollama/models: permission denied: ensure path elements are traversable (status code: 500)
2026-04-08 03:20:09 - httpx - INFO - HTTP Request: POST http://127.0.0.1:11434/api/chat "HTTP/1.1 500 Internal Server Error"
2026-04-08 03:20:09 - root - WARNING - [WARN] Retry 2/3 for model magicoder:7b-s-cl: mkdir /home/sahand.moslemi/.ollama/models: permission denied: ensure path elements are traversable (status code: 500)
2026-04-08 03:20:14 - httpx - INFO - HTTP Request: POST http://127.0.0.1:11434/api/chat "HTTP/1.1 500 Internal Server Error"
2026-04-08 03:20:14 - root - WARNING - [WARN] Retry 2/3 for model magicoder:7b-s-cl: mkdir /home/sahand.moslemi/.ollama/models: permission denied: ensure path elements are traversable (status code: 500)
2026-04-08 03:20:19 - httpx - INFO - HTTP Request: POST http://127.0.0.1:11434/api/chat "HTTP/1.1 500 Internal Server Error"
2026-04-08 03:20:19 - root - WARNING - [WARN] Retry 2/3 for model magicoder:7b-s-cl: mkdir /home/sahand.moslemi/.ollama/models: permission denied: ensure path elements are traversable (status code: 500)
2026-04-08 03:20:24 - httpx - INFO - HTTP Request: POST http://127.0.0.1:11434/api/chat "HTTP/1.1 500 Internal Server Error"
2026-04-08 03:20:24 - root - WARNING - [WARN] Retry 2/3 for model magicoder:7b-s-cl: mkdir /home/sahand.moslemi/.ollama/models: permission denied: ensure path elements are traversable (status code: 500)
2026-04-08 03:20:29 - httpx - INFO - HTTP Request: POST http://127.0.0.1:11434/api/chat "HTTP/1.1 500 Internal Server Error"
2026-04-08 03:20:29 - root - WARNING - [WARN] Retry 2/3 for model magicoder:7b-s-cl: mkdir /home/sahand.moslemi/.ollama/models: permission denied: ensure path elements are traversable (status code: 500)
2026-04-08 03:20:34 - httpx - INFO - HTTP Request: POST http://127.0.0.1:11434/api/chat "HTTP/1.1 500 Internal Server Error"
2026-04-08 03:20:34 - root - WARNING - [WARN] Retry 2/3 for model magicoder:7b-s-cl: mkdir /home/sahand.moslemi/.ollama/models: permission denied: ensure path elements are traversable (status code: 500)
2026-04-08 03:20:39 - httpx - INFO - HTTP Request: POST http://127.0.0.1:11434/api/chat "HTTP/1.1 500 Internal Server Error"
2026-04-08 03:20:39 - root - WARNING - [WARN] Retry 2/3 for model magicoder:7b-s-cl: mkdir /home/sahand.moslemi/.ollama/models: permission denied: ensure path elements are traversable (status code: 500)
2026-04-08 03:20:44 - httpx - INFO - HTTP Request: POST http://127.0.0.1:11434/api/chat "HTTP/1.1 500 Internal Server Error"
2026-04-08 03:20:44 - root - WARNING - [WARN] Retry 2/3 for model magicoder:7b-s-cl: mkdir /home/sahand.moslemi/.ollama/models: permission denied: ensure path elements are traversable (status code: 500)
2026-04-08 03:20:49 - httpx - INFO - HTTP Request: POST http://127.0.0.1:11434/api/chat "HTTP/1.1 500 Internal Server Error"
2026-04-08 03:20:49 - root - WARNING - [WARN] Retry 2/3 for model magicoder:7b-s-cl: mkdir /home/sahand.moslemi/.ollama/models: permission denied: ensure path elements are traversable (status code: 500)
2026-04-08 03:20:54 - httpx - INFO - HTTP Request: POST http://127.0.0.1:11434/api/chat "HTTP/1.1 500 Internal Server Error"
2026-04-08 03:20:54 - root - WARNING - [WARN] Retry 2/3 for model magicoder:7b-s-cl: mkdir /home/sahand.moslemi/.ollama/models: permission denied: ensure path elements are traversable (status code: 500)
2026-04-08 03:20:59 - httpx - INFO - HTTP Request: POST http://127.0.0.1:11434/api/chat "HTTP/1.1 500 Internal Server Error"
2026-04-08 03:20:59 - root - WARNING - [WARN] Retry 2/3 for model magicoder:7b-s-cl: mkdir /home/sahand.moslemi/.ollama/models: permission denied: ensure path elements are traversable (status code: 500)
2026-04-08 03:21:04 - httpx - INFO - HTTP Request: POST http://127.0.0.1:11434/api/chat "HTTP/1.1 500 Internal Server Error"
2026-04-08 03:21:04 - root - WARNING - [WARN] Retry 2/3 for model magicoder:7b-s-cl: mkdir /home/sahand.moslemi/.ollama/models: permission denied: ensure path elements are traversable (status code: 500)
2026-04-08 03:21:09 - httpx - INFO - HTTP Request: POST http://127.0.0.1:11434/api/chat "HTTP/1.1 500 Internal Server Error"
2026-04-08 03:21:09 - root - WARNING - [WARN] Retry 2/3 for model magicoder:7b-s-cl: mkdir /home/sahand.moslemi/.ollama/models: permission denied: ensure path elements are traversable (status code: 500)
2026-04-08 03:21:14 - httpx - INFO - HTTP Request: POST http://127.0.0.1:11434/api/chat "HTTP/1.1 500 Internal Server Error"
2026-04-08 03:21:14 - root - WARNING - [WARN] Retry 2/3 for model magicoder:7b-s-cl: mkdir /home/sahand.moslemi/.ollama/models: permission denied: ensure path elements are traversable (status code: 500)
2026-04-08 03:21:19 - httpx - INFO - HTTP Request: POST http://127.0.0.1:11434/api/chat "HTTP/1.1 500 Internal Server Error"
2026-04-08 03:21:19 - root - WARNING - [WARN] Retry 2/3 for model magicoder:7b-s-cl: mkdir /home/sahand.moslemi/.ollama/models: permission denied: ensure path elements are traversable (status code: 500)
2026-04-08 03:21:24 - httpx - INFO - HTTP Request: POST http://127.0.0.1:11434/api/chat "HTTP/1.1 500 Internal Server Error"
2026-04-08 03:21:24 - root - WARNING - [WARN] Retry 2/3 for model magicoder:7b-s-cl: mkdir /home/sahand.moslemi/.ollama/models: permission denied: ensure path elements are traversable (status code: 500)
2026-04-08 03:21:29 - httpx - INFO - HTTP Request: POST http://127.0.0.1:11434/api/chat "HTTP/1.1 500 Internal Server Error"
2026-04-08 03:21:29 - root - WARNING - [WARN] Retry 2/3 for model magicoder:7b-s-cl: mkdir /home/sahand.moslemi/.ollama/models: permission denied: ensure path elements are traversable (status code: 500)
2026-04-08 03:21:34 - httpx - INFO - HTTP Request: POST http://127.0.0.1:11434/api/chat "HTTP/1.1 500 Internal Server Error"
2026-04-08 03:21:34 - root - WARNING - [WARN] Retry 2/3 for model magicoder:7b-s-cl: mkdir /home/sahand.moslemi/.ollama/models: permission denied: ensure path elements are traversable (status code: 500)
2026-04-08 03:21:39 - httpx - INFO - HTTP Request: POST http://127.0.0.1:11434/api/chat "HTTP/1.1 500 Internal Server Error"
2026-04-08 03:21:39 - root - WARNING - [WARN] Retry 2/3 for model magicoder:7b-s-cl: mkdir /home/sahand.moslemi/.ollama/models: permission denied: ensure path elements are traversable (status code: 500)
2026-04-08 03:21:44 - httpx - INFO - HTTP Request: POST http://127.0.0.1:11434/api/chat "HTTP/1.1 500 Internal Server Error"
2026-04-08 03:21:44 - root - WARNING - [WARN] Retry 2/3 for model magicoder:7b-s-cl: mkdir /home/sahand.moslemi/.ollama/models: permission denied: ensure path elements are traversable (status code: 500)
2026-04-08 03:21:49 - httpx - INFO - HTTP Request: POST http://127.0.0.1:11434/api/chat "HTTP/1.1 500 Internal Server Error"
2026-04-08 03:21:49 - root - WARNING - [WARN] Retry 2/3 for model magicoder:7b-s-cl: mkdir /home/sahand.moslemi/.ollama/models: permission denied: ensure path elements are traversable (status code: 500)
2026-04-08 03:21:54 - httpx - INFO - HTTP Request: POST http://127.0.0.1:11434/api/chat "HTTP/1.1 500 Internal Server Error"
2026-04-08 03:21:54 - root - WARNING - [WARN] Retry 2/3 for model magicoder:7b-s-cl: mkdir /home/sahand.moslemi/.ollama/models: permission denied: ensure path elements are traversable (status code: 500)
2026-04-08 03:21:59 - httpx - INFO - HTTP Request: POST http://127.0.0.1:11434/api/chat "HTTP/1.1 500 Internal Server Error"
2026-04-08 03:21:59 - root - WARNING - [WARN] Retry 2/3 for model magicoder:7b-s-cl: mkdir /home/sahand.moslemi/.ollama/models: permission denied: ensure path elements are traversable (status code: 500)
2026-04-08 03:22:04 - httpx - INFO - HTTP Request: POST http://127.0.0.1:11434/api/chat "HTTP/1.1 500 Internal Server Error"
2026-04-08 03:22:04 - root - WARNING - [WARN] Retry 2/3 for model magicoder:7b-s-cl: mkdir /home/sahand.moslemi/.ollama/models: permission denied: ensure path elements are traversable (status code: 500)
2026-04-08 03:22:09 - httpx - INFO - HTTP Request: POST http://127.0.0.1:11434/api/chat "HTTP/1.1 500 Internal Server Error"
2026-04-08 03:22:09 - root - WARNING - [WARN] Retry 2/3 for model magicoder:7b-s-cl: mkdir /home/sahand.moslemi/.ollama/models: permission denied: ensure path elements are traversable (status code: 500)
2026-04-08 03:22:14 - httpx - INFO - HTTP Request: POST http://127.0.0.1:11434/api/chat "HTTP/1.1 500 Internal Server Error"
2026-04-08 03:22:14 - root - WARNING - [WARN] Retry 2/3 for model magicoder:7b-s-cl: mkdir /home/sahand.moslemi/.ollama/models: permission denied: ensure path elements are traversable (status code: 500)
2026-04-08 03:22:19 - httpx - INFO - HTTP Request: POST http://127.0.0.1:11434/api/chat "HTTP/1.1 500 Internal Server Error"
2026-04-08 03:22:19 - root - WARNING - [WARN] Retry 2/3 for model magicoder:7b-s-cl: mkdir /home/sahand.moslemi/.ollama/models: permission denied: ensure path elements are traversable (status code: 500)
2026-04-08 03:22:24 - httpx - INFO - HTTP Request: POST http://127.0.0.1:11434/api/chat "HTTP/1.1 500 Internal Server Error"
2026-04-08 03:22:24 - root - WARNING - [WARN] Retry 2/3 for model magicoder:7b-s-cl: mkdir /home/sahand.moslemi/.ollama/models: permission denied: ensure path elements are traversable (status code: 500)
2026-04-08 03:22:29 - httpx - INFO - HTTP Request: POST http://127.0.0.1:11434/api/chat "HTTP/1.1 500 Internal Server Error"
2026-04-08 03:22:29 - root - WARNING - [WARN] Retry 2/3 for model magicoder:7b-s-cl: mkdir /home/sahand.moslemi/.ollama/models: permission denied: ensure path elements are traversable (status code: 500)
2026-04-08 03:22:34 - httpx - INFO - HTTP Request: POST http://127.0.0.1:11434/api/chat "HTTP/1.1 500 Internal Server Error"
2026-04-08 03:22:34 - root - WARNING - [WARN] Retry 2/3 for model magicoder:7b-s-cl: mkdir /home/sahand.moslemi/.ollama/models: permission denied: ensure path elements are traversable (status code: 500)
2026-04-08 03:22:39 - httpx - INFO - HTTP Request: POST http://127.0.0.1:11434/api/chat "HTTP/1.1 500 Internal Server Error"
2026-04-08 03:22:39 - root - WARNING - [WARN] Retry 2/3 for model magicoder:7b-s-cl: mkdir /home/sahand.moslemi/.ollama/models: permission denied: ensure path elements are traversable (status code: 500)
2026-04-08 03:22:44 - httpx - INFO - HTTP Request: POST http://127.0.0.1:11434/api/chat "HTTP/1.1 500 Internal Server Error"
2026-04-08 03:22:44 - root - WARNING - [WARN] Retry 2/3 for model magicoder:7b-s-cl: mkdir /home/sahand.moslemi/.ollama/models: permission denied: ensure path elements are traversable (status code: 500)
2026-04-08 03:22:49 - httpx - INFO - HTTP Request: POST http://127.0.0.1:11434/api/chat "HTTP/1.1 500 Internal Server Error"
2026-04-08 03:22:49 - root - WARNING - [WARN] Retry 2/3 for model magicoder:7b-s-cl: mkdir /home/sahand.moslemi/.ollama/models: permission denied: ensure path elements are traversable (status code: 500)
2026-04-08 03:22:54 - httpx - INFO - HTTP Request: POST http://127.0.0.1:11434/api/chat "HTTP/1.1 500 Internal Server Error"
2026-04-08 03:22:54 - root - WARNING - [WARN] Retry 2/3 for model magicoder:7b-s-cl: mkdir /home/sahand.moslemi/.ollama/models: permission denied: ensure path elements are traversable (status code: 500)
2026-04-08 03:22:59 - httpx - INFO - HTTP Request: POST http://127.0.0.1:11434/api/chat "HTTP/1.1 500 Internal Server Error"
2026-04-08 03:22:59 - root - WARNING - [WARN] Retry 2/3 for model magicoder:7b-s-cl: mkdir /home/sahand.moslemi/.ollama/models: permission denied: ensure path elements are traversable (status code: 500)
2026-04-08 03:23:04 - httpx - INFO - HTTP Request: POST http://127.0.0.1:11434/api/chat "HTTP/1.1 500 Internal Server Error"
2026-04-08 03:23:04 - root - WARNING - [WARN] Retry 2/3 for model magicoder:7b-s-cl: mkdir /home/sahand.moslemi/.ollama/models: permission denied: ensure path elements are traversable (status code: 500)
2026-04-08 03:23:09 - httpx - INFO - HTTP Request: POST http://127.0.0.1:11434/api/chat "HTTP/1.1 500 Internal Server Error"
2026-04-08 03:23:09 - root - WARNING - [WARN] Retry 2/3 for model magicoder:7b-s-cl: mkdir /home/sahand.moslemi/.ollama/models: permission denied: ensure path elements are traversable (status code: 500)
2026-04-08 03:23:14 - httpx - INFO - HTTP Request: POST http://127.0.0.1:11434/api/chat "HTTP/1.1 500 Internal Server Error"
2026-04-08 03:23:14 - root - WARNING - [WARN] Retry 2/3 for model magicoder:7b-s-cl: mkdir /home/sahand.moslemi/.ollama/models: permission denied: ensure path elements are traversable (status code: 500)
2026-04-08 03:23:19 - httpx - INFO - HTTP Request: POST http://127.0.0.1:11434/api/chat "HTTP/1.1 500 Internal Server Error"
2026-04-08 03:23:19 - root - WARNING - [WARN] Retry 2/3 for model magicoder:7b-s-cl: mkdir /home/sahand.moslemi/.ollama/models: permission denied: ensure path elements are traversable (status code: 500)
2026-04-08 03:23:24 - httpx - INFO - HTTP Request: POST http://127.0.0.1:11434/api/chat "HTTP/1.1 500 Internal Server Error"
2026-04-08 03:23:24 - root - WARNING - [WARN] Retry 2/3 for model magicoder:7b-s-cl: mkdir /home/sahand.moslemi/.ollama/models: permission denied: ensure path elements are traversable (status code: 500)
2026-04-08 03:23:30 - httpx - INFO - HTTP Request: POST http://127.0.0.1:11434/api/chat "HTTP/1.1 500 Internal Server Error"
2026-04-08 03:23:30 - root - WARNING - [WARN] Retry 2/3 for model magicoder:7b-s-cl: open /home/sahand.moslemi/.ollama/models/manifests/registry.ollama.ai/library/magicoder/7b-s-cl: permission denied (status code: 500)
2026-04-08 03:23:35 - httpx - INFO - HTTP Request: POST http://127.0.0.1:11434/api/chat "HTTP/1.1 500 Internal Server Error"
2026-04-08 03:23:35 - root - WARNING - [WARN] Retry 2/3 for model magicoder:7b-s-cl: mkdir /home/sahand.moslemi/.ollama/models: permission denied: ensure path elements are traversable (status code: 500)
2026-04-08 03:23:40 - httpx - INFO - HTTP Request: POST http://127.0.0.1:11434/api/chat "HTTP/1.1 500 Internal Server Error"
2026-04-08 03:23:40 - root - WARNING - [WARN] Retry 2/3 for model magicoder:7b-s-cl: mkdir /home/sahand.moslemi/.ollama/models: permission denied: ensure path elements are traversable (status code: 500)
2026-04-08 03:23:45 - httpx - INFO - HTTP Request: POST http://127.0.0.1:11434/api/chat "HTTP/1.1 500 Internal Server Error"
2026-04-08 03:23:45 - root - WARNING - [WARN] Retry 2/3 for model magicoder:7b-s-cl: mkdir /home/sahand.moslemi/.ollama/models: permission denied: ensure path elements are traversable (status code: 500)
2026-04-08 03:23:50 - httpx - INFO - HTTP Request: POST http://127.0.0.1:11434/api/chat "HTTP/1.1 500 Internal Server Error"
2026-04-08 03:23:50 - root - WARNING - [WARN] Retry 2/3 for model magicoder:7b-s-cl: mkdir /home/sahand.moslemi/.ollama/models: permission denied: ensure path elements are traversable (status code: 500)
2026-04-08 03:23:55 - httpx - INFO - HTTP Request: POST http://127.0.0.1:11434/api/chat "HTTP/1.1 500 Internal Server Error"
2026-04-08 03:23:55 - root - WARNING - [WARN] Retry 2/3 for model magicoder:7b-s-cl: mkdir /home/sahand.moslemi/.ollama/models: permission denied: ensure path elements are traversable (status code: 500)
2026-04-08 03:24:00 - httpx - INFO - HTTP Request: POST http://127.0.0.1:11434/api/chat "HTTP/1.1 500 Internal Server Error"
2026-04-08 03:24:00 - root - WARNING - [WARN] Retry 2/3 for model magicoder:7b-s-cl: mkdir /home/sahand.moslemi/.ollama/models: permission denied: ensure path elements are traversable (status code: 500)
2026-04-08 03:24:05 - httpx - INFO - HTTP Request: POST http://127.0.0.1:11434/api/chat "HTTP/1.1 500 Internal Server Error"
2026-04-08 03:24:05 - root - WARNING - [WARN] Retry 2/3 for model magicoder:7b-s-cl: mkdir /home/sahand.moslemi/.ollama/models: permission denied: ensure path elements are traversable (status code: 500)
2026-04-08 03:24:10 - httpx - INFO - HTTP Request: POST http://127.0.0.1:11434/api/chat "HTTP/1.1 500 Internal Server Error"
2026-04-08 03:24:10 - root - WARNING - [WARN] Retry 2/3 for model magicoder:7b-s-cl: mkdir /home/sahand.moslemi/.ollama/models: permission denied: ensure path elements are traversable (status code: 500)
2026-04-08 03:24:15 - httpx - INFO - HTTP Request: POST http://127.0.0.1:11434/api/chat "HTTP/1.1 500 Internal Server Error"
2026-04-08 03:24:15 - root - WARNING - [WARN] Retry 2/3 for model magicoder:7b-s-cl: mkdir /home/sahand.moslemi/.ollama/models: permission denied: ensure path elements are traversable (status code: 500)
2026-04-08 03:24:20 - httpx - INFO - HTTP Request: POST http://127.0.0.1:11434/api/chat "HTTP/1.1 500 Internal Server Error"
2026-04-08 03:24:20 - root - WARNING - [WARN] Retry 2/3 for model magicoder:7b-s-cl: mkdir /home/sahand.moslemi/.ollama/models: permission denied: ensure path elements are traversable (status code: 500)
2026-04-08 03:24:25 - httpx - INFO - HTTP Request: POST http://127.0.0.1:11434/api/chat "HTTP/1.1 500 Internal Server Error"
2026-04-08 03:24:25 - root - WARNING - [WARN] Retry 2/3 for model magicoder:7b-s-cl: mkdir /home/sahand.moslemi/.ollama/models: permission denied: ensure path elements are traversable (status code: 500)
2026-04-08 03:24:30 - httpx - INFO - HTTP Request: POST http://127.0.0.1:11434/api/chat "HTTP/1.1 500 Internal Server Error"
2026-04-08 03:24:30 - root - WARNING - [WARN] Retry 2/3 for model magicoder:7b-s-cl: mkdir /home/sahand.moslemi/.ollama/models: permission denied: ensure path elements are traversable (status code: 500)
2026-04-08 03:24:35 - httpx - INFO - HTTP Request: POST http://127.0.0.1:11434/api/chat "HTTP/1.1 500 Internal Server Error"
2026-04-08 03:24:35 - root - WARNING - [WARN] Retry 2/3 for model magicoder:7b-s-cl: mkdir /home/sahand.moslemi/.ollama/models: permission denied: ensure path elements are traversable (status code: 500)
2026-04-08 03:24:40 - httpx - INFO - HTTP Request: POST http://127.0.0.1:11434/api/chat "HTTP/1.1 500 Internal Server Error"
2026-04-08 03:24:40 - root - WARNING - [WARN] Retry 2/3 for model magicoder:7b-s-cl: mkdir /home/sahand.moslemi/.ollama/models: permission denied: ensure path elements are traversable (status code: 500)
2026-04-08 03:24:45 - httpx - INFO - HTTP Request: POST http://127.0.0.1:11434/api/chat "HTTP/1.1 500 Internal Server Error"
2026-04-08 03:24:45 - root - WARNING - [WARN] Retry 2/3 for model magicoder:7b-s-cl: mkdir /home/sahand.moslemi/.ollama/models: permission denied: ensure path elements are traversable (status code: 500)
2026-04-08 03:24:50 - httpx - INFO - HTTP Request: POST http://127.0.0.1:11434/api/chat "HTTP/1.1 500 Internal Server Error"
2026-04-08 03:24:50 - root - WARNING - [WARN] Retry 2/3 for model magicoder:7b-s-cl: mkdir /home/sahand.moslemi/.ollama/models: permission denied: ensure path elements are traversable (status code: 500)
2026-04-08 03:24:55 - httpx - INFO - HTTP Request: POST http://127.0.0.1:11434/api/chat "HTTP/1.1 500 Internal Server Error"
2026-04-08 03:24:55 - root - WARNING - [WARN] Retry 2/3 for model magicoder:7b-s-cl: mkdir /home/sahand.moslemi/.ollama/models: permission denied: ensure path elements are traversable (status code: 500)
2026-04-08 03:25:00 - httpx - INFO - HTTP Request: POST http://127.0.0.1:11434/api/chat "HTTP/1.1 500 Internal Server Error"
2026-04-08 03:25:00 - root - WARNING - [WARN] Retry 2/3 for model magicoder:7b-s-cl: mkdir /home/sahand.moslemi/.ollama/models: permission denied: ensure path elements are traversable (status code: 500)
2026-04-08 03:25:05 - httpx - INFO - HTTP Request: POST http://127.0.0.1:11434/api/chat "HTTP/1.1 500 Internal Server Error"
2026-04-08 03:25:05 - root - WARNING - [WARN] Retry 2/3 for model magicoder:7b-s-cl: mkdir /home/sahand.moslemi/.ollama/models: permission denied: ensure path elements are traversable (status code: 500)
2026-04-08 03:25:10 - httpx - INFO - HTTP Request: POST http://127.0.0.1:11434/api/chat "HTTP/1.1 500 Internal Server Error"
2026-04-08 03:25:10 - root - WARNING - [WARN] Retry 2/3 for model magicoder:7b-s-cl: mkdir /home/sahand.moslemi/.ollama/models: permission denied: ensure path elements are traversable (status code: 500)
2026-04-08 03:25:15 - httpx - INFO - HTTP Request: POST http://127.0.0.1:11434/api/chat "HTTP/1.1 500 Internal Server Error"
2026-04-08 03:25:15 - root - WARNING - [WARN] Retry 2/3 for model magicoder:7b-s-cl: mkdir /home/sahand.moslemi/.ollama/models: permission denied: ensure path elements are traversable (status code: 500)
2026-04-08 03:25:20 - httpx - INFO - HTTP Request: POST http://127.0.0.1:11434/api/chat "HTTP/1.1 500 Internal Server Error"
2026-04-08 03:25:20 - root - WARNING - [WARN] Retry 2/3 for model magicoder:7b-s-cl: mkdir /home/sahand.moslemi/.ollama/models: permission denied: ensure path elements are traversable (status code: 500)
2026-04-08 03:25:25 - httpx - INFO - HTTP Request: POST http://127.0.0.1:11434/api/chat "HTTP/1.1 500 Internal Server Error"
2026-04-08 03:25:25 - root - WARNING - [WARN] Retry 2/3 for model magicoder:7b-s-cl: mkdir /home/sahand.moslemi/.ollama/models: permission denied: ensure path elements are traversable (status code: 500)
2026-04-08 03:25:30 - httpx - INFO - HTTP Request: POST http://127.0.0.1:11434/api/chat "HTTP/1.1 500 Internal Server Error"
2026-04-08 03:25:30 - root - WARNING - [WARN] Retry 2/3 for model magicoder:7b-s-cl: mkdir /home/sahand.moslemi/.ollama/models: permission denied: ensure path elements are traversable (status code: 500)
2026-04-08 03:25:35 - httpx - INFO - HTTP Request: POST http://127.0.0.1:11434/api/chat "HTTP/1.1 500 Internal Server Error"
2026-04-08 03:25:35 - root - WARNING - [WARN] Retry 2/3 for model magicoder:7b-s-cl: mkdir /home/sahand.moslemi/.ollama/models: permission denied: ensure path elements are traversable (status code: 500)
2026-04-08 03:25:40 - httpx - INFO - HTTP Request: POST http://127.0.0.1:11434/api/chat "HTTP/1.1 500 Internal Server Error"
2026-04-08 03:25:40 - root - WARNING - [WARN] Retry 2/3 for model magicoder:7b-s-cl: mkdir /home/sahand.moslemi/.ollama/models: permission denied: ensure path elements are traversable (status code: 500)
2026-04-08 03:25:45 - httpx - INFO - HTTP Request: POST http://127.0.0.1:11434/api/chat "HTTP/1.1 500 Internal Server Error"
2026-04-08 03:25:45 - root - WARNING - [WARN] Retry 2/3 for model magicoder:7b-s-cl: mkdir /home/sahand.moslemi/.ollama/models: permission denied: ensure path elements are traversable (status code: 500)
2026-04-08 03:25:50 - httpx - INFO - HTTP Request: POST http://127.0.0.1:11434/api/chat "HTTP/1.1 500 Internal Server Error"
2026-04-08 03:25:50 - root - WARNING - [WARN] Retry 2/3 for model magicoder:7b-s-cl: mkdir /home/sahand.moslemi/.ollama/models: permission denied: ensure path elements are traversable (status code: 500)
2026-04-08 03:25:55 - httpx - INFO - HTTP Request: POST http://127.0.0.1:11434/api/chat "HTTP/1.1 500 Internal Server Error"
2026-04-08 03:25:55 - root - WARNING - [WARN] Retry 2/3 for model magicoder:7b-s-cl: mkdir /home/sahand.moslemi/.ollama/models: permission denied: ensure path elements are traversable (status code: 500)
2026-04-08 03:26:00 - httpx - INFO - HTTP Request: POST http://127.0.0.1:11434/api/chat "HTTP/1.1 500 Internal Server Error"
2026-04-08 03:26:00 - root - WARNING - [WARN] Retry 2/3 for model magicoder:7b-s-cl: mkdir /home/sahand.moslemi/.ollama/models: permission denied: ensure path elements are traversable (status code: 500)
2026-04-08 03:26:05 - httpx - INFO - HTTP Request: POST http://127.0.0.1:11434/api/chat "HTTP/1.1 500 Internal Server Error"
2026-04-08 03:26:05 - root - WARNING - [WARN] Retry 2/3 for model magicoder:7b-s-cl: mkdir /home/sahand.moslemi/.ollama/models: permission denied: ensure path elements are traversable (status code: 500)
2026-04-08 03:26:10 - httpx - INFO - HTTP Request: POST http://127.0.0.1:11434/api/chat "HTTP/1.1 500 Internal Server Error"
2026-04-08 03:26:10 - root - WARNING - [WARN] Retry 2/3 for model magicoder:7b-s-cl: mkdir /home/sahand.moslemi/.ollama/models: permission denied: ensure path elements are traversable (status code: 500)
2026-04-08 03:26:15 - httpx - INFO - HTTP Request: POST http://127.0.0.1:11434/api/chat "HTTP/1.1 500 Internal Server Error"
2026-04-08 03:26:15 - root - WARNING - [WARN] Retry 2/3 for model magicoder:7b-s-cl: mkdir /home/sahand.moslemi/.ollama/models: permission denied: ensure path elements are traversable (status code: 500)
2026-04-08 03:26:20 - httpx - INFO - HTTP Request: POST http://127.0.0.1:11434/api/chat "HTTP/1.1 500 Internal Server Error"
2026-04-08 03:26:20 - root - WARNING - [WARN] Retry 2/3 for model magicoder:7b-s-cl: mkdir /home/sahand.moslemi/.ollama/models: permission denied: ensure path elements are traversable (status code: 500)
2026-04-08 03:26:25 - httpx - INFO - HTTP Request: POST http://127.0.0.1:11434/api/chat "HTTP/1.1 500 Internal Server Error"
2026-04-08 03:26:25 - root - WARNING - [WARN] Retry 2/3 for model magicoder:7b-s-cl: mkdir /home/sahand.moslemi/.ollama/models: permission denied: ensure path elements are traversable (status code: 500)
2026-04-08 03:26:30 - httpx - INFO - HTTP Request: POST http://127.0.0.1:11434/api/chat "HTTP/1.1 500 Internal Server Error"
2026-04-08 03:26:30 - root - WARNING - [WARN] Retry 2/3 for model magicoder:7b-s-cl: mkdir /home/sahand.moslemi/.ollama/models: permission denied: ensure path elements are traversable (status code: 500)
2026-04-08 03:26:35 - httpx - INFO - HTTP Request: POST http://127.0.0.1:11434/api/chat "HTTP/1.1 500 Internal Server Error"
2026-04-08 03:26:35 - root - WARNING - [WARN] Retry 2/3 for model magicoder:7b-s-cl: mkdir /home/sahand.moslemi/.ollama/models: permission denied: ensure path elements are traversable (status code: 500)
2026-04-08 03:26:40 - httpx - INFO - HTTP Request: POST http://127.0.0.1:11434/api/chat "HTTP/1.1 500 Internal Server Error"
2026-04-08 03:26:40 - root - WARNING - [WARN] Retry 2/3 for model magicoder:7b-s-cl: mkdir /home/sahand.moslemi/.ollama/models: permission denied: ensure path elements are traversable (status code: 500)
2026-04-08 03:26:45 - httpx - INFO - HTTP Request: POST http://127.0.0.1:11434/api/chat "HTTP/1.1 500 Internal Server Error"
2026-04-08 03:26:45 - root - WARNING - [WARN] Retry 2/3 for model magicoder:7b-s-cl: mkdir /home/sahand.moslemi/.ollama/models: permission denied: ensure path elements are traversable (status code: 500)
2026-04-08 03:26:50 - httpx - INFO - HTTP Request: POST http://127.0.0.1:11434/api/chat "HTTP/1.1 500 Internal Server Error"
2026-04-08 03:26:50 - root - WARNING - [WARN] Retry 2/3 for model magicoder:7b-s-cl: mkdir /home/sahand.moslemi/.ollama/models: permission denied: ensure path elements are traversable (status code: 500)
2026-04-08 03:26:55 - httpx - INFO - HTTP Request: POST http://127.0.0.1:11434/api/chat "HTTP/1.1 500 Internal Server Error"
2026-04-08 03:26:55 - root - WARNING - [WARN] Retry 2/3 for model magicoder:7b-s-cl: mkdir /home/sahand.moslemi/.ollama/models: permission denied: ensure path elements are traversable (status code: 500)
2026-04-08 03:27:00 - httpx - INFO - HTTP Request: POST http://127.0.0.1:11434/api/chat "HTTP/1.1 500 Internal Server Error"
2026-04-08 03:27:00 - root - WARNING - [WARN] Retry 2/3 for model magicoder:7b-s-cl: mkdir /home/sahand.moslemi/.ollama/models: permission denied: ensure path elements are traversable (status code: 500)
2026-04-08 03:27:05 - httpx - INFO - HTTP Request: POST http://127.0.0.1:11434/api/chat "HTTP/1.1 500 Internal Server Error"
2026-04-08 03:27:05 - root - WARNING - [WARN] Retry 2/3 for model magicoder:7b-s-cl: mkdir /home/sahand.moslemi/.ollama/models: permission denied: ensure path elements are traversable (status code: 500)
2026-04-08 03:27:10 - httpx - INFO - HTTP Request: POST http://127.0.0.1:11434/api/chat "HTTP/1.1 500 Internal Server Error"
2026-04-08 03:27:10 - root - WARNING - [WARN] Retry 2/3 for model magicoder:7b-s-cl: mkdir /home/sahand.moslemi/.ollama/models: permission denied: ensure path elements are traversable (status code: 500)
2026-04-08 03:27:15 - httpx - INFO - HTTP Request: POST http://127.0.0.1:11434/api/chat "HTTP/1.1 500 Internal Server Error"
2026-04-08 03:27:15 - root - WARNING - [WARN] Retry 2/3 for model magicoder:7b-s-cl: mkdir /home/sahand.moslemi/.ollama/models: permission denied: ensure path elements are traversable (status code: 500)
2026-04-08 03:27:20 - httpx - INFO - HTTP Request: POST http://127.0.0.1:11434/api/chat "HTTP/1.1 500 Internal Server Error"
2026-04-08 03:27:20 - root - WARNING - [WARN] Retry 2/3 for model magicoder:7b-s-cl: mkdir /home/sahand.moslemi/.ollama/models: permission denied: ensure path elements are traversable (status code: 500)
2026-04-08 03:27:25 - httpx - INFO - HTTP Request: POST http://127.0.0.1:11434/api/chat "HTTP/1.1 500 Internal Server Error"
2026-04-08 03:27:25 - root - WARNING - [WARN] Retry 2/3 for model magicoder:7b-s-cl: mkdir /home/sahand.moslemi/.ollama/models: permission denied: ensure path elements are traversable (status code: 500)
2026-04-08 03:27:30 - httpx - INFO - HTTP Request: POST http://127.0.0.1:11434/api/chat "HTTP/1.1 500 Internal Server Error"
2026-04-08 03:27:30 - root - WARNING - [WARN] Retry 2/3 for model magicoder:7b-s-cl: mkdir /home/sahand.moslemi/.ollama/models: permission denied: ensure path elements are traversable (status code: 500)
2026-04-08 03:27:35 - httpx - INFO - HTTP Request: POST http://127.0.0.1:11434/api/chat "HTTP/1.1 500 Internal Server Error"
2026-04-08 03:27:35 - root - WARNING - [WARN] Retry 2/3 for model magicoder:7b-s-cl: mkdir /home/sahand.moslemi/.ollama/models: permission denied: ensure path elements are traversable (status code: 500)
2026-04-08 03:27:40 - httpx - INFO - HTTP Request: POST http://127.0.0.1:11434/api/chat "HTTP/1.1 500 Internal Server Error"
2026-04-08 03:27:40 - root - WARNING - [WARN] Retry 2/3 for model magicoder:7b-s-cl: mkdir /home/sahand.moslemi/.ollama/models: permission denied: ensure path elements are traversable (status code: 500)
2026-04-08 03:27:45 - httpx - INFO - HTTP Request: POST http://127.0.0.1:11434/api/chat "HTTP/1.1 500 Internal Server Error"
2026-04-08 03:27:45 - root - WARNING - [WARN] Retry 2/3 for model magicoder:7b-s-cl: mkdir /home/sahand.moslemi/.ollama/models: permission denied: ensure path elements are traversable (status code: 500)
2026-04-08 03:27:50 - httpx - INFO - HTTP Request: POST http://127.0.0.1:11434/api/chat "HTTP/1.1 500 Internal Server Error"
2026-04-08 03:27:50 - root - WARNING - [WARN] Retry 2/3 for model magicoder:7b-s-cl: mkdir /home/sahand.moslemi/.ollama/models: permission denied: ensure path elements are traversable (status code: 500)
2026-04-08 03:27:55 - httpx - INFO - HTTP Request: POST http://127.0.0.1:11434/api/chat "HTTP/1.1 500 Internal Server Error"
2026-04-08 03:27:55 - root - WARNING - [WARN] Retry 2/3 for model magicoder:7b-s-cl: mkdir /home/sahand.moslemi/.ollama/models: permission denied: ensure path elements are traversable (status code: 500)
2026-04-08 03:28:00 - httpx - INFO - HTTP Request: POST http://127.0.0.1:11434/api/chat "HTTP/1.1 500 Internal Server Error"
2026-04-08 03:28:00 - root - WARNING - [WARN] Retry 2/3 for model magicoder:7b-s-cl: mkdir /home/sahand.moslemi/.ollama/models: permission denied: ensure path elements are traversable (status code: 500)
2026-04-08 03:28:05 - httpx - INFO - HTTP Request: POST http://127.0.0.1:11434/api/chat "HTTP/1.1 500 Internal Server Error"
2026-04-08 03:28:05 - root - WARNING - [WARN] Retry 2/3 for model magicoder:7b-s-cl: mkdir /home/sahand.moslemi/.ollama/models: permission denied: ensure path elements are traversable (status code: 500)
2026-04-08 03:28:10 - httpx - INFO - HTTP Request: POST http://127.0.0.1:11434/api/chat "HTTP/1.1 500 Internal Server Error"
2026-04-08 03:28:10 - root - WARNING - [WARN] Retry 2/3 for model magicoder:7b-s-cl: mkdir /home/sahand.moslemi/.ollama/models: permission denied: ensure path elements are traversable (status code: 500)
2026-04-08 03:28:15 - httpx - INFO - HTTP Request: POST http://127.0.0.1:11434/api/chat "HTTP/1.1 500 Internal Server Error"
2026-04-08 03:28:15 - root - WARNING - [WARN] Retry 2/3 for model magicoder:7b-s-cl: mkdir /home/sahand.moslemi/.ollama/models: permission denied: ensure path elements are traversable (status code: 500)
2026-04-08 03:28:20 - httpx - INFO - HTTP Request: POST http://127.0.0.1:11434/api/chat "HTTP/1.1 500 Internal Server Error"
2026-04-08 03:28:20 - root - WARNING - [WARN] Retry 2/3 for model magicoder:7b-s-cl: mkdir /home/sahand.moslemi/.ollama/models: permission denied: ensure path elements are traversable (status code: 500)
2026-04-08 03:28:25 - httpx - INFO - HTTP Request: POST http://127.0.0.1:11434/api/chat "HTTP/1.1 500 Internal Server Error"
2026-04-08 03:28:25 - root - WARNING - [WARN] Retry 2/3 for model magicoder:7b-s-cl: mkdir /home/sahand.moslemi/.ollama/models: permission denied: ensure path elements are traversable (status code: 500)
2026-04-08 03:28:30 - httpx - INFO - HTTP Request: POST http://127.0.0.1:11434/api/chat "HTTP/1.1 500 Internal Server Error"
2026-04-08 03:28:30 - root - WARNING - [WARN] Retry 2/3 for model magicoder:7b-s-cl: mkdir /home/sahand.moslemi/.ollama/models: permission denied: ensure path elements are traversable (status code: 500)
2026-04-08 03:28:35 - httpx - INFO - HTTP Request: POST http://127.0.0.1:11434/api/chat "HTTP/1.1 500 Internal Server Error"
2026-04-08 03:28:35 - root - WARNING - [WARN] Retry 2/3 for model magicoder:7b-s-cl: mkdir /home/sahand.moslemi/.ollama/models: permission denied: ensure path elements are traversable (status code: 500)
2026-04-08 03:28:41 - httpx - INFO - HTTP Request: POST http://127.0.0.1:11434/api/chat "HTTP/1.1 500 Internal Server Error"
2026-04-08 03:28:41 - root - WARNING - [WARN] Retry 2/3 for model magicoder:7b-s-cl: mkdir /home/sahand.moslemi/.ollama/models: permission denied: ensure path elements are traversable (status code: 500)
2026-04-08 03:28:46 - httpx - INFO - HTTP Request: POST http://127.0.0.1:11434/api/chat "HTTP/1.1 500 Internal Server Error"
2026-04-08 03:28:46 - root - WARNING - [WARN] Retry 2/3 for model magicoder:7b-s-cl: mkdir /home/sahand.moslemi/.ollama/models: permission denied: ensure path elements are traversable (status code: 500)
2026-04-08 03:28:51 - httpx - INFO - HTTP Request: POST http://127.0.0.1:11434/api/chat "HTTP/1.1 500 Internal Server Error"
2026-04-08 03:28:51 - root - WARNING - [WARN] Retry 2/3 for model magicoder:7b-s-cl: mkdir /home/sahand.moslemi/.ollama/models: permission denied: ensure path elements are traversable (status code: 500)
2026-04-08 03:28:56 - httpx - INFO - HTTP Request: POST http://127.0.0.1:11434/api/chat "HTTP/1.1 500 Internal Server Error"
2026-04-08 03:28:56 - root - WARNING - [WARN] Retry 2/3 for model magicoder:7b-s-cl: mkdir /home/sahand.moslemi/.ollama/models: permission denied: ensure path elements are traversable (status code: 500)
2026-04-08 03:29:01 - httpx - INFO - HTTP Request: POST http://127.0.0.1:11434/api/chat "HTTP/1.1 500 Internal Server Error"
2026-04-08 03:29:01 - root - WARNING - [WARN] Retry 2/3 for model magicoder:7b-s-cl: mkdir /home/sahand.moslemi/.ollama/models: permission denied: ensure path elements are traversable (status code: 500)
2026-04-08 03:29:06 - httpx - INFO - HTTP Request: POST http://127.0.0.1:11434/api/chat "HTTP/1.1 500 Internal Server Error"
2026-04-08 03:29:06 - root - WARNING - [WARN] Retry 2/3 for model magicoder:7b-s-cl: mkdir /home/sahand.moslemi/.ollama/models: permission denied: ensure path elements are traversable (status code: 500)
2026-04-08 03:29:11 - httpx - INFO - HTTP Request: POST http://127.0.0.1:11434/api/chat "HTTP/1.1 500 Internal Server Error"
2026-04-08 03:29:11 - root - WARNING - [WARN] Retry 2/3 for model magicoder:7b-s-cl: mkdir /home/sahand.moslemi/.ollama/models: permission denied: ensure path elements are traversable (status code: 500)
2026-04-08 03:29:16 - httpx - INFO - HTTP Request: POST http://127.0.0.1:11434/api/chat "HTTP/1.1 500 Internal Server Error"
2026-04-08 03:29:16 - root - WARNING - [WARN] Retry 2/3 for model magicoder:7b-s-cl: mkdir /home/sahand.moslemi/.ollama/models: permission denied: ensure path elements are traversable (status code: 500)
2026-04-08 03:29:21 - httpx - INFO - HTTP Request: POST http://127.0.0.1:11434/api/chat "HTTP/1.1 500 Internal Server Error"
2026-04-08 03:29:21 - root - WARNING - [WARN] Retry 2/3 for model magicoder:7b-s-cl: mkdir /home/sahand.moslemi/.ollama/models: permission denied: ensure path elements are traversable (status code: 500)
2026-04-08 03:29:26 - httpx - INFO - HTTP Request: POST http://127.0.0.1:11434/api/chat "HTTP/1.1 500 Internal Server Error"
2026-04-08 03:29:26 - root - WARNING - [WARN] Retry 2/3 for model magicoder:7b-s-cl: mkdir /home/sahand.moslemi/.ollama/models: permission denied: ensure path elements are traversable (status code: 500)
2026-04-08 03:29:31 - httpx - INFO - HTTP Request: POST http://127.0.0.1:11434/api/chat "HTTP/1.1 500 Internal Server Error"
2026-04-08 03:29:31 - root - WARNING - [WARN] Retry 2/3 for model magicoder:7b-s-cl: mkdir /home/sahand.moslemi/.ollama/models: permission denied: ensure path elements are traversable (status code: 500)
2026-04-08 03:29:36 - httpx - INFO - HTTP Request: POST http://127.0.0.1:11434/api/chat "HTTP/1.1 500 Internal Server Error"
2026-04-08 03:29:36 - root - WARNING - [WARN] Retry 2/3 for model magicoder:7b-s-cl: mkdir /home/sahand.moslemi/.ollama/models: permission denied: ensure path elements are traversable (status code: 500)
2026-04-08 03:29:41 - httpx - INFO - HTTP Request: POST http://127.0.0.1:11434/api/chat "HTTP/1.1 500 Internal Server Error"
2026-04-08 03:29:41 - root - WARNING - [WARN] Retry 2/3 for model magicoder:7b-s-cl: mkdir /home/sahand.moslemi/.ollama/models: permission denied: ensure path elements are traversable (status code: 500)
2026-04-08 03:29:46 - httpx - INFO - HTTP Request: POST http://127.0.0.1:11434/api/chat "HTTP/1.1 500 Internal Server Error"
2026-04-08 03:29:46 - root - WARNING - [WARN] Retry 2/3 for model magicoder:7b-s-cl: mkdir /home/sahand.moslemi/.ollama/models: permission denied: ensure path elements are traversable (status code: 500)
2026-04-08 03:29:51 - httpx - INFO - HTTP Request: POST http://127.0.0.1:11434/api/chat "HTTP/1.1 500 Internal Server Error"
2026-04-08 03:29:51 - root - WARNING - [WARN] Retry 2/3 for model magicoder:7b-s-cl: mkdir /home/sahand.moslemi/.ollama/models: permission denied: ensure path elements are traversable (status code: 500)
2026-04-08 03:29:56 - httpx - INFO - HTTP Request: POST http://127.0.0.1:11434/api/chat "HTTP/1.1 500 Internal Server Error"
2026-04-08 03:29:56 - root - WARNING - [WARN] Retry 2/3 for model magicoder:7b-s-cl: mkdir /home/sahand.moslemi/.ollama/models: permission denied: ensure path elements are traversable (status code: 500)
2026-04-08 03:30:01 - httpx - INFO - HTTP Request: POST http://127.0.0.1:11434/api/chat "HTTP/1.1 500 Internal Server Error"
2026-04-08 03:30:01 - root - WARNING - [WARN] Retry 2/3 for model magicoder:7b-s-cl: mkdir /home/sahand.moslemi/.ollama/models: permission denied: ensure path elements are traversable (status code: 500)
2026-04-08 03:30:06 - httpx - INFO - HTTP Request: POST http://127.0.0.1:11434/api/chat "HTTP/1.1 500 Internal Server Error"
2026-04-08 03:30:06 - root - WARNING - [WARN] Retry 2/3 for model magicoder:7b-s-cl: mkdir /home/sahand.moslemi/.ollama/models: permission denied: ensure path elements are traversable (status code: 500)
2026-04-08 03:30:11 - httpx - INFO - HTTP Request: POST http://127.0.0.1:11434/api/chat "HTTP/1.1 500 Internal Server Error"
2026-04-08 03:30:11 - root - WARNING - [WARN] Retry 2/3 for model magicoder:7b-s-cl: mkdir /home/sahand.moslemi/.ollama/models: permission denied: ensure path elements are traversable (status code: 500)
2026-04-08 03:30:16 - httpx - INFO - HTTP Request: POST http://127.0.0.1:11434/api/chat "HTTP/1.1 500 Internal Server Error"
2026-04-08 03:30:16 - root - WARNING - [WARN] Retry 2/3 for model magicoder:7b-s-cl: mkdir /home/sahand.moslemi/.ollama/models: permission denied: ensure path elements are traversable (status code: 500)
2026-04-08 03:30:21 - httpx - INFO - HTTP Request: POST http://127.0.0.1:11434/api/chat "HTTP/1.1 500 Internal Server Error"
2026-04-08 03:30:21 - root - WARNING - [WARN] Retry 2/3 for model magicoder:7b-s-cl: mkdir /home/sahand.moslemi/.ollama/models: permission denied: ensure path elements are traversable (status code: 500)
2026-04-08 03:30:26 - httpx - INFO - HTTP Request: POST http://127.0.0.1:11434/api/chat "HTTP/1.1 500 Internal Server Error"
2026-04-08 03:30:26 - root - WARNING - [WARN] Retry 2/3 for model magicoder:7b-s-cl: mkdir /home/sahand.moslemi/.ollama/models: permission denied: ensure path elements are traversable (status code: 500)
2026-04-08 03:30:31 - httpx - INFO - HTTP Request: POST http://127.0.0.1:11434/api/chat "HTTP/1.1 500 Internal Server Error"
2026-04-08 03:30:31 - root - WARNING - [WARN] Retry 2/3 for model magicoder:7b-s-cl: mkdir /home/sahand.moslemi/.ollama/models: permission denied: ensure path elements are traversable (status code: 500)
2026-04-08 03:30:36 - httpx - INFO - HTTP Request: POST http://127.0.0.1:11434/api/chat "HTTP/1.1 500 Internal Server Error"
2026-04-08 03:30:36 - root - WARNING - [WARN] Retry 2/3 for model magicoder:7b-s-cl: mkdir /home/sahand.moslemi/.ollama/models: permission denied: ensure path elements are traversable (status code: 500)
2026-04-08 03:30:41 - httpx - INFO - HTTP Request: POST http://127.0.0.1:11434/api/chat "HTTP/1.1 500 Internal Server Error"
2026-04-08 03:30:41 - root - WARNING - [WARN] Retry 2/3 for model magicoder:7b-s-cl: mkdir /home/sahand.moslemi/.ollama/models: permission denied: ensure path elements are traversable (status code: 500)
2026-04-08 03:30:46 - httpx - INFO - HTTP Request: POST http://127.0.0.1:11434/api/chat "HTTP/1.1 500 Internal Server Error"
2026-04-08 03:30:46 - root - WARNING - [WARN] Retry 2/3 for model magicoder:7b-s-cl: mkdir /home/sahand.moslemi/.ollama/models: permission denied: ensure path elements are traversable (status code: 500)
2026-04-08 03:30:51 - httpx - INFO - HTTP Request: POST http://127.0.0.1:11434/api/chat "HTTP/1.1 500 Internal Server Error"
2026-04-08 03:30:51 - root - WARNING - [WARN] Retry 2/3 for model magicoder:7b-s-cl: mkdir /home/sahand.moslemi/.ollama/models: permission denied: ensure path elements are traversable (status code: 500)
2026-04-08 03:30:56 - httpx - INFO - HTTP Request: POST http://127.0.0.1:11434/api/chat "HTTP/1.1 500 Internal Server Error"
2026-04-08 03:30:56 - root - WARNING - [WARN] Retry 2/3 for model magicoder:7b-s-cl: mkdir /home/sahand.moslemi/.ollama/models: permission denied: ensure path elements are traversable (status code: 500)
2026-04-08 03:31:01 - httpx - INFO - HTTP Request: POST http://127.0.0.1:11434/api/chat "HTTP/1.1 500 Internal Server Error"
2026-04-08 03:31:01 - root - WARNING - [WARN] Retry 2/3 for model magicoder:7b-s-cl: mkdir /home/sahand.moslemi/.ollama/models: permission denied: ensure path elements are traversable (status code: 500)
2026-04-08 03:31:06 - httpx - INFO - HTTP Request: POST http://127.0.0.1:11434/api/chat "HTTP/1.1 500 Internal Server Error"
2026-04-08 03:31:06 - root - WARNING - [WARN] Retry 2/3 for model magicoder:7b-s-cl: mkdir /home/sahand.moslemi/.ollama/models: permission denied: ensure path elements are traversable (status code: 500)
2026-04-08 03:31:11 - httpx - INFO - HTTP Request: POST http://127.0.0.1:11434/api/chat "HTTP/1.1 500 Internal Server Error"
2026-04-08 03:31:11 - root - WARNING - [WARN] Retry 2/3 for model magicoder:7b-s-cl: mkdir /home/sahand.moslemi/.ollama/models: permission denied: ensure path elements are traversable (status code: 500)
2026-04-08 03:31:16 - httpx - INFO - HTTP Request: POST http://127.0.0.1:11434/api/chat "HTTP/1.1 500 Internal Server Error"
2026-04-08 03:31:16 - root - WARNING - [WARN] Retry 2/3 for model magicoder:7b-s-cl: mkdir /home/sahand.moslemi/.ollama/models: permission denied: ensure path elements are traversable (status code: 500)
2026-04-08 03:31:21 - httpx - INFO - HTTP Request: POST http://127.0.0.1:11434/api/chat "HTTP/1.1 500 Internal Server Error"
2026-04-08 03:31:21 - root - WARNING - [WARN] Retry 2/3 for model magicoder:7b-s-cl: mkdir /home/sahand.moslemi/.ollama/models: permission denied: ensure path elements are traversable (status code: 500)
2026-04-08 03:31:26 - httpx - INFO - HTTP Request: POST http://127.0.0.1:11434/api/chat "HTTP/1.1 500 Internal Server Error"
2026-04-08 03:31:26 - root - WARNING - [WARN] Retry 2/3 for model magicoder:7b-s-cl: mkdir /home/sahand.moslemi/.ollama/models: permission denied: ensure path elements are traversable (status code: 500)
2026-04-08 03:31:31 - httpx - INFO - HTTP Request: POST http://127.0.0.1:11434/api/chat "HTTP/1.1 500 Internal Server Error"
2026-04-08 03:31:31 - root - WARNING - [WARN] Retry 2/3 for model magicoder:7b-s-cl: mkdir /home/sahand.moslemi/.ollama/models: permission denied: ensure path elements are traversable (status code: 500)
2026-04-08 03:31:36 - httpx - INFO - HTTP Request: POST http://127.0.0.1:11434/api/chat "HTTP/1.1 500 Internal Server Error"
2026-04-08 03:31:36 - root - WARNING - [WARN] Retry 2/3 for model magicoder:7b-s-cl: mkdir /home/sahand.moslemi/.ollama/models: permission denied: ensure path elements are traversable (status code: 500)
2026-04-08 03:31:41 - httpx - INFO - HTTP Request: POST http://127.0.0.1:11434/api/chat "HTTP/1.1 500 Internal Server Error"
2026-04-08 03:31:41 - root - WARNING - [WARN] Retry 2/3 for model magicoder:7b-s-cl: mkdir /home/sahand.moslemi/.ollama/models: permission denied: ensure path elements are traversable (status code: 500)
2026-04-08 03:31:46 - httpx - INFO - HTTP Request: POST http://127.0.0.1:11434/api/chat "HTTP/1.1 500 Internal Server Error"
2026-04-08 03:31:46 - root - WARNING - [WARN] Retry 2/3 for model magicoder:7b-s-cl: mkdir /home/sahand.moslemi/.ollama/models: permission denied: ensure path elements are traversable (status code: 500)
2026-04-08 03:31:51 - httpx - INFO - HTTP Request: POST http://127.0.0.1:11434/api/chat "HTTP/1.1 500 Internal Server Error"
2026-04-08 03:31:51 - root - WARNING - [WARN] Retry 2/3 for model magicoder:7b-s-cl: mkdir /home/sahand.moslemi/.ollama/models: permission denied: ensure path elements are traversable (status code: 500)
2026-04-08 03:31:56 - httpx - INFO - HTTP Request: POST http://127.0.0.1:11434/api/chat "HTTP/1.1 500 Internal Server Error"
2026-04-08 03:31:56 - root - WARNING - [WARN] Retry 2/3 for model magicoder:7b-s-cl: mkdir /home/sahand.moslemi/.ollama/models: permission denied: ensure path elements are traversable (status code: 500)
2026-04-08 03:32:01 - httpx - INFO - HTTP Request: POST http://127.0.0.1:11434/api/chat "HTTP/1.1 500 Internal Server Error"
2026-04-08 03:32:01 - root - WARNING - [WARN] Retry 2/3 for model magicoder:7b-s-cl: mkdir /home/sahand.moslemi/.ollama/models: permission denied: ensure path elements are traversable (status code: 500)
2026-04-08 03:32:06 - httpx - INFO - HTTP Request: POST http://127.0.0.1:11434/api/chat "HTTP/1.1 500 Internal Server Error"
2026-04-08 03:32:06 - root - WARNING - [WARN] Retry 2/3 for model magicoder:7b-s-cl: mkdir /home/sahand.moslemi/.ollama/models: permission denied: ensure path elements are traversable (status code: 500)
2026-04-08 03:32:11 - httpx - INFO - HTTP Request: POST http://127.0.0.1:11434/api/chat "HTTP/1.1 500 Internal Server Error"
2026-04-08 03:32:11 - root - WARNING - [WARN] Retry 2/3 for model magicoder:7b-s-cl: mkdir /home/sahand.moslemi/.ollama/models: permission denied: ensure path elements are traversable (status code: 500)
2026-04-08 03:32:16 - httpx - INFO - HTTP Request: POST http://127.0.0.1:11434/api/chat "HTTP/1.1 500 Internal Server Error"
2026-04-08 03:32:16 - root - WARNING - [WARN] Retry 2/3 for model magicoder:7b-s-cl: mkdir /home/sahand.moslemi/.ollama/models: permission denied: ensure path elements are traversable (status code: 500)
2026-04-08 03:32:21 - httpx - INFO - HTTP Request: POST http://127.0.0.1:11434/api/chat "HTTP/1.1 500 Internal Server Error"
2026-04-08 03:32:21 - root - WARNING - [WARN] Retry 2/3 for model magicoder:7b-s-cl: mkdir /home/sahand.moslemi/.ollama/models: permission denied: ensure path elements are traversable (status code: 500)
2026-04-08 03:32:26 - httpx - INFO - HTTP Request: POST http://127.0.0.1:11434/api/chat "HTTP/1.1 500 Internal Server Error"
2026-04-08 03:32:26 - root - WARNING - [WARN] Retry 2/3 for model magicoder:7b-s-cl: mkdir /home/sahand.moslemi/.ollama/models: permission denied: ensure path elements are traversable (status code: 500)
2026-04-08 03:32:31 - httpx - INFO - HTTP Request: POST http://127.0.0.1:11434/api/chat "HTTP/1.1 500 Internal Server Error"
2026-04-08 03:32:31 - root - WARNING - [WARN] Retry 2/3 for model magicoder:7b-s-cl: mkdir /home/sahand.moslemi/.ollama/models: permission denied: ensure path elements are traversable (status code: 500)
2026-04-08 03:32:36 - httpx - INFO - HTTP Request: POST http://127.0.0.1:11434/api/chat "HTTP/1.1 500 Internal Server Error"
2026-04-08 03:32:36 - root - WARNING - [WARN] Retry 2/3 for model magicoder:7b-s-cl: mkdir /home/sahand.moslemi/.ollama/models: permission denied: ensure path elements are traversable (status code: 500)
2026-04-08 03:32:41 - httpx - INFO - HTTP Request: POST http://127.0.0.1:11434/api/chat "HTTP/1.1 500 Internal Server Error"
2026-04-08 03:32:41 - root - WARNING - [WARN] Retry 2/3 for model magicoder:7b-s-cl: mkdir /home/sahand.moslemi/.ollama/models: permission denied: ensure path elements are traversable (status code: 500)
2026-04-08 03:32:46 - httpx - INFO - HTTP Request: POST http://127.0.0.1:11434/api/chat "HTTP/1.1 500 Internal Server Error"
2026-04-08 03:32:46 - root - WARNING - [WARN] Retry 2/3 for model magicoder:7b-s-cl: mkdir /home/sahand.moslemi/.ollama/models: permission denied: ensure path elements are traversable (status code: 500)
2026-04-08 03:32:51 - httpx - INFO - HTTP Request: POST http://127.0.0.1:11434/api/chat "HTTP/1.1 500 Internal Server Error"
2026-04-08 03:32:51 - root - WARNING - [WARN] Retry 2/3 for model magicoder:7b-s-cl: mkdir /home/sahand.moslemi/.ollama/models: permission denied: ensure path elements are traversable (status code: 500)
2026-04-08 03:32:56 - httpx - INFO - HTTP Request: POST http://127.0.0.1:11434/api/chat "HTTP/1.1 500 Internal Server Error"
2026-04-08 03:32:56 - root - WARNING - [WARN] Retry 2/3 for model magicoder:7b-s-cl: mkdir /home/sahand.moslemi/.ollama/models: permission denied: ensure path elements are traversable (status code: 500)
2026-04-08 03:33:01 - httpx - INFO - HTTP Request: POST http://127.0.0.1:11434/api/chat "HTTP/1.1 500 Internal Server Error"
2026-04-08 03:33:01 - root - WARNING - [WARN] Retry 2/3 for model magicoder:7b-s-cl: mkdir /home/sahand.moslemi/.ollama/models: permission denied: ensure path elements are traversable (status code: 500)
2026-04-08 03:33:06 - httpx - INFO - HTTP Request: POST http://127.0.0.1:11434/api/chat "HTTP/1.1 500 Internal Server Error"
2026-04-08 03:33:06 - root - WARNING - [WARN] Retry 2/3 for model magicoder:7b-s-cl: mkdir /home/sahand.moslemi/.ollama/models: permission denied: ensure path elements are traversable (status code: 500)
2026-04-08 03:33:11 - httpx - INFO - HTTP Request: POST http://127.0.0.1:11434/api/chat "HTTP/1.1 500 Internal Server Error"
2026-04-08 03:33:11 - root - WARNING - [WARN] Retry 2/3 for model magicoder:7b-s-cl: mkdir /home/sahand.moslemi/.ollama/models: permission denied: ensure path elements are traversable (status code: 500)
2026-04-08 03:33:16 - httpx - INFO - HTTP Request: POST http://127.0.0.1:11434/api/chat "HTTP/1.1 500 Internal Server Error"
2026-04-08 03:33:16 - root - WARNING - [WARN] Retry 2/3 for model magicoder:7b-s-cl: mkdir /home/sahand.moslemi/.ollama/models: permission denied: ensure path elements are traversable (status code: 500)
2026-04-08 03:33:21 - httpx - INFO - HTTP Request: POST http://127.0.0.1:11434/api/chat "HTTP/1.1 500 Internal Server Error"
2026-04-08 03:33:21 - root - WARNING - [WARN] Retry 2/3 for model magicoder:7b-s-cl: mkdir /home/sahand.moslemi/.ollama/models: permission denied: ensure path elements are traversable (status code: 500)
2026-04-08 03:33:26 - httpx - INFO - HTTP Request: POST http://127.0.0.1:11434/api/chat "HTTP/1.1 500 Internal Server Error"
2026-04-08 03:33:26 - root - WARNING - [WARN] Retry 2/3 for model magicoder:7b-s-cl: mkdir /home/sahand.moslemi/.ollama/models: permission denied: ensure path elements are traversable (status code: 500)
2026-04-08 03:33:31 - httpx - INFO - HTTP Request: POST http://127.0.0.1:11434/api/chat "HTTP/1.1 500 Internal Server Error"
2026-04-08 03:33:31 - root - WARNING - [WARN] Retry 2/3 for model magicoder:7b-s-cl: mkdir /home/sahand.moslemi/.ollama/models: permission denied: ensure path elements are traversable (status code: 500)
2026-04-08 03:33:36 - httpx - INFO - HTTP Request: POST http://127.0.0.1:11434/api/chat "HTTP/1.1 500 Internal Server Error"
2026-04-08 03:33:36 - root - WARNING - [WARN] Retry 2/3 for model magicoder:7b-s-cl: mkdir /home/sahand.moslemi/.ollama/models: permission denied: ensure path elements are traversable (status code: 500)
2026-04-08 03:33:41 - httpx - INFO - HTTP Request: POST http://127.0.0.1:11434/api/chat "HTTP/1.1 500 Internal Server Error"
2026-04-08 03:33:41 - root - WARNING - [WARN] Retry 2/3 for model magicoder:7b-s-cl: mkdir /home/sahand.moslemi/.ollama/models: permission denied: ensure path elements are traversable (status code: 500)
2026-04-08 03:33:46 - httpx - INFO - HTTP Request: POST http://127.0.0.1:11434/api/chat "HTTP/1.1 500 Internal Server Error"
2026-04-08 03:33:46 - root - WARNING - [WARN] Retry 2/3 for model magicoder:7b-s-cl: mkdir /home/sahand.moslemi/.ollama/models: permission denied: ensure path elements are traversable (status code: 500)
2026-04-08 03:33:52 - httpx - INFO - HTTP Request: POST http://127.0.0.1:11434/api/chat "HTTP/1.1 500 Internal Server Error"
2026-04-08 03:33:52 - root - WARNING - [WARN] Retry 2/3 for model magicoder:7b-s-cl: mkdir /home/sahand.moslemi/.ollama/models: permission denied: ensure path elements are traversable (status code: 500)
2026-04-08 03:33:57 - httpx - INFO - HTTP Request: POST http://127.0.0.1:11434/api/chat "HTTP/1.1 500 Internal Server Error"
2026-04-08 03:33:57 - root - WARNING - [WARN] Retry 2/3 for model magicoder:7b-s-cl: mkdir /home/sahand.moslemi/.ollama/models: permission denied: ensure path elements are traversable (status code: 500)
2026-04-08 03:34:02 - httpx - INFO - HTTP Request: POST http://127.0.0.1:11434/api/chat "HTTP/1.1 500 Internal Server Error"
2026-04-08 03:34:02 - root - WARNING - [WARN] Retry 2/3 for model magicoder:7b-s-cl: mkdir /home/sahand.moslemi/.ollama/models: permission denied: ensure path elements are traversable (status code: 500)
2026-04-08 03:34:07 - httpx - INFO - HTTP Request: POST http://127.0.0.1:11434/api/chat "HTTP/1.1 500 Internal Server Error"
2026-04-08 03:34:07 - root - WARNING - [WARN] Retry 2/3 for model magicoder:7b-s-cl: mkdir /home/sahand.moslemi/.ollama/models: permission denied: ensure path elements are traversable (status code: 500)
2026-04-08 03:34:12 - httpx - INFO - HTTP Request: POST http://127.0.0.1:11434/api/chat "HTTP/1.1 500 Internal Server Error"
2026-04-08 03:34:12 - root - WARNING - [WARN] Retry 2/3 for model magicoder:7b-s-cl: mkdir /home/sahand.moslemi/.ollama/models: permission denied: ensure path elements are traversable (status code: 500)
2026-04-08 03:34:17 - httpx - INFO - HTTP Request: POST http://127.0.0.1:11434/api/chat "HTTP/1.1 500 Internal Server Error"
2026-04-08 03:34:17 - root - WARNING - [WARN] Retry 2/3 for model magicoder:7b-s-cl: mkdir /home/sahand.moslemi/.ollama/models: permission denied: ensure path elements are traversable (status code: 500)
2026-04-08 03:34:22 - httpx - INFO - HTTP Request: POST http://127.0.0.1:11434/api/chat "HTTP/1.1 500 Internal Server Error"
2026-04-08 03:34:22 - root - WARNING - [WARN] Retry 2/3 for model magicoder:7b-s-cl: mkdir /home/sahand.moslemi/.ollama/models: permission denied: ensure path elements are traversable (status code: 500)
2026-04-08 03:34:27 - httpx - INFO - HTTP Request: POST http://127.0.0.1:11434/api/chat "HTTP/1.1 500 Internal Server Error"
2026-04-08 03:34:27 - root - WARNING - [WARN] Retry 2/3 for model magicoder:7b-s-cl: mkdir /home/sahand.moslemi/.ollama/models: permission denied: ensure path elements are traversable (status code: 500)
2026-04-08 03:34:32 - httpx - INFO - HTTP Request: POST http://127.0.0.1:11434/api/chat "HTTP/1.1 500 Internal Server Error"
2026-04-08 03:34:32 - root - WARNING - [WARN] Retry 2/3 for model magicoder:7b-s-cl: mkdir /home/sahand.moslemi/.ollama/models: permission denied: ensure path elements are traversable (status code: 500)
2026-04-08 03:34:37 - httpx - INFO - HTTP Request: POST http://127.0.0.1:11434/api/chat "HTTP/1.1 500 Internal Server Error"
2026-04-08 03:34:37 - root - WARNING - [WARN] Retry 2/3 for model magicoder:7b-s-cl: mkdir /home/sahand.moslemi/.ollama/models: permission denied: ensure path elements are traversable (status code: 500)
2026-04-08 03:34:42 - httpx - INFO - HTTP Request: POST http://127.0.0.1:11434/api/chat "HTTP/1.1 500 Internal Server Error"
2026-04-08 03:34:42 - root - WARNING - [WARN] Retry 2/3 for model magicoder:7b-s-cl: mkdir /home/sahand.moslemi/.ollama/models: permission denied: ensure path elements are traversable (status code: 500)
2026-04-08 03:34:47 - httpx - INFO - HTTP Request: POST http://127.0.0.1:11434/api/chat "HTTP/1.1 500 Internal Server Error"
2026-04-08 03:34:47 - root - WARNING - [WARN] Retry 2/3 for model magicoder:7b-s-cl: mkdir /home/sahand.moslemi/.ollama/models: permission denied: ensure path elements are traversable (status code: 500)
2026-04-08 03:34:52 - httpx - INFO - HTTP Request: POST http://127.0.0.1:11434/api/chat "HTTP/1.1 500 Internal Server Error"
2026-04-08 03:34:52 - root - WARNING - [WARN] Retry 2/3 for model magicoder:7b-s-cl: mkdir /home/sahand.moslemi/.ollama/models: permission denied: ensure path elements are traversable (status code: 500)
2026-04-08 03:34:57 - httpx - INFO - HTTP Request: POST http://127.0.0.1:11434/api/chat "HTTP/1.1 500 Internal Server Error"
2026-04-08 03:34:57 - root - WARNING - [WARN] Retry 2/3 for model magicoder:7b-s-cl: mkdir /home/sahand.moslemi/.ollama/models: permission denied: ensure path elements are traversable (status code: 500)
2026-04-08 03:35:02 - httpx - INFO - HTTP Request: POST http://127.0.0.1:11434/api/chat "HTTP/1.1 500 Internal Server Error"
2026-04-08 03:35:02 - root - WARNING - [WARN] Retry 2/3 for model magicoder:7b-s-cl: mkdir /home/sahand.moslemi/.ollama/models: permission denied: ensure path elements are traversable (status code: 500)
2026-04-08 03:35:07 - httpx - INFO - HTTP Request: POST http://127.0.0.1:11434/api/chat "HTTP/1.1 500 Internal Server Error"
2026-04-08 03:35:07 - root - WARNING - [WARN] Retry 2/3 for model magicoder:7b-s-cl: mkdir /home/sahand.moslemi/.ollama/models: permission denied: ensure path elements are traversable (status code: 500)
2026-04-08 03:35:12 - httpx - INFO - HTTP Request: POST http://127.0.0.1:11434/api/chat "HTTP/1.1 500 Internal Server Error"
2026-04-08 03:35:12 - root - WARNING - [WARN] Retry 2/3 for model magicoder:7b-s-cl: mkdir /home/sahand.moslemi/.ollama/models: permission denied: ensure path elements are traversable (status code: 500)
2026-04-08 03:35:17 - httpx - INFO - HTTP Request: POST http://127.0.0.1:11434/api/chat "HTTP/1.1 500 Internal Server Error"
2026-04-08 03:35:17 - root - WARNING - [WARN] Retry 2/3 for model magicoder:7b-s-cl: mkdir /home/sahand.moslemi/.ollama/models: permission denied: ensure path elements are traversable (status code: 500)
2026-04-08 03:35:22 - httpx - INFO - HTTP Request: POST http://127.0.0.1:11434/api/chat "HTTP/1.1 500 Internal Server Error"
2026-04-08 03:35:22 - root - WARNING - [WARN] Retry 2/3 for model magicoder:7b-s-cl: mkdir /home/sahand.moslemi/.ollama/models: permission denied: ensure path elements are traversable (status code: 500)
2026-04-08 03:35:27 - httpx - INFO - HTTP Request: POST http://127.0.0.1:11434/api/chat "HTTP/1.1 500 Internal Server Error"
2026-04-08 03:35:27 - root - WARNING - [WARN] Retry 2/3 for model magicoder:7b-s-cl: mkdir /home/sahand.moslemi/.ollama/models: permission denied: ensure path elements are traversable (status code: 500)
2026-04-08 03:35:32 - httpx - INFO - HTTP Request: POST http://127.0.0.1:11434/api/chat "HTTP/1.1 500 Internal Server Error"
2026-04-08 03:35:32 - root - WARNING - [WARN] Retry 2/3 for model magicoder:7b-s-cl: mkdir /home/sahand.moslemi/.ollama/models: permission denied: ensure path elements are traversable (status code: 500)
2026-04-08 03:35:37 - httpx - INFO - HTTP Request: POST http://127.0.0.1:11434/api/chat "HTTP/1.1 500 Internal Server Error"
2026-04-08 03:35:37 - root - WARNING - [WARN] Retry 2/3 for model magicoder:7b-s-cl: mkdir /home/sahand.moslemi/.ollama/models: permission denied: ensure path elements are traversable (status code: 500)
2026-04-08 03:35:42 - httpx - INFO - HTTP Request: POST http://127.0.0.1:11434/api/chat "HTTP/1.1 500 Internal Server Error"
2026-04-08 03:35:42 - root - WARNING - [WARN] Retry 2/3 for model magicoder:7b-s-cl: mkdir /home/sahand.moslemi/.ollama/models: permission denied: ensure path elements are traversable (status code: 500)
2026-04-08 03:35:47 - httpx - INFO - HTTP Request: POST http://127.0.0.1:11434/api/chat "HTTP/1.1 500 Internal Server Error"
2026-04-08 03:35:47 - root - WARNING - [WARN] Retry 2/3 for model magicoder:7b-s-cl: mkdir /home/sahand.moslemi/.ollama/models: permission denied: ensure path elements are traversable (status code: 500)
2026-04-08 03:35:52 - httpx - INFO - HTTP Request: POST http://127.0.0.1:11434/api/chat "HTTP/1.1 500 Internal Server Error"
2026-04-08 03:35:52 - root - WARNING - [WARN] Retry 2/3 for model magicoder:7b-s-cl: mkdir /home/sahand.moslemi/.ollama/models: permission denied: ensure path elements are traversable (status code: 500)
2026-04-08 03:35:57 - httpx - INFO - HTTP Request: POST http://127.0.0.1:11434/api/chat "HTTP/1.1 500 Internal Server Error"
2026-04-08 03:35:57 - root - WARNING - [WARN] Retry 2/3 for model magicoder:7b-s-cl: mkdir /home/sahand.moslemi/.ollama/models: permission denied: ensure path elements are traversable (status code: 500)
2026-04-08 03:36:02 - httpx - INFO - HTTP Request: POST http://127.0.0.1:11434/api/chat "HTTP/1.1 500 Internal Server Error"
2026-04-08 03:36:02 - root - WARNING - [WARN] Retry 2/3 for model magicoder:7b-s-cl: mkdir /home/sahand.moslemi/.ollama/models: permission denied: ensure path elements are traversable (status code: 500)
2026-04-08 03:36:07 - httpx - INFO - HTTP Request: POST http://127.0.0.1:11434/api/chat "HTTP/1.1 500 Internal Server Error"
2026-04-08 03:36:07 - root - WARNING - [WARN] Retry 2/3 for model magicoder:7b-s-cl: mkdir /home/sahand.moslemi/.ollama/models: permission denied: ensure path elements are traversable (status code: 500)
2026-04-08 03:36:12 - httpx - INFO - HTTP Request: POST http://127.0.0.1:11434/api/chat "HTTP/1.1 500 Internal Server Error"
2026-04-08 03:36:12 - root - WARNING - [WARN] Retry 2/3 for model magicoder:7b-s-cl: mkdir /home/sahand.moslemi/.ollama/models: permission denied: ensure path elements are traversable (status code: 500)
2026-04-08 03:36:17 - httpx - INFO - HTTP Request: POST http://127.0.0.1:11434/api/chat "HTTP/1.1 500 Internal Server Error"
2026-04-08 03:36:17 - root - WARNING - [WARN] Retry 2/3 for model magicoder:7b-s-cl: mkdir /home/sahand.moslemi/.ollama/models: permission denied: ensure path elements are traversable (status code: 500)
2026-04-08 03:36:22 - httpx - INFO - HTTP Request: POST http://127.0.0.1:11434/api/chat "HTTP/1.1 500 Internal Server Error"
2026-04-08 03:36:22 - root - WARNING - [WARN] Retry 2/3 for model magicoder:7b-s-cl: mkdir /home/sahand.moslemi/.ollama/models: permission denied: ensure path elements are traversable (status code: 500)
2026-04-08 03:36:27 - httpx - INFO - HTTP Request: POST http://127.0.0.1:11434/api/chat "HTTP/1.1 500 Internal Server Error"
2026-04-08 03:36:27 - root - WARNING - [WARN] Retry 2/3 for model magicoder:7b-s-cl: mkdir /home/sahand.moslemi/.ollama/models: permission denied: ensure path elements are traversable (status code: 500)
2026-04-08 03:36:32 - httpx - INFO - HTTP Request: POST http://127.0.0.1:11434/api/chat "HTTP/1.1 500 Internal Server Error"
2026-04-08 03:36:32 - root - WARNING - [WARN] Retry 2/3 for model magicoder:7b-s-cl: mkdir /home/sahand.moslemi/.ollama/models: permission denied: ensure path elements are traversable (status code: 500)
2026-04-08 03:36:37 - httpx - INFO - HTTP Request: POST http://127.0.0.1:11434/api/chat "HTTP/1.1 500 Internal Server Error"
2026-04-08 03:36:37 - root - WARNING - [WARN] Retry 2/3 for model magicoder:7b-s-cl: mkdir /home/sahand.moslemi/.ollama/models: permission denied: ensure path elements are traversable (status code: 500)
2026-04-08 03:36:42 - httpx - INFO - HTTP Request: POST http://127.0.0.1:11434/api/chat "HTTP/1.1 500 Internal Server Error"
2026-04-08 03:36:42 - root - WARNING - [WARN] Retry 2/3 for model magicoder:7b-s-cl: mkdir /home/sahand.moslemi/.ollama/models: permission denied: ensure path elements are traversable (status code: 500)
2026-04-08 03:36:47 - httpx - INFO - HTTP Request: POST http://127.0.0.1:11434/api/chat "HTTP/1.1 500 Internal Server Error"
2026-04-08 03:36:47 - root - WARNING - [WARN] Retry 2/3 for model magicoder:7b-s-cl: mkdir /home/sahand.moslemi/.ollama/models: permission denied: ensure path elements are traversable (status code: 500)
2026-04-08 03:36:52 - httpx - INFO - HTTP Request: POST http://127.0.0.1:11434/api/chat "HTTP/1.1 500 Internal Server Error"
2026-04-08 03:36:52 - root - WARNING - [WARN] Retry 2/3 for model magicoder:7b-s-cl: mkdir /home/sahand.moslemi/.ollama/models: permission denied: ensure path elements are traversable (status code: 500)
2026-04-08 03:36:57 - httpx - INFO - HTTP Request: POST http://127.0.0.1:11434/api/chat "HTTP/1.1 500 Internal Server Error"
2026-04-08 03:36:57 - root - WARNING - [WARN] Retry 2/3 for model magicoder:7b-s-cl: mkdir /home/sahand.moslemi/.ollama/models: permission denied: ensure path elements are traversable (status code: 500)
2026-04-08 03:37:02 - httpx - INFO - HTTP Request: POST http://127.0.0.1:11434/api/chat "HTTP/1.1 500 Internal Server Error"
2026-04-08 03:37:02 - root - WARNING - [WARN] Retry 2/3 for model magicoder:7b-s-cl: mkdir /home/sahand.moslemi/.ollama/models: permission denied: ensure path elements are traversable (status code: 500)
2026-04-08 03:37:07 - httpx - INFO - HTTP Request: POST http://127.0.0.1:11434/api/chat "HTTP/1.1 500 Internal Server Error"
2026-04-08 03:37:07 - root - WARNING - [WARN] Retry 2/3 for model magicoder:7b-s-cl: mkdir /home/sahand.moslemi/.ollama/models: permission denied: ensure path elements are traversable (status code: 500)
2026-04-08 03:37:12 - httpx - INFO - HTTP Request: POST http://127.0.0.1:11434/api/chat "HTTP/1.1 500 Internal Server Error"
2026-04-08 03:37:12 - root - WARNING - [WARN] Retry 2/3 for model magicoder:7b-s-cl: mkdir /home/sahand.moslemi/.ollama/models: permission denied: ensure path elements are traversable (status code: 500)
2026-04-08 03:37:17 - httpx - INFO - HTTP Request: POST http://127.0.0.1:11434/api/chat "HTTP/1.1 500 Internal Server Error"
2026-04-08 03:37:17 - root - WARNING - [WARN] Retry 2/3 for model magicoder:7b-s-cl: mkdir /home/sahand.moslemi/.ollama/models: permission denied: ensure path elements are traversable (status code: 500)
2026-04-08 03:37:22 - httpx - INFO - HTTP Request: POST http://127.0.0.1:11434/api/chat "HTTP/1.1 500 Internal Server Error"
2026-04-08 03:37:22 - root - WARNING - [WARN] Retry 2/3 for model magicoder:7b-s-cl: mkdir /home/sahand.moslemi/.ollama/models: permission denied: ensure path elements are traversable (status code: 500)
2026-04-08 03:37:27 - httpx - INFO - HTTP Request: POST http://127.0.0.1:11434/api/chat "HTTP/1.1 500 Internal Server Error"
2026-04-08 03:37:27 - root - WARNING - [WARN] Retry 2/3 for model magicoder:7b-s-cl: mkdir /home/sahand.moslemi/.ollama/models: permission denied: ensure path elements are traversable (status code: 500)
2026-04-08 03:37:32 - httpx - INFO - HTTP Request: POST http://127.0.0.1:11434/api/chat "HTTP/1.1 500 Internal Server Error"
2026-04-08 03:37:32 - root - WARNING - [WARN] Retry 2/3 for model magicoder:7b-s-cl: mkdir /home/sahand.moslemi/.ollama/models: permission denied: ensure path elements are traversable (status code: 500)
2026-04-08 03:37:37 - httpx - INFO - HTTP Request: POST http://127.0.0.1:11434/api/chat "HTTP/1.1 500 Internal Server Error"
2026-04-08 03:37:37 - root - WARNING - [WARN] Retry 2/3 for model magicoder:7b-s-cl: mkdir /home/sahand.moslemi/.ollama/models: permission denied: ensure path elements are traversable (status code: 500)
2026-04-08 03:37:42 - httpx - INFO - HTTP Request: POST http://127.0.0.1:11434/api/chat "HTTP/1.1 500 Internal Server Error"
2026-04-08 03:37:42 - root - WARNING - [WARN] Retry 2/3 for model magicoder:7b-s-cl: mkdir /home/sahand.moslemi/.ollama/models: permission denied: ensure path elements are traversable (status code: 500)
2026-04-08 03:37:47 - httpx - INFO - HTTP Request: POST http://127.0.0.1:11434/api/chat "HTTP/1.1 500 Internal Server Error"
2026-04-08 03:37:47 - root - WARNING - [WARN] Retry 2/3 for model magicoder:7b-s-cl: mkdir /home/sahand.moslemi/.ollama/models: permission denied: ensure path elements are traversable (status code: 500)
2026-04-08 03:37:52 - httpx - INFO - HTTP Request: POST http://127.0.0.1:11434/api/chat "HTTP/1.1 500 Internal Server Error"
2026-04-08 03:37:52 - root - WARNING - [WARN] Retry 2/3 for model magicoder:7b-s-cl: open /home/sahand.moslemi/.ollama/models/manifests/registry.ollama.ai/library/magicoder/7b-s-cl: permission denied (status code: 500)
2026-04-08 03:37:57 - httpx - INFO - HTTP Request: POST http://127.0.0.1:11434/api/chat "HTTP/1.1 500 Internal Server Error"
2026-04-08 03:37:57 - root - WARNING - [WARN] Retry 2/3 for model magicoder:7b-s-cl: open /home/sahand.moslemi/.ollama/models/manifests/registry.ollama.ai/library/magicoder/7b-s-cl: permission denied (status code: 500)
2026-04-08 03:38:02 - httpx - INFO - HTTP Request: POST http://127.0.0.1:11434/api/chat "HTTP/1.1 500 Internal Server Error"
2026-04-08 03:38:02 - root - WARNING - [WARN] Retry 2/3 for model magicoder:7b-s-cl: open /home/sahand.moslemi/.ollama/models/manifests/registry.ollama.ai/library/magicoder/7b-s-cl: permission denied (status code: 500)
2026-04-08 03:38:07 - httpx - INFO - HTTP Request: POST http://127.0.0.1:11434/api/chat "HTTP/1.1 500 Internal Server Error"
2026-04-08 03:38:07 - root - WARNING - [WARN] Retry 2/3 for model magicoder:7b-s-cl: open /home/sahand.moslemi/.ollama/models/manifests/registry.ollama.ai/library/magicoder/7b-s-cl: permission denied (status code: 500)
2026-04-08 03:38:12 - httpx - INFO - HTTP Request: POST http://127.0.0.1:11434/api/chat "HTTP/1.1 500 Internal Server Error"
2026-04-08 03:38:12 - root - WARNING - [WARN] Retry 2/3 for model magicoder:7b-s-cl: open /home/sahand.moslemi/.ollama/models/manifests/registry.ollama.ai/library/magicoder/7b-s-cl: permission denied (status code: 500)
2026-04-08 03:38:17 - httpx - INFO - HTTP Request: POST http://127.0.0.1:11434/api/chat "HTTP/1.1 500 Internal Server Error"
2026-04-08 03:38:17 - root - WARNING - [WARN] Retry 2/3 for model magicoder:7b-s-cl: open /home/sahand.moslemi/.ollama/models/manifests/registry.ollama.ai/library/magicoder/7b-s-cl: permission denied (status code: 500)
2026-04-08 03:38:22 - httpx - INFO - HTTP Request: POST http://127.0.0.1:11434/api/chat "HTTP/1.1 500 Internal Server Error"
2026-04-08 03:38:22 - root - WARNING - [WARN] Retry 2/3 for model magicoder:7b-s-cl: open /home/sahand.moslemi/.ollama/models/manifests/registry.ollama.ai/library/magicoder/7b-s-cl: permission denied (status code: 500)
2026-04-08 03:38:27 - httpx - INFO - HTTP Request: POST http://127.0.0.1:11434/api/chat "HTTP/1.1 500 Internal Server Error"
2026-04-08 03:38:27 - root - WARNING - [WARN] Retry 2/3 for model magicoder:7b-s-cl: open /home/sahand.moslemi/.ollama/models/manifests/registry.ollama.ai/library/magicoder/7b-s-cl: permission denied (status code: 500)
2026-04-08 03:38:32 - httpx - INFO - HTTP Request: POST http://127.0.0.1:11434/api/chat "HTTP/1.1 500 Internal Server Error"
2026-04-08 03:38:32 - root - WARNING - [WARN] Retry 2/3 for model magicoder:7b-s-cl: open /home/sahand.moslemi/.ollama/models/manifests/registry.ollama.ai/library/magicoder/7b-s-cl: permission denied (status code: 500)
2026-04-08 03:38:37 - httpx - INFO - HTTP Request: POST http://127.0.0.1:11434/api/chat "HTTP/1.1 500 Internal Server Error"
2026-04-08 03:38:37 - root - WARNING - [WARN] Retry 2/3 for model magicoder:7b-s-cl: open /home/sahand.moslemi/.ollama/models/manifests/registry.ollama.ai/library/magicoder/7b-s-cl: permission denied (status code: 500)
2026-04-08 03:38:42 - httpx - INFO - HTTP Request: POST http://127.0.0.1:11434/api/chat "HTTP/1.1 500 Internal Server Error"
2026-04-08 03:38:42 - root - WARNING - [WARN] Retry 2/3 for model magicoder:7b-s-cl: open /home/sahand.moslemi/.ollama/models/manifests/registry.ollama.ai/library/magicoder/7b-s-cl: permission denied (status code: 500)
2026-04-08 03:38:48 - httpx - INFO - HTTP Request: POST http://127.0.0.1:11434/api/chat "HTTP/1.1 500 Internal Server Error"
2026-04-08 03:38:48 - root - WARNING - [WARN] Retry 2/3 for model magicoder:7b-s-cl: open /home/sahand.moslemi/.ollama/models/manifests/registry.ollama.ai/library/magicoder/7b-s-cl: permission denied (status code: 2026-2026-04-08 03:38:53 - httpx - INFO - HTTP Request: POST http://127.0.0.1:11434/api/chat "HTTP/1.1 500 Internal Server Error"
2026-04-08 03:38:53 - root - WARNING - [WARN] Retry 2/3 for model magicoder:7b-s-cl: open /home/sahand.moslemi/.ollama/models/manifests/registry.ollama.ai/library/magicoder/7b-s-cl: permission denied (status code: 2026-2026-04-08 03:38:58 - httpx - INFO - HTTP Request: POST http://127.0.0.1:11434/api/chat "HTTP/1.1 500 Internal Server Error"
2026-04-08 03:38:58 - root - WARNING - [WARN] Retry 2/3 for model magicoder:7b-s-cl: open /home/sahand.moslemi/.ollama/models/manifests/registry.ollama.ai/library/magicoder/7b-s-cl: permission denied (status code: 500)
2026-04-08 03:39:03 - httpx - INFO - HTTP Request: POST http://127.0.0.1:11434/api/chat "HTTP/1.1 500 Internal Server Error"
2026-04-08 03:39:03 - root - WARNING - [WARN] Retry 2/3 for model magicoder:7b-s-cl: open /home/sahand.moslemi/.ollama/models/manifests/registry.ollama.ai/library/magicoder/7b-s-cl: permission denied (status code: 500)
2026-04-08 03:39:08 - httpx - INFO - HTTP Request: POST http://127.0.0.1:11434/api/chat "HTTP/1.1 500 Internal Server Error"
2026-04-08 03:39:08 - root - WARNING - [WARN] Retry 2/3 for model magicoder:7b-s-cl: open /home/sahand.moslemi/.ollama/models/manifests/registry.ollama.ai/library/magicoder/7b-s-cl: permission denied (status code: 500)
2026-04-08 03:39:13 - httpx - INFO - HTTP Request: POST http://127.0.0.1:11434/api/chat "HTTP/1.1 500 Internal Server Error"
2026-04-08 03:39:13 - root - WARNING - [WARN] Retry 2/3 for model magicoder:7b-s-cl: open /home/sahand.moslemi/.ollama/models/manifests/registry.ollama.ai/library/magicoder/7b-s-cl: permission denied (status code: 500)
2026-04-08 03:39:18 - httpx - INFO - HTTP Request: POST http://127.0.0.1:11434/api/chat "HTTP/1.1 500 Internal Server Error"
2026-04-08 03:39:18 - root - WARNING - [WARN] Retry 2/3 for model magicoder:7b-s-cl: open /home/sahand.moslemi/.ollama/models/manifests/registry.ollama.ai/library/magicoder/7b-s-cl: permission denied (status code: 500)
2026-04-08 03:39:23 - httpx - INFO - HTTP Request: POST http://127.0.0.1:11434/api/chat "HTTP/1.1 500 Internal Server Error"
2026-04-08 03:39:23 - root - WARNING - [WARN] Retry 2/3 for model magicoder:7b-s-cl: open /home/sahand.moslemi/.ollama/models/manifests/registry.ollama.ai/library/magicoder/7b-s-cl: permission denied (status code: 2026-2026-04-08 03:39:28 - httpx - INFO - HTTP Request: POST http://127.0.0.1:11434/api/chat "HTTP/1.1 500 Internal Server Error"
2026-04-08 03:39:28 - root - WARNING - [WARN] Retry 2/3 for model magicoder:7b-s-cl: open /home/sahand.moslemi/.ollama/models/manifests/registry.ollama.ai/library/magicoder/7b-s-cl: permission denied (status code: 2026-2026-04-08 03:39:33 - httpx - INFO - HTTP Request: POST http://127.0.0.1:11434/api/chat "HTTP/1.1 500 Internal Server Error"
2026-04-08 03:39:33 - root - WARNING - [WARN] Retry 2/3 for model magicoder:7b-s-cl: open /home/sahand.moslemi/.ollama/models/manifests/registry.ollama.ai/library/magicoder/7b-s-cl: permission denied (status code: 500)
2026-04-08 03:39:38 - httpx - INFO - HTTP Request: POST http://127.0.0.1:11434/api/chat "HTTP/1.1 500 Internal Server Error"
2026-04-08 03:39:38 - root - WARNING - [WARN] Retry 2/3 for model magicoder:7b-s-cl: mkdir /home/sahand.moslemi/.ollama/models: permission denied: ensure path elements are traversable (status code: 500)
2026-04-08 03:39:43 - httpx - INFO - HTTP Request: POST http://127.0.0.1:11434/api/chat "HTTP/1.1 500 Internal Server Error"
2026-04-08 03:39:43 - root - WARNING - [WARN] Retry 2/3 for model magicoder:7b-s-cl: mkdir /home/sahand.moslemi/.ollama/models: permission denied: ensure path elements are traversable (status code: 500)
2026-04-08 03:39:48 - httpx - INFO - HTTP Request: POST http://127.0.0.1:11434/api/chat "HTTP/1.1 500 Internal Server Error"
2026-04-08 03:39:48 - root - WARNING - [WARN] Retry 2/3 for model magicoder:7b-s-cl: mkdir /home/sahand.moslemi/.ollama/models: permission denied: ensure path elements are traversable (status code: 500)
2026-04-08 03:39:53 - httpx - INFO - HTTP Request: POST http://127.0.0.1:11434/api/chat "HTTP/1.1 500 Internal Server Error"
2026-04-08 03:39:53 - root - WARNING - [WARN] Retry 2/3 for model magicoder:7b-s-cl: mkdir /home/sahand.moslemi/.ollama/models: permission denied: ensure path elements are traversable (status code: 500)
2026-04-08 03:39:58 - httpx - INFO - HTTP Request: POST http://127.0.0.1:11434/api/chat "HTTP/1.1 500 Internal Server Error"
2026-04-08 03:39:58 - root - WARNING - [WARN] Retry 2/3 for model magicoder:7b-s-cl: mkdir /home/sahand.moslemi/.ollama/models: permission denied: ensure path elements are traversable (status code: 500)
2026-04-08 03:40:03 - httpx - INFO - HTTP Request: POST http://127.0.0.1:11434/api/chat "HTTP/1.1 500 Internal Server Error"
2026-04-08 03:40:03 - root - WARNING - [WARN] Retry 2/3 for model magicoder:7b-s-cl: mkdir /home/sahand.moslemi/.ollama/models: permission denied: ensure path elements are traversable (status code: 500)
2026-04-08 03:40:08 - httpx - INFO - HTTP Request: POST http://127.0.0.1:11434/api/chat "HTTP/1.1 500 Internal Server Error"
2026-04-08 03:40:08 - root - WARNING - [WARN] Retry 2/3 for model magicoder:7b-s-cl: mkdir /home/sahand.moslemi/.ollama/models: permission denied: ensure path elements are traversable (status code: 500)
2026-04-08 03:40:13 - httpx - INFO - HTTP Request: POST http://127.0.0.1:11434/api/chat "HTTP/1.1 500 Internal Server Error"
2026-04-08 03:40:13 - root - WARNING - [WARN] Retry 2/3 for model magicoder:7b-s-cl: mkdir /home/sahand.moslemi/.ollama/models: permission denied: ensure path elements are traversable (status code: 500)
2026-04-08 03:40:18 - httpx - INFO - HTTP Request: POST http://127.0.0.1:11434/api/chat "HTTP/1.1 500 Internal Server Error"
2026-04-08 03:40:18 - root - WARNING - [WARN] Retry 2/3 for model magicoder:7b-s-cl: mkdir /home/sahand.moslemi/.ollama/models: permission denied: ensure path elements are traversable (status code: 500)
2026-04-08 03:40:23 - httpx - INFO - HTTP Request: POST http://127.0.0.1:11434/api/chat "HTTP/1.1 500 Internal Server Error"
2026-04-08 03:40:23 - root - WARNING - [WARN] Retry 2/3 for model magicoder:7b-s-cl: mkdir /home/sahand.moslemi/.ollama/models: permission denied: ensure path elements are traversable (status code: 500)
2026-04-08 03:40:28 - httpx - INFO - HTTP Request: POST http://127.0.0.1:11434/api/chat "HTTP/1.1 500 Internal Server Error"
2026-04-08 03:40:28 - root - WARNING - [WARN] Retry 2/3 for model magicoder:7b-s-cl: mkdir /home/sahand.moslemi/.ollama/models: permission denied: ensure path elements are traversable (status code: 500)
2026-04-08 03:40:33 - httpx - INFO - HTTP Request: POST http://127.0.0.1:11434/api/chat "HTTP/1.1 500 Internal Server Error"
2026-04-08 03:40:33 - root - WARNING - [WARN] Retry 2/3 for model magicoder:7b-s-cl: mkdir /home/sahand.moslemi/.ollama/models: permission denied: ensure path elements are traversable (status code: 500)
2026-04-08 03:40:38 - httpx - INFO - HTTP Request: POST http://127.0.0.1:11434/api/chat "HTTP/1.1 500 Internal Server Error"
2026-04-08 03:40:38 - root - WARNING - [WARN] Retry 2/3 for model magicoder:7b-s-cl: mkdir /home/sahand.moslemi/.ollama/models: permission denied: ensure path elements are traversable (status code: 500)
2026-04-08 03:40:43 - httpx - INFO - HTTP Request: POST http://127.0.0.1:11434/api/chat "HTTP/1.1 500 Internal Server Error"
2026-04-08 03:40:43 - root - WARNING - [WARN] Retry 2/3 for model magicoder:7b-s-cl: mkdir /home/sahand.moslemi/.ollama/models: permission denied: ensure path elements are traversable (status code: 500)
2026-04-08 03:40:48 - httpx - INFO - HTTP Request: POST http://127.0.0.1:11434/api/chat "HTTP/1.1 500 Internal Server Error"
2026-04-08 03:40:48 - root - WARNING - [WARN] Retry 2/3 for model magicoder:7b-s-cl: mkdir /home/sahand.moslemi/.ollama/models: permission denied: ensure path elements are traversable (status code: 500)
2026-04-08 03:40:53 - httpx - INFO - HTTP Request: POST http://127.0.0.1:11434/api/chat "HTTP/1.1 500 Internal Server Error"
2026-04-08 03:40:53 - root - WARNING - [WARN] Retry 2/3 for model magicoder:7b-s-cl: mkdir /home/sahand.moslemi/.ollama/models: permission denied: ensure path elements are traversable (status code: 500)
2026-04-08 03:40:58 - httpx - INFO - HTTP Request: POST http://127.0.0.1:11434/api/chat "HTTP/1.1 500 Internal Server Error"
2026-04-08 03:40:58 - root - WARNING - [WARN] Retry 2/3 for model magicoder:7b-s-cl: mkdir /home/sahand.moslemi/.ollama/models: permission denied: ensure path elements are traversable (status code: 500)
2026-04-08 03:41:03 - httpx - INFO - HTTP Request: POST http://127.0.0.1:11434/api/chat "HTTP/1.1 500 Internal Server Error"
2026-04-08 03:41:03 - root - WARNING - [WARN] Retry 2/3 for model magicoder:7b-s-cl: mkdir /home/sahand.moslemi/.ollama/models: permission denied: ensure path elements are traversable (status code: 500)
2026-04-08 03:41:08 - httpx - INFO - HTTP Request: POST http://127.0.0.1:11434/api/chat "HTTP/1.1 500 Internal Server Error"
2026-04-08 03:41:08 - root - WARNING - [WARN] Retry 2/3 for model magicoder:7b-s-cl: mkdir /home/sahand.moslemi/.ollama/models: permission denied: ensure path elements are traversable (status code: 500)
2026-04-08 03:41:13 - httpx - INFO - HTTP Request: POST http://127.0.0.1:11434/api/chat "HTTP/1.1 500 Internal Server Error"
2026-04-08 03:41:13 - root - WARNING - [WARN] Retry 2/3 for model magicoder:7b-s-cl: mkdir /home/sahand.moslemi/.ollama/models: permission denied: ensure path elements are traversable (status code: 500)
2026-04-08 03:41:18 - httpx - INFO - HTTP Request: POST http://127.0.0.1:11434/api/chat "HTTP/1.1 500 Internal Server Error"
2026-04-08 03:41:18 - root - WARNING - [WARN] Retry 2/3 for model magicoder:7b-s-cl: mkdir /home/sahand.moslemi/.ollama/models: permission denied: ensure path elements are traversable (status code: 500)
2026-04-08 03:41:23 - httpx - INFO - HTTP Request: POST http://127.0.0.1:11434/api/chat "HTTP/1.1 500 Internal Server Error"
2026-04-08 03:41:23 - root - WARNING - [WARN] Retry 2/3 for model magicoder:7b-s-cl: mkdir /home/sahand.moslemi/.ollama/models: permission denied: ensure path elements are traversable (status code: 500)
2026-04-08 03:41:28 - httpx - INFO - HTTP Request: POST http://127.0.0.1:11434/api/chat "HTTP/1.1 500 Internal Server Error"
2026-04-08 03:41:28 - root - WARNING - [WARN] Retry 2/3 for model magicoder:7b-s-cl: mkdir /home/sahand.moslemi/.ollama/models: permission denied: ensure path elements are traversable (status code: 500)
2026-04-08 03:41:33 - httpx - INFO - HTTP Request: POST http://127.0.0.1:11434/api/chat "HTTP/1.1 500 Internal Server Error"
2026-04-08 03:41:33 - root - WARNING - [WARN] Retry 2/3 for model magicoder:7b-s-cl: mkdir /home/sahand.moslemi/.ollama/models: permission denied: ensure path elements are traversable (status code: 500)
2026-04-08 03:41:38 - httpx - INFO - HTTP Request: POST http://127.0.0.1:11434/api/chat "HTTP/1.1 500 Internal Server Error"
2026-04-08 03:41:38 - root - WARNING - [WARN] Retry 2/3 for model magicoder:7b-s-cl: mkdir /home/sahand.moslemi/.ollama/models: permission denied: ensure path elements are traversable (status code: 500)
2026-04-08 03:41:43 - httpx - INFO - HTTP Request: POST http://127.0.0.1:11434/api/chat "HTTP/1.1 500 Internal Server Error"
2026-04-08 03:41:43 - root - WARNING - [WARN] Retry 2/3 for model magicoder:7b-s-cl: mkdir /home/sahand.moslemi/.ollama/models: permission denied: ensure path elements are traversable (status code: 500)
2026-04-08 03:41:48 - httpx - INFO - HTTP Request: POST http://127.0.0.1:11434/api/chat "HTTP/1.1 500 Internal Server Error"
2026-04-08 03:41:48 - root - WARNING - [WARN] Retry 2/3 for model magicoder:7b-s-cl: mkdir /home/sahand.moslemi/.ollama/models: permission denied: ensure path elements are traversable (status code: 500)
2026-04-08 03:41:53 - httpx - INFO - HTTP Request: POST http://127.0.0.1:11434/api/chat "HTTP/1.1 500 Internal Server Error"
2026-04-08 03:41:53 - root - WARNING - [WARN] Retry 2/3 for model magicoder:7b-s-cl: mkdir /home/sahand.moslemi/.ollama/models: permission denied: ensure path elements are traversable (status code: 500)
2026-04-08 03:41:58 - httpx - INFO - HTTP Request: POST http://127.0.0.1:11434/api/chat "HTTP/1.1 500 Internal Server Error"
2026-04-08 03:41:58 - root - WARNING - [WARN] Retry 2/3 for model magicoder:7b-s-cl: mkdir /home/sahand.moslemi/.ollama/models: permission denied: ensure path elements are traversable (status code: 500)
2026-04-08 03:42:03 - httpx - INFO - HTTP Request: POST http://127.0.0.1:11434/api/chat "HTTP/1.1 500 Internal Server Error"
2026-04-08 03:42:03 - root - WARNING - [WARN] Retry 2/3 for model magicoder:7b-s-cl: mkdir /home/sahand.moslemi/.ollama/models: permission denied: ensure path elements are traversable (status code: 500)
2026-04-08 03:42:08 - httpx - INFO - HTTP Request: POST http://127.0.0.1:11434/api/chat "HTTP/1.1 500 Internal Server Error"
2026-04-08 03:42:08 - root - WARNING - [WARN] Retry 2/3 for model magicoder:7b-s-cl: mkdir /home/sahand.moslemi/.ollama/models: permission denied: ensure path elements are traversable (status code: 500)
2026-04-08 03:42:13 - httpx - INFO - HTTP Request: POST http://127.0.0.1:11434/api/chat "HTTP/1.1 500 Internal Server Error"
2026-04-08 03:42:13 - root - WARNING - [WARN] Retry 2/3 for model magicoder:7b-s-cl: mkdir /home/sahand.moslemi/.ollama/models: permission denied: ensure path elements are traversable (status code: 500)
2026-04-08 03:42:18 - httpx - INFO - HTTP Request: POST http://127.0.0.1:11434/api/chat "HTTP/1.1 500 Internal Server Error"
2026-04-08 03:42:18 - root - WARNING - [WARN] Retry 2/3 for model magicoder:7b-s-cl: mkdir /home/sahand.moslemi/.ollama/models: permission denied: ensure path elements are traversable (status code: 500)
2026-04-08 03:42:23 - httpx - INFO - HTTP Request: POST http://127.0.0.1:11434/api/chat "HTTP/1.1 500 Internal Server Error"
2026-04-08 03:42:23 - root - WARNING - [WARN] Retry 2/3 for model magicoder:7b-s-cl: mkdir /home/sahand.moslemi/.ollama/models: permission denied: ensure path elements are traversable (status code: 500)
2026-04-08 03:42:28 - httpx - INFO - HTTP Request: POST http://127.0.0.1:11434/api/chat "HTTP/1.1 500 Internal Server Error"
2026-04-08 03:42:28 - root - WARNING - [WARN] Retry 2/3 for model magicoder:7b-s-cl: mkdir /home/sahand.moslemi/.ollama/models: permission denied: ensure path elements are traversable (status code: 500)
2026-04-08 03:42:33 - httpx - INFO - HTTP Request: POST http://127.0.0.1:11434/api/chat "HTTP/1.1 500 Internal Server Error"
2026-04-08 03:42:33 - root - WARNING - [WARN] Retry 2/3 for model magicoder:7b-s-cl: mkdir /home/sahand.moslemi/.ollama/models: permission denied: ensure path elements are traversable (status code: 500)
2026-04-08 03:42:38 - httpx - INFO - HTTP Request: POST http://127.0.0.1:11434/api/chat "HTTP/1.1 500 Internal Server Error"
2026-04-08 03:42:38 - root - WARNING - [WARN] Retry 2/3 for model magicoder:7b-s-cl: mkdir /home/sahand.moslemi/.ollama/models: permission denied: ensure path elements are traversable (status code: 500)
2026-04-08 03:42:43 - httpx - INFO - HTTP Request: POST http://127.0.0.1:11434/api/chat "HTTP/1.1 500 Internal Server Error"
2026-04-08 03:42:43 - root - WARNING - [WARN] Retry 2/3 for model magicoder:7b-s-cl: mkdir /home/sahand.moslemi/.ollama/models: permission denied: ensure path elements are traversable (status code: 500)
2026-04-08 03:42:48 - httpx - INFO - HTTP Request: POST http://127.0.0.1:11434/api/chat "HTTP/1.1 500 Internal Server Error"
2026-04-08 03:42:48 - root - WARNING - [WARN] Retry 2/3 for model magicoder:7b-s-cl: mkdir /home/sahand.moslemi/.ollama/models: permission denied: ensure path elements are traversable (status code: 500)
2026-04-08 03:42:53 - httpx - INFO - HTTP Request: POST http://127.0.0.1:11434/api/chat "HTTP/1.1 500 Internal Server Error"
2026-04-08 03:42:53 - root - WARNING - [WARN] Retry 2/3 for model magicoder:7b-s-cl: mkdir /home/sahand.moslemi/.ollama/models: permission denied: ensure path elements are traversable (status code: 500)
2026-04-08 03:42:58 - httpx - INFO - HTTP Request: POST http://127.0.0.1:11434/api/chat "HTTP/1.1 500 Internal Server Error"
2026-04-08 03:42:58 - root - WARNING - [WARN] Retry 2/3 for model magicoder:7b-s-cl: mkdir /home/sahand.moslemi/.ollama/models: permission denied: ensure path elements are traversable (status code: 500)
2026-04-08 03:43:03 - httpx - INFO - HTTP Request: POST http://127.0.0.1:11434/api/chat "HTTP/1.1 500 Internal Server Error"
2026-04-08 03:43:03 - root - WARNING - [WARN] Retry 2/3 for model magicoder:7b-s-cl: mkdir /home/sahand.moslemi/.ollama/models: permission denied: ensure path elements are traversable (status code: 500)
2026-04-08 03:43:08 - httpx - INFO - HTTP Request: POST http://127.0.0.1:11434/api/chat "HTTP/1.1 500 Internal Server Error"
2026-04-08 03:43:08 - root - WARNING - [WARN] Retry 2/3 for model magicoder:7b-s-cl: mkdir /home/sahand.moslemi/.ollama/models: permission denied: ensure path elements are traversable (status code: 500)
2026-04-08 03:43:13 - httpx - INFO - HTTP Request: POST http://127.0.0.1:11434/api/chat "HTTP/1.1 500 Internal Server Error"
2026-04-08 03:43:13 - root - WARNING - [WARN] Retry 2/3 for model magicoder:7b-s-cl: mkdir /home/sahand.moslemi/.ollama/models: permission denied: ensure path elements are traversable (status code: 500)
2026-04-08 03:43:18 - httpx - INFO - HTTP Request: POST http://127.0.0.1:11434/api/chat "HTTP/1.1 500 Internal Server Error"
2026-04-08 03:43:18 - root - WARNING - [WARN] Retry 2/3 for model magicoder:7b-s-cl: mkdir /home/sahand.moslemi/.ollama/models: permission denied: ensure path elements are traversable (status code: 500)
2026-04-08 03:43:23 - httpx - INFO - HTTP Request: POST http://127.0.0.1:11434/api/chat "HTTP/1.1 500 Internal Server Error"
2026-04-08 03:43:24 - root - WARNING - [WARN] Retry 2/3 for model magicoder:7b-s-cl: mkdir /home/sahand.moslemi/.ollama/models: permission denied: ensure path elements are traversable (status code: 500)
2026-04-08 03:43:29 - httpx - INFO - HTTP Request: POST http://127.0.0.1:11434/api/chat "HTTP/1.1 500 Internal Server Error"
2026-04-08 03:43:29 - root - WARNING - [WARN] Retry 2/3 for model magicoder:7b-s-cl: mkdir /home/sahand.moslemi/.ollama/models: permission denied: ensure path elements are traversable (status code: 500)
2026-04-08 03:43:34 - httpx - INFO - HTTP Request: POST http://127.0.0.1:11434/api/chat "HTTP/1.1 500 Internal Server Error"
2026-04-08 03:43:34 - root - WARNING - [WARN] Retry 2/3 for model magicoder:7b-s-cl: mkdir /home/sahand.moslemi/.ollama/models: permission denied: ensure path elements are traversable (status code: 500)
2026-04-08 03:43:39 - httpx - INFO - HTTP Request: POST http://127.0.0.1:11434/api/chat "HTTP/1.1 500 Internal Server Error"
2026-04-08 03:43:39 - root - WARNING - [WARN] Retry 2/3 for model magicoder:7b-s-cl: mkdir /home/sahand.moslemi/.ollama/models: permission denied: ensure path elements are traversable (status code: 500)
2026-04-08 03:43:44 - httpx - INFO - HTTP Request: POST http://127.0.0.1:11434/api/chat "HTTP/1.1 500 Internal Server Error"
2026-04-08 03:43:44 - root - WARNING - [WARN] Retry 2/3 for model magicoder:7b-s-cl: mkdir /home/sahand.moslemi/.ollama/models: permission denied: ensure path elements are traversable (status code: 500)
2026-04-08 03:43:49 - httpx - INFO - HTTP Request: POST http://127.0.0.1:11434/api/chat "HTTP/1.1 500 Internal Server Error"
2026-04-08 03:43:49 - root - WARNING - [WARN] Retry 2/3 for model magicoder:7b-s-cl: mkdir /home/sahand.moslemi/.ollama/models: permission denied: ensure path elements are traversable (status code: 500)
2026-04-08 03:43:54 - httpx - INFO - HTTP Request: POST http://127.0.0.1:11434/api/chat "HTTP/1.1 500 Internal Server Error"
2026-04-08 03:43:54 - root - WARNING - [WARN] Retry 2/3 for model magicoder:7b-s-cl: mkdir /home/sahand.moslemi/.ollama/models: permission denied: ensure path elements are traversable (status code: 500)
2026-04-08 03:43:59 - httpx - INFO - HTTP Request: POST http://127.0.0.1:11434/api/chat "HTTP/1.1 500 Internal Server Error"
2026-04-08 03:43:59 - root - WARNING - [WARN] Retry 2/3 for model magicoder:7b-s-cl: mkdir /home/sahand.moslemi/.ollama/models: permission denied: ensure path elements are traversable (status code: 500)
2026-04-08 03:44:04 - httpx - INFO - HTTP Request: POST http://127.0.0.1:11434/api/chat "HTTP/1.1 500 Internal Server Error"
2026-04-08 03:44:04 - root - WARNING - [WARN] Retry 2/3 for model magicoder:7b-s-cl: mkdir /home/sahand.moslemi/.ollama/models: permission denied: ensure path elements are traversable (status code: 500)
2026-04-08 03:44:09 - httpx - INFO - HTTP Request: POST http://127.0.0.1:11434/api/chat "HTTP/1.1 500 Internal Server Error"
2026-04-08 03:44:09 - root - WARNING - [WARN] Retry 2/3 for model magicoder:7b-s-cl: mkdir /home/sahand.moslemi/.ollama/models: permission denied: ensure path elements are traversable (status code: 500)
2026-04-08 03:44:14 - httpx - INFO - HTTP Request: POST http://127.0.0.1:11434/api/chat "HTTP/1.1 500 Internal Server Error"
2026-04-08 03:44:14 - root - WARNING - [WARN] Retry 2/3 for model magicoder:7b-s-cl: mkdir /home/sahand.moslemi/.ollama/models: permission denied: ensure path elements are traversable (status code: 500)
2026-04-08 03:44:19 - httpx - INFO - HTTP Request: POST http://127.0.0.1:11434/api/chat "HTTP/1.1 500 Internal Server Error"
2026-04-08 03:44:19 - root - WARNING - [WARN] Retry 2/3 for model magicoder:7b-s-cl: mkdir /home/sahand.moslemi/.ollama/models: permission denied: ensure path elements are traversable (status code: 500)
2026-04-08 03:44:24 - httpx - INFO - HTTP Request: POST http://127.0.0.1:11434/api/chat "HTTP/1.1 500 Internal Server Error"
2026-04-08 03:44:24 - root - WARNING - [WARN] Retry 2/3 for model magicoder:7b-s-cl: mkdir /home/sahand.moslemi/.ollama/models: permission denied: ensure path elements are traversable (status code: 500)
2026-04-08 03:44:29 - httpx - INFO - HTTP Request: POST http://127.0.0.1:11434/api/chat "HTTP/1.1 500 Internal Server Error"
2026-04-08 03:44:29 - root - WARNING - [WARN] Retry 2/3 for model magicoder:7b-s-cl: mkdir /home/sahand.moslemi/.ollama/models: permission denied: ensure path elements are traversable (status code: 500)
2026-04-08 03:44:34 - httpx - INFO - HTTP Request: POST http://127.0.0.1:11434/api/chat "HTTP/1.1 500 Internal Server Error"
2026-04-08 03:44:34 - root - WARNING - [WARN] Retry 2/3 for model magicoder:7b-s-cl: mkdir /home/sahand.moslemi/.ollama/models: permission denied: ensure path elements are traversable (status code: 500)
2026-04-08 03:44:39 - httpx - INFO - HTTP Request: POST http://127.0.0.1:11434/api/chat "HTTP/1.1 500 Internal Server Error"
2026-04-08 03:44:39 - root - WARNING - [WARN] Retry 2/3 for model magicoder:7b-s-cl: mkdir /home/sahand.moslemi/.ollama/models: permission denied: ensure path elements are traversable (status code: 500)
2026-04-08 03:44:44 - httpx - INFO - HTTP Request: POST http://127.0.0.1:11434/api/chat "HTTP/1.1 500 Internal Server Error"
2026-04-08 03:44:44 - root - WARNING - [WARN] Retry 2/3 for model magicoder:7b-s-cl: mkdir /home/sahand.moslemi/.ollama/models: permission denied: ensure path elements are traversable (status code: 500)
2026-04-08 03:44:49 - httpx - INFO - HTTP Request: POST http://127.0.0.1:11434/api/chat "HTTP/1.1 500 Internal Server Error"
2026-04-08 03:44:49 - root - WARNING - [WARN] Retry 2/3 for model magicoder:7b-s-cl: mkdir /home/sahand.moslemi/.ollama/models: permission denied: ensure path elements are traversable (status code: 500)
2026-04-08 03:44:54 - httpx - INFO - HTTP Request: POST http://127.0.0.1:11434/api/chat "HTTP/1.1 500 Internal Server Error"
2026-04-08 03:44:54 - root - WARNING - [WARN] Retry 2/3 for model magicoder:7b-s-cl: mkdir /home/sahand.moslemi/.ollama/models: permission denied: ensure path elements are traversable (status code: 500)
2026-04-08 03:44:59 - httpx - INFO - HTTP Request: POST http://127.0.0.1:11434/api/chat "HTTP/1.1 500 Internal Server Error"
2026-04-08 03:44:59 - root - WARNING - [WARN] Retry 2/3 for model magicoder:7b-s-cl: mkdir /home/sahand.moslemi/.ollama/models: permission denied: ensure path elements are traversable (status code: 500)
2026-04-08 03:45:04 - httpx - INFO - HTTP Request: POST http://127.0.0.1:11434/api/chat "HTTP/1.1 500 Internal Server Error"
2026-04-08 03:45:04 - root - WARNING - [WARN] Retry 2/3 for model magicoder:7b-s-cl: mkdir /home/sahand.moslemi/.ollama/models: permission denied: ensure path elements are traversable (status code: 500)
2026-04-08 03:45:09 - httpx - INFO - HTTP Request: POST http://127.0.0.1:11434/api/chat "HTTP/1.1 500 Internal Server Error"
2026-04-08 03:45:09 - root - WARNING - [WARN] Retry 2/3 for model magicoder:7b-s-cl: mkdir /home/sahand.moslemi/.ollama/models: permission denied: ensure path elements are traversable (status code: 500)
2026-04-08 03:45:14 - httpx - INFO - HTTP Request: POST http://127.0.0.1:11434/api/chat "HTTP/1.1 500 Internal Server Error"
2026-04-08 03:45:14 - root - WARNING - [WARN] Retry 2/3 for model magicoder:7b-s-cl: mkdir /home/sahand.moslemi/.ollama/models: permission denied: ensure path elements are traversable (status code: 500)
2026-04-08 03:45:19 - httpx - INFO - HTTP Request: POST http://127.0.0.1:11434/api/chat "HTTP/1.1 500 Internal Server Error"
2026-04-08 03:45:19 - root - WARNING - [WARN] Retry 2/3 for model magicoder:7b-s-cl: mkdir /home/sahand.moslemi/.ollama/models: permission denied: ensure path elements are traversable (status code: 500)
2026-04-08 03:45:24 - httpx - INFO - HTTP Request: POST http://127.0.0.1:11434/api/chat "HTTP/1.1 500 Internal Server Error"
2026-04-08 03:45:24 - root - WARNING - [WARN] Retry 2/3 for model magicoder:7b-s-cl: mkdir /home/sahand.moslemi/.ollama/models: permission denied: ensure path elements are traversable (status code: 500)
2026-04-08 03:45:29 - httpx - INFO - HTTP Request: POST http://127.0.0.1:11434/api/chat "HTTP/1.1 500 Internal Server Error"
2026-04-08 03:45:29 - root - WARNING - [WARN] Retry 2/3 for model magicoder:7b-s-cl: mkdir /home/sahand.moslemi/.ollama/models: permission denied: ensure path elements are traversable (status code: 500)
2026-04-08 03:45:34 - httpx - INFO - HTTP Request: POST http://127.0.0.1:11434/api/chat "HTTP/1.1 500 Internal Server Error"
2026-04-08 03:45:34 - root - WARNING - [WARN] Retry 2/3 for model magicoder:7b-s-cl: mkdir /home/sahand.moslemi/.ollama/models: permission denied: ensure path elements are traversable (status code: 500)
2026-04-08 03:45:39 - httpx - INFO - HTTP Request: POST http://127.0.0.1:11434/api/chat "HTTP/1.1 500 Internal Server Error"
2026-04-08 03:45:39 - root - WARNING - [WARN] Retry 2/3 for model magicoder:7b-s-cl: mkdir /home/sahand.moslemi/.ollama/models: permission denied: ensure path elements are traversable (status code: 500)
2026-04-08 03:45:44 - httpx - INFO - HTTP Request: POST http://127.0.0.1:11434/api/chat "HTTP/1.1 500 Internal Server Error"
2026-04-08 03:45:44 - root - WARNING - [WARN] Retry 2/3 for model magicoder:7b-s-cl: mkdir /home/sahand.moslemi/.ollama/models: permission denied: ensure path elements are traversable (status code: 500)
2026-04-08 03:45:49 - httpx - INFO - HTTP Request: POST http://127.0.0.1:11434/api/chat "HTTP/1.1 500 Internal Server Error"
2026-04-08 03:45:49 - root - WARNING - [WARN] Retry 2/3 for model magicoder:7b-s-cl: mkdir /home/sahand.moslemi/.ollama/models: permission denied: ensure path elements are traversable (status code: 500)
2026-04-08 03:45:54 - httpx - INFO - HTTP Request: POST http://127.0.0.1:11434/api/chat "HTTP/1.1 500 Internal Server Error"
2026-04-08 03:45:54 - root - WARNING - [WARN] Retry 2/3 for model magicoder:7b-s-cl: mkdir /home/sahand.moslemi/.ollama/models: permission denied: ensure path elements are traversable (status code: 500)
2026-04-08 03:45:59 - httpx - INFO - HTTP Request: POST http://127.0.0.1:11434/api/chat "HTTP/1.1 500 Internal Server Error"
2026-04-08 03:45:59 - root - WARNING - [WARN] Retry 2/3 for model magicoder:7b-s-cl: mkdir /home/sahand.moslemi/.ollama/models: permission denied: ensure path elements are traversable (status code: 500)
2026-04-08 03:46:04 - httpx - INFO - HTTP Request: POST http://127.0.0.1:11434/api/chat "HTTP/1.1 500 Internal Server Error"
2026-04-08 03:46:04 - root - WARNING - [WARN] Retry 2/3 for model magicoder:7b-s-cl: mkdir /home/sahand.moslemi/.ollama/models: permission denied: ensure path elements are traversable (status code: 500)
2026-04-08 03:46:09 - httpx - INFO - HTTP Request: POST http://127.0.0.1:11434/api/chat "HTTP/1.1 500 Internal Server Error"
2026-04-08 03:46:09 - root - WARNING - [WARN] Retry 2/3 for model magicoder:7b-s-cl: mkdir /home/sahand.moslemi/.ollama/models: permission denied: ensure path elements are traversable (status code: 500)
2026-04-08 03:46:14 - httpx - INFO - HTTP Request: POST http://127.0.0.1:11434/api/chat "HTTP/1.1 500 Internal Server Error"
2026-04-08 03:46:14 - root - WARNING - [WARN] Retry 2/3 for model magicoder:7b-s-cl: mkdir /home/sahand.moslemi/.ollama/models: permission denied: ensure path elements are traversable (status code: 500)
2026-04-08 03:46:19 - httpx - INFO - HTTP Request: POST http://127.0.0.1:11434/api/chat "HTTP/1.1 500 Internal Server Error"
2026-04-08 03:46:19 - root - WARNING - [WARN] Retry 2/3 for model magicoder:7b-s-cl: mkdir /home/sahand.moslemi/.ollama/models: permission denied: ensure path elements are traversable (status code: 500)
2026-04-08 03:46:24 - httpx - INFO - HTTP Request: POST http://127.0.0.1:11434/api/chat "HTTP/1.1 500 Internal Server Error"
2026-04-08 03:46:24 - root - WARNING - [WARN] Retry 2/3 for model magicoder:7b-s-cl: mkdir /home/sahand.moslemi/.ollama/models: permission denied: ensure path elements are traversable (status code: 500)
2026-04-08 03:46:29 - httpx - INFO - HTTP Request: POST http://127.0.0.1:11434/api/chat "HTTP/1.1 500 Internal Server Error"
2026-04-08 03:46:29 - root - WARNING - [WARN] Retry 2/3 for model magicoder:7b-s-cl: mkdir /home/sahand.moslemi/.ollama/models: permission denied: ensure path elements are traversable (status code: 500)
2026-04-08 03:46:34 - httpx - INFO - HTTP Request: POST http://127.0.0.1:11434/api/chat "HTTP/1.1 500 Internal Server Error"
2026-04-08 03:46:34 - root - WARNING - [WARN] Retry 2/3 for model magicoder:7b-s-cl: mkdir /home/sahand.moslemi/.ollama/models: permission denied: ensure path elements are traversable (status code: 500)
2026-04-08 03:46:39 - httpx - INFO - HTTP Request: POST http://127.0.0.1:11434/api/chat "HTTP/1.1 500 Internal Server Error"
2026-04-08 03:46:39 - root - WARNING - [WARN] Retry 2/3 for model magicoder:7b-s-cl: mkdir /home/sahand.moslemi/.ollama/models: permission denied: ensure path elements are traversable (status code: 500)
2026-04-08 03:46:44 - httpx - INFO - HTTP Request: POST http://127.0.0.1:11434/api/chat "HTTP/1.1 500 Internal Server Error"
2026-04-08 03:46:44 - root - WARNING - [WARN] Retry 2/3 for model magicoder:7b-s-cl: mkdir /home/sahand.moslemi/.ollama/models: permission denied: ensure path elements are traversable (status code: 500)
2026-04-08 03:46:49 - httpx - INFO - HTTP Request: POST http://127.0.0.1:11434/api/chat "HTTP/1.1 500 Internal Server Error"
2026-04-08 03:46:49 - root - WARNING - [WARN] Retry 2/3 for model magicoder:7b-s-cl: mkdir /home/sahand.moslemi/.ollama/models: permission denied: ensure path elements are traversable (status code: 500)
2026-04-08 03:46:54 - httpx - INFO - HTTP Request: POST http://127.0.0.1:11434/api/chat "HTTP/1.1 500 Internal Server Error"
2026-04-08 03:46:54 - root - WARNING - [WARN] Retry 2/3 for model magicoder:7b-s-cl: mkdir /home/sahand.moslemi/.ollama/models: permission denied: ensure path elements are traversable (status code: 500)
2026-04-08 03:46:59 - httpx - INFO - HTTP Request: POST http://127.0.0.1:11434/api/chat "HTTP/1.1 500 Internal Server Error"
2026-04-08 03:46:59 - root - WARNING - [WARN] Retry 2/3 for model magicoder:7b-s-cl: mkdir /home/sahand.moslemi/.ollama/models: permission denied: ensure path elements are traversable (status code: 500)
2026-04-08 03:47:04 - httpx - INFO - HTTP Request: POST http://127.0.0.1:11434/api/chat "HTTP/1.1 500 Internal Server Error"
2026-04-08 03:47:04 - root - WARNING - [WARN] Retry 2/3 for model magicoder:7b-s-cl: mkdir /home/sahand.moslemi/.ollama/models: permission denied: ensure path elements are traversable (status code: 500)
2026-04-08 03:47:09 - httpx - INFO - HTTP Request: POST http://127.0.0.1:11434/api/chat "HTTP/1.1 500 Internal Server Error"
2026-04-08 03:47:09 - root - WARNING - [WARN] Retry 2/3 for model magicoder:7b-s-cl: mkdir /home/sahand.moslemi/.ollama/models: permission denied: ensure path elements are traversable (status code: 500)
2026-04-08 03:47:14 - httpx - INFO - HTTP Request: POST http://127.0.0.1:11434/api/chat "HTTP/1.1 500 Internal Server Error"
2026-04-08 03:47:14 - root - WARNING - [WARN] Retry 2/3 for model magicoder:7b-s-cl: mkdir /home/sahand.moslemi/.ollama/models: permission denied: ensure path elements are traversable (status code: 500)
2026-04-08 03:47:19 - httpx - INFO - HTTP Request: POST http://127.0.0.1:11434/api/chat "HTTP/1.1 500 Internal Server Error"
2026-04-08 03:47:19 - root - WARNING - [WARN] Retry 2/3 for model magicoder:7b-s-cl: mkdir /home/sahand.moslemi/.ollama/models: permission denied: ensure path elements are traversable (status code: 500)
2026-04-08 03:47:24 - httpx - INFO - HTTP Request: POST http://127.0.0.1:11434/api/chat "HTTP/1.1 500 Internal Server Error"
2026-04-08 03:47:24 - root - WARNING - [WARN] Retry 2/3 for model magicoder:7b-s-cl: mkdir /home/sahand.moslemi/.ollama/models: permission denied: ensure path elements are traversable (status code: 500)
2026-04-08 03:47:29 - httpx - INFO - HTTP Request: POST http://127.0.0.1:11434/api/chat "HTTP/1.1 500 Internal Server Error"
2026-04-08 03:47:29 - root - WARNING - [WARN] Retry 2/3 for model magicoder:7b-s-cl: mkdir /home/sahand.moslemi/.ollama/models: permission denied: ensure path elements are traversable (status code: 500)
2026-04-08 03:47:34 - httpx - INFO - HTTP Request: POST http://127.0.0.1:11434/api/chat "HTTP/1.1 500 Internal Server Error"
2026-04-08 03:47:34 - root - WARNING - [WARN] Retry 2/3 for model magicoder:7b-s-cl: mkdir /home/sahand.moslemi/.ollama/models: permission denied: ensure path elements are traversable (status code: 500)
2026-04-08 03:47:39 - httpx - INFO - HTTP Request: POST http://127.0.0.1:11434/api/chat "HTTP/1.1 500 Internal Server Error"
2026-04-08 03:47:39 - root - WARNING - [WARN] Retry 2/3 for model magicoder:7b-s-cl: mkdir /home/sahand.moslemi/.ollama/models: permission denied: ensure path elements are traversable (status code: 500)
2026-04-08 03:47:44 - httpx - INFO - HTTP Request: POST http://127.0.0.1:11434/api/chat "HTTP/1.1 500 Internal Server Error"
2026-04-08 03:47:44 - root - WARNING - [WARN] Retry 2/3 for model magicoder:7b-s-cl: mkdir /home/sahand.moslemi/.ollama/models: permission denied: ensure path elements are traversable (status code: 500)
2026-04-08 03:47:49 - httpx - INFO - HTTP Request: POST http://127.0.0.1:11434/api/chat "HTTP/1.1 500 Internal Server Error"
2026-04-08 03:47:49 - root - WARNING - [WARN] Retry 2/3 for model magicoder:7b-s-cl: mkdir /home/sahand.moslemi/.ollama/models: permission denied: ensure path elements are traversable (status code: 500)
2026-04-08 03:47:54 - httpx - INFO - HTTP Request: POST http://127.0.0.1:11434/api/chat "HTTP/1.1 500 Internal Server Error"
2026-04-08 03:47:54 - root - WARNING - [WARN] Retry 2/3 for model magicoder:7b-s-cl: mkdir /home/sahand.moslemi/.ollama/models: permission denied: ensure path elements are traversable (status code: 500)
2026-04-08 03:47:59 - httpx - INFO - HTTP Request: POST http://127.0.0.1:11434/api/chat "HTTP/1.1 500 Internal Server Error"
2026-04-08 03:47:59 - root - WARNING - [WARN] Retry 2/3 for model magicoder:7b-s-cl: mkdir /home/sahand.moslemi/.ollama/models: permission denied: ensure path elements are traversable (status code: 500)
2026-04-08 03:48:04 - httpx - INFO - HTTP Request: POST http://127.0.0.1:11434/api/chat "HTTP/1.1 500 Internal Server Error"
2026-04-08 03:48:04 - root - WARNING - [WARN] Retry 2/3 for model magicoder:7b-s-cl: mkdir /home/sahand.moslemi/.ollama/models: permission denied: ensure path elements are traversable (status code: 500)
2026-04-08 03:48:09 - httpx - INFO - HTTP Request: POST http://127.0.0.1:11434/api/chat "HTTP/1.1 500 Internal Server Error"
2026-04-08 03:48:09 - root - WARNING - [WARN] Retry 2/3 for model magicoder:7b-s-cl: mkdir /home/sahand.moslemi/.ollama/models: permission denied: ensure path elements are traversable (status code: 500)
2026-04-08 03:48:14 - httpx - INFO - HTTP Request: POST http://127.0.0.1:11434/api/chat "HTTP/1.1 500 Internal Server Error"
2026-04-08 03:48:14 - root - WARNING - [WARN] Retry 2/3 for model magicoder:7b-s-cl: mkdir /home/sahand.moslemi/.ollama/models: permission denied: ensure path elements are traversable (status code: 500)
2026-04-08 03:48:19 - httpx - INFO - HTTP Request: POST http://127.0.0.1:11434/api/chat "HTTP/1.1 500 Internal Server Error"
2026-04-08 03:48:19 - root - WARNING - [WARN] Retry 2/3 for model magicoder:7b-s-cl: mkdir /home/sahand.moslemi/.ollama/models: permission denied: ensure path elements are traversable (status code: 500)
2026-04-08 03:48:24 - httpx - INFO - HTTP Request: POST http://127.0.0.1:11434/api/chat "HTTP/1.1 500 Internal Server Error"
2026-04-08 03:48:24 - root - WARNING - [WARN] Retry 2/3 for model magicoder:7b-s-cl: mkdir /home/sahand.moslemi/.ollama/models: permission denied: ensure path elements are traversable (status code: 500)
2026-04-08 03:48:29 - httpx - INFO - HTTP Request: POST http://127.0.0.1:11434/api/chat "HTTP/1.1 500 Internal Server Error"
2026-04-08 03:48:29 - root - WARNING - [WARN] Retry 2/3 for model magicoder:7b-s-cl: mkdir /home/sahand.moslemi/.ollama/models: permission denied: ensure path elements are traversable (status code: 500)
2026-04-08 03:48:35 - httpx - INFO - HTTP Request: POST http://127.0.0.1:11434/api/chat "HTTP/1.1 500 Internal Server Error"
2026-04-08 03:48:35 - root - WARNING - [WARN] Retry 2/3 for model magicoder:7b-s-cl: mkdir /home/sahand.moslemi/.ollama/models: permission denied: ensure path elements are traversable (status code: 500)
2026-04-08 03:48:40 - httpx - INFO - HTTP Request: POST http://127.0.0.1:11434/api/chat "HTTP/1.1 500 Internal Server Error"
2026-04-08 03:48:40 - root - WARNING - [WARN] Retry 2/3 for model magicoder:7b-s-cl: mkdir /home/sahand.moslemi/.ollama/models: permission denied: ensure path elements are traversable (status code: 500)
2026-04-08 03:48:45 - httpx - INFO - HTTP Request: POST http://127.0.0.1:11434/api/chat "HTTP/1.1 500 Internal Server Error"
2026-04-08 03:48:45 - root - WARNING - [WARN] Retry 2/3 for model magicoder:7b-s-cl: mkdir /home/sahand.moslemi/.ollama/models: permission denied: ensure path elements are traversable (status code: 500)
2026-04-08 03:48:50 - httpx - INFO - HTTP Request: POST http://127.0.0.1:11434/api/chat "HTTP/1.1 500 Internal Server Error"
2026-04-08 03:48:50 - root - WARNING - [WARN] Retry 2/3 for model magicoder:7b-s-cl: mkdir /home/sahand.moslemi/.ollama/models: permission denied: ensure path elements are traversable (status code: 500)
2026-04-08 03:48:55 - httpx - INFO - HTTP Request: POST http://127.0.0.1:11434/api/chat "HTTP/1.1 500 Internal Server Error"
2026-04-08 03:48:55 - root - WARNING - [WARN] Retry 2/3 for model magicoder:7b-s-cl: mkdir /home/sahand.moslemi/.ollama/models: permission denied: ensure path elements are traversable (status code: 500)
2026-04-08 03:49:00 - httpx - INFO - HTTP Request: POST http://127.0.0.1:11434/api/chat "HTTP/1.1 500 Internal Server Error"
2026-04-08 03:49:00 - root - WARNING - [WARN] Retry 2/3 for model magicoder:7b-s-cl: mkdir /home/sahand.moslemi/.ollama/models: permission denied: ensure path elements are traversable (status code: 500)
2026-04-08 03:49:05 - httpx - INFO - HTTP Request: POST http://127.0.0.1:11434/api/chat "HTTP/1.1 500 Internal Server Error"
2026-04-08 03:49:05 - root - WARNING - [WARN] Retry 2/3 for model magicoder:7b-s-cl: mkdir /home/sahand.moslemi/.ollama/models: permission denied: ensure path elements are traversable (status code: 500)
2026-04-08 03:49:10 - httpx - INFO - HTTP Request: POST http://127.0.0.1:11434/api/chat "HTTP/1.1 500 Internal Server Error"
2026-04-08 03:49:10 - root - WARNING - [WARN] Retry 2/3 for model magicoder:7b-s-cl: mkdir /home/sahand.moslemi/.ollama/models: permission denied: ensure path elements are traversable (status code: 500)
2026-04-08 03:49:15 - httpx - INFO - HTTP Request: POST http://127.0.0.1:11434/api/chat "HTTP/1.1 500 Internal Server Error"
2026-04-08 03:49:15 - root - WARNING - [WARN] Retry 2/3 for model magicoder:7b-s-cl: mkdir /home/sahand.moslemi/.ollama/models: permission denied: ensure path elements are traversable (status code: 500)
2026-04-08 03:49:20 - httpx - INFO - HTTP Request: POST http://127.0.0.1:11434/api/chat "HTTP/1.1 500 Internal Server Error"
2026-04-08 03:49:20 - root - WARNING - [WARN] Retry 2/3 for model magicoder:7b-s-cl: mkdir /home/sahand.moslemi/.ollama/models: permission denied: ensure path elements are traversable (status code: 500)
2026-04-08 03:49:25 - httpx - INFO - HTTP Request: POST http://127.0.0.1:11434/api/chat "HTTP/1.1 500 Internal Server Error"
2026-04-08 03:49:25 - root - WARNING - [WARN] Retry 2/3 for model magicoder:7b-s-cl: mkdir /home/sahand.moslemi/.ollama/models: permission denied: ensure path elements are traversable (status code: 500)
2026-04-08 03:49:30 - httpx - INFO - HTTP Request: POST http://127.0.0.1:11434/api/chat "HTTP/1.1 500 Internal Server Error"
2026-04-08 03:49:30 - root - WARNING - [WARN] Retry 2/3 for model magicoder:7b-s-cl: mkdir /home/sahand.moslemi/.ollama/models: permission denied: ensure path elements are traversable (status code: 500)
2026-04-08 03:49:35 - httpx - INFO - HTTP Request: POST http://127.0.0.1:11434/api/chat "HTTP/1.1 500 Internal Server Error"
2026-04-08 03:49:35 - root - WARNING - [WARN] Retry 2/3 for model magicoder:7b-s-cl: mkdir /home/sahand.moslemi/.ollama/models: permission denied: ensure path elements are traversable (status code: 500)
2026-04-08 03:49:40 - httpx - INFO - HTTP Request: POST http://127.0.0.1:11434/api/chat "HTTP/1.1 500 Internal Server Error"
2026-04-08 03:49:40 - root - WARNING - [WARN] Retry 2/3 for model magicoder:7b-s-cl: mkdir /home/sahand.moslemi/.ollama/models: permission denied: ensure path elements are traversable (status code: 500)
2026-04-08 03:49:45 - httpx - INFO - HTTP Request: POST http://127.0.0.1:11434/api/chat "HTTP/1.1 500 Internal Server Error"
2026-04-08 03:49:45 - root - WARNING - [WARN] Retry 2/3 for model magicoder:7b-s-cl: mkdir /home/sahand.moslemi/.ollama/models: permission denied: ensure path elements are traversable (status code: 500)
2026-04-08 03:49:50 - httpx - INFO - HTTP Request: POST http://127.0.0.1:11434/api/chat "HTTP/1.1 500 Internal Server Error"
2026-04-08 03:49:50 - root - WARNING - [WARN] Retry 2/3 for model magicoder:7b-s-cl: mkdir /home/sahand.moslemi/.ollama/models: permission denied: ensure path elements are traversable (status code: 500)
2026-04-08 03:49:55 - httpx - INFO - HTTP Request: POST http://127.0.0.1:11434/api/chat "HTTP/1.1 500 Internal Server Error"
2026-04-08 03:49:55 - root - WARNING - [WARN] Retry 2/3 for model magicoder:7b-s-cl: mkdir /home/sahand.moslemi/.ollama/models: permission denied: ensure path elements are traversable (status code: 500)
2026-04-08 03:50:00 - httpx - INFO - HTTP Request: POST http://127.0.0.1:11434/api/chat "HTTP/1.1 500 Internal Server Error"
2026-04-08 03:50:00 - root - WARNING - [WARN] Retry 2/3 for model magicoder:7b-s-cl: mkdir /home/sahand.moslemi/.ollama/models: permission denied: ensure path elements are traversable (status code: 500)
2026-04-08 03:50:05 - httpx - INFO - HTTP Request: POST http://127.0.0.1:11434/api/chat "HTTP/1.1 500 Internal Server Error"
2026-04-08 03:50:05 - root - WARNING - [WARN] Retry 2/3 for model magicoder:7b-s-cl: mkdir /home/sahand.moslemi/.ollama/models: permission denied: ensure path elements are traversable (status code: 500)
2026-04-08 03:50:10 - httpx - INFO - HTTP Request: POST http://127.0.0.1:11434/api/chat "HTTP/1.1 500 Internal Server Error"
2026-04-08 03:50:10 - root - WARNING - [WARN] Retry 2/3 for model magicoder:7b-s-cl: mkdir /home/sahand.moslemi/.ollama/models: permission denied: ensure path elements are traversable (status code: 500)
2026-04-08 03:50:15 - httpx - INFO - HTTP Request: POST http://127.0.0.1:11434/api/chat "HTTP/1.1 500 Internal Server Error"
2026-04-08 03:50:15 - root - WARNING - [WARN] Retry 2/3 for model magicoder:7b-s-cl: mkdir /home/sahand.moslemi/.ollama/models: permission denied: ensure path elements are traversable (status code: 500)
2026-04-08 03:50:20 - httpx - INFO - HTTP Request: POST http://127.0.0.1:11434/api/chat "HTTP/1.1 500 Internal Server Error"
2026-04-08 03:50:20 - root - WARNING - [WARN] Retry 2/3 for model magicoder:7b-s-cl: mkdir /home/sahand.moslemi/.ollama/models: permission denied: ensure path elements are traversable (status code: 500)
2026-04-08 03:50:25 - httpx - INFO - HTTP Request: POST http://127.0.0.1:11434/api/chat "HTTP/1.1 500 Internal Server Error"
2026-04-08 03:50:25 - root - WARNING - [WARN] Retry 2/3 for model magicoder:7b-s-cl: mkdir /home/sahand.moslemi/.ollama/models: permission denied: ensure path elements are traversable (status code: 500)
2026-04-08 03:50:30 - httpx - INFO - HTTP Request: POST http://127.0.0.1:11434/api/chat "HTTP/1.1 500 Internal Server Error"
2026-04-08 03:50:30 - root - WARNING - [WARN] Retry 2/3 for model magicoder:7b-s-cl: mkdir /home/sahand.moslemi/.ollama/models: permission denied: ensure path elements are traversable (status code: 500)
2026-04-08 03:50:35 - httpx - INFO - HTTP Request: POST http://127.0.0.1:11434/api/chat "HTTP/1.1 500 Internal Server Error"
2026-04-08 03:50:35 - root - WARNING - [WARN] Retry 2/3 for model magicoder:7b-s-cl: mkdir /home/sahand.moslemi/.ollama/models: permission denied: ensure path elements are traversable (status code: 500)
2026-04-08 03:50:40 - httpx - INFO - HTTP Request: POST http://127.0.0.1:11434/api/chat "HTTP/1.1 500 Internal Server Error"
2026-04-08 03:50:40 - root - WARNING - [WARN] Retry 2/3 for model magicoder:7b-s-cl: mkdir /home/sahand.moslemi/.ollama/models: permission denied: ensure path elements are traversable (status code: 500)
2026-04-08 03:50:45 - httpx - INFO - HTTP Request: POST http://127.0.0.1:11434/api/chat "HTTP/1.1 500 Internal Server Error"
2026-04-08 03:50:45 - root - WARNING - [WARN] Retry 2/3 for model magicoder:7b-s-cl: mkdir /home/sahand.moslemi/.ollama/models: permission denied: ensure path elements are traversable (status code: 500)
2026-04-08 03:50:50 - httpx - INFO - HTTP Request: POST http://127.0.0.1:11434/api/chat "HTTP/1.1 500 Internal Server Error"
2026-04-08 03:50:50 - root - WARNING - [WARN] Retry 2/3 for model magicoder:7b-s-cl: mkdir /home/sahand.moslemi/.ollama/models: permission denied: ensure path elements are traversable (status code: 500)
2026-04-08 03:50:55 - httpx - INFO - HTTP Request: POST http://127.0.0.1:11434/api/chat "HTTP/1.1 500 Internal Server Error"
2026-04-08 03:50:55 - root - WARNING - [WARN] Retry 2/3 for model magicoder:7b-s-cl: mkdir /home/sahand.moslemi/.ollama/models: permission denied: ensure path elements are traversable (status code: 500)
2026-04-08 03:51:00 - httpx - INFO - HTTP Request: POST http://127.0.0.1:11434/api/chat "HTTP/1.1 500 Internal Server Error"
2026-04-08 03:51:00 - root - WARNING - [WARN] Retry 2/3 for model magicoder:7b-s-cl: mkdir /home/sahand.moslemi/.ollama/models: permission denied: ensure path elements are traversable (status code: 500)
2026-04-08 03:51:05 - httpx - INFO - HTTP Request: POST http://127.0.0.1:11434/api/chat "HTTP/1.1 500 Internal Server Error"
2026-04-08 03:51:05 - root - WARNING - [WARN] Retry 2/3 for model magicoder:7b-s-cl: mkdir /home/sahand.moslemi/.ollama/models: permission denied: ensure path elements are traversable (status code: 500)
2026-04-08 03:51:10 - httpx - INFO - HTTP Request: POST http://127.0.0.1:11434/api/chat "HTTP/1.1 500 Internal Server Error"
2026-04-08 03:51:10 - root - WARNING - [WARN] Retry 2/3 for model magicoder:7b-s-cl: mkdir /home/sahand.moslemi/.ollama/models: permission denied: ensure path elements are traversable (status code: 500)
2026-04-08 03:51:15 - httpx - INFO - HTTP Request: POST http://127.0.0.1:11434/api/chat "HTTP/1.1 500 Internal Server Error"
2026-04-08 03:51:15 - root - WARNING - [WARN] Retry 2/3 for model magicoder:7b-s-cl: mkdir /home/sahand.moslemi/.ollama/models: permission denied: ensure path elements are traversable (status code: 500)
2026-04-08 03:51:20 - httpx - INFO - HTTP Request: POST http://127.0.0.1:11434/api/chat "HTTP/1.1 500 Internal Server Error"
2026-04-08 03:51:20 - root - WARNING - [WARN] Retry 2/3 for model magicoder:7b-s-cl: mkdir /home/sahand.moslemi/.ollama/models: permission denied: ensure path elements are traversable (status code: 500)
2026-04-08 03:51:25 - httpx - INFO - HTTP Request: POST http://127.0.0.1:11434/api/chat "HTTP/1.1 500 Internal Server Error"
2026-04-08 03:51:25 - root - WARNING - [WARN] Retry 2/3 for model magicoder:7b-s-cl: mkdir /home/sahand.moslemi/.ollama/models: permission denied: ensure path elements are traversable (status code: 500)
2026-04-08 03:51:30 - httpx - INFO - HTTP Request: POST http://127.0.0.1:11434/api/chat "HTTP/1.1 500 Internal Server Error"
2026-04-08 03:51:30 - root - WARNING - [WARN] Retry 2/3 for model magicoder:7b-s-cl: mkdir /home/sahand.moslemi/.ollama/models: permission denied: ensure path elements are traversable (status code: 500)
2026-04-08 03:51:35 - httpx - INFO - HTTP Request: POST http://127.0.0.1:11434/api/chat "HTTP/1.1 500 Internal Server Error"
2026-04-08 03:51:35 - root - WARNING - [WARN] Retry 2/3 for model magicoder:7b-s-cl: mkdir /home/sahand.moslemi/.ollama/models: permission denied: ensure path elements are traversable (status code: 500)
2026-04-08 03:51:40 - httpx - INFO - HTTP Request: POST http://127.0.0.1:11434/api/chat "HTTP/1.1 500 Internal Server Error"
2026-04-08 03:51:40 - root - WARNING - [WARN] Retry 2/3 for model magicoder:7b-s-cl: mkdir /home/sahand.moslemi/.ollama/models: permission denied: ensure path elements are traversable (status code: 500)
2026-04-08 03:51:45 - httpx - INFO - HTTP Request: POST http://127.0.0.1:11434/api/chat "HTTP/1.1 500 Internal Server Error"
2026-04-08 03:51:45 - root - WARNING - [WARN] Retry 2/3 for model magicoder:7b-s-cl: mkdir /home/sahand.moslemi/.ollama/models: permission denied: ensure path elements are traversable (status code: 500)
2026-04-08 03:51:50 - httpx - INFO - HTTP Request: POST http://127.0.0.1:11434/api/chat "HTTP/1.1 500 Internal Server Error"
2026-04-08 03:51:50 - root - WARNING - [WARN] Retry 2/3 for model magicoder:7b-s-cl: mkdir /home/sahand.moslemi/.ollama/models: permission denied: ensure path elements are traversable (status code: 500)
2026-04-08 03:51:55 - httpx - INFO - HTTP Request: POST http://127.0.0.1:11434/api/chat "HTTP/1.1 500 Internal Server Error"
2026-04-08 03:51:55 - root - WARNING - [WARN] Retry 2/3 for model magicoder:7b-s-cl: mkdir /home/sahand.moslemi/.ollama/models: permission denied: ensure path elements are traversable (status code: 500)
2026-04-08 03:52:00 - httpx - INFO - HTTP Request: POST http://127.0.0.1:11434/api/chat "HTTP/1.1 500 Internal Server Error"
2026-04-08 03:52:00 - root - WARNING - [WARN] Retry 2/3 for model magicoder:7b-s-cl: mkdir /home/sahand.moslemi/.ollama/models: permission denied: ensure path elements are traversable (status code: 500)
2026-04-08 03:52:05 - httpx - INFO - HTTP Request: POST http://127.0.0.1:11434/api/chat "HTTP/1.1 500 Internal Server Error"
2026-04-08 03:52:05 - root - WARNING - [WARN] Retry 2/3 for model magicoder:7b-s-cl: mkdir /home/sahand.moslemi/.ollama/models: permission denied: ensure path elements are traversable (status code: 500)
2026-04-08 03:52:10 - httpx - INFO - HTTP Request: POST http://127.0.0.1:11434/api/chat "HTTP/1.1 500 Internal Server Error"
2026-04-08 03:52:10 - root - WARNING - [WARN] Retry 2/3 for model magicoder:7b-s-cl: mkdir /home/sahand.moslemi/.ollama/models: permission denied: ensure path elements are traversable (status code: 500)
2026-04-08 03:52:15 - httpx - INFO - HTTP Request: POST http://127.0.0.1:11434/api/chat "HTTP/1.1 500 Internal Server Error"
2026-04-08 03:52:15 - root - WARNING - [WARN] Retry 2/3 for model magicoder:7b-s-cl: mkdir /home/sahand.moslemi/.ollama/models: permission denied: ensure path elements are traversable (status code: 500)
2026-04-08 03:52:20 - httpx - INFO - HTTP Request: POST http://127.0.0.1:11434/api/chat "HTTP/1.1 500 Internal Server Error"
2026-04-08 03:52:20 - root - WARNING - [WARN] Retry 2/3 for model magicoder:7b-s-cl: mkdir /home/sahand.moslemi/.ollama/models: permission denied: ensure path elements are traversable (status code: 500)
2026-04-08 03:52:25 - httpx - INFO - HTTP Request: POST http://127.0.0.1:11434/api/chat "HTTP/1.1 500 Internal Server Error"
2026-04-08 03:52:25 - root - WARNING - [WARN] Retry 2/3 for model magicoder:7b-s-cl: mkdir /home/sahand.moslemi/.ollama/models: permission denied: ensure path elements are traversable (status code: 500)
2026-04-08 03:52:30 - httpx - INFO - HTTP Request: POST http://127.0.0.1:11434/api/chat "HTTP/1.1 500 Internal Server Error"
2026-04-08 03:52:30 - root - WARNING - [WARN] Retry 2/3 for model magicoder:7b-s-cl: mkdir /home/sahand.moslemi/.ollama/models: permission denied: ensure path elements are traversable (status code: 500)
2026-04-08 03:52:35 - httpx - INFO - HTTP Request: POST http://127.0.0.1:11434/api/chat "HTTP/1.1 500 Internal Server Error"
2026-04-08 03:52:35 - root - WARNING - [WARN] Retry 2/3 for model magicoder:7b-s-cl: mkdir /home/sahand.moslemi/.ollama/models: permission denied: ensure path elements are traversable (status code: 500)
2026-04-08 03:52:40 - httpx - INFO - HTTP Request: POST http://127.0.0.1:11434/api/chat "HTTP/1.1 500 Internal Server Error"
2026-04-08 03:52:40 - root - WARNING - [WARN] Retry 2/3 for model magicoder:7b-s-cl: mkdir /home/sahand.moslemi/.ollama/models: permission denied: ensure path elements are traversable (status code: 500)
2026-04-08 03:52:45 - httpx - INFO - HTTP Request: POST http://127.0.0.1:11434/api/chat "HTTP/1.1 500 Internal Server Error"
2026-04-08 03:52:45 - root - WARNING - [WARN] Retry 2/3 for model magicoder:7b-s-cl: mkdir /home/sahand.moslemi/.ollama/models: permission denied: ensure path elements are traversable (status code: 500)
2026-04-08 03:52:50 - httpx - INFO - HTTP Request: POST http://127.0.0.1:11434/api/chat "HTTP/1.1 500 Internal Server Error"
2026-04-08 03:52:50 - root - WARNING - [WARN] Retry 2/3 for model magicoder:7b-s-cl: mkdir /home/sahand.moslemi/.ollama/models: permission denied: ensure path elements are traversable (status code: 500)
2026-04-08 03:52:55 - httpx - INFO - HTTP Request: POST http://127.0.0.1:11434/api/chat "HTTP/1.1 500 Internal Server Error"
2026-04-08 03:52:55 - root - WARNING - [WARN] Retry 2/3 for model magicoder:7b-s-cl: mkdir /home/sahand.moslemi/.ollama/models: permission denied: ensure path elements are traversable (status code: 500)
2026-04-08 03:53:00 - httpx - INFO - HTTP Request: POST http://127.0.0.1:11434/api/chat "HTTP/1.1 500 Internal Server Error"
2026-04-08 03:53:00 - root - WARNING - [WARN] Retry 2/3 for model magicoder:7b-s-cl: mkdir /home/sahand.moslemi/.ollama/models: permission denied: ensure path elements are traversable (status code: 500)
2026-04-08 03:53:05 - httpx - INFO - HTTP Request: POST http://127.0.0.1:11434/api/chat "HTTP/1.1 500 Internal Server Error"
2026-04-08 03:53:05 - root - WARNING - [WARN] Retry 2/3 for model magicoder:7b-s-cl: mkdir /home/sahand.moslemi/.ollama/models: permission denied: ensure path elements are traversable (status code: 500)
2026-04-08 03:53:10 - httpx - INFO - HTTP Request: POST http://127.0.0.1:11434/api/chat "HTTP/1.1 500 Internal Server Error"
2026-04-08 03:53:10 - root - WARNING - [WARN] Retry 2/3 for model magicoder:7b-s-cl: mkdir /home/sahand.moslemi/.ollama/models: permission denied: ensure path elements are traversable (status code: 500)
2026-04-08 03:53:15 - httpx - INFO - HTTP Request: POST http://127.0.0.1:11434/api/chat "HTTP/1.1 500 Internal Server Error"
2026-04-08 03:53:15 - root - WARNING - [WARN] Retry 2/3 for model magicoder:7b-s-cl: mkdir /home/sahand.moslemi/.ollama/models: permission denied: ensure path elements are traversable (status code: 500)
2026-04-08 03:53:20 - httpx - INFO - HTTP Request: POST http://127.0.0.1:11434/api/chat "HTTP/1.1 500 Internal Server Error"
2026-04-08 03:53:20 - root - WARNING - [WARN] Retry 2/3 for model magicoder:7b-s-cl: mkdir /home/sahand.moslemi/.ollama/models: permission denied: ensure path elements are traversable (status code: 500)
2026-04-08 03:53:25 - httpx - INFO - HTTP Request: POST http://127.0.0.1:11434/api/chat "HTTP/1.1 500 Internal Server Error"
2026-04-08 03:53:25 - root - WARNING - [WARN] Retry 2/3 for model magicoder:7b-s-cl: mkdir /home/sahand.moslemi/.ollama/models: permission denied: ensure path elements are traversable (status code: 500)
2026-04-08 03:53:30 - httpx - INFO - HTTP Request: POST http://127.0.0.1:11434/api/chat "HTTP/1.1 500 Internal Server Error"
2026-04-08 03:53:30 - root - WARNING - [WARN] Retry 2/3 for model magicoder:7b-s-cl: mkdir /home/sahand.moslemi/.ollama/models: permission denied: ensure path elements are traversable (status code: 500)
2026-04-08 03:53:35 - httpx - INFO - HTTP Request: POST http://127.0.0.1:11434/api/chat "HTTP/1.1 500 Internal Server Error"
2026-04-08 03:53:35 - root - WARNING - [WARN] Retry 2/3 for model magicoder:7b-s-cl: mkdir /home/sahand.moslemi/.ollama/models: permission denied: ensure path elements are traversable (status code: 500)
2026-04-08 03:53:40 - httpx - INFO - HTTP Request: POST http://127.0.0.1:11434/api/chat "HTTP/1.1 500 Internal Server Error"
2026-04-08 03:53:40 - root - WARNING - [WARN] Retry 2/3 for model magicoder:7b-s-cl: mkdir /home/sahand.moslemi/.ollama/models: permission denied: ensure path elements are traversable (status code: 500)
2026-04-08 03:53:46 - httpx - INFO - HTTP Request: POST http://127.0.0.1:11434/api/chat "HTTP/1.1 500 Internal Server Error"
2026-04-08 03:53:46 - root - WARNING - [WARN] Retry 2/3 for model magicoder:7b-s-cl: mkdir /home/sahand.moslemi/.ollama/models: permission denied: ensure path elements are traversable (status code: 500)
2026-04-08 03:53:51 - httpx - INFO - HTTP Request: POST http://127.0.0.1:11434/api/chat "HTTP/1.1 500 Internal Server Error"
2026-04-08 03:53:51 - root - WARNING - [WARN] Retry 2/3 for model magicoder:7b-s-cl: mkdir /home/sahand.moslemi/.ollama/models: permission denied: ensure path elements are traversable (status code: 500)
2026-04-08 03:53:56 - httpx - INFO - HTTP Request: POST http://127.0.0.1:11434/api/chat "HTTP/1.1 500 Internal Server Error"
2026-04-08 03:53:56 - root - WARNING - [WARN] Retry 2/3 for model magicoder:7b-s-cl: mkdir /home/sahand.moslemi/.ollama/models: permission denied: ensure path elements are traversable (status code: 500)
2026-04-08 03:54:01 - httpx - INFO - HTTP Request: POST http://127.0.0.1:11434/api/chat "HTTP/1.1 500 Internal Server Error"
2026-04-08 03:54:01 - root - WARNING - [WARN] Retry 2/3 for model magicoder:7b-s-cl: mkdir /home/sahand.moslemi/.ollama/models: permission denied: ensure path elements are traversable (status code: 500)
2026-04-08 03:54:06 - httpx - INFO - HTTP Request: POST http://127.0.0.1:11434/api/chat "HTTP/1.1 500 Internal Server Error"
2026-04-08 03:54:06 - root - WARNING - [WARN] Retry 2/3 for model magicoder:7b-s-cl: mkdir /home/sahand.moslemi/.ollama/models: permission denied: ensure path elements are traversable (status code: 500)
2026-04-08 03:54:11 - httpx - INFO - HTTP Request: POST http://127.0.0.1:11434/api/chat "HTTP/1.1 500 Internal Server Error"
2026-04-08 03:54:11 - root - WARNING - [WARN] Retry 2/3 for model magicoder:7b-s-cl: mkdir /home/sahand.moslemi/.ollama/models: permission denied: ensure path elements are traversable (status code: 500)
2026-04-08 03:54:16 - httpx - INFO - HTTP Request: POST http://127.0.0.1:11434/api/chat "HTTP/1.1 500 Internal Server Error"
2026-04-08 03:54:16 - root - WARNING - [WARN] Retry 2/3 for model magicoder:7b-s-cl: mkdir /home/sahand.moslemi/.ollama/models: permission denied: ensure path elements are traversable (status code: 500)
2026-04-08 03:54:21 - httpx - INFO - HTTP Request: POST http://127.0.0.1:11434/api/chat "HTTP/1.1 500 Internal Server Error"
2026-04-08 03:54:21 - root - WARNING - [WARN] Retry 2/3 for model magicoder:7b-s-cl: mkdir /home/sahand.moslemi/.ollama/models: permission denied: ensure path elements are traversable (status code: 500)
2026-04-08 03:54:26 - httpx - INFO - HTTP Request: POST http://127.0.0.1:11434/api/chat "HTTP/1.1 500 Internal Server Error"
2026-04-08 03:54:26 - root - WARNING - [WARN] Retry 2/3 for model magicoder:7b-s-cl: mkdir /home/sahand.moslemi/.ollama/models: permission denied: ensure path elements are traversable (status code: 500)
2026-04-08 03:54:31 - httpx - INFO - HTTP Request: POST http://127.0.0.1:11434/api/chat "HTTP/1.1 500 Internal Server Error"
2026-04-08 03:54:31 - root - WARNING - [WARN] Retry 2/3 for model magicoder:7b-s-cl: mkdir /home/sahand.moslemi/.ollama/models: permission denied: ensure path elements are traversable (status code: 500)
2026-04-08 03:54:36 - httpx - INFO - HTTP Request: POST http://127.0.0.1:11434/api/chat "HTTP/1.1 500 Internal Server Error"
2026-04-08 03:54:36 - root - WARNING - [WARN] Retry 2/3 for model magicoder:7b-s-cl: mkdir /home/sahand.moslemi/.ollama/models: permission denied: ensure path elements are traversable (status code: 500)
2026-04-08 03:54:41 - httpx - INFO - HTTP Request: POST http://127.0.0.1:11434/api/chat "HTTP/1.1 500 Internal Server Error"
2026-04-08 03:54:41 - root - WARNING - [WARN] Retry 2/3 for model magicoder:7b-s-cl: mkdir /home/sahand.moslemi/.ollama/models: permission denied: ensure path elements are traversable (status code: 500)
2026-04-08 03:54:46 - httpx - INFO - HTTP Request: POST http://127.0.0.1:11434/api/chat "HTTP/1.1 500 Internal Server Error"
2026-04-08 03:54:46 - root - WARNING - [WARN] Retry 2/3 for model magicoder:7b-s-cl: mkdir /home/sahand.moslemi/.ollama/models: permission denied: ensure path elements are traversable (status code: 500)
2026-04-08 03:54:51 - httpx - INFO - HTTP Request: POST http://127.0.0.1:11434/api/chat "HTTP/1.1 500 Internal Server Error"
2026-04-08 03:54:51 - root - WARNING - [WARN] Retry 2/3 for model magicoder:7b-s-cl: mkdir /home/sahand.moslemi/.ollama/models: permission denied: ensure path elements are traversable (status code: 500)
2026-04-08 03:54:56 - httpx - INFO - HTTP Request: POST http://127.0.0.1:11434/api/chat "HTTP/1.1 500 Internal Server Error"
2026-04-08 03:54:56 - root - WARNING - [WARN] Retry 2/3 for model magicoder:7b-s-cl: mkdir /home/sahand.moslemi/.ollama/models: permission denied: ensure path elements are traversable (status code: 500)
2026-04-08 03:55:01 - httpx - INFO - HTTP Request: POST http://127.0.0.1:11434/api/chat "HTTP/1.1 500 Internal Server Error"
2026-04-08 03:55:01 - root - WARNING - [WARN] Retry 2/3 for model magicoder:7b-s-cl: mkdir /home/sahand.moslemi/.ollama/models: permission denied: ensure path elements are traversable (status code: 500)
2026-04-08 03:55:06 - httpx - INFO - HTTP Request: POST http://127.0.0.1:11434/api/chat "HTTP/1.1 500 Internal Server Error"
2026-04-08 03:55:06 - root - WARNING - [WARN] Retry 2/3 for model magicoder:7b-s-cl: mkdir /home/sahand.moslemi/.ollama/models: permission denied: ensure path elements are traversable (status code: 500)
2026-04-08 03:55:11 - httpx - INFO - HTTP Request: POST http://127.0.0.1:11434/api/chat "HTTP/1.1 500 Internal Server Error"
2026-04-08 03:55:11 - root - WARNING - [WARN] Retry 2/3 for model magicoder:7b-s-cl: mkdir /home/sahand.moslemi/.ollama/models: permission denied: ensure path elements are traversable (status code: 500)
2026-04-08 03:55:16 - httpx - INFO - HTTP Request: POST http://127.0.0.1:11434/api/chat "HTTP/1.1 500 Internal Server Error"
2026-04-08 03:55:16 - root - WARNING - [WARN] Retry 2/3 for model magicoder:7b-s-cl: mkdir /home/sahand.moslemi/.ollama/models: permission denied: ensure path elements are traversable (status code: 500)
2026-04-08 03:55:21 - httpx - INFO - HTTP Request: POST http://127.0.0.1:11434/api/chat "HTTP/1.1 500 Internal Server Error"
2026-04-08 03:55:21 - root - WARNING - [WARN] Retry 2/3 for model magicoder:7b-s-cl: mkdir /home/sahand.moslemi/.ollama/models: permission denied: ensure path elements are traversable (status code: 500)
2026-04-08 03:55:26 - httpx - INFO - HTTP Request: POST http://127.0.0.1:11434/api/chat "HTTP/1.1 500 Internal Server Error"
2026-04-08 03:55:26 - root - WARNING - [WARN] Retry 2/3 for model magicoder:7b-s-cl: mkdir /home/sahand.moslemi/.ollama/models: permission denied: ensure path elements are traversable (status code: 500)
2026-04-08 03:55:31 - httpx - INFO - HTTP Request: POST http://127.0.0.1:11434/api/chat "HTTP/1.1 500 Internal Server Error"
2026-04-08 03:55:31 - root - WARNING - [WARN] Retry 2/3 for model magicoder:7b-s-cl: mkdir /home/sahand.moslemi/.ollama/models: permission denied: ensure path elements are traversable (status code: 500)
2026-04-08 03:55:36 - httpx - INFO - HTTP Request: POST http://127.0.0.1:11434/api/chat "HTTP/1.1 500 Internal Server Error"
2026-04-08 03:55:36 - root - WARNING - [WARN] Retry 2/3 for model magicoder:7b-s-cl: mkdir /home/sahand.moslemi/.ollama/models: permission denied: ensure path elements are traversable (status code: 500)
2026-04-08 03:55:41 - httpx - INFO - HTTP Request: POST http://127.0.0.1:11434/api/chat "HTTP/1.1 500 Internal Server Error"
2026-04-08 03:55:41 - root - WARNING - [WARN] Retry 2/3 for model magicoder:7b-s-cl: mkdir /home/sahand.moslemi/.ollama/models: permission denied: ensure path elements are traversable (status code: 500)
2026-04-08 03:55:46 - httpx - INFO - HTTP Request: POST http://127.0.0.1:11434/api/chat "HTTP/1.1 500 Internal Server Error"
2026-04-08 03:55:46 - root - WARNING - [WARN] Retry 2/3 for model magicoder:7b-s-cl: mkdir /home/sahand.moslemi/.ollama/models: permission denied: ensure path elements are traversable (status code: 500)
2026-04-08 03:55:51 - httpx - INFO - HTTP Request: POST http://127.0.0.1:11434/api/chat "HTTP/1.1 500 Internal Server Error"
2026-04-08 03:55:51 - root - WARNING - [WARN] Retry 2/3 for model magicoder:7b-s-cl: mkdir /home/sahand.moslemi/.ollama/models: permission denied: ensure path elements are traversable (status code: 500)
2026-04-08 03:55:56 - httpx - INFO - HTTP Request: POST http://127.0.0.1:11434/api/chat "HTTP/1.1 500 Internal Server Error"
2026-04-08 03:55:56 - root - WARNING - [WARN] Retry 2/3 for model magicoder:7b-s-cl: mkdir /home/sahand.moslemi/.ollama/models: permission denied: ensure path elements are traversable (status code: 500)
2026-04-08 03:56:01 - httpx - INFO - HTTP Request: POST http://127.0.0.1:11434/api/chat "HTTP/1.1 500 Internal Server Error"
2026-04-08 03:56:01 - root - WARNING - [WARN] Retry 2/3 for model magicoder:7b-s-cl: mkdir /home/sahand.moslemi/.ollama/models: permission denied: ensure path elements are traversable (status code: 500)
2026-04-08 03:56:06 - httpx - INFO - HTTP Request: POST http://127.0.0.1:11434/api/chat "HTTP/1.1 500 Internal Server Error"
2026-04-08 03:56:06 - root - WARNING - [WARN] Retry 2/3 for model magicoder:7b-s-cl: mkdir /home/sahand.moslemi/.ollama/models: permission denied: ensure path elements are traversable (status code: 500)
2026-04-08 03:56:11 - httpx - INFO - HTTP Request: POST http://127.0.0.1:11434/api/chat "HTTP/1.1 500 Internal Server Error"
2026-04-08 03:56:11 - root - WARNING - [WARN] Retry 2/3 for model magicoder:7b-s-cl: mkdir /home/sahand.moslemi/.ollama/models: permission denied: ensure path elements are traversable (status code: 500)
2026-04-08 03:56:16 - httpx - INFO - HTTP Request: POST http://127.0.0.1:11434/api/chat "HTTP/1.1 500 Internal Server Error"
2026-04-08 03:56:16 - root - WARNING - [WARN] Retry 2/3 for model magicoder:7b-s-cl: mkdir /home/sahand.moslemi/.ollama/models: permission denied: ensure path elements are traversable (status code: 500)
2026-04-08 03:56:21 - httpx - INFO - HTTP Request: POST http://127.0.0.1:11434/api/chat "HTTP/1.1 500 Internal Server Error"
2026-04-08 03:56:21 - root - WARNING - [WARN] Retry 2/3 for model magicoder:7b-s-cl: mkdir /home/sahand.moslemi/.ollama/models: permission denied: ensure path elements are traversable (status code: 500)
2026-04-08 03:56:26 - httpx - INFO - HTTP Request: POST http://127.0.0.1:11434/api/chat "HTTP/1.1 500 Internal Server Error"
2026-04-08 03:56:26 - root - WARNING - [WARN] Retry 2/3 for model magicoder:7b-s-cl: mkdir /home/sahand.moslemi/.ollama/models: permission denied: ensure path elements are traversable (status code: 500)
2026-04-08 03:56:31 - httpx - INFO - HTTP Request: POST http://127.0.0.1:11434/api/chat "HTTP/1.1 500 Internal Server Error"
2026-04-08 03:56:31 - root - WARNING - [WARN] Retry 2/3 for model magicoder:7b-s-cl: mkdir /home/sahand.moslemi/.ollama/models: permission denied: ensure path elements are traversable (status code: 500)
2026-04-08 03:56:36 - httpx - INFO - HTTP Request: POST http://127.0.0.1:11434/api/chat "HTTP/1.1 500 Internal Server Error"
2026-04-08 03:56:36 - root - WARNING - [WARN] Retry 2/3 for model magicoder:7b-s-cl: mkdir /home/sahand.moslemi/.ollama/models: permission denied: ensure path elements are traversable (status code: 500)
2026-04-08 03:56:41 - httpx - INFO - HTTP Request: POST http://127.0.0.1:11434/api/chat "HTTP/1.1 500 Internal Server Error"
2026-04-08 03:56:41 - root - WARNING - [WARN] Retry 2/3 for model magicoder:7b-s-cl: mkdir /home/sahand.moslemi/.ollama/models: permission denied: ensure path elements are traversable (status code: 500)
2026-04-08 03:56:46 - httpx - INFO - HTTP Request: POST http://127.0.0.1:11434/api/chat "HTTP/1.1 500 Internal Server Error"
2026-04-08 03:56:46 - root - WARNING - [WARN] Retry 2/3 for model magicoder:7b-s-cl: mkdir /home/sahand.moslemi/.ollama/models: permission denied: ensure path elements are traversable (status code: 500)
2026-04-08 03:56:51 - httpx - INFO - HTTP Request: POST http://127.0.0.1:11434/api/chat "HTTP/1.1 500 Internal Server Error"
2026-04-08 03:56:51 - root - WARNING - [WARN] Retry 2/3 for model magicoder:7b-s-cl: mkdir /home/sahand.moslemi/.ollama/models: permission denied: ensure path elements are traversable (status code: 500)
2026-04-08 03:56:56 - httpx - INFO - HTTP Request: POST http://127.0.0.1:11434/api/chat "HTTP/1.1 500 Internal Server Error"
2026-04-08 03:56:56 - root - WARNING - [WARN] Retry 2/3 for model magicoder:7b-s-cl: mkdir /home/sahand.moslemi/.ollama/models: permission denied: ensure path elements are traversable (status code: 500)
2026-04-08 03:57:01 - httpx - INFO - HTTP Request: POST http://127.0.0.1:11434/api/chat "HTTP/1.1 500 Internal Server Error"
2026-04-08 03:57:01 - root - WARNING - [WARN] Retry 2/3 for model magicoder:7b-s-cl: mkdir /home/sahand.moslemi/.ollama/models: permission denied: ensure path elements are traversable (status code: 500)
2026-04-08 03:57:06 - httpx - INFO - HTTP Request: POST http://127.0.0.1:11434/api/chat "HTTP/1.1 500 Internal Server Error"
2026-04-08 03:57:06 - root - WARNING - [WARN] Retry 2/3 for model magicoder:7b-s-cl: mkdir /home/sahand.moslemi/.ollama/models: permission denied: ensure path elements are traversable (status code: 500)
2026-04-08 03:57:11 - httpx - INFO - HTTP Request: POST http://127.0.0.1:11434/api/chat "HTTP/1.1 500 Internal Server Error"
2026-04-08 03:57:11 - root - WARNING - [WARN] Retry 2/3 for model magicoder:7b-s-cl: mkdir /home/sahand.moslemi/.ollama/models: permission denied: ensure path elements are traversable (status code: 500)
2026-04-08 03:57:16 - httpx - INFO - HTTP Request: POST http://127.0.0.1:11434/api/chat "HTTP/1.1 500 Internal Server Error"
2026-04-08 03:57:16 - root - WARNING - [WARN] Retry 2/3 for model magicoder:7b-s-cl: mkdir /home/sahand.moslemi/.ollama/models: permission denied: ensure path elements are traversable (status code: 500)
2026-04-08 03:57:21 - httpx - INFO - HTTP Request: POST http://127.0.0.1:11434/api/chat "HTTP/1.1 500 Internal Server Error"
2026-04-08 03:57:21 - root - WARNING - [WARN] Retry 2/3 for model magicoder:7b-s-cl: mkdir /home/sahand.moslemi/.ollama/models: permission denied: ensure path elements are traversable (status code: 500)
2026-04-08 03:57:26 - httpx - INFO - HTTP Request: POST http://127.0.0.1:11434/api/chat "HTTP/1.1 500 Internal Server Error"
2026-04-08 03:57:26 - root - WARNING - [WARN] Retry 2/3 for model magicoder:7b-s-cl: mkdir /home/sahand.moslemi/.ollama/models: permission denied: ensure path elements are traversable (status code: 500)
2026-04-08 03:57:31 - httpx - INFO - HTTP Request: POST http://127.0.0.1:11434/api/chat "HTTP/1.1 500 Internal Server Error"
2026-04-08 03:57:31 - root - WARNING - [WARN] Retry 2/3 for model magicoder:7b-s-cl: mkdir /home/sahand.moslemi/.ollama/models: permission denied: ensure path elements are traversable (status code: 500)
2026-04-08 03:57:36 - httpx - INFO - HTTP Request: POST http://127.0.0.1:11434/api/chat "HTTP/1.1 500 Internal Server Error"
2026-04-08 03:57:36 - root - WARNING - [WARN] Retry 2/3 for model magicoder:7b-s-cl: mkdir /home/sahand.moslemi/.ollama/models: permission denied: ensure path elements are traversable (status code: 500)
2026-04-08 03:57:41 - httpx - INFO - HTTP Request: POST http://127.0.0.1:11434/api/chat "HTTP/1.1 500 Internal Server Error"
2026-04-08 03:57:41 - root - WARNING - [WARN] Retry 2/3 for model magicoder:7b-s-cl: mkdir /home/sahand.moslemi/.ollama/models: permission denied: ensure path elements are traversable (status code: 500)
2026-04-08 03:57:46 - httpx - INFO - HTTP Request: POST http://127.0.0.1:11434/api/chat "HTTP/1.1 500 Internal Server Error"
2026-04-08 03:57:46 - root - WARNING - [WARN] Retry 2/3 for model magicoder:7b-s-cl: mkdir /home/sahand.moslemi/.ollama/models: permission denied: ensure path elements are traversable (status code: 500)
2026-04-08 03:57:51 - httpx - INFO - HTTP Request: POST http://127.0.0.1:11434/api/chat "HTTP/1.1 500 Internal Server Error"
2026-04-08 03:57:51 - root - WARNING - [WARN] Retry 2/3 for model magicoder:7b-s-cl: mkdir /home/sahand.moslemi/.ollama/models: permission denied: ensure path elements are traversable (status code: 500)
2026-04-08 03:57:56 - httpx - INFO - HTTP Request: POST http://127.0.0.1:11434/api/chat "HTTP/1.1 500 Internal Server Error"
2026-04-08 03:57:56 - root - WARNING - [WARN] Retry 2/3 for model magicoder:7b-s-cl: mkdir /home/sahand.moslemi/.ollama/models: permission denied: ensure path elements are traversable (status code: 500)
2026-04-08 03:58:01 - httpx - INFO - HTTP Request: POST http://127.0.0.1:11434/api/chat "HTTP/1.1 500 Internal Server Error"
2026-04-08 03:58:01 - root - WARNING - [WARN] Retry 2/3 for model magicoder:7b-s-cl: mkdir /home/sahand.moslemi/.ollama/models: permission denied: ensure path elements are traversable (status code: 500)
2026-04-08 03:58:06 - httpx - INFO - HTTP Request: POST http://127.0.0.1:11434/api/chat "HTTP/1.1 500 Internal Server Error"
2026-04-08 03:58:06 - root - WARNING - [WARN] Retry 2/3 for model magicoder:7b-s-cl: mkdir /home/sahand.moslemi/.ollama/models: permission denied: ensure path elements are traversable (status code: 500)
2026-04-08 03:58:11 - httpx - INFO - HTTP Request: POST http://127.0.0.1:11434/api/chat "HTTP/1.1 500 Internal Server Error"
2026-04-08 03:58:11 - root - WARNING - [WARN] Retry 2/3 for model magicoder:7b-s-cl: mkdir /home/sahand.moslemi/.ollama/models: permission denied: ensure path elements are traversable (status code: 500)
2026-04-08 03:58:16 - httpx - INFO - HTTP Request: POST http://127.0.0.1:11434/api/chat "HTTP/1.1 500 Internal Server Error"
2026-04-08 03:58:16 - root - WARNING - [WARN] Retry 2/3 for model magicoder:7b-s-cl: mkdir /home/sahand.moslemi/.ollama/models: permission denied: ensure path elements are traversable (status code: 500)
2026-04-08 03:58:21 - httpx - INFO - HTTP Request: POST http://127.0.0.1:11434/api/chat "HTTP/1.1 500 Internal Server Error"
2026-04-08 03:58:21 - root - WARNING - [WARN] Retry 2/3 for model magicoder:7b-s-cl: mkdir /home/sahand.moslemi/.ollama/models: permission denied: ensure path elements are traversable (status code: 500)
2026-04-08 03:58:26 - httpx - INFO - HTTP Request: POST http://127.0.0.1:11434/api/chat "HTTP/1.1 500 Internal Server Error"
2026-04-08 03:58:26 - root - WARNING - [WARN] Retry 2/3 for model magicoder:7b-s-cl: mkdir /home/sahand.moslemi/.ollama/models: permission denied: ensure path elements are traversable (status code: 500)
2026-04-08 03:58:31 - httpx - INFO - HTTP Request: POST http://127.0.0.1:11434/api/chat "HTTP/1.1 500 Internal Server Error"
2026-04-08 03:58:31 - root - WARNING - [WARN] Retry 2/3 for model magicoder:7b-s-cl: mkdir /home/sahand.moslemi/.ollama/models: permission denied: ensure path elements are traversable (status code: 500)
2026-04-08 03:58:36 - httpx - INFO - HTTP Request: POST http://127.0.0.1:11434/api/chat "HTTP/1.1 500 Internal Server Error"
2026-04-08 03:58:36 - root - WARNING - [WARN] Retry 2/3 for model magicoder:7b-s-cl: mkdir /home/sahand.moslemi/.ollama/models: permission denied: ensure path elements are traversable (status code: 500)
2026-04-08 03:58:41 - httpx - INFO - HTTP Request: POST http://127.0.0.1:11434/api/chat "HTTP/1.1 500 Internal Server Error"
2026-04-08 03:58:41 - root - WARNING - [WARN] Retry 2/3 for model magicoder:7b-s-cl: mkdir /home/sahand.moslemi/.ollama/models: permission denied: ensure path elements are traversable (status code: 500)
2026-04-08 03:58:46 - httpx - INFO - HTTP Request: POST http://127.0.0.1:11434/api/chat "HTTP/1.1 500 Internal Server Error"
2026-04-08 03:58:46 - root - WARNING - [WARN] Retry 2/3 for model magicoder:7b-s-cl: mkdir /home/sahand.moslemi/.ollama/models: permission denied: ensure path elements are traversable (status code: 500)
2026-04-08 03:58:51 - httpx - INFO - HTTP Request: POST http://127.0.0.1:11434/api/chat "HTTP/1.1 500 Internal Server Error"
2026-04-08 03:58:51 - root - WARNING - [WARN] Retry 2/3 for model magicoder:7b-s-cl: mkdir /home/sahand.moslemi/.ollama/models: permission denied: ensure path elements are traversable (status code: 500)
2026-04-08 03:58:57 - httpx - INFO - HTTP Request: POST http://127.0.0.1:11434/api/chat "HTTP/1.1 500 Internal Server Error"
2026-04-08 03:58:57 - root - WARNING - [WARN] Retry 2/3 for model magicoder:7b-s-cl: mkdir /home/sahand.moslemi/.ollama/models: permission denied: ensure path elements are traversable (status code: 500)
2026-04-08 03:59:02 - httpx - INFO - HTTP Request: POST http://127.0.0.1:11434/api/chat "HTTP/1.1 500 Internal Server Error"
2026-04-08 03:59:02 - root - WARNING - [WARN] Retry 2/3 for model magicoder:7b-s-cl: mkdir /home/sahand.moslemi/.ollama/models: permission denied: ensure path elements are traversable (status code: 500)
2026-04-08 03:59:07 - httpx - INFO - HTTP Request: POST http://127.0.0.1:11434/api/chat "HTTP/1.1 500 Internal Server Error"
2026-04-08 03:59:07 - root - WARNING - [WARN] Retry 2/3 for model magicoder:7b-s-cl: mkdir /home/sahand.moslemi/.ollama/models: permission denied: ensure path elements are traversable (status code: 500)
2026-04-08 03:59:12 - httpx - INFO - HTTP Request: POST http://127.0.0.1:11434/api/chat "HTTP/1.1 500 Internal Server Error"
2026-04-08 03:59:12 - root - WARNING - [WARN] Retry 2/3 for model magicoder:7b-s-cl: mkdir /home/sahand.moslemi/.ollama/models: permission denied: ensure path elements are traversable (status code: 500)
2026-04-08 03:59:17 - httpx - INFO - HTTP Request: POST http://127.0.0.1:11434/api/chat "HTTP/1.1 500 Internal Server Error"
2026-04-08 03:59:17 - root - WARNING - [WARN] Retry 2/3 for model magicoder:7b-s-cl: mkdir /home/sahand.moslemi/.ollama/models: permission denied: ensure path elements are traversable (status code: 500)
2026-04-08 03:59:22 - httpx - INFO - HTTP Request: POST http://127.0.0.1:11434/api/chat "HTTP/1.1 500 Internal Server Error"
2026-04-08 03:59:22 - root - WARNING - [WARN] Retry 2/3 for model magicoder:7b-s-cl: mkdir /home/sahand.moslemi/.ollama/models: permission denied: ensure path elements are traversable (status code: 500)
2026-04-08 03:59:27 - httpx - INFO - HTTP Request: POST http://127.0.0.1:11434/api/chat "HTTP/1.1 500 Internal Server Error"
2026-04-08 03:59:27 - root - WARNING - [WARN] Retry 2/3 for model magicoder:7b-s-cl: mkdir /home/sahand.moslemi/.ollama/models: permission denied: ensure path elements are traversable (status code: 500)
2026-04-08 03:59:32 - httpx - INFO - HTTP Request: POST http://127.0.0.1:11434/api/chat "HTTP/1.1 500 Internal Server Error"
2026-04-08 03:59:32 - root - WARNING - [WARN] Retry 2/3 for model magicoder:7b-s-cl: mkdir /home/sahand.moslemi/.ollama/models: permission denied: ensure path elements are traversable (status code: 500)
2026-04-08 03:59:37 - httpx - INFO - HTTP Request: POST http://127.0.0.1:11434/api/chat "HTTP/1.1 500 Internal Server Error"
2026-04-08 03:59:37 - root - WARNING - [WARN] Retry 2/3 for model magicoder:7b-s-cl: mkdir /home/sahand.moslemi/.ollama/models: permission denied: ensure path elements are traversable (status code: 500)
2026-04-08 03:59:42 - httpx - INFO - HTTP Request: POST http://127.0.0.1:11434/api/chat "HTTP/1.1 500 Internal Server Error"
2026-04-08 03:59:42 - root - WARNING - [WARN] Retry 2/3 for model magicoder:7b-s-cl: mkdir /home/sahand.moslemi/.ollama/models: permission denied: ensure path elements are traversable (status code: 500)
2026-04-08 03:59:47 - httpx - INFO - HTTP Request: POST http://127.0.0.1:11434/api/chat "HTTP/1.1 500 Internal Server Error"
2026-04-08 03:59:47 - root - WARNING - [WARN] Retry 2/3 for model magicoder:7b-s-cl: mkdir /home/sahand.moslemi/.ollama/models: permission denied: ensure path elements are traversable (status code: 500)
2026-04-08 03:59:52 - httpx - INFO - HTTP Request: POST http://127.0.0.1:11434/api/chat "HTTP/1.1 500 Internal Server Error"
2026-04-08 03:59:52 - root - WARNING - [WARN] Retry 2/3 for model magicoder:7b-s-cl: mkdir /home/sahand.moslemi/.ollama/models: permission denied: ensure path elements are traversable (status code: 500)
2026-04-08 03:59:57 - httpx - INFO - HTTP Request: POST http://127.0.0.1:11434/api/chat "HTTP/1.1 500 Internal Server Error"
2026-04-08 03:59:57 - root - WARNING - [WARN] Retry 2/3 for model magicoder:7b-s-cl: mkdir /home/sahand.moslemi/.ollama/models: permission denied: ensure path elements are traversable (status code: 500)
2026-04-08 04:00:02 - httpx - INFO - HTTP Request: POST http://127.0.0.1:11434/api/chat "HTTP/1.1 500 Internal Server Error"
2026-04-08 04:00:02 - root - WARNING - [WARN] Retry 2/3 for model magicoder:7b-s-cl: mkdir /home/sahand.moslemi/.ollama/models: permission denied: ensure path elements are traversable (status code: 500)
2026-04-08 04:00:07 - httpx - INFO - HTTP Request: POST http://127.0.0.1:11434/api/chat "HTTP/1.1 500 Internal Server Error"
2026-04-08 04:00:07 - root - WARNING - [WARN] Retry 2/3 for model magicoder:7b-s-cl: mkdir /home/sahand.moslemi/.ollama/models: permission denied: ensure path elements are traversable (status code: 500)
2026-04-08 04:00:12 - httpx - INFO - HTTP Request: POST http://127.0.0.1:11434/api/chat "HTTP/1.1 500 Internal Server Error"
2026-04-08 04:00:12 - root - WARNING - [WARN] Retry 2/3 for model magicoder:7b-s-cl: mkdir /home/sahand.moslemi/.ollama/models: permission denied: ensure path elements are traversable (status code: 500)
2026-04-08 04:00:17 - httpx - INFO - HTTP Request: POST http://127.0.0.1:11434/api/chat "HTTP/1.1 500 Internal Server Error"
2026-04-08 04:00:17 - root - WARNING - [WARN] Retry 2/3 for model magicoder:7b-s-cl: mkdir /home/sahand.moslemi/.ollama/models: permission denied: ensure path elements are traversable (status code: 500)
2026-04-08 04:00:22 - httpx - INFO - HTTP Request: POST http://127.0.0.1:11434/api/chat "HTTP/1.1 500 Internal Server Error"
2026-04-08 04:00:22 - root - WARNING - [WARN] Retry 2/3 for model magicoder:7b-s-cl: mkdir /home/sahand.moslemi/.ollama/models: permission denied: ensure path elements are traversable (status code: 500)
2026-04-08 04:00:27 - httpx - INFO - HTTP Request: POST http://127.0.0.1:11434/api/chat "HTTP/1.1 500 Internal Server Error"
2026-04-08 04:00:27 - root - WARNING - [WARN] Retry 2/3 for model magicoder:7b-s-cl: mkdir /home/sahand.moslemi/.ollama/models: permission denied: ensure path elements are traversable (status code: 500)
2026-04-08 04:00:32 - httpx - INFO - HTTP Request: POST http://127.0.0.1:11434/api/chat "HTTP/1.1 500 Internal Server Error"
2026-04-08 04:00:32 - root - WARNING - [WARN] Retry 2/3 for model magicoder:7b-s-cl: mkdir /home/sahand.moslemi/.ollama/models: permission denied: ensure path elements are traversable (status code: 500)
2026-04-08 04:00:37 - httpx - INFO - HTTP Request: POST http://127.0.0.1:11434/api/chat "HTTP/1.1 500 Internal Server Error"
2026-04-08 04:00:37 - root - WARNING - [WARN] Retry 2/3 for model magicoder:7b-s-cl: mkdir /home/sahand.moslemi/.ollama/models: permission denied: ensure path elements are traversable (status code: 500)
2026-04-08 04:00:42 - httpx - INFO - HTTP Request: POST http://127.0.0.1:11434/api/chat "HTTP/1.1 500 Internal Server Error"
2026-04-08 04:00:42 - root - WARNING - [WARN] Retry 2/3 for model magicoder:7b-s-cl: mkdir /home/sahand.moslemi/.ollama/models: permission denied: ensure path elements are traversable (status code: 500)
2026-04-08 04:00:47 - httpx - INFO - HTTP Request: POST http://127.0.0.1:11434/api/chat "HTTP/1.1 500 Internal Server Error"
2026-04-08 04:00:47 - root - WARNING - [WARN] Retry 2/3 for model magicoder:7b-s-cl: mkdir /home/sahand.moslemi/.ollama/models: permission denied: ensure path elements are traversable (status code: 500)
2026-04-08 04:00:52 - httpx - INFO - HTTP Request: POST http://127.0.0.1:11434/api/chat "HTTP/1.1 500 Internal Server Error"
2026-04-08 04:00:52 - root - WARNING - [WARN] Retry 2/3 for model magicoder:7b-s-cl: mkdir /home/sahand.moslemi/.ollama/models: permission denied: ensure path elements are traversable (status code: 500)
2026-04-08 04:00:57 - httpx - INFO - HTTP Request: POST http://127.0.0.1:11434/api/chat "HTTP/1.1 500 Internal Server Error"
2026-04-08 04:00:57 - root - WARNING - [WARN] Retry 2/3 for model magicoder:7b-s-cl: mkdir /home/sahand.moslemi/.ollama/models: permission denied: ensure path elements are traversable (status code: 500)
2026-04-08 04:01:02 - httpx - INFO - HTTP Request: POST http://127.0.0.1:11434/api/chat "HTTP/1.1 500 Internal Server Error"
2026-04-08 04:01:02 - root - WARNING - [WARN] Retry 2/3 for model magicoder:7b-s-cl: mkdir /home/sahand.moslemi/.ollama/models: permission denied: ensure path elements are traversable (status code: 500)
2026-04-08 04:01:07 - httpx - INFO - HTTP Request: POST http://127.0.0.1:11434/api/chat "HTTP/1.1 500 Internal Server Error"
2026-04-08 04:01:07 - root - WARNING - [WARN] Retry 2/3 for model magicoder:7b-s-cl: mkdir /home/sahand.moslemi/.ollama/models: permission denied: ensure path elements are traversable (status code: 500)
2026-04-08 04:01:12 - httpx - INFO - HTTP Request: POST http://127.0.0.1:11434/api/chat "HTTP/1.1 500 Internal Server Error"
2026-04-08 04:01:12 - root - WARNING - [WARN] Retry 2/3 for model magicoder:7b-s-cl: mkdir /home/sahand.moslemi/.ollama/models: permission denied: ensure path elements are traversable (status code: 500)
2026-04-08 04:01:17 - httpx - INFO - HTTP Request: POST http://127.0.0.1:11434/api/chat "HTTP/1.1 500 Internal Server Error"
2026-04-08 04:01:17 - root - WARNING - [WARN] Retry 2/3 for model magicoder:7b-s-cl: mkdir /home/sahand.moslemi/.ollama/models: permission denied: ensure path elements are traversable (status code: 500)
2026-04-08 04:01:22 - httpx - INFO - HTTP Request: POST http://127.0.0.1:11434/api/chat "HTTP/1.1 500 Internal Server Error"
2026-04-08 04:01:22 - root - WARNING - [WARN] Retry 2/3 for model magicoder:7b-s-cl: mkdir /home/sahand.moslemi/.ollama/models: permission denied: ensure path elements are traversable (status code: 500)
2026-04-08 04:01:27 - httpx - INFO - HTTP Request: POST http://127.0.0.1:11434/api/chat "HTTP/1.1 500 Internal Server Error"
2026-04-08 04:01:27 - root - WARNING - [WARN] Retry 2/3 for model magicoder:7b-s-cl: mkdir /home/sahand.moslemi/.ollama/models: permission denied: ensure path elements are traversable (status code: 500)
2026-04-08 04:01:32 - httpx - INFO - HTTP Request: POST http://127.0.0.1:11434/api/chat "HTTP/1.1 500 Internal Server Error"
2026-04-08 04:01:32 - root - WARNING - [WARN] Retry 2/3 for model magicoder:7b-s-cl: mkdir /home/sahand.moslemi/.ollama/models: permission denied: ensure path elements are traversable (status code: 500)
2026-04-08 04:01:37 - httpx - INFO - HTTP Request: POST http://127.0.0.1:11434/api/chat "HTTP/1.1 500 Internal Server Error"
2026-04-08 04:01:37 - root - WARNING - [WARN] Retry 2/3 for model magicoder:7b-s-cl: mkdir /home/sahand.moslemi/.ollama/models: permission denied: ensure path elements are traversable (status code: 500)
2026-04-08 04:01:42 - httpx - INFO - HTTP Request: POST http://127.0.0.1:11434/api/chat "HTTP/1.1 500 Internal Server Error"
2026-04-08 04:01:42 - root - WARNING - [WARN] Retry 2/3 for model magicoder:7b-s-cl: mkdir /home/sahand.moslemi/.ollama/models: permission denied: ensure path elements are traversable (status code: 500)
2026-04-08 04:01:47 - httpx - INFO - HTTP Request: POST http://127.0.0.1:11434/api/chat "HTTP/1.1 500 Internal Server Error"
2026-04-08 04:01:47 - root - WARNING - [WARN] Retry 2/3 for model magicoder:7b-s-cl: mkdir /home/sahand.moslemi/.ollama/models: permission denied: ensure path elements are traversable (status code: 500)
2026-04-08 04:01:52 - httpx - INFO - HTTP Request: POST http://127.0.0.1:11434/api/chat "HTTP/1.1 500 Internal Server Error"
2026-04-08 04:01:52 - root - WARNING - [WARN] Retry 2/3 for model magicoder:7b-s-cl: mkdir /home/sahand.moslemi/.ollama/models: permission denied: ensure path elements are traversable (status code: 500)
2026-04-08 04:01:57 - httpx - INFO - HTTP Request: POST http://127.0.0.1:11434/api/chat "HTTP/1.1 500 Internal Server Error"
2026-04-08 04:01:57 - root - WARNING - [WARN] Retry 2/3 for model magicoder:7b-s-cl: mkdir /home/sahand.moslemi/.ollama/models: permission denied: ensure path elements are traversable (status code: 500)
2026-04-08 04:02:02 - httpx - INFO - HTTP Request: POST http://127.0.0.1:11434/api/chat "HTTP/1.1 500 Internal Server Error"
2026-04-08 04:02:02 - root - WARNING - [WARN] Retry 2/3 for model magicoder:7b-s-cl: mkdir /home/sahand.moslemi/.ollama/models: permission denied: ensure path elements are traversable (status code: 500)
2026-04-08 04:02:07 - httpx - INFO - HTTP Request: POST http://127.0.0.1:11434/api/chat "HTTP/1.1 500 Internal Server Error"
2026-04-08 04:02:07 - root - WARNING - [WARN] Retry 2/3 for model magicoder:7b-s-cl: mkdir /home/sahand.moslemi/.ollama/models: permission denied: ensure path elements are traversable (status code: 500)
2026-04-08 04:02:12 - httpx - INFO - HTTP Request: POST http://127.0.0.1:11434/api/chat "HTTP/1.1 500 Internal Server Error"
2026-04-08 04:02:12 - root - WARNING - [WARN] Retry 2/3 for model magicoder:7b-s-cl: mkdir /home/sahand.moslemi/.ollama/models: permission denied: ensure path elements are traversable (status code: 500)
2026-04-08 04:02:17 - httpx - INFO - HTTP Request: POST http://127.0.0.1:11434/api/chat "HTTP/1.1 500 Internal Server Error"
2026-04-08 04:02:17 - root - WARNING - [WARN] Retry 2/3 for model magicoder:7b-s-cl: mkdir /home/sahand.moslemi/.ollama/models: permission denied: ensure path elements are traversable (status code: 500)
2026-04-08 04:02:22 - httpx - INFO - HTTP Request: POST http://127.0.0.1:11434/api/chat "HTTP/1.1 500 Internal Server Error"
2026-04-08 04:02:22 - root - WARNING - [WARN] Retry 2/3 for model magicoder:7b-s-cl: mkdir /home/sahand.moslemi/.ollama/models: permission denied: ensure path elements are traversable (status code: 500)
2026-04-08 04:02:27 - httpx - INFO - HTTP Request: POST http://127.0.0.1:11434/api/chat "HTTP/1.1 500 Internal Server Error"
2026-04-08 04:02:27 - root - WARNING - [WARN] Retry 2/3 for model magicoder:7b-s-cl: mkdir /home/sahand.moslemi/.ollama/models: permission denied: ensure path elements are traversable (status code: 500)
2026-04-08 04:02:32 - httpx - INFO - HTTP Request: POST http://127.0.0.1:11434/api/chat "HTTP/1.1 500 Internal Server Error"
2026-04-08 04:02:32 - root - WARNING - [WARN] Retry 2/3 for model magicoder:7b-s-cl: mkdir /home/sahand.moslemi/.ollama/models: permission denied: ensure path elements are traversable (status code: 500)
2026-04-08 04:02:37 - httpx - INFO - HTTP Request: POST http://127.0.0.1:11434/api/chat "HTTP/1.1 500 Internal Server Error"
2026-04-08 04:02:37 - root - WARNING - [WARN] Retry 2/3 for model magicoder:7b-s-cl: mkdir /home/sahand.moslemi/.ollama/models: permission denied: ensure path elements are traversable (status code: 500)
2026-04-08 04:02:42 - httpx - INFO - HTTP Request: POST http://127.0.0.1:11434/api/chat "HTTP/1.1 500 Internal Server Error"
2026-04-08 04:02:42 - root - WARNING - [WARN] Retry 2/3 for model magicoder:7b-s-cl: mkdir /home/sahand.moslemi/.ollama/models: permission denied: ensure path elements are traversable (status code: 500)
2026-04-08 04:02:47 - httpx - INFO - HTTP Request: POST http://127.0.0.1:11434/api/chat "HTTP/1.1 500 Internal Server Error"
2026-04-08 04:02:47 - root - WARNING - [WARN] Retry 2/3 for model magicoder:7b-s-cl: mkdir /home/sahand.moslemi/.ollama/models: permission denied: ensure path elements are traversable (status code: 500)
2026-04-08 04:02:52 - httpx - INFO - HTTP Request: POST http://127.0.0.1:11434/api/chat "HTTP/1.1 500 Internal Server Error"
2026-04-08 04:02:52 - root - WARNING - [WARN] Retry 2/3 for model magicoder:7b-s-cl: mkdir /home/sahand.moslemi/.ollama/models: permission denied: ensure path elements are traversable (status code: 500)
2026-04-08 04:02:57 - httpx - INFO - HTTP Request: POST http://127.0.0.1:11434/api/chat "HTTP/1.1 500 Internal Server Error"
2026-04-08 04:02:57 - root - WARNING - [WARN] Retry 2/3 for model magicoder:7b-s-cl: mkdir /home/sahand.moslemi/.ollama/models: permission denied: ensure path elements are traversable (status code: 500)
2026-04-08 04:03:02 - httpx - INFO - HTTP Request: POST http://127.0.0.1:11434/api/chat "HTTP/1.1 500 Internal Server Error"
2026-04-08 04:03:02 - root - WARNING - [WARN] Retry 2/3 for model magicoder:7b-s-cl: mkdir /home/sahand.moslemi/.ollama/models: permission denied: ensure path elements are traversable (status code: 500)
2026-04-08 04:03:07 - httpx - INFO - HTTP Request: POST http://127.0.0.1:11434/api/chat "HTTP/1.1 500 Internal Server Error"
2026-04-08 04:03:07 - root - WARNING - [WARN] Retry 2/3 for model magicoder:7b-s-cl: mkdir /home/sahand.moslemi/.ollama/models: permission denied: ensure path elements are traversable (status code: 500)
2026-04-08 04:03:12 - httpx - INFO - HTTP Request: POST http://127.0.0.1:11434/api/chat "HTTP/1.1 500 Internal Server Error"
2026-04-08 04:03:12 - root - WARNING - [WARN] Retry 2/3 for model magicoder:7b-s-cl: mkdir /home/sahand.moslemi/.ollama/models: permission denied: ensure path elements are traversable (status code: 500)
2026-04-08 04:03:17 - httpx - INFO - HTTP Request: POST http://127.0.0.1:11434/api/chat "HTTP/1.1 500 Internal Server Error"
2026-04-08 04:03:17 - root - WARNING - [WARN] Retry 2/3 for model magicoder:7b-s-cl: mkdir /home/sahand.moslemi/.ollama/models: permission denied: ensure path elements are traversable (status code: 500)
2026-04-08 04:03:22 - httpx - INFO - HTTP Request: POST http://127.0.0.1:11434/api/chat "HTTP/1.1 500 Internal Server Error"
2026-04-08 04:03:22 - root - WARNING - [WARN] Retry 2/3 for model magicoder:7b-s-cl: mkdir /home/sahand.moslemi/.ollama/models: permission denied: ensure path elements are traversable (status code: 500)
2026-04-08 04:03:27 - httpx - INFO - HTTP Request: POST http://127.0.0.1:11434/api/chat "HTTP/1.1 500 Internal Server Error"
2026-04-08 04:03:27 - root - WARNING - [WARN] Retry 2/3 for model magicoder:7b-s-cl: mkdir /home/sahand.moslemi/.ollama/models: permission denied: ensure path elements are traversable (status code: 500)
2026-04-08 04:03:32 - httpx - INFO - HTTP Request: POST http://127.0.0.1:11434/api/chat "HTTP/1.1 500 Internal Server Error"
2026-04-08 04:03:32 - root - WARNING - [WARN] Retry 2/3 for model magicoder:7b-s-cl: mkdir /home/sahand.moslemi/.ollama/models: permission denied: ensure path elements are traversable (status code: 500)
2026-04-08 04:03:37 - httpx - INFO - HTTP Request: POST http://127.0.0.1:11434/api/chat "HTTP/1.1 500 Internal Server Error"
2026-04-08 04:03:37 - root - WARNING - [WARN] Retry 2/3 for model magicoder:7b-s-cl: mkdir /home/sahand.moslemi/.ollama/models: permission denied: ensure path elements are traversable (status code: 500)
2026-04-08 04:03:42 - httpx - INFO - HTTP Request: POST http://127.0.0.1:11434/api/chat "HTTP/1.1 500 Internal Server Error"
2026-04-08 04:03:42 - root - WARNING - [WARN] Retry 2/3 for model magicoder:7b-s-cl: mkdir /home/sahand.moslemi/.ollama/models: permission denied: ensure path elements are traversable (status code: 500)
2026-04-08 04:03:47 - httpx - INFO - HTTP Request: POST http://127.0.0.1:11434/api/chat "HTTP/1.1 500 Internal Server Error"
2026-04-08 04:03:47 - root - WARNING - [WARN] Retry 2/3 for model magicoder:7b-s-cl: mkdir /home/sahand.moslemi/.ollama/models: permission denied: ensure path elements are traversable (status code: 500)
2026-04-08 04:03:52 - httpx - INFO - HTTP Request: POST http://127.0.0.1:11434/api/chat "HTTP/1.1 500 Internal Server Error"
2026-04-08 04:03:52 - root - WARNING - [WARN] Retry 2/3 for model magicoder:7b-s-cl: mkdir /home/sahand.moslemi/.ollama/models: permission denied: ensure path elements are traversable (status code: 500)
2026-04-08 04:03:57 - httpx - INFO - HTTP Request: POST http://127.0.0.1:11434/api/chat "HTTP/1.1 500 Internal Server Error"
2026-04-08 04:03:57 - root - WARNING - [WARN] Retry 2/3 for model magicoder:7b-s-cl: mkdir /home/sahand.moslemi/.ollama/models: permission denied: ensure path elements are traversable (status code: 500)
2026-04-08 04:04:03 - httpx - INFO - HTTP Request: POST http://127.0.0.1:11434/api/chat "HTTP/1.1 500 Internal Server Error"
2026-04-08 04:04:03 - root - WARNING - [WARN] Retry 2/3 for model magicoder:7b-s-cl: mkdir /home/sahand.moslemi/.ollama/models: permission denied: ensure path elements are traversable (status code: 500)
2026-04-08 04:04:08 - httpx - INFO - HTTP Request: POST http://127.0.0.1:11434/api/chat "HTTP/1.1 500 Internal Server Error"
2026-04-08 04:04:08 - root - WARNING - [WARN] Retry 2/3 for model magicoder:7b-s-cl: mkdir /home/sahand.moslemi/.ollama/models: permission denied: ensure path elements are traversable (status code: 500)
2026-04-08 04:04:13 - httpx - INFO - HTTP Request: POST http://127.0.0.1:11434/api/chat "HTTP/1.1 500 Internal Server Error"
2026-04-08 04:04:13 - root - WARNING - [WARN] Retry 2/3 for model magicoder:7b-s-cl: mkdir /home/sahand.moslemi/.ollama/models: permission denied: ensure path elements are traversable (status code: 500)
2026-04-08 04:04:18 - httpx - INFO - HTTP Request: POST http://127.0.0.1:11434/api/chat "HTTP/1.1 500 Internal Server Error"
2026-04-08 04:04:18 - root - WARNING - [WARN] Retry 2/3 for model magicoder:7b-s-cl: mkdir /home/sahand.moslemi/.ollama/models: permission denied: ensure path elements are traversable (status code: 500)
2026-04-08 04:04:23 - httpx - INFO - HTTP Request: POST http://127.0.0.1:11434/api/chat "HTTP/1.1 500 Internal Server Error"
2026-04-08 04:04:23 - root - WARNING - [WARN] Retry 2/3 for model magicoder:7b-s-cl: mkdir /home/sahand.moslemi/.ollama/models: permission denied: ensure path elements are traversable (status code: 500)
2026-04-08 04:04:28 - httpx - INFO - HTTP Request: POST http://127.0.0.1:11434/api/chat "HTTP/1.1 500 Internal Server Error"
2026-04-08 04:04:28 - root - WARNING - [WARN] Retry 2/3 for model magicoder:7b-s-cl: mkdir /home/sahand.moslemi/.ollama/models: permission denied: ensure path elements are traversable (status code: 500)
2026-04-08 04:04:33 - httpx - INFO - HTTP Request: POST http://127.0.0.1:11434/api/chat "HTTP/1.1 500 Internal Server Error"
2026-04-08 04:04:33 - root - WARNING - [WARN] Retry 2/3 for model magicoder:7b-s-cl: mkdir /home/sahand.moslemi/.ollama/models: permission denied: ensure path elements are traversable (status code: 500)
2026-04-08 04:04:38 - httpx - INFO - HTTP Request: POST http://127.0.0.1:11434/api/chat "HTTP/1.1 500 Internal Server Error"
2026-04-08 04:04:38 - root - WARNING - [WARN] Retry 2/3 for model magicoder:7b-s-cl: mkdir /home/sahand.moslemi/.ollama/models: permission denied: ensure path elements are traversable (status code: 500)
2026-04-08 04:04:43 - httpx - INFO - HTTP Request: POST http://127.0.0.1:11434/api/chat "HTTP/1.1 500 Internal Server Error"
2026-04-08 04:04:43 - root - WARNING - [WARN] Retry 2/3 for model magicoder:7b-s-cl: mkdir /home/sahand.moslemi/.ollama/models: permission denied: ensure path elements are traversable (status code: 500)
2026-04-08 04:04:48 - httpx - INFO - HTTP Request: POST http://127.0.0.1:11434/api/chat "HTTP/1.1 500 Internal Server Error"
2026-04-08 04:04:48 - root - WARNING - [WARN] Retry 2/3 for model magicoder:7b-s-cl: mkdir /home/sahand.moslemi/.ollama/models: permission denied: ensure path elements are traversable (status code: 500)
2026-04-08 04:04:53 - httpx - INFO - HTTP Request: POST http://127.0.0.1:11434/api/chat "HTTP/1.1 500 Internal Server Error"
2026-04-08 04:04:53 - root - WARNING - [WARN] Retry 2/3 for model magicoder:7b-s-cl: mkdir /home/sahand.moslemi/.ollama/models: permission denied: ensure path elements are traversable (status code: 500)
2026-04-08 04:04:58 - httpx - INFO - HTTP Request: POST http://127.0.0.1:11434/api/chat "HTTP/1.1 500 Internal Server Error"
2026-04-08 04:04:58 - root - WARNING - [WARN] Retry 2/3 for model magicoder:7b-s-cl: mkdir /home/sahand.moslemi/.ollama/models: permission denied: ensure path elements are traversable (status code: 500)
2026-04-08 04:05:03 - httpx - INFO - HTTP Request: POST http://127.0.0.1:11434/api/chat "HTTP/1.1 500 Internal Server Error"
2026-04-08 04:05:03 - root - WARNING - [WARN] Retry 2/3 for model magicoder:7b-s-cl: mkdir /home/sahand.moslemi/.ollama/models: permission denied: ensure path elements are traversable (status code: 500)
2026-04-08 04:05:08 - httpx - INFO - HTTP Request: POST http://127.0.0.1:11434/api/chat "HTTP/1.1 500 Internal Server Error"
2026-04-08 04:05:08 - root - WARNING - [WARN] Retry 2/3 for model magicoder:7b-s-cl: mkdir /home/sahand.moslemi/.ollama/models: permission denied: ensure path elements are traversable (status code: 500)
2026-04-08 04:05:13 - httpx - INFO - HTTP Request: POST http://127.0.0.1:11434/api/chat "HTTP/1.1 500 Internal Server Error"
2026-04-08 04:05:13 - root - WARNING - [WARN] Retry 2/3 for model magicoder:7b-s-cl: mkdir /home/sahand.moslemi/.ollama/models: permission denied: ensure path elements are traversable (status code: 500)
2026-04-08 04:05:18 - httpx - INFO - HTTP Request: POST http://127.0.0.1:11434/api/chat "HTTP/1.1 500 Internal Server Error"
2026-04-08 04:05:18 - root - WARNING - [WARN] Retry 2/3 for model magicoder:7b-s-cl: mkdir /home/sahand.moslemi/.ollama/models: permission denied: ensure path elements are traversable (status code: 500)
2026-04-08 04:05:23 - httpx - INFO - HTTP Request: POST http://127.0.0.1:11434/api/chat "HTTP/1.1 500 Internal Server Error"
2026-04-08 04:05:23 - root - WARNING - [WARN] Retry 2/3 for model magicoder:7b-s-cl: mkdir /home/sahand.moslemi/.ollama/models: permission denied: ensure path elements are traversable (status code: 500)
2026-04-08 04:05:28 - httpx - INFO - HTTP Request: POST http://127.0.0.1:11434/api/chat "HTTP/1.1 500 Internal Server Error"
2026-04-08 04:05:28 - root - WARNING - [WARN] Retry 2/3 for model magicoder:7b-s-cl: mkdir /home/sahand.moslemi/.ollama/models: permission denied: ensure path elements are traversable (status code: 500)
2026-04-08 04:05:33 - httpx - INFO - HTTP Request: POST http://127.0.0.1:11434/api/chat "HTTP/1.1 500 Internal Server Error"
2026-04-08 04:05:33 - root - WARNING - [WARN] Retry 2/3 for model magicoder:7b-s-cl: mkdir /home/sahand.moslemi/.ollama/models: permission denied: ensure path elements are traversable (status code: 500)
2026-04-08 04:05:38 - httpx - INFO - HTTP Request: POST http://127.0.0.1:11434/api/chat "HTTP/1.1 500 Internal Server Error"
2026-04-08 04:05:38 - root - WARNING - [WARN] Retry 2/3 for model magicoder:7b-s-cl: mkdir /home/sahand.moslemi/.ollama/models: permission denied: ensure path elements are traversable (status code: 500)
2026-04-08 04:05:43 - httpx - INFO - HTTP Request: POST http://127.0.0.1:11434/api/chat "HTTP/1.1 500 Internal Server Error"
2026-04-08 04:05:43 - root - WARNING - [WARN] Retry 2/3 for model magicoder:7b-s-cl: mkdir /home/sahand.moslemi/.ollama/models: permission denied: ensure path elements are traversable (status code: 500)
2026-04-08 04:05:48 - httpx - INFO - HTTP Request: POST http://127.0.0.1:11434/api/chat "HTTP/1.1 500 Internal Server Error"
2026-04-08 04:05:48 - root - WARNING - [WARN] Retry 2/3 for model magicoder:7b-s-cl: mkdir /home/sahand.moslemi/.ollama/models: permission denied: ensure path elements are traversable (status code: 500)
2026-04-08 04:05:53 - httpx - INFO - HTTP Request: POST http://127.0.0.1:11434/api/chat "HTTP/1.1 500 Internal Server Error"
2026-04-08 04:05:53 - root - WARNING - [WARN] Retry 2/3 for model magicoder:7b-s-cl: mkdir /home/sahand.moslemi/.ollama/models: permission denied: ensure path elements are traversable (status code: 500)
2026-04-08 04:05:58 - httpx - INFO - HTTP Request: POST http://127.0.0.1:11434/api/chat "HTTP/1.1 500 Internal Server Error"
2026-04-08 04:05:58 - root - WARNING - [WARN] Retry 2/3 for model magicoder:7b-s-cl: mkdir /home/sahand.moslemi/.ollama/models: permission denied: ensure path elements are traversable (status code: 500)
2026-04-08 04:06:03 - httpx - INFO - HTTP Request: POST http://127.0.0.1:11434/api/chat "HTTP/1.1 500 Internal Server Error"
2026-04-08 04:06:03 - root - WARNING - [WARN] Retry 2/3 for model magicoder:7b-s-cl: mkdir /home/sahand.moslemi/.ollama/models: permission denied: ensure path elements are traversable (status code: 500)
2026-04-08 04:06:08 - httpx - INFO - HTTP Request: POST http://127.0.0.1:11434/api/chat "HTTP/1.1 500 Internal Server Error"
2026-04-08 04:06:08 - root - WARNING - [WARN] Retry 2/3 for model magicoder:7b-s-cl: mkdir /home/sahand.moslemi/.ollama/models: permission denied: ensure path elements are traversable (status code: 500)
2026-04-08 04:06:13 - httpx - INFO - HTTP Request: POST http://127.0.0.1:11434/api/chat "HTTP/1.1 500 Internal Server Error"
2026-04-08 04:06:13 - root - WARNING - [WARN] Retry 2/3 for model magicoder:7b-s-cl: mkdir /home/sahand.moslemi/.ollama/models: permission denied: ensure path elements are traversable (status code: 500)
2026-04-08 04:06:18 - httpx - INFO - HTTP Request: POST http://127.0.0.1:11434/api/chat "HTTP/1.1 500 Internal Server Error"
2026-04-08 04:06:18 - root - WARNING - [WARN] Retry 2/3 for model magicoder:7b-s-cl: mkdir /home/sahand.moslemi/.ollama/models: permission denied: ensure path elements are traversable (status code: 500)
2026-04-08 04:06:23 - httpx - INFO - HTTP Request: POST http://127.0.0.1:11434/api/chat "HTTP/1.1 500 Internal Server Error"
2026-04-08 04:06:23 - root - WARNING - [WARN] Retry 2/3 for model magicoder:7b-s-cl: mkdir /home/sahand.moslemi/.ollama/models: permission denied: ensure path elements are traversable (status code: 500)
2026-04-08 04:06:28 - httpx - INFO - HTTP Request: POST http://127.0.0.1:11434/api/chat "HTTP/1.1 500 Internal Server Error"
2026-04-08 04:06:28 - root - WARNING - [WARN] Retry 2/3 for model magicoder:7b-s-cl: mkdir /home/sahand.moslemi/.ollama/models: permission denied: ensure path elements are traversable (status code: 500)
2026-04-08 04:06:33 - httpx - INFO - HTTP Request: POST http://127.0.0.1:11434/api/chat "HTTP/1.1 500 Internal Server Error"
2026-04-08 04:06:33 - root - WARNING - [WARN] Retry 2/3 for model magicoder:7b-s-cl: mkdir /home/sahand.moslemi/.ollama/models: permission denied: ensure path elements are traversable (status code: 500)
2026-04-08 04:06:38 - httpx - INFO - HTTP Request: POST http://127.0.0.1:11434/api/chat "HTTP/1.1 500 Internal Server Error"
2026-04-08 04:06:38 - root - WARNING - [WARN] Retry 2/3 for model magicoder:7b-s-cl: mkdir /home/sahand.moslemi/.ollama/models: permission denied: ensure path elements are traversable (status code: 500)
2026-04-08 04:06:43 - httpx - INFO - HTTP Request: POST http://127.0.0.1:11434/api/chat "HTTP/1.1 500 Internal Server Error"
2026-04-08 04:06:43 - root - WARNING - [WARN] Retry 2/3 for model magicoder:7b-s-cl: mkdir /home/sahand.moslemi/.ollama/models: permission denied: ensure path elements are traversable (status code: 500)
2026-04-08 04:06:48 - httpx - INFO - HTTP Request: POST http://127.0.0.1:11434/api/chat "HTTP/1.1 500 Internal Server Error"
2026-04-08 04:06:48 - root - WARNING - [WARN] Retry 2/3 for model magicoder:7b-s-cl: mkdir /home/sahand.moslemi/.ollama/models: permission denied: ensure path elements are traversable (status code: 500)
2026-04-08 04:06:53 - httpx - INFO - HTTP Request: POST http://127.0.0.1:11434/api/chat "HTTP/1.1 500 Internal Server Error"
2026-04-08 04:06:53 - root - WARNING - [WARN] Retry 2/3 for model magicoder:7b-s-cl: mkdir /home/sahand.moslemi/.ollama/models: permission denied: ensure path elements are traversable (status code: 500)
2026-04-08 04:06:58 - httpx - INFO - HTTP Request: POST http://127.0.0.1:11434/api/chat "HTTP/1.1 500 Internal Server Error"
2026-04-08 04:06:58 - root - WARNING - [WARN] Retry 2/3 for model magicoder:7b-s-cl: mkdir /home/sahand.moslemi/.ollama/models: permission denied: ensure path elements are traversable (status code: 500)
2026-04-08 04:07:03 - httpx - INFO - HTTP Request: POST http://127.0.0.1:11434/api/chat "HTTP/1.1 500 Internal Server Error"
2026-04-08 04:07:03 - root - WARNING - [WARN] Retry 2/3 for model magicoder:7b-s-cl: mkdir /home/sahand.moslemi/.ollama/models: permission denied: ensure path elements are traversable (status code: 500)
2026-04-08 04:07:08 - httpx - INFO - HTTP Request: POST http://127.0.0.1:11434/api/chat "HTTP/1.1 500 Internal Server Error"
2026-04-08 04:07:08 - root - WARNING - [WARN] Retry 2/3 for model magicoder:7b-s-cl: mkdir /home/sahand.moslemi/.ollama/models: permission denied: ensure path elements are traversable (status code: 500)
2026-04-08 04:07:13 - httpx - INFO - HTTP Request: POST http://127.0.0.1:11434/api/chat "HTTP/1.1 500 Internal Server Error"
2026-04-08 04:07:13 - root - WARNING - [WARN] Retry 2/3 for model magicoder:7b-s-cl: mkdir /home/sahand.moslemi/.ollama/models: permission denied: ensure path elements are traversable (status code: 500)
2026-04-08 04:07:18 - httpx - INFO - HTTP Request: POST http://127.0.0.1:11434/api/chat "HTTP/1.1 500 Internal Server Error"
2026-04-08 04:07:18 - root - WARNING - [WARN] Retry 2/3 for model magicoder:7b-s-cl: mkdir /home/sahand.moslemi/.ollama/models: permission denied: ensure path elements are traversable (status code: 500)
2026-04-08 04:07:23 - httpx - INFO - HTTP Request: POST http://127.0.0.1:11434/api/chat "HTTP/1.1 500 Internal Server Error"
2026-04-08 04:07:23 - root - WARNING - [WARN] Retry 2/3 for model magicoder:7b-s-cl: mkdir /home/sahand.moslemi/.ollama/models: permission denied: ensure path elements are traversable (status code: 500)
2026-04-08 04:07:28 - httpx - INFO - HTTP Request: POST http://127.0.0.1:11434/api/chat "HTTP/1.1 500 Internal Server Error"
2026-04-08 04:07:28 - root - WARNING - [WARN] Retry 2/3 for model magicoder:7b-s-cl: mkdir /home/sahand.moslemi/.ollama/models: permission denied: ensure path elements are traversable (status code: 500)
2026-04-08 04:07:33 - httpx - INFO - HTTP Request: POST http://127.0.0.1:11434/api/chat "HTTP/1.1 500 Internal Server Error"
2026-04-08 04:07:33 - root - WARNING - [WARN] Retry 2/3 for model magicoder:7b-s-cl: mkdir /home/sahand.moslemi/.ollama/models: permission denied: ensure path elements are traversable (status code: 500)
2026-04-08 04:07:38 - httpx - INFO - HTTP Request: POST http://127.0.0.1:11434/api/chat "HTTP/1.1 500 Internal Server Error"
2026-04-08 04:07:38 - root - WARNING - [WARN] Retry 2/3 for model magicoder:7b-s-cl: mkdir /home/sahand.moslemi/.ollama/models: permission denied: ensure path elements are traversable (status code: 500)
2026-04-08 04:07:43 - httpx - INFO - HTTP Request: POST http://127.0.0.1:11434/api/chat "HTTP/1.1 500 Internal Server Error"
2026-04-08 04:07:43 - root - WARNING - [WARN] Retry 2/3 for model magicoder:7b-s-cl: mkdir /home/sahand.moslemi/.ollama/models: permission denied: ensure path elements are traversable (status code: 500)
2026-04-08 04:07:48 - httpx - INFO - HTTP Request: POST http://127.0.0.1:11434/api/chat "HTTP/1.1 500 Internal Server Error"
2026-04-08 04:07:48 - root - WARNING - [WARN] Retry 2/3 for model magicoder:7b-s-cl: mkdir /home/sahand.moslemi/.ollama/models: permission denied: ensure path elements are traversable (status code: 500)
2026-04-08 04:07:53 - httpx - INFO - HTTP Request: POST http://127.0.0.1:11434/api/chat "HTTP/1.1 500 Internal Server Error"
2026-04-08 04:07:53 - root - WARNING - [WARN] Retry 2/3 for model magicoder:7b-s-cl: mkdir /home/sahand.moslemi/.ollama/models: permission denied: ensure path elements are traversable (status code: 500)
2026-04-08 04:07:58 - httpx - INFO - HTTP Request: POST http://127.0.0.1:11434/api/chat "HTTP/1.1 500 Internal Server Error"
2026-04-08 04:07:58 - root - WARNING - [WARN] Retry 2/3 for model magicoder:7b-s-cl: mkdir /home/sahand.moslemi/.ollama/models: permission denied: ensure path elements are traversable (status code: 500)
2026-04-08 04:08:03 - httpx - INFO - HTTP Request: POST http://127.0.0.1:11434/api/chat "HTTP/1.1 500 Internal Server Error"
2026-04-08 04:08:03 - root - WARNING - [WARN] Retry 2/3 for model magicoder:7b-s-cl: mkdir /home/sahand.moslemi/.ollama/models: permission denied: ensure path elements are traversable (status code: 500)
2026-04-08 04:08:08 - httpx - INFO - HTTP Request: POST http://127.0.0.1:11434/api/chat "HTTP/1.1 500 Internal Server Error"
2026-04-08 04:08:08 - root - WARNING - [WARN] Retry 2/3 for model magicoder:7b-s-cl: mkdir /home/sahand.moslemi/.ollama/models: permission denied: ensure path elements are traversable (status code: 500)
2026-04-08 04:08:13 - httpx - INFO - HTTP Request: POST http://127.0.0.1:11434/api/chat "HTTP/1.1 500 Internal Server Error"
2026-04-08 04:08:13 - root - WARNING - [WARN] Retry 2/3 for model magicoder:7b-s-cl: mkdir /home/sahand.moslemi/.ollama/models: permission denied: ensure path elements are traversable (status code: 500)
2026-04-08 04:08:18 - httpx - INFO - HTTP Request: POST http://127.0.0.1:11434/api/chat "HTTP/1.1 500 Internal Server Error"
2026-04-08 04:08:18 - root - WARNING - [WARN] Retry 2/3 for model magicoder:7b-s-cl: mkdir /home/sahand.moslemi/.ollama/models: permission denied: ensure path elements are traversable (status code: 500)
2026-04-08 04:08:23 - httpx - INFO - HTTP Request: POST http://127.0.0.1:11434/api/chat "HTTP/1.1 500 Internal Server Error"
2026-04-08 04:08:23 - root - WARNING - [WARN] Retry 2/3 for model magicoder:7b-s-cl: mkdir /home/sahand.moslemi/.ollama/models: permission denied: ensure path elements are traversable (status code: 500)
2026-04-08 04:08:28 - httpx - INFO - HTTP Request: POST http://127.0.0.1:11434/api/chat "HTTP/1.1 500 Internal Server Error"
2026-04-08 04:08:28 - root - WARNING - [WARN] Retry 2/3 for model magicoder:7b-s-cl: mkdir /home/sahand.moslemi/.ollama/models: permission denied: ensure path elements are traversable (status code: 500)
2026-04-08 04:08:33 - httpx - INFO - HTTP Request: POST http://127.0.0.1:11434/api/chat "HTTP/1.1 500 Internal Server Error"
2026-04-08 04:08:33 - root - WARNING - [WARN] Retry 2/3 for model magicoder:7b-s-cl: mkdir /home/sahand.moslemi/.ollama/models: permission denied: ensure path elements are traversable (status code: 500)
2026-04-08 04:08:38 - httpx - INFO - HTTP Request: POST http://127.0.0.1:11434/api/chat "HTTP/1.1 500 Internal Server Error"
2026-04-08 04:08:38 - root - WARNING - [WARN] Retry 2/3 for model magicoder:7b-s-cl: mkdir /home/sahand.moslemi/.ollama/models: permission denied: ensure path elements are traversable (status code: 500)
2026-04-08 04:08:43 - httpx - INFO - HTTP Request: POST http://127.0.0.1:11434/api/chat "HTTP/1.1 500 Internal Server Error"
2026-04-08 04:08:43 - root - WARNING - [WARN] Retry 2/3 for model magicoder:7b-s-cl: mkdir /home/sahand.moslemi/.ollama/models: permission denied: ensure path elements are traversable (status code: 500)
2026-04-08 04:08:48 - httpx - INFO - HTTP Request: POST http://127.0.0.1:11434/api/chat "HTTP/1.1 500 Internal Server Error"
2026-04-08 04:08:48 - root - WARNING - [WARN] Retry 2/3 for model magicoder:7b-s-cl: mkdir /home/sahand.moslemi/.ollama/models: permission denied: ensure path elements are traversable (status code: 500)
2026-04-08 04:08:53 - httpx - INFO - HTTP Request: POST http://127.0.0.1:11434/api/chat "HTTP/1.1 500 Internal Server Error"
2026-04-08 04:08:53 - root - WARNING - [WARN] Retry 2/3 for model magicoder:7b-s-cl: mkdir /home/sahand.moslemi/.ollama/models: permission denied: ensure path elements are traversable (status code: 500)
2026-04-08 04:08:58 - httpx - INFO - HTTP Request: POST http://127.0.0.1:11434/api/chat "HTTP/1.1 500 Internal Server Error"
2026-04-08 04:08:58 - root - WARNING - [WARN] Retry 2/3 for model magicoder:7b-s-cl: mkdir /home/sahand.moslemi/.ollama/models: permission denied: ensure path elements are traversable (status code: 500)
2026-04-08 04:09:03 - httpx - INFO - HTTP Request: POST http://127.0.0.1:11434/api/chat "HTTP/1.1 500 Internal Server Error"
2026-04-08 04:09:03 - root - WARNING - [WARN] Retry 2/3 for model magicoder:7b-s-cl: mkdir /home/sahand.moslemi/.ollama/models: permission denied: ensure path elements are traversable (status code: 500)
2026-04-08 04:09:09 - httpx - INFO - HTTP Request: POST http://127.0.0.1:11434/api/chat "HTTP/1.1 500 Internal Server Error"
2026-04-08 04:09:09 - root - WARNING - [WARN] Retry 2/3 for model magicoder:7b-s-cl: mkdir /home/sahand.moslemi/.ollama/models: permission denied: ensure path elements are traversable (status code: 500)
2026-04-08 04:09:14 - httpx - INFO - HTTP Request: POST http://127.0.0.1:11434/api/chat "HTTP/1.1 500 Internal Server Error"
2026-04-08 04:09:14 - root - WARNING - [WARN] Retry 2/3 for model magicoder:7b-s-cl: mkdir /home/sahand.moslemi/.ollama/models: permission denied: ensure path elements are traversable (status code: 500)
2026-04-08 04:09:19 - httpx - INFO - HTTP Request: POST http://127.0.0.1:11434/api/chat "HTTP/1.1 500 Internal Server Error"
2026-04-08 04:09:19 - root - WARNING - [WARN] Retry 2/3 for model magicoder:7b-s-cl: mkdir /home/sahand.moslemi/.ollama/models: permission denied: ensure path elements are traversable (status code: 500)
2026-04-08 04:09:24 - httpx - INFO - HTTP Request: POST http://127.0.0.1:11434/api/chat "HTTP/1.1 500 Internal Server Error"
2026-04-08 04:09:24 - root - WARNING - [WARN] Retry 2/3 for model magicoder:7b-s-cl: mkdir /home/sahand.moslemi/.ollama/models: permission denied: ensure path elements are traversable (status code: 500)
2026-04-08 04:09:29 - httpx - INFO - HTTP Request: POST http://127.0.0.1:11434/api/chat "HTTP/1.1 500 Internal Server Error"
2026-04-08 04:09:29 - root - WARNING - [WARN] Retry 2/3 for model magicoder:7b-s-cl: mkdir /home/sahand.moslemi/.ollama/models: permission denied: ensure path elements are traversable (status code: 500)
2026-04-08 04:09:34 - httpx - INFO - HTTP Request: POST http://127.0.0.1:11434/api/chat "HTTP/1.1 500 Internal Server Error"
2026-04-08 04:09:34 - root - WARNING - [WARN] Retry 2/3 for model magicoder:7b-s-cl: mkdir /home/sahand.moslemi/.ollama/models: permission denied: ensure path elements are traversable (status code: 500)
2026-04-08 04:09:39 - httpx - INFO - HTTP Request: POST http://127.0.0.1:11434/api/chat "HTTP/1.1 500 Internal Server Error"
2026-04-08 04:09:39 - root - WARNING - [WARN] Retry 2/3 for model magicoder:7b-s-cl: mkdir /home/sahand.moslemi/.ollama/models: permission denied: ensure path elements are traversable (status code: 500)
2026-04-08 04:09:44 - httpx - INFO - HTTP Request: POST http://127.0.0.1:11434/api/chat "HTTP/1.1 500 Internal Server Error"
2026-04-08 04:09:44 - root - WARNING - [WARN] Retry 2/3 for model magicoder:7b-s-cl: mkdir /home/sahand.moslemi/.ollama/models: permission denied: ensure path elements are traversable (status code: 500)
2026-04-08 04:09:49 - httpx - INFO - HTTP Request: POST http://127.0.0.1:11434/api/chat "HTTP/1.1 500 Internal Server Error"
2026-04-08 04:09:49 - root - WARNING - [WARN] Retry 2/3 for model magicoder:7b-s-cl: mkdir /home/sahand.moslemi/.ollama/models: permission denied: ensure path elements are traversable (status code: 500)
2026-04-08 04:09:54 - httpx - INFO - HTTP Request: POST http://127.0.0.1:11434/api/chat "HTTP/1.1 500 Internal Server Error"
2026-04-08 04:09:54 - root - WARNING - [WARN] Retry 2/3 for model magicoder:7b-s-cl: mkdir /home/sahand.moslemi/.ollama/models: permission denied: ensure path elements are traversable (status code: 500)
2026-04-08 04:09:59 - httpx - INFO - HTTP Request: POST http://127.0.0.1:11434/api/chat "HTTP/1.1 500 Internal Server Error"
2026-04-08 04:09:59 - root - WARNING - [WARN] Retry 2/3 for model magicoder:7b-s-cl: mkdir /home/sahand.moslemi/.ollama/models: permission denied: ensure path elements are traversable (status code: 500)
2026-04-08 04:10:04 - httpx - INFO - HTTP Request: POST http://127.0.0.1:11434/api/chat "HTTP/1.1 500 Internal Server Error"
2026-04-08 04:10:04 - root - WARNING - [WARN] Retry 2/3 for model magicoder:7b-s-cl: mkdir /home/sahand.moslemi/.ollama/models: permission denied: ensure path elements are traversable (status code: 500)
2026-04-08 04:10:09 - httpx - INFO - HTTP Request: POST http://127.0.0.1:11434/api/chat "HTTP/1.1 500 Internal Server Error"
2026-04-08 04:10:09 - root - WARNING - [WARN] Retry 2/3 for model magicoder:7b-s-cl: mkdir /home/sahand.moslemi/.ollama/models: permission denied: ensure path elements are traversable (status code: 500)
2026-04-08 04:10:14 - httpx - INFO - HTTP Request: POST http://127.0.0.1:11434/api/chat "HTTP/1.1 500 Internal Server Error"
2026-04-08 04:10:14 - root - WARNING - [WARN] Retry 2/3 for model magicoder:7b-s-cl: mkdir /home/sahand.moslemi/.ollama/models: permission denied: ensure path elements are traversable (status code: 500)
2026-04-08 04:10:19 - httpx - INFO - HTTP Request: POST http://127.0.0.1:11434/api/chat "HTTP/1.1 500 Internal Server Error"
2026-04-08 04:10:19 - root - WARNING - [WARN] Retry 2/3 for model magicoder:7b-s-cl: mkdir /home/sahand.moslemi/.ollama/models: permission denied: ensure path elements are traversable (status code: 500)
2026-04-08 04:10:24 - httpx - INFO - HTTP Request: POST http://127.0.0.1:11434/api/chat "HTTP/1.1 500 Internal Server Error"
2026-04-08 04:10:24 - root - WARNING - [WARN] Retry 2/3 for model magicoder:7b-s-cl: mkdir /home/sahand.moslemi/.ollama/models: permission denied: ensure path elements are traversable (status code: 500)
2026-04-08 04:10:29 - httpx - INFO - HTTP Request: POST http://127.0.0.1:11434/api/chat "HTTP/1.1 500 Internal Server Error"
2026-04-08 04:10:29 - root - WARNING - [WARN] Retry 2/3 for model magicoder:7b-s-cl: mkdir /home/sahand.moslemi/.ollama/models: permission denied: ensure path elements are traversable (status code: 500)
2026-04-08 04:10:34 - httpx - INFO - HTTP Request: POST http://127.0.0.1:11434/api/chat "HTTP/1.1 500 Internal Server Error"
2026-04-08 04:10:34 - root - WARNING - [WARN] Retry 2/3 for model magicoder:7b-s-cl: mkdir /home/sahand.moslemi/.ollama/models: permission denied: ensure path elements are traversable (status code: 500)
2026-04-08 04:10:39 - httpx - INFO - HTTP Request: POST http://127.0.0.1:11434/api/chat "HTTP/1.1 500 Internal Server Error"
2026-04-08 04:10:39 - root - WARNING - [WARN] Retry 2/3 for model magicoder:7b-s-cl: mkdir /home/sahand.moslemi/.ollama/models: permission denied: ensure path elements are traversable (status code: 500)
2026-04-08 04:10:44 - httpx - INFO - HTTP Request: POST http://127.0.0.1:11434/api/chat "HTTP/1.1 500 Internal Server Error"
2026-04-08 04:10:44 - root - WARNING - [WARN] Retry 2/3 for model magicoder:7b-s-cl: mkdir /home/sahand.moslemi/.ollama/models: permission denied: ensure path elements are traversable (status code: 500)
2026-04-08 04:10:49 - httpx - INFO - HTTP Request: POST http://127.0.0.1:11434/api/chat "HTTP/1.1 500 Internal Server Error"
2026-04-08 04:10:49 - root - WARNING - [WARN] Retry 2/3 for model magicoder:7b-s-cl: mkdir /home/sahand.moslemi/.ollama/models: permission denied: ensure path elements are traversable (status code: 500)
2026-04-08 04:10:54 - httpx - INFO - HTTP Request: POST http://127.0.0.1:11434/api/chat "HTTP/1.1 500 Internal Server Error"
2026-04-08 04:10:54 - root - WARNING - [WARN] Retry 2/3 for model magicoder:7b-s-cl: mkdir /home/sahand.moslemi/.ollama/models: permission denied: ensure path elements are traversable (status code: 500)
2026-04-08 04:10:59 - httpx - INFO - HTTP Request: POST http://127.0.0.1:11434/api/chat "HTTP/1.1 500 Internal Server Error"
2026-04-08 04:10:59 - root - WARNING - [WARN] Retry 2/3 for model magicoder:7b-s-cl: mkdir /home/sahand.moslemi/.ollama/models: permission denied: ensure path elements are traversable (status code: 500)
2026-04-08 04:11:04 - httpx - INFO - HTTP Request: POST http://127.0.0.1:11434/api/chat "HTTP/1.1 500 Internal Server Error"
2026-04-08 04:11:04 - root - WARNING - [WARN] Retry 2/3 for model magicoder:7b-s-cl: mkdir /home/sahand.moslemi/.ollama/models: permission denied: ensure path elements are traversable (status code: 500)
2026-04-08 04:11:09 - httpx - INFO - HTTP Request: POST http://127.0.0.1:11434/api/chat "HTTP/1.1 500 Internal Server Error"
2026-04-08 04:11:09 - root - WARNING - [WARN] Retry 2/3 for model magicoder:7b-s-cl: mkdir /home/sahand.moslemi/.ollama/models: permission denied: ensure path elements are traversable (status code: 500)
2026-04-08 04:11:14 - httpx - INFO - HTTP Request: POST http://127.0.0.1:11434/api/chat "HTTP/1.1 500 Internal Server Error"
2026-04-08 04:11:14 - root - WARNING - [WARN] Retry 2/3 for model magicoder:7b-s-cl: mkdir /home/sahand.moslemi/.ollama/models: permission denied: ensure path elements are traversable (status code: 500)
2026-04-08 04:11:19 - httpx - INFO - HTTP Request: POST http://127.0.0.1:11434/api/chat "HTTP/1.1 500 Internal Server Error"
2026-04-08 04:11:19 - root - WARNING - [WARN] Retry 2/3 for model magicoder:7b-s-cl: mkdir /home/sahand.moslemi/.ollama/models: permission denied: ensure path elements are traversable (status code: 500)
2026-04-08 04:11:24 - httpx - INFO - HTTP Request: POST http://127.0.0.1:11434/api/chat "HTTP/1.1 500 Internal Server Error"
2026-04-08 04:11:24 - root - WARNING - [WARN] Retry 2/3 for model magicoder:7b-s-cl: mkdir /home/sahand.moslemi/.ollama/models: permission denied: ensure path elements are traversable (status code: 500)
2026-04-08 04:11:29 - httpx - INFO - HTTP Request: POST http://127.0.0.1:11434/api/chat "HTTP/1.1 500 Internal Server Error"
2026-04-08 04:11:29 - root - WARNING - [WARN] Retry 2/3 for model magicoder:7b-s-cl: mkdir /home/sahand.moslemi/.ollama/models: permission denied: ensure path elements are traversable (status code: 500)
2026-04-08 04:11:34 - httpx - INFO - HTTP Request: POST http://127.0.0.1:11434/api/chat "HTTP/1.1 500 Internal Server Error"
2026-04-08 04:11:34 - root - WARNING - [WARN] Retry 2/3 for model magicoder:7b-s-cl: mkdir /home/sahand.moslemi/.ollama/models: permission denied: ensure path elements are traversable (status code: 500)
2026-04-08 04:11:39 - httpx - INFO - HTTP Request: POST http://127.0.0.1:11434/api/chat "HTTP/1.1 500 Internal Server Error"
2026-04-08 04:11:39 - root - WARNING - [WARN] Retry 2/3 for model magicoder:7b-s-cl: mkdir /home/sahand.moslemi/.ollama/models: permission denied: ensure path elements are traversable (status code: 500)
2026-04-08 04:11:44 - httpx - INFO - HTTP Request: POST http://127.0.0.1:11434/api/chat "HTTP/1.1 500 Internal Server Error"
2026-04-08 04:11:44 - root - WARNING - [WARN] Retry 2/3 for model magicoder:7b-s-cl: mkdir /home/sahand.moslemi/.ollama/models: permission denied: ensure path elements are traversable (status code: 500)
2026-04-08 04:11:49 - httpx - INFO - HTTP Request: POST http://127.0.0.1:11434/api/chat "HTTP/1.1 500 Internal Server Error"
2026-04-08 04:11:49 - root - WARNING - [WARN] Retry 2/3 for model magicoder:7b-s-cl: mkdir /home/sahand.moslemi/.ollama/models: permission denied: ensure path elements are traversable (status code: 500)
2026-04-08 04:11:54 - httpx - INFO - HTTP Request: POST http://127.0.0.1:11434/api/chat "HTTP/1.1 500 Internal Server Error"
2026-04-08 04:11:54 - root - WARNING - [WARN] Retry 2/3 for model magicoder:7b-s-cl: mkdir /home/sahand.moslemi/.ollama/models: permission denied: ensure path elements are traversable (status code: 500)
2026-04-08 04:11:59 - httpx - INFO - HTTP Request: POST http://127.0.0.1:11434/api/chat "HTTP/1.1 500 Internal Server Error"
2026-04-08 04:11:59 - root - WARNING - [WARN] Retry 2/3 for model magicoder:7b-s-cl: mkdir /home/sahand.moslemi/.ollama/models: permission denied: ensure path elements are traversable (status code: 500)
2026-04-08 04:12:04 - httpx - INFO - HTTP Request: POST http://127.0.0.1:11434/api/chat "HTTP/1.1 500 Internal Server Error"
2026-04-08 04:12:04 - root - WARNING - [WARN] Retry 2/3 for model magicoder:7b-s-cl: mkdir /home/sahand.moslemi/.ollama/models: permission denied: ensure path elements are traversable (status code: 500)
2026-04-08 04:12:09 - httpx - INFO - HTTP Request: POST http://127.0.0.1:11434/api/chat "HTTP/1.1 500 Internal Server Error"
2026-04-08 04:12:09 - root - WARNING - [WARN] Retry 2/3 for model magicoder:7b-s-cl: mkdir /home/sahand.moslemi/.ollama/models: permission denied: ensure path elements are traversable (status code: 500)
2026-04-08 04:12:14 - httpx - INFO - HTTP Request: POST http://127.0.0.1:11434/api/chat "HTTP/1.1 500 Internal Server Error"
2026-04-08 04:12:14 - root - WARNING - [WARN] Retry 2/3 for model magicoder:7b-s-cl: mkdir /home/sahand.moslemi/.ollama/models: permission denied: ensure path elements are traversable (status code: 500)
2026-04-08 04:12:19 - httpx - INFO - HTTP Request: POST http://127.0.0.1:11434/api/chat "HTTP/1.1 500 Internal Server Error"
2026-04-08 04:12:19 - root - WARNING - [WARN] Retry 2/3 for model magicoder:7b-s-cl: mkdir /home/sahand.moslemi/.ollama/models: permission denied: ensure path elements are traversable (status code: 500)
2026-04-08 04:12:24 - httpx - INFO - HTTP Request: POST http://127.0.0.1:11434/api/chat "HTTP/1.1 500 Internal Server Error"
2026-04-08 04:12:24 - root - WARNING - [WARN] Retry 2/3 for model magicoder:7b-s-cl: mkdir /home/sahand.moslemi/.ollama/models: permission denied: ensure path elements are traversable (status code: 500)
2026-04-08 04:12:29 - httpx - INFO - HTTP Request: POST http://127.0.0.1:11434/api/chat "HTTP/1.1 500 Internal Server Error"
2026-04-08 04:12:29 - root - WARNING - [WARN] Retry 2/3 for model magicoder:7b-s-cl: mkdir /home/sahand.moslemi/.ollama/models: permission denied: ensure path elements are traversable (status code: 500)
2026-04-08 04:12:34 - httpx - INFO - HTTP Request: POST http://127.0.0.1:11434/api/chat "HTTP/1.1 500 Internal Server Error"
2026-04-08 04:12:34 - root - WARNING - [WARN] Retry 2/3 for model magicoder:7b-s-cl: mkdir /home/sahand.moslemi/.ollama/models: permission denied: ensure path elements are traversable (status code: 500)
2026-04-08 04:12:39 - httpx - INFO - HTTP Request: POST http://127.0.0.1:11434/api/chat "HTTP/1.1 500 Internal Server Error"
2026-04-08 04:12:39 - root - WARNING - [WARN] Retry 2/3 for model magicoder:7b-s-cl: mkdir /home/sahand.moslemi/.ollama/models: permission denied: ensure path elements are traversable (status code: 500)
2026-04-08 04:12:44 - httpx - INFO - HTTP Request: POST http://127.0.0.1:11434/api/chat "HTTP/1.1 500 Internal Server Error"
2026-04-08 04:12:44 - root - WARNING - [WARN] Retry 2/3 for model magicoder:7b-s-cl: mkdir /home/sahand.moslemi/.ollama/models: permission denied: ensure path elements are traversable (status code: 500)
2026-04-08 04:12:49 - httpx - INFO - HTTP Request: POST http://127.0.0.1:11434/api/chat "HTTP/1.1 500 Internal Server Error"
2026-04-08 04:12:49 - root - WARNING - [WARN] Retry 2/3 for model magicoder:7b-s-cl: mkdir /home/sahand.moslemi/.ollama/models: permission denied: ensure path elements are traversable (status code: 500)
2026-04-08 04:12:54 - httpx - INFO - HTTP Request: POST http://127.0.0.1:11434/api/chat "HTTP/1.1 500 Internal Server Error"
2026-04-08 04:12:54 - root - WARNING - [WARN] Retry 2/3 for model magicoder:7b-s-cl: mkdir /home/sahand.moslemi/.ollama/models: permission denied: ensure path elements are traversable (status code: 500)
2026-04-08 04:12:59 - httpx - INFO - HTTP Request: POST http://127.0.0.1:11434/api/chat "HTTP/1.1 500 Internal Server Error"
2026-04-08 04:12:59 - root - WARNING - [WARN] Retry 2/3 for model magicoder:7b-s-cl: mkdir /home/sahand.moslemi/.ollama/models: permission denied: ensure path elements are traversable (status code: 500)
2026-04-08 04:13:04 - httpx - INFO - HTTP Request: POST http://127.0.0.1:11434/api/chat "HTTP/1.1 500 Internal Server Error"
2026-04-08 04:13:04 - root - WARNING - [WARN] Retry 2/3 for model magicoder:7b-s-cl: mkdir /home/sahand.moslemi/.ollama/models: permission denied: ensure path elements are traversable (status code: 500)
2026-04-08 04:13:09 - httpx - INFO - HTTP Request: POST http://127.0.0.1:11434/api/chat "HTTP/1.1 500 Internal Server Error"
2026-04-08 04:13:09 - root - WARNING - [WARN] Retry 2/3 for model magicoder:7b-s-cl: mkdir /home/sahand.moslemi/.ollama/models: permission denied: ensure path elements are traversable (status code: 500)
2026-04-08 04:13:14 - httpx - INFO - HTTP Request: POST http://127.0.0.1:11434/api/chat "HTTP/1.1 500 Internal Server Error"
2026-04-08 04:13:14 - root - WARNING - [WARN] Retry 2/3 for model magicoder:7b-s-cl: mkdir /home/sahand.moslemi/.ollama/models: permission denied: ensure path elements are traversable (status code: 500)
2026-04-08 04:13:19 - httpx - INFO - HTTP Request: POST http://127.0.0.1:11434/api/chat "HTTP/1.1 500 Internal Server Error"
2026-04-08 04:13:19 - root - WARNING - [WARN] Retry 2/3 for model magicoder:7b-s-cl: mkdir /home/sahand.moslemi/.ollama/models: permission denied: ensure path elements are traversable (status code: 500)
2026-04-08 04:13:24 - httpx - INFO - HTTP Request: POST http://127.0.0.1:11434/api/chat "HTTP/1.1 500 Internal Server Error"
2026-04-08 04:13:24 - root - WARNING - [WARN] Retry 2/3 for model magicoder:7b-s-cl: mkdir /home/sahand.moslemi/.ollama/models: permission denied: ensure path elements are traversable (status code: 500)
2026-04-08 04:13:29 - httpx - INFO - HTTP Request: POST http://127.0.0.1:11434/api/chat "HTTP/1.1 500 Internal Server Error"
2026-04-08 04:13:29 - root - WARNING - [WARN] Retry 2/3 for model magicoder:7b-s-cl: mkdir /home/sahand.moslemi/.ollama/models: permission denied: ensure path elements are traversable (status code: 500)
2026-04-08 04:13:34 - httpx - INFO - HTTP Request: POST http://127.0.0.1:11434/api/chat "HTTP/1.1 500 Internal Server Error"
2026-04-08 04:13:34 - root - WARNING - [WARN] Retry 2/3 for model magicoder:7b-s-cl: mkdir /home/sahand.moslemi/.ollama/models: permission denied: ensure path elements are traversable (status code: 500)
2026-04-08 04:13:39 - httpx - INFO - HTTP Request: POST http://127.0.0.1:11434/api/chat "HTTP/1.1 500 Internal Server Error"
2026-04-08 04:13:39 - root - WARNING - [WARN] Retry 2/3 for model magicoder:7b-s-cl: mkdir /home/sahand.moslemi/.ollama/models: permission denied: ensure path elements are traversable (status code: 500)
2026-04-08 04:13:44 - httpx - INFO - HTTP Request: POST http://127.0.0.1:11434/api/chat "HTTP/1.1 500 Internal Server Error"
2026-04-08 04:13:44 - root - WARNING - [WARN] Retry 2/3 for model magicoder:7b-s-cl: mkdir /home/sahand.moslemi/.ollama/models: permission denied: ensure path elements are traversable (status code: 500)
2026-04-08 04:13:49 - httpx - INFO - HTTP Request: POST http://127.0.0.1:11434/api/chat "HTTP/1.1 500 Internal Server Error"
2026-04-08 04:13:49 - root - WARNING - [WARN] Retry 2/3 for model magicoder:7b-s-cl: mkdir /home/sahand.moslemi/.ollama/models: permission denied: ensure path elements are traversable (status code: 500)
2026-04-08 04:13:54 - httpx - INFO - HTTP Request: POST http://127.0.0.1:11434/api/chat "HTTP/1.1 500 Internal Server Error"
2026-04-08 04:13:54 - root - WARNING - [WARN] Retry 2/3 for model magicoder:7b-s-cl: mkdir /home/sahand.moslemi/.ollama/models: permission denied: ensure path elements are traversable (status code: 500)
2026-04-08 04:13:59 - httpx - INFO - HTTP Request: POST http://127.0.0.1:11434/api/chat "HTTP/1.1 500 Internal Server Error"
2026-04-08 04:13:59 - root - WARNING - [WARN] Retry 2/3 for model magicoder:7b-s-cl: mkdir /home/sahand.moslemi/.ollama/models: permission denied: ensure path elements are traversable (status code: 500)
2026-04-08 04:14:04 - httpx - INFO - HTTP Request: POST http://127.0.0.1:11434/api/chat "HTTP/1.1 500 Internal Server Error"
2026-04-08 04:14:04 - root - WARNING - [WARN] Retry 2/3 for model magicoder:7b-s-cl: mkdir /home/sahand.moslemi/.ollama/models: permission denied: ensure path elements are traversable (status code: 500)
2026-04-08 04:14:09 - httpx - INFO - HTTP Request: POST http://127.0.0.1:11434/api/chat "HTTP/1.1 500 Internal Server Error"
2026-04-08 04:14:09 - root - WARNING - [WARN] Retry 2/3 for model magicoder:7b-s-cl: mkdir /home/sahand.moslemi/.ollama/models: permission denied: ensure path elements are traversable (status code: 500)
2026-04-08 04:14:15 - httpx - INFO - HTTP Request: POST http://127.0.0.1:11434/api/chat "HTTP/1.1 500 Internal Server Error"
2026-04-08 04:14:15 - root - WARNING - [WARN] Retry 2/3 for model magicoder:7b-s-cl: mkdir /home/sahand.moslemi/.ollama/models: permission denied: ensure path elements are traversable (status code: 500)
2026-04-08 04:14:20 - httpx - INFO - HTTP Request: POST http://127.0.0.1:11434/api/chat "HTTP/1.1 500 Internal Server Error"
2026-04-08 04:14:20 - root - WARNING - [WARN] Retry 2/3 for model magicoder:7b-s-cl: mkdir /home/sahand.moslemi/.ollama/models: permission denied: ensure path elements are traversable (status code: 500)
2026-04-08 04:14:25 - httpx - INFO - HTTP Request: POST http://127.0.0.1:11434/api/chat "HTTP/1.1 500 Internal Server Error"
2026-04-08 04:14:25 - root - WARNING - [WARN] Retry 2/3 for model magicoder:7b-s-cl: mkdir /home/sahand.moslemi/.ollama/models: permission denied: ensure path elements are traversable (status code: 500)
2026-04-08 04:14:30 - httpx - INFO - HTTP Request: POST http://127.0.0.1:11434/api/chat "HTTP/1.1 500 Internal Server Error"
2026-04-08 04:14:30 - root - WARNING - [WARN] Retry 2/3 for model magicoder:7b-s-cl: mkdir /home/sahand.moslemi/.ollama/models: permission denied: ensure path elements are traversable (status code: 500)
2026-04-08 04:14:35 - httpx - INFO - HTTP Request: POST http://127.0.0.1:11434/api/chat "HTTP/1.1 500 Internal Server Error"
2026-04-08 04:14:35 - root - WARNING - [WARN] Retry 2/3 for model magicoder:7b-s-cl: mkdir /home/sahand.moslemi/.ollama/models: permission denied: ensure path elements are traversable (status code: 500)
2026-04-08 04:14:40 - httpx - INFO - HTTP Request: POST http://127.0.0.1:11434/api/chat "HTTP/1.1 500 Internal Server Error"
2026-04-08 04:14:40 - root - WARNING - [WARN] Retry 2/3 for model magicoder:7b-s-cl: mkdir /home/sahand.moslemi/.ollama/models: permission denied: ensure path elements are traversable (status code: 500)
2026-04-08 04:14:45 - httpx - INFO - HTTP Request: POST http://127.0.0.1:11434/api/chat "HTTP/1.1 500 Internal Server Error"
2026-04-08 04:14:45 - root - WARNING - [WARN] Retry 2/3 for model magicoder:7b-s-cl: mkdir /home/sahand.moslemi/.ollama/models: permission denied: ensure path elements are traversable (status code: 500)
2026-04-08 04:14:50 - httpx - INFO - HTTP Request: POST http://127.0.0.1:11434/api/chat "HTTP/1.1 500 Internal Server Error"
2026-04-08 04:14:50 - root - WARNING - [WARN] Retry 2/3 for model magicoder:7b-s-cl: mkdir /home/sahand.moslemi/.ollama/models: permission denied: ensure path elements are traversable (status code: 500)
2026-04-08 04:14:55 - httpx - INFO - HTTP Request: POST http://127.0.0.1:11434/api/chat "HTTP/1.1 500 Internal Server Error"
2026-04-08 04:14:55 - root - WARNING - [WARN] Retry 2/3 for model magicoder:7b-s-cl: mkdir /home/sahand.moslemi/.ollama/models: permission denied: ensure path elements are traversable (status code: 500)
2026-04-08 04:15:00 - httpx - INFO - HTTP Request: POST http://127.0.0.1:11434/api/chat "HTTP/1.1 500 Internal Server Error"
2026-04-08 04:15:00 - root - WARNING - [WARN] Retry 2/3 for model magicoder:7b-s-cl: mkdir /home/sahand.moslemi/.ollama/models: permission denied: ensure path elements are traversable (status code: 500)
2026-04-08 04:15:05 - httpx - INFO - HTTP Request: POST http://127.0.0.1:11434/api/chat "HTTP/1.1 500 Internal Server Error"
2026-04-08 04:15:05 - root - WARNING - [WARN] Retry 2/3 for model magicoder:7b-s-cl: mkdir /home/sahand.moslemi/.ollama/models: permission denied: ensure path elements are traversable (status code: 500)
2026-04-08 04:15:10 - httpx - INFO - HTTP Request: POST http://127.0.0.1:11434/api/chat "HTTP/1.1 500 Internal Server Error"
2026-04-08 04:15:10 - root - WARNING - [WARN] Retry 2/3 for model magicoder:7b-s-cl: mkdir /home/sahand.moslemi/.ollama/models: permission denied: ensure path elements are traversable (status code: 500)
2026-04-08 04:15:15 - httpx - INFO - HTTP Request: POST http://127.0.0.1:11434/api/chat "HTTP/1.1 500 Internal Server Error"
2026-04-08 04:15:15 - root - WARNING - [WARN] Retry 2/3 for model magicoder:7b-s-cl: mkdir /home/sahand.moslemi/.ollama/models: permission denied: ensure path elements are traversable (status code: 500)
2026-04-08 04:15:20 - httpx - INFO - HTTP Request: POST http://127.0.0.1:11434/api/chat "HTTP/1.1 500 Internal Server Error"
2026-04-08 04:15:20 - root - WARNING - [WARN] Retry 2/3 for model magicoder:7b-s-cl: mkdir /home/sahand.moslemi/.ollama/models: permission denied: ensure path elements are traversable (status code: 500)
2026-04-08 04:15:25 - httpx - INFO - HTTP Request: POST http://127.0.0.1:11434/api/chat "HTTP/1.1 500 Internal Server Error"
2026-04-08 04:15:25 - root - WARNING - [WARN] Retry 2/3 for model magicoder:7b-s-cl: mkdir /home/sahand.moslemi/.ollama/models: permission denied: ensure path elements are traversable (status code: 500)
2026-04-08 04:15:30 - httpx - INFO - HTTP Request: POST http://127.0.0.1:11434/api/chat "HTTP/1.1 500 Internal Server Error"
2026-04-08 04:15:30 - root - WARNING - [WARN] Retry 2/3 for model magicoder:7b-s-cl: mkdir /home/sahand.moslemi/.ollama/models: permission denied: ensure path elements are traversable (status code: 500)
2026-04-08 04:15:35 - httpx - INFO - HTTP Request: POST http://127.0.0.1:11434/api/chat "HTTP/1.1 500 Internal Server Error"
2026-04-08 04:15:35 - root - WARNING - [WARN] Retry 2/3 for model magicoder:7b-s-cl: mkdir /home/sahand.moslemi/.ollama/models: permission denied: ensure path elements are traversable (status code: 500)
2026-04-08 04:15:40 - httpx - INFO - HTTP Request: POST http://127.0.0.1:11434/api/chat "HTTP/1.1 500 Internal Server Error"
2026-04-08 04:15:40 - root - WARNING - [WARN] Retry 2/3 for model magicoder:7b-s-cl: mkdir /home/sahand.moslemi/.ollama/models: permission denied: ensure path elements are traversable (status code: 500)
2026-04-08 04:15:45 - httpx - INFO - HTTP Request: POST http://127.0.0.1:11434/api/chat "HTTP/1.1 500 Internal Server Error"
2026-04-08 04:15:45 - root - WARNING - [WARN] Retry 2/3 for model magicoder:7b-s-cl: mkdir /home/sahand.moslemi/.ollama/models: permission denied: ensure path elements are traversable (status code: 500)
2026-04-08 04:15:50 - httpx - INFO - HTTP Request: POST http://127.0.0.1:11434/api/chat "HTTP/1.1 500 Internal Server Error"
2026-04-08 04:15:50 - root - WARNING - [WARN] Retry 2/3 for model magicoder:7b-s-cl: mkdir /home/sahand.moslemi/.ollama/models: permission denied: ensure path elements are traversable (status code: 500)
2026-04-08 04:15:55 - httpx - INFO - HTTP Request: POST http://127.0.0.1:11434/api/chat "HTTP/1.1 500 Internal Server Error"
2026-04-08 04:15:55 - root - WARNING - [WARN] Retry 2/3 for model magicoder:7b-s-cl: mkdir /home/sahand.moslemi/.ollama/models: permission denied: ensure path elements are traversable (status code: 500)
2026-04-08 04:16:00 - httpx - INFO - HTTP Request: POST http://127.0.0.1:11434/api/chat "HTTP/1.1 500 Internal Server Error"
2026-04-08 04:16:00 - root - WARNING - [WARN] Retry 2/3 for model magicoder:7b-s-cl: mkdir /home/sahand.moslemi/.ollama/models: permission denied: ensure path elements are traversable (status code: 500)
2026-04-08 04:16:05 - httpx - INFO - HTTP Request: POST http://127.0.0.1:11434/api/chat "HTTP/1.1 500 Internal Server Error"
2026-04-08 04:16:05 - root - WARNING - [WARN] Retry 2/3 for model magicoder:7b-s-cl: mkdir /home/sahand.moslemi/.ollama/models: permission denied: ensure path elements are traversable (status code: 500)
2026-04-08 04:16:10 - httpx - INFO - HTTP Request: POST http://127.0.0.1:11434/api/chat "HTTP/1.1 500 Internal Server Error"
2026-04-08 04:16:10 - root - WARNING - [WARN] Retry 2/3 for model magicoder:7b-s-cl: mkdir /home/sahand.moslemi/.ollama/models: permission denied: ensure path elements are traversable (status code: 500)
2026-04-08 04:16:15 - httpx - INFO - HTTP Request: POST http://127.0.0.1:11434/api/chat "HTTP/1.1 500 Internal Server Error"
2026-04-08 04:16:15 - root - WARNING - [WARN] Retry 2/3 for model magicoder:7b-s-cl: mkdir /home/sahand.moslemi/.ollama/models: permission denied: ensure path elements are traversable (status code: 500)
2026-04-08 04:16:20 - httpx - INFO - HTTP Request: POST http://127.0.0.1:11434/api/chat "HTTP/1.1 500 Internal Server Error"
2026-04-08 04:16:20 - root - WARNING - [WARN] Retry 2/3 for model magicoder:7b-s-cl: mkdir /home/sahand.moslemi/.ollama/models: permission denied: ensure path elements are traversable (status code: 500)
2026-04-08 04:16:25 - httpx - INFO - HTTP Request: POST http://127.0.0.1:11434/api/chat "HTTP/1.1 500 Internal Server Error"
2026-04-08 04:16:25 - root - WARNING - [WARN] Retry 2/3 for model magicoder:7b-s-cl: mkdir /home/sahand.moslemi/.ollama/models: permission denied: ensure path elements are traversable (status code: 500)
2026-04-08 04:16:30 - httpx - INFO - HTTP Request: POST http://127.0.0.1:11434/api/chat "HTTP/1.1 500 Internal Server Error"
2026-04-08 04:16:30 - root - WARNING - [WARN] Retry 2/3 for model magicoder:7b-s-cl: mkdir /home/sahand.moslemi/.ollama/models: permission denied: ensure path elements are traversable (status code: 500)
2026-04-08 04:16:35 - httpx - INFO - HTTP Request: POST http://127.0.0.1:11434/api/chat "HTTP/1.1 500 Internal Server Error"
2026-04-08 04:16:35 - root - WARNING - [WARN] Retry 2/3 for model magicoder:7b-s-cl: mkdir /home/sahand.moslemi/.ollama/models: permission denied: ensure path elements are traversable (status code: 500)
2026-04-08 04:16:40 - httpx - INFO - HTTP Request: POST http://127.0.0.1:11434/api/chat "HTTP/1.1 500 Internal Server Error"
2026-04-08 04:16:40 - root - WARNING - [WARN] Retry 2/3 for model magicoder:7b-s-cl: mkdir /home/sahand.moslemi/.ollama/models: permission denied: ensure path elements are traversable (status code: 500)
2026-04-08 04:16:45 - httpx - INFO - HTTP Request: POST http://127.0.0.1:11434/api/chat "HTTP/1.1 500 Internal Server Error"
2026-04-08 04:16:45 - root - WARNING - [WARN] Retry 2/3 for model magicoder:7b-s-cl: mkdir /home/sahand.moslemi/.ollama/models: permission denied: ensure path elements are traversable (status code: 500)
2026-04-08 04:16:50 - httpx - INFO - HTTP Request: POST http://127.0.0.1:11434/api/chat "HTTP/1.1 500 Internal Server Error"
2026-04-08 04:16:50 - root - WARNING - [WARN] Retry 2/3 for model magicoder:7b-s-cl: mkdir /home/sahand.moslemi/.ollama/models: permission denied: ensure path elements are traversable (status code: 500)
2026-04-08 04:16:55 - httpx - INFO - HTTP Request: POST http://127.0.0.1:11434/api/chat "HTTP/1.1 500 Internal Server Error"
2026-04-08 04:16:55 - root - WARNING - [WARN] Retry 2/3 for model magicoder:7b-s-cl: mkdir /home/sahand.moslemi/.ollama/models: permission denied: ensure path elements are traversable (status code: 500)
2026-04-08 04:17:00 - httpx - INFO - HTTP Request: POST http://127.0.0.1:11434/api/chat "HTTP/1.1 500 Internal Server Error"
2026-04-08 04:17:00 - root - WARNING - [WARN] Retry 2/3 for model magicoder:7b-s-cl: mkdir /home/sahand.moslemi/.ollama/models: permission denied: ensure path elements are traversable (status code: 500)
2026-04-08 04:17:05 - httpx - INFO - HTTP Request: POST http://127.0.0.1:11434/api/chat "HTTP/1.1 500 Internal Server Error"
2026-04-08 04:17:05 - root - WARNING - [WARN] Retry 2/3 for model magicoder:7b-s-cl: mkdir /home/sahand.moslemi/.ollama/models: permission denied: ensure path elements are traversable (status code: 500)
2026-04-08 04:17:10 - httpx - INFO - HTTP Request: POST http://127.0.0.1:11434/api/chat "HTTP/1.1 500 Internal Server Error"
2026-04-08 04:17:10 - root - WARNING - [WARN] Retry 2/3 for model magicoder:7b-s-cl: mkdir /home/sahand.moslemi/.ollama/models: permission denied: ensure path elements are traversable (status code: 500)
2026-04-08 04:17:15 - httpx - INFO - HTTP Request: POST http://127.0.0.1:11434/api/chat "HTTP/1.1 500 Internal Server Error"
2026-04-08 04:17:15 - root - WARNING - [WARN] Retry 2/3 for model magicoder:7b-s-cl: mkdir /home/sahand.moslemi/.ollama/models: permission denied: ensure path elements are traversable (status code: 500)
2026-04-08 04:17:20 - httpx - INFO - HTTP Request: POST http://127.0.0.1:11434/api/chat "HTTP/1.1 500 Internal Server Error"
2026-04-08 04:17:20 - root - WARNING - [WARN] Retry 2/3 for model magicoder:7b-s-cl: mkdir /home/sahand.moslemi/.ollama/models: permission denied: ensure path elements are traversable (status code: 500)
2026-04-08 04:17:25 - httpx - INFO - HTTP Request: POST http://127.0.0.1:11434/api/chat "HTTP/1.1 500 Internal Server Error"
2026-04-08 04:17:25 - root - WARNING - [WARN] Retry 2/3 for model magicoder:7b-s-cl: mkdir /home/sahand.moslemi/.ollama/models: permission denied: ensure path elements are traversable (status code: 500)
2026-04-08 04:17:30 - httpx - INFO - HTTP Request: POST http://127.0.0.1:11434/api/chat "HTTP/1.1 500 Internal Server Error"
2026-04-08 04:17:30 - root - WARNING - [WARN] Retry 2/3 for model magicoder:7b-s-cl: mkdir /home/sahand.moslemi/.ollama/models: permission denied: ensure path elements are traversable (status code: 500)
2026-04-08 04:17:35 - httpx - INFO - HTTP Request: POST http://127.0.0.1:11434/api/chat "HTTP/1.1 500 Internal Server Error"
2026-04-08 04:17:35 - root - WARNING - [WARN] Retry 2/3 for model magicoder:7b-s-cl: mkdir /home/sahand.moslemi/.ollama/models: permission denied: ensure path elements are traversable (status code: 500)
2026-04-08 04:17:40 - httpx - INFO - HTTP Request: POST http://127.0.0.1:11434/api/chat "HTTP/1.1 500 Internal Server Error"
2026-04-08 04:17:40 - root - WARNING - [WARN] Retry 2/3 for model magicoder:7b-s-cl: mkdir /home/sahand.moslemi/.ollama/models: permission denied: ensure path elements are traversable (status code: 500)
2026-04-08 04:17:45 - httpx - INFO - HTTP Request: POST http://127.0.0.1:11434/api/chat "HTTP/1.1 500 Internal Server Error"
2026-04-08 04:17:45 - root - WARNING - [WARN] Retry 2/3 for model magicoder:7b-s-cl: mkdir /home/sahand.moslemi/.ollama/models: permission denied: ensure path elements are traversable (status code: 500)
2026-04-08 04:17:50 - httpx - INFO - HTTP Request: POST http://127.0.0.1:11434/api/chat "HTTP/1.1 500 Internal Server Error"
2026-04-08 04:17:50 - root - WARNING - [WARN] Retry 2/3 for model magicoder:7b-s-cl: mkdir /home/sahand.moslemi/.ollama/models: permission denied: ensure path elements are traversable (status code: 500)
2026-04-08 04:17:55 - httpx - INFO - HTTP Request: POST http://127.0.0.1:11434/api/chat "HTTP/1.1 500 Internal Server Error"
2026-04-08 04:17:55 - root - WARNING - [WARN] Retry 2/3 for model magicoder:7b-s-cl: mkdir /home/sahand.moslemi/.ollama/models: permission denied: ensure path elements are traversable (status code: 500)
2026-04-08 04:18:00 - httpx - INFO - HTTP Request: POST http://127.0.0.1:11434/api/chat "HTTP/1.1 500 Internal Server Error"
2026-04-08 04:18:00 - root - WARNING - [WARN] Retry 2/3 for model magicoder:7b-s-cl: mkdir /home/sahand.moslemi/.ollama/models: permission denied: ensure path elements are traversable (status code: 500)
2026-04-08 04:18:05 - httpx - INFO - HTTP Request: POST http://127.0.0.1:11434/api/chat "HTTP/1.1 500 Internal Server Error"
2026-04-08 04:18:05 - root - WARNING - [WARN] Retry 2/3 for model magicoder:7b-s-cl: mkdir /home/sahand.moslemi/.ollama/models: permission denied: ensure path elements are traversable (status code: 500)
2026-04-08 04:18:10 - httpx - INFO - HTTP Request: POST http://127.0.0.1:11434/api/chat "HTTP/1.1 500 Internal Server Error"
2026-04-08 04:18:10 - root - WARNING - [WARN] Retry 2/3 for model magicoder:7b-s-cl: mkdir /home/sahand.moslemi/.ollama/models: permission denied: ensure path elements are traversable (status code: 500)
2026-04-08 04:18:15 - httpx - INFO - HTTP Request: POST http://127.0.0.1:11434/api/chat "HTTP/1.1 500 Internal Server Error"
2026-04-08 04:18:15 - root - WARNING - [WARN] Retry 2/3 for model magicoder:7b-s-cl: mkdir /home/sahand.moslemi/.ollama/models: permission denied: ensure path elements are traversable (status code: 500)
2026-04-08 04:18:20 - httpx - INFO - HTTP Request: POST http://127.0.0.1:11434/api/chat "HTTP/1.1 500 Internal Server Error"
2026-04-08 04:18:20 - root - WARNING - [WARN] Retry 2/3 for model magicoder:7b-s-cl: mkdir /home/sahand.moslemi/.ollama/models: permission denied: ensure path elements are traversable (status code: 500)
2026-04-08 04:18:25 - httpx - INFO - HTTP Request: POST http://127.0.0.1:11434/api/chat "HTTP/1.1 500 Internal Server Error"
2026-04-08 04:18:25 - root - WARNING - [WARN] Retry 2/3 for model magicoder:7b-s-cl: mkdir /home/sahand.moslemi/.ollama/models: permission denied: ensure path elements are traversable (status code: 500)
2026-04-08 04:18:30 - httpx - INFO - HTTP Request: POST http://127.0.0.1:11434/api/chat "HTTP/1.1 500 Internal Server Error"
2026-04-08 04:18:30 - root - WARNING - [WARN] Retry 2/3 for model magicoder:7b-s-cl: mkdir /home/sahand.moslemi/.ollama/models: permission denied: ensure path elements are traversable (status code: 500)
2026-04-08 04:18:35 - httpx - INFO - HTTP Request: POST http://127.0.0.1:11434/api/chat "HTTP/1.1 500 Internal Server Error"
2026-04-08 04:18:35 - root - WARNING - [WARN] Retry 2/3 for model magicoder:7b-s-cl: mkdir /home/sahand.moslemi/.ollama/models: permission denied: ensure path elements are traversable (status code: 500)
2026-04-08 04:18:40 - httpx - INFO - HTTP Request: POST http://127.0.0.1:11434/api/chat "HTTP/1.1 500 Internal Server Error"
2026-04-08 04:18:40 - root - WARNING - [WARN] Retry 2/3 for model magicoder:7b-s-cl: mkdir /home/sahand.moslemi/.ollama/models: permission denied: ensure path elements are traversable (status code: 500)
2026-04-08 04:18:45 - httpx - INFO - HTTP Request: POST http://127.0.0.1:11434/api/chat "HTTP/1.1 500 Internal Server Error"
2026-04-08 04:18:45 - root - WARNING - [WARN] Retry 2/3 for model magicoder:7b-s-cl: mkdir /home/sahand.moslemi/.ollama/models: permission denied: ensure path elements are traversable (status code: 500)
2026-04-08 04:18:50 - httpx - INFO - HTTP Request: POST http://127.0.0.1:11434/api/chat "HTTP/1.1 500 Internal Server Error"
2026-04-08 04:18:50 - root - WARNING - [WARN] Retry 2/3 for model magicoder:7b-s-cl: mkdir /home/sahand.moslemi/.ollama/models: permission denied: ensure path elements are traversable (status code: 500)
2026-04-08 04:18:55 - httpx - INFO - HTTP Request: POST http://127.0.0.1:11434/api/chat "HTTP/1.1 500 Internal Server Error"
2026-04-08 04:18:55 - root - WARNING - [WARN] Retry 2/3 for model magicoder:7b-s-cl: mkdir /home/sahand.moslemi/.ollama/models: permission denied: ensure path elements are traversable (status code: 500)
2026-04-08 04:19:00 - httpx - INFO - HTTP Request: POST http://127.0.0.1:11434/api/chat "HTTP/1.1 500 Internal Server Error"
2026-04-08 04:19:00 - root - WARNING - [WARN] Retry 2/3 for model magicoder:7b-s-cl: mkdir /home/sahand.moslemi/.ollama/models: permission denied: ensure path elements are traversable (status code: 500)
2026-04-08 04:19:05 - httpx - INFO - HTTP Request: POST http://127.0.0.1:11434/api/chat "HTTP/1.1 500 Internal Server Error"
2026-04-08 04:19:05 - root - WARNING - [WARN] Retry 2/3 for model magicoder:7b-s-cl: mkdir /home/sahand.moslemi/.ollama/models: permission denied: ensure path elements are traversable (status code: 500)
2026-04-08 04:19:10 - httpx - INFO - HTTP Request: POST http://127.0.0.1:11434/api/chat "HTTP/1.1 500 Internal Server Error"
2026-04-08 04:19:10 - root - WARNING - [WARN] Retry 2/3 for model magicoder:7b-s-cl: mkdir /home/sahand.moslemi/.ollama/models: permission denied: ensure path elements are traversable (status code: 500)
2026-04-08 04:19:15 - httpx - INFO - HTTP Request: POST http://127.0.0.1:11434/api/chat "HTTP/1.1 500 Internal Server Error"
2026-04-08 04:19:15 - root - WARNING - [WARN] Retry 2/3 for model magicoder:7b-s-cl: mkdir /home/sahand.moslemi/.ollama/models: permission denied: ensure path elements are traversable (status code: 500)
2026-04-08 04:19:20 - httpx - INFO - HTTP Request: POST http://127.0.0.1:11434/api/chat "HTTP/1.1 500 Internal Server Error"
2026-04-08 04:19:20 - root - WARNING - [WARN] Retry 2/3 for model magicoder:7b-s-cl: mkdir /home/sahand.moslemi/.ollama/models: permission denied: ensure path elements are traversable (status code: 500)
2026-04-08 04:19:25 - httpx - INFO - HTTP Request: POST http://127.0.0.1:11434/api/chat "HTTP/1.1 500 Internal Server Error"
2026-04-08 04:19:25 - root - WARNING - [WARN] Retry 2/3 for model magicoder:7b-s-cl: mkdir /home/sahand.moslemi/.ollama/models: permission denied: ensure path elements are traversable (status code: 500)
2026-04-08 04:19:31 - httpx - INFO - HTTP Request: POST http://127.0.0.1:11434/api/chat "HTTP/1.1 500 Internal Server Error"
2026-04-08 04:19:31 - root - WARNING - [WARN] Retry 2/3 for model magicoder:7b-s-cl: open /home/sahand.moslemi/.ollama/models/manifests/registry.ollama.ai/library/magicoder/7b-s-cl: permission denied (status code: 500)
2026-04-08 04:19:36 - httpx - INFO - HTTP Request: POST http://127.0.0.1:11434/api/chat "HTTP/1.1 500 Internal Server Error"
2026-04-08 04:19:36 - root - WARNING - [WARN] Retry 2/3 for model magicoder:7b-s-cl: mkdir /home/sahand.moslemi/.ollama/models: permission denied: ensure path elements are traversable (status code: 500)
2026-04-08 04:19:41 - httpx - INFO - HTTP Request: POST http://127.0.0.1:11434/api/chat "HTTP/1.1 500 Internal Server Error"
2026-04-08 04:19:41 - root - WARNING - [WARN] Retry 2/3 for model magicoder:7b-s-cl: mkdir /home/sahand.moslemi/.ollama/models: permission denied: ensure path elements are traversable (status code: 500)
2026-04-08 04:19:46 - httpx - INFO - HTTP Request: POST http://127.0.0.1:11434/api/chat "HTTP/1.1 500 Internal Server Error"
2026-04-08 04:19:46 - root - WARNING - [WARN] Retry 2/3 for model magicoder:7b-s-cl: mkdir /home/sahand.moslemi/.ollama/models: permission denied: ensure path elements are traversable (status code: 500)
2026-04-08 04:19:51 - httpx - INFO - HTTP Request: POST http://127.0.0.1:11434/api/chat "HTTP/1.1 500 Internal Server Error"
2026-04-08 04:19:51 - root - WARNING - [WARN] Retry 2/3 for model magicoder:7b-s-cl: mkdir /home/sahand.moslemi/.ollama/models: permission denied: ensure path elements are traversable (status code: 500)
2026-04-08 04:19:56 - httpx - INFO - HTTP Request: POST http://127.0.0.1:11434/api/chat "HTTP/1.1 500 Internal Server Error"
2026-04-08 04:19:56 - root - WARNING - [WARN] Retry 2/3 for model magicoder:7b-s-cl: mkdir /home/sahand.moslemi/.ollama/models: permission denied: ensure path elements are traversable (status code: 500)
2026-04-08 04:20:01 - httpx - INFO - HTTP Request: POST http://127.0.0.1:11434/api/chat "HTTP/1.1 500 Internal Server Error"
2026-04-08 04:20:01 - root - WARNING - [WARN] Retry 2/3 for model magicoder:7b-s-cl: mkdir /home/sahand.moslemi/.ollama/models: permission denied: ensure path elements are traversable (status code: 500)
2026-04-08 04:20:06 - httpx - INFO - HTTP Request: POST http://127.0.0.1:11434/api/chat "HTTP/1.1 500 Internal Server Error"
2026-04-08 04:20:06 - root - WARNING - [WARN] Retry 2/3 for model magicoder:7b-s-cl: mkdir /home/sahand.moslemi/.ollama/models: permission denied: ensure path elements are traversable (status code: 500)
2026-04-08 04:20:11 - httpx - INFO - HTTP Request: POST http://127.0.0.1:11434/api/chat "HTTP/1.1 500 Internal Server Error"
2026-04-08 04:20:11 - root - WARNING - [WARN] Retry 2/3 for model magicoder:7b-s-cl: mkdir /home/sahand.moslemi/.ollama/models: permission denied: ensure path elements are traversable (status code: 500)
2026-04-08 04:20:16 - httpx - INFO - HTTP Request: POST http://127.0.0.1:11434/api/chat "HTTP/1.1 500 Internal Server Error"
2026-04-08 04:20:16 - root - WARNING - [WARN] Retry 2/3 for model magicoder:7b-s-cl: mkdir /home/sahand.moslemi/.ollama/models: permission denied: ensure path elements are traversable (status code: 500)
2026-04-08 04:20:21 - httpx - INFO - HTTP Request: POST http://127.0.0.1:11434/api/chat "HTTP/1.1 500 Internal Server Error"
2026-04-08 04:20:21 - root - WARNING - [WARN] Retry 2/3 for model magicoder:7b-s-cl: mkdir /home/sahand.moslemi/.ollama/models: permission denied: ensure path elements are traversable (status code: 500)
2026-04-08 04:20:26 - httpx - INFO - HTTP Request: POST http://127.0.0.1:11434/api/chat "HTTP/1.1 500 Internal Server Error"
2026-04-08 04:20:26 - root - WARNING - [WARN] Retry 2/3 for model magicoder:7b-s-cl: mkdir /home/sahand.moslemi/.ollama/models: permission denied: ensure path elements are traversable (status code: 500)
2026-04-08 04:20:31 - httpx - INFO - HTTP Request: POST http://127.0.0.1:11434/api/chat "HTTP/1.1 500 Internal Server Error"
2026-04-08 04:20:31 - root - WARNING - [WARN] Retry 2/3 for model magicoder:7b-s-cl: mkdir /home/sahand.moslemi/.ollama/models: permission denied: ensure path elements are traversable (status code: 500)
2026-04-08 04:20:36 - httpx - INFO - HTTP Request: POST http://127.0.0.1:11434/api/chat "HTTP/1.1 500 Internal Server Error"
2026-04-08 04:20:36 - root - WARNING - [WARN] Retry 2/3 for model magicoder:7b-s-cl: mkdir /home/sahand.moslemi/.ollama/models: permission denied: ensure path elements are traversable (status code: 500)
2026-04-08 04:20:41 - httpx - INFO - HTTP Request: POST http://127.0.0.1:11434/api/chat "HTTP/1.1 500 Internal Server Error"
2026-04-08 04:20:41 - root - WARNING - [WARN] Retry 2/3 for model magicoder:7b-s-cl: mkdir /home/sahand.moslemi/.ollama/models: permission denied: ensure path elements are traversable (status code: 500)
2026-04-08 04:20:46 - httpx - INFO - HTTP Request: POST http://127.0.0.1:11434/api/chat "HTTP/1.1 500 Internal Server Error"
2026-04-08 04:20:46 - root - WARNING - [WARN] Retry 2/3 for model magicoder:7b-s-cl: mkdir /home/sahand.moslemi/.ollama/models: permission denied: ensure path elements are traversable (status code: 500)
2026-04-08 04:20:51 - httpx - INFO - HTTP Request: POST http://127.0.0.1:11434/api/chat "HTTP/1.1 500 Internal Server Error"
2026-04-08 04:20:51 - root - WARNING - [WARN] Retry 2/3 for model magicoder:7b-s-cl: mkdir /home/sahand.moslemi/.ollama/models: permission denied: ensure path elements are traversable (status code: 500)
2026-04-08 04:20:56 - httpx - INFO - HTTP Request: POST http://127.0.0.1:11434/api/chat "HTTP/1.1 500 Internal Server Error"
2026-04-08 04:20:56 - root - WARNING - [WARN] Retry 2/3 for model magicoder:7b-s-cl: mkdir /home/sahand.moslemi/.ollama/models: permission denied: ensure path elements are traversable (status code: 500)
2026-04-08 04:21:01 - httpx - INFO - HTTP Request: POST http://127.0.0.1:11434/api/chat "HTTP/1.1 500 Internal Server Error"
2026-04-08 04:21:01 - root - WARNING - [WARN] Retry 2/3 for model magicoder:7b-s-cl: mkdir /home/sahand.moslemi/.ollama/models: permission denied: ensure path elements are traversable (status code: 500)
2026-04-08 04:21:06 - httpx - INFO - HTTP Request: POST http://127.0.0.1:11434/api/chat "HTTP/1.1 500 Internal Server Error"
2026-04-08 04:21:06 - root - WARNING - [WARN] Retry 2/3 for model magicoder:7b-s-cl: mkdir /home/sahand.moslemi/.ollama/models: permission denied: ensure path elements are traversable (status code: 500)
2026-04-08 04:21:11 - httpx - INFO - HTTP Request: POST http://127.0.0.1:11434/api/chat "HTTP/1.1 500 Internal Server Error"
2026-04-08 04:21:11 - root - WARNING - [WARN] Retry 2/3 for model magicoder:7b-s-cl: mkdir /home/sahand.moslemi/.ollama/models: permission denied: ensure path elements are traversable (status code: 500)
2026-04-08 04:21:16 - httpx - INFO - HTTP Request: POST http://127.0.0.1:11434/api/chat "HTTP/1.1 500 Internal Server Error"
2026-04-08 04:21:16 - root - WARNING - [WARN] Retry 2/3 for model magicoder:7b-s-cl: mkdir /home/sahand.moslemi/.ollama/models: permission denied: ensure path elements are traversable (status code: 500)
2026-04-08 04:21:21 - httpx - INFO - HTTP Request: POST http://127.0.0.1:11434/api/chat "HTTP/1.1 500 Internal Server Error"
2026-04-08 04:21:21 - root - WARNING - [WARN] Retry 2/3 for model magicoder:7b-s-cl: mkdir /home/sahand.moslemi/.ollama/models: permission denied: ensure path elements are traversable (status code: 500)
2026-04-08 04:21:26 - httpx - INFO - HTTP Request: POST http://127.0.0.1:11434/api/chat "HTTP/1.1 500 Internal Server Error"
2026-04-08 04:21:26 - root - WARNING - [WARN] Retry 2/3 for model magicoder:7b-s-cl: mkdir /home/sahand.moslemi/.ollama/models: permission denied: ensure path elements are traversable (status code: 500)
2026-04-08 04:21:31 - httpx - INFO - HTTP Request: POST http://127.0.0.1:11434/api/chat "HTTP/1.1 500 Internal Server Error"
2026-04-08 04:21:31 - root - WARNING - [WARN] Retry 2/3 for model magicoder:7b-s-cl: mkdir /home/sahand.moslemi/.ollama/models: permission denied: ensure path elements are traversable (status code: 500)
2026-04-08 04:21:36 - httpx - INFO - HTTP Request: POST http://127.0.0.1:11434/api/chat "HTTP/1.1 500 Internal Server Error"
2026-04-08 04:21:36 - root - WARNING - [WARN] Retry 2/3 for model magicoder:7b-s-cl: mkdir /home/sahand.moslemi/.ollama/models: permission denied: ensure path elements are traversable (status code: 500)
2026-04-08 04:21:41 - httpx - INFO - HTTP Request: POST http://127.0.0.1:11434/api/chat "HTTP/1.1 500 Internal Server Error"
2026-04-08 04:21:41 - root - WARNING - [WARN] Retry 2/3 for model magicoder:7b-s-cl: mkdir /home/sahand.moslemi/.ollama/models: permission denied: ensure path elements are traversable (status code: 500)
2026-04-08 04:21:46 - httpx - INFO - HTTP Request: POST http://127.0.0.1:11434/api/chat "HTTP/1.1 500 Internal Server Error"
2026-04-08 04:21:46 - root - WARNING - [WARN] Retry 2/3 for model magicoder:7b-s-cl: mkdir /home/sahand.moslemi/.ollama/models: permission denied: ensure path elements are traversable (status code: 500)
2026-04-08 04:21:51 - httpx - INFO - HTTP Request: POST http://127.0.0.1:11434/api/chat "HTTP/1.1 500 Internal Server Error"
2026-04-08 04:21:51 - root - WARNING - [WARN] Retry 2/3 for model magicoder:7b-s-cl: mkdir /home/sahand.moslemi/.ollama/models: permission denied: ensure path elements are traversable (status code: 500)
2026-04-08 04:21:56 - httpx - INFO - HTTP Request: POST http://127.0.0.1:11434/api/chat "HTTP/1.1 500 Internal Server Error"
2026-04-08 04:21:56 - root - WARNING - [WARN] Retry 2/3 for model magicoder:7b-s-cl: mkdir /home/sahand.moslemi/.ollama/models: permission denied: ensure path elements are traversable (status code: 500)
2026-04-08 04:22:01 - httpx - INFO - HTTP Request: POST http://127.0.0.1:11434/api/chat "HTTP/1.1 500 Internal Server Error"
2026-04-08 04:22:01 - root - WARNING - [WARN] Retry 2/3 for model magicoder:7b-s-cl: mkdir /home/sahand.moslemi/.ollama/models: permission denied: ensure path elements are traversable (status code: 500)
2026-04-08 04:22:06 - httpx - INFO - HTTP Request: POST http://127.0.0.1:11434/api/chat "HTTP/1.1 500 Internal Server Error"
2026-04-08 04:22:06 - root - WARNING - [WARN] Retry 2/3 for model magicoder:7b-s-cl: mkdir /home/sahand.moslemi/.ollama/models: permission denied: ensure path elements are traversable (status code: 500)
2026-04-08 04:22:11 - httpx - INFO - HTTP Request: POST http://127.0.0.1:11434/api/chat "HTTP/1.1 500 Internal Server Error"
2026-04-08 04:22:11 - root - WARNING - [WARN] Retry 2/3 for model magicoder:7b-s-cl: mkdir /home/sahand.moslemi/.ollama/models: permission denied: ensure path elements are traversable (status code: 500)
2026-04-08 04:22:16 - httpx - INFO - HTTP Request: POST http://127.0.0.1:11434/api/chat "HTTP/1.1 500 Internal Server Error"
2026-04-08 04:22:16 - root - WARNING - [WARN] Retry 2/3 for model magicoder:7b-s-cl: mkdir /home/sahand.moslemi/.ollama/models: permission denied: ensure path elements are traversable (status code: 500)
2026-04-08 04:22:21 - httpx - INFO - HTTP Request: POST http://127.0.0.1:11434/api/chat "HTTP/1.1 500 Internal Server Error"
2026-04-08 04:22:21 - root - WARNING - [WARN] Retry 2/3 for model magicoder:7b-s-cl: mkdir /home/sahand.moslemi/.ollama/models: permission denied: ensure path elements are traversable (status code: 500)
2026-04-08 04:22:26 - httpx - INFO - HTTP Request: POST http://127.0.0.1:11434/api/chat "HTTP/1.1 500 Internal Server Error"
2026-04-08 04:22:26 - root - WARNING - [WARN] Retry 2/3 for model magicoder:7b-s-cl: mkdir /home/sahand.moslemi/.ollama/models: permission denied: ensure path elements are traversable (status code: 500)
2026-04-08 04:22:31 - httpx - INFO - HTTP Request: POST http://127.0.0.1:11434/api/chat "HTTP/1.1 500 Internal Server Error"
2026-04-08 04:22:31 - root - WARNING - [WARN] Retry 2/3 for model magicoder:7b-s-cl: mkdir /home/sahand.moslemi/.ollama/models: permission denied: ensure path elements are traversable (status code: 500)
2026-04-08 04:22:36 - httpx - INFO - HTTP Request: POST http://127.0.0.1:11434/api/chat "HTTP/1.1 500 Internal Server Error"
2026-04-08 04:22:36 - root - WARNING - [WARN] Retry 2/3 for model magicoder:7b-s-cl: mkdir /home/sahand.moslemi/.ollama/models: permission denied: ensure path elements are traversable (status code: 500)
2026-04-08 04:22:41 - httpx - INFO - HTTP Request: POST http://127.0.0.1:11434/api/chat "HTTP/1.1 500 Internal Server Error"
2026-04-08 04:22:41 - root - WARNING - [WARN] Retry 2/3 for model magicoder:7b-s-cl: mkdir /home/sahand.moslemi/.ollama/models: permission denied: ensure path elements are traversable (status code: 500)
2026-04-08 04:22:46 - httpx - INFO - HTTP Request: POST http://127.0.0.1:11434/api/chat "HTTP/1.1 500 Internal Server Error"
2026-04-08 04:22:46 - root - WARNING - [WARN] Retry 2/3 for model magicoder:7b-s-cl: mkdir /home/sahand.moslemi/.ollama/models: permission denied: ensure path elements are traversable (status code: 500)
2026-04-08 04:22:51 - httpx - INFO - HTTP Request: POST http://127.0.0.1:11434/api/chat "HTTP/1.1 500 Internal Server Error"
2026-04-08 04:22:51 - root - WARNING - [WARN] Retry 2/3 for model magicoder:7b-s-cl: mkdir /home/sahand.moslemi/.ollama/models: permission denied: ensure path elements are traversable (status code: 500)
2026-04-08 04:22:56 - httpx - INFO - HTTP Request: POST http://127.0.0.1:11434/api/chat "HTTP/1.1 500 Internal Server Error"
2026-04-08 04:22:56 - root - WARNING - [WARN] Retry 2/3 for model magicoder:7b-s-cl: mkdir /home/sahand.moslemi/.ollama/models: permission denied: ensure path elements are traversable (status code: 500)
2026-04-08 04:23:01 - httpx - INFO - HTTP Request: POST http://127.0.0.1:11434/api/chat "HTTP/1.1 500 Internal Server Error"
2026-04-08 04:23:01 - root - WARNING - [WARN] Retry 2/3 for model magicoder:7b-s-cl: mkdir /home/sahand.moslemi/.ollama/models: permission denied: ensure path elements are traversable (status code: 500)
2026-04-08 04:23:06 - httpx - INFO - HTTP Request: POST http://127.0.0.1:11434/api/chat "HTTP/1.1 500 Internal Server Error"
2026-04-08 04:23:06 - root - WARNING - [WARN] Retry 2/3 for model magicoder:7b-s-cl: mkdir /home/sahand.moslemi/.ollama/models: permission denied: ensure path elements are traversable (status code: 500)
2026-04-08 04:23:11 - httpx - INFO - HTTP Request: POST http://127.0.0.1:11434/api/chat "HTTP/1.1 500 Internal Server Error"
2026-04-08 04:23:11 - root - WARNING - [WARN] Retry 2/3 for model magicoder:7b-s-cl: mkdir /home/sahand.moslemi/.ollama/models: permission denied: ensure path elements are traversable (status code: 500)
2026-04-08 04:23:16 - httpx - INFO - HTTP Request: POST http://127.0.0.1:11434/api/chat "HTTP/1.1 500 Internal Server Error"
2026-04-08 04:23:16 - root - WARNING - [WARN] Retry 2/3 for model magicoder:7b-s-cl: mkdir /home/sahand.moslemi/.ollama/models: permission denied: ensure path elements are traversable (status code: 500)
2026-04-08 04:23:21 - httpx - INFO - HTTP Request: POST http://127.0.0.1:11434/api/chat "HTTP/1.1 500 Internal Server Error"
2026-04-08 04:23:21 - root - WARNING - [WARN] Retry 2/3 for model magicoder:7b-s-cl: mkdir /home/sahand.moslemi/.ollama/models: permission denied: ensure path elements are traversable (status code: 500)
2026-04-08 04:23:26 - httpx - INFO - HTTP Request: POST http://127.0.0.1:11434/api/chat "HTTP/1.1 500 Internal Server Error"
2026-04-08 04:23:26 - root - WARNING - [WARN] Retry 2/3 for model magicoder:7b-s-cl: mkdir /home/sahand.moslemi/.ollama/models: permission denied: ensure path elements are traversable (status code: 500)
2026-04-08 04:23:31 - httpx - INFO - HTTP Request: POST http://127.0.0.1:11434/api/chat "HTTP/1.1 500 Internal Server Error"
2026-04-08 04:23:31 - root - WARNING - [WARN] Retry 2/3 for model magicoder:7b-s-cl: mkdir /home/sahand.moslemi/.ollama/models: permission denied: ensure path elements are traversable (status code: 500)
2026-04-08 04:23:36 - httpx - INFO - HTTP Request: POST http://127.0.0.1:11434/api/chat "HTTP/1.1 500 Internal Server Error"
2026-04-08 04:23:36 - root - WARNING - [WARN] Retry 2/3 for model magicoder:7b-s-cl: mkdir /home/sahand.moslemi/.ollama/models: permission denied: ensure path elements are traversable (status code: 500)
2026-04-08 04:23:41 - httpx - INFO - HTTP Request: POST http://127.0.0.1:11434/api/chat "HTTP/1.1 500 Internal Server Error"
2026-04-08 04:23:41 - root - WARNING - [WARN] Retry 2/3 for model magicoder:7b-s-cl: mkdir /home/sahand.moslemi/.ollama/models: permission denied: ensure path elements are traversable (status code: 500)
2026-04-08 04:23:46 - httpx - INFO - HTTP Request: POST http://127.0.0.1:11434/api/chat "HTTP/1.1 500 Internal Server Error"
2026-04-08 04:23:46 - root - WARNING - [WARN] Retry 2/3 for model magicoder:7b-s-cl: mkdir /home/sahand.moslemi/.ollama/models: permission denied: ensure path elements are traversable (status code: 500)
2026-04-08 04:23:51 - httpx - INFO - HTTP Request: POST http://127.0.0.1:11434/api/chat "HTTP/1.1 500 Internal Server Error"
2026-04-08 04:23:51 - root - WARNING - [WARN] Retry 2/3 for model magicoder:7b-s-cl: mkdir /home/sahand.moslemi/.ollama/models: permission denied: ensure path elements are traversable (status code: 500)
2026-04-08 04:23:56 - httpx - INFO - HTTP Request: POST http://127.0.0.1:11434/api/chat "HTTP/1.1 500 Internal Server Error"
2026-04-08 04:23:56 - root - WARNING - [WARN] Retry 2/3 for model magicoder:7b-s-cl: mkdir /home/sahand.moslemi/.ollama/models: permission denied: ensure path elements are traversable (status code: 500)
2026-04-08 04:24:01 - httpx - INFO - HTTP Request: POST http://127.0.0.1:11434/api/chat "HTTP/1.1 500 Internal Server Error"
2026-04-08 04:24:01 - root - WARNING - [WARN] Retry 2/3 for model magicoder:7b-s-cl: mkdir /home/sahand.moslemi/.ollama/models: permission denied: ensure path elements are traversable (status code: 500)
2026-04-08 04:24:06 - httpx - INFO - HTTP Request: POST http://127.0.0.1:11434/api/chat "HTTP/1.1 500 Internal Server Error"
2026-04-08 04:24:06 - root - WARNING - [WARN] Retry 2/3 for model magicoder:7b-s-cl: mkdir /home/sahand.moslemi/.ollama/models: permission denied: ensure path elements are traversable (status code: 500)
2026-04-08 04:24:11 - httpx - INFO - HTTP Request: POST http://127.0.0.1:11434/api/chat "HTTP/1.1 500 Internal Server Error"
2026-04-08 04:24:11 - root - WARNING - [WARN] Retry 2/3 for model magicoder:7b-s-cl: mkdir /home/sahand.moslemi/.ollama/models: permission denied: ensure path elements are traversable (status code: 500)
2026-04-08 04:24:16 - httpx - INFO - HTTP Request: POST http://127.0.0.1:11434/api/chat "HTTP/1.1 500 Internal Server Error"
2026-04-08 04:24:16 - root - WARNING - [WARN] Retry 2/3 for model magicoder:7b-s-cl: mkdir /home/sahand.moslemi/.ollama/models: permission denied: ensure path elements are traversable (status code: 500)
2026-04-08 04:24:21 - httpx - INFO - HTTP Request: POST http://127.0.0.1:11434/api/chat "HTTP/1.1 500 Internal Server Error"
2026-04-08 04:24:21 - root - WARNING - [WARN] Retry 2/3 for model magicoder:7b-s-cl: mkdir /home/sahand.moslemi/.ollama/models: permission denied: ensure path elements are traversable (status code: 500)
2026-04-08 04:24:26 - httpx - INFO - HTTP Request: POST http://127.0.0.1:11434/api/chat "HTTP/1.1 500 Internal Server Error"
2026-04-08 04:24:26 - root - WARNING - [WARN] Retry 2/3 for model magicoder:7b-s-cl: mkdir /home/sahand.moslemi/.ollama/models: permission denied: ensure path elements are traversable (status code: 500)
2026-04-08 04:24:31 - httpx - INFO - HTTP Request: POST http://127.0.0.1:11434/api/chat "HTTP/1.1 500 Internal Server Error"
2026-04-08 04:24:31 - root - WARNING - [WARN] Retry 2/3 for model magicoder:7b-s-cl: mkdir /home/sahand.moslemi/.ollama/models: permission denied: ensure path elements are traversable (status code: 500)
2026-04-08 04:24:36 - httpx - INFO - HTTP Request: POST http://127.0.0.1:11434/api/chat "HTTP/1.1 500 Internal Server Error"
2026-04-08 04:24:36 - root - WARNING - [WARN] Retry 2/3 for model magicoder:7b-s-cl: mkdir /home/sahand.moslemi/.ollama/models: permission denied: ensure path elements are traversable (status code: 500)
2026-04-08 04:24:42 - httpx - INFO - HTTP Request: POST http://127.0.0.1:11434/api/chat "HTTP/1.1 500 Internal Server Error"
2026-04-08 04:24:42 - root - WARNING - [WARN] Retry 2/3 for model magicoder:7b-s-cl: mkdir /home/sahand.moslemi/.ollama/models: permission denied: ensure path elements are traversable (status code: 500)
2026-04-08 04:24:47 - httpx - INFO - HTTP Request: POST http://127.0.0.1:11434/api/chat "HTTP/1.1 500 Internal Server Error"
2026-04-08 04:24:47 - root - WARNING - [WARN] Retry 2/3 for model magicoder:7b-s-cl: mkdir /home/sahand.moslemi/.ollama/models: permission denied: ensure path elements are traversable (status code: 500)
2026-04-08 04:24:52 - httpx - INFO - HTTP Request: POST http://127.0.0.1:11434/api/chat "HTTP/1.1 500 Internal Server Error"
2026-04-08 04:24:52 - root - WARNING - [WARN] Retry 2/3 for model magicoder:7b-s-cl: mkdir /home/sahand.moslemi/.ollama/models: permission denied: ensure path elements are traversable (status code: 500)
2026-04-08 04:24:57 - httpx - INFO - HTTP Request: POST http://127.0.0.1:11434/api/chat "HTTP/1.1 500 Internal Server Error"
2026-04-08 04:24:57 - root - WARNING - [WARN] Retry 2/3 for model magicoder:7b-s-cl: mkdir /home/sahand.moslemi/.ollama/models: permission denied: ensure path elements are traversable (status code: 500)
2026-04-08 04:25:02 - httpx - INFO - HTTP Request: POST http://127.0.0.1:11434/api/chat "HTTP/1.1 500 Internal Server Error"
2026-04-08 04:25:02 - root - WARNING - [WARN] Retry 2/3 for model magicoder:7b-s-cl: mkdir /home/sahand.moslemi/.ollama/models: permission denied: ensure path elements are traversable (status code: 500)
2026-04-08 04:25:07 - httpx - INFO - HTTP Request: POST http://127.0.0.1:11434/api/chat "HTTP/1.1 500 Internal Server Error"
2026-04-08 04:25:07 - root - WARNING - [WARN] Retry 2/3 for model magicoder:7b-s-cl: mkdir /home/sahand.moslemi/.ollama/models: permission denied: ensure path elements are traversable (status code: 500)
2026-04-08 04:25:12 - httpx - INFO - HTTP Request: POST http://127.0.0.1:11434/api/chat "HTTP/1.1 500 Internal Server Error"
2026-04-08 04:25:12 - root - WARNING - [WARN] Retry 2/3 for model magicoder:7b-s-cl: mkdir /home/sahand.moslemi/.ollama/models: permission denied: ensure path elements are traversable (status code: 500)
2026-04-08 04:25:17 - httpx - INFO - HTTP Request: POST http://127.0.0.1:11434/api/chat "HTTP/1.1 500 Internal Server Error"
2026-04-08 04:25:17 - root - WARNING - [WARN] Retry 2/3 for model magicoder:7b-s-cl: mkdir /home/sahand.moslemi/.ollama/models: permission denied: ensure path elements are traversable (status code: 500)
2026-04-08 04:25:22 - httpx - INFO - HTTP Request: POST http://127.0.0.1:11434/api/chat "HTTP/1.1 500 Internal Server Error"
2026-04-08 04:25:22 - root - WARNING - [WARN] Retry 2/3 for model magicoder:7b-s-cl: mkdir /home/sahand.moslemi/.ollama/models: permission denied: ensure path elements are traversable (status code: 500)
2026-04-08 04:25:27 - httpx - INFO - HTTP Request: POST http://127.0.0.1:11434/api/chat "HTTP/1.1 500 Internal Server Error"
2026-04-08 04:25:27 - root - WARNING - [WARN] Retry 2/3 for model magicoder:7b-s-cl: mkdir /home/sahand.moslemi/.ollama/models: permission denied: ensure path elements are traversable (status code: 500)
2026-04-08 04:25:32 - httpx - INFO - HTTP Request: POST http://127.0.0.1:11434/api/chat "HTTP/1.1 500 Internal Server Error"
2026-04-08 04:25:32 - root - WARNING - [WARN] Retry 2/3 for model magicoder:7b-s-cl: mkdir /home/sahand.moslemi/.ollama/models: permission denied: ensure path elements are traversable (status code: 500)
2026-04-08 04:25:37 - httpx - INFO - HTTP Request: POST http://127.0.0.1:11434/api/chat "HTTP/1.1 500 Internal Server Error"
2026-04-08 04:25:37 - root - WARNING - [WARN] Retry 2/3 for model magicoder:7b-s-cl: mkdir /home/sahand.moslemi/.ollama/models: permission denied: ensure path elements are traversable (status code: 500)
2026-04-08 04:25:42 - httpx - INFO - HTTP Request: POST http://127.0.0.1:11434/api/chat "HTTP/1.1 500 Internal Server Error"
2026-04-08 04:25:42 - root - WARNING - [WARN] Retry 2/3 for model magicoder:7b-s-cl: mkdir /home/sahand.moslemi/.ollama/models: permission denied: ensure path elements are traversable (status code: 500)
2026-04-08 04:25:47 - httpx - INFO - HTTP Request: POST http://127.0.0.1:11434/api/chat "HTTP/1.1 500 Internal Server Error"
2026-04-08 04:25:47 - root - WARNING - [WARN] Retry 2/3 for model magicoder:7b-s-cl: mkdir /home/sahand.moslemi/.ollama/models: permission denied: ensure path elements are traversable (status code: 500)
2026-04-08 04:25:52 - httpx - INFO - HTTP Request: POST http://127.0.0.1:11434/api/chat "HTTP/1.1 500 Internal Server Error"
2026-04-08 04:25:52 - root - WARNING - [WARN] Retry 2/3 for model magicoder:7b-s-cl: mkdir /home/sahand.moslemi/.ollama/models: permission denied: ensure path elements are traversable (status code: 500)
2026-04-08 04:25:57 - httpx - INFO - HTTP Request: POST http://127.0.0.1:11434/api/chat "HTTP/1.1 500 Internal Server Error"
2026-04-08 04:25:57 - root - WARNING - [WARN] Retry 2/3 for model magicoder:7b-s-cl: mkdir /home/sahand.moslemi/.ollama/models: permission denied: ensure path elements are traversable (status code: 500)
2026-04-08 04:26:02 - httpx - INFO - HTTP Request: POST http://127.0.0.1:11434/api/chat "HTTP/1.1 500 Internal Server Error"
2026-04-08 04:26:02 - root - WARNING - [WARN] Retry 2/3 for model magicoder:7b-s-cl: mkdir /home/sahand.moslemi/.ollama/models: permission denied: ensure path elements are traversable (status code: 500)
2026-04-08 04:26:07 - httpx - INFO - HTTP Request: POST http://127.0.0.1:11434/api/chat "HTTP/1.1 500 Internal Server Error"
2026-04-08 04:26:07 - root - WARNING - [WARN] Retry 2/3 for model magicoder:7b-s-cl: mkdir /home/sahand.moslemi/.ollama/models: permission denied: ensure path elements are traversable (status code: 500)
2026-04-08 04:26:12 - httpx - INFO - HTTP Request: POST http://127.0.0.1:11434/api/chat "HTTP/1.1 500 Internal Server Error"
2026-04-08 04:26:12 - root - WARNING - [WARN] Retry 2/3 for model magicoder:7b-s-cl: mkdir /home/sahand.moslemi/.ollama/models: permission denied: ensure path elements are traversable (status code: 500)
2026-04-08 04:26:17 - httpx - INFO - HTTP Request: POST http://127.0.0.1:11434/api/chat "HTTP/1.1 500 Internal Server Error"
2026-04-08 04:26:17 - root - WARNING - [WARN] Retry 2/3 for model magicoder:7b-s-cl: mkdir /home/sahand.moslemi/.ollama/models: permission denied: ensure path elements are traversable (status code: 500)
2026-04-08 04:26:22 - httpx - INFO - HTTP Request: POST http://127.0.0.1:11434/api/chat "HTTP/1.1 500 Internal Server Error"
2026-04-08 04:26:22 - root - WARNING - [WARN] Retry 2/3 for model magicoder:7b-s-cl: mkdir /home/sahand.moslemi/.ollama/models: permission denied: ensure path elements are traversable (status code: 500)
2026-04-08 04:26:27 - httpx - INFO - HTTP Request: POST http://127.0.0.1:11434/api/chat "HTTP/1.1 500 Internal Server Error"
2026-04-08 04:26:27 - root - WARNING - [WARN] Retry 2/3 for model magicoder:7b-s-cl: mkdir /home/sahand.moslemi/.ollama/models: permission denied: ensure path elements are traversable (status code: 500)
2026-04-08 04:26:32 - httpx - INFO - HTTP Request: POST http://127.0.0.1:11434/api/chat "HTTP/1.1 500 Internal Server Error"
2026-04-08 04:26:32 - root - WARNING - [WARN] Retry 2/3 for model magicoder:7b-s-cl: mkdir /home/sahand.moslemi/.ollama/models: permission denied: ensure path elements are traversable (status code: 500)
2026-04-08 04:26:37 - httpx - INFO - HTTP Request: POST http://127.0.0.1:11434/api/chat "HTTP/1.1 500 Internal Server Error"
2026-04-08 04:26:37 - root - WARNING - [WARN] Retry 2/3 for model magicoder:7b-s-cl: mkdir /home/sahand.moslemi/.ollama/models: permission denied: ensure path elements are traversable (status code: 500)
2026-04-08 04:26:42 - httpx - INFO - HTTP Request: POST http://127.0.0.1:11434/api/chat "HTTP/1.1 500 Internal Server Error"
2026-04-08 04:26:42 - root - WARNING - [WARN] Retry 2/3 for model magicoder:7b-s-cl: mkdir /home/sahand.moslemi/.ollama/models: permission denied: ensure path elements are traversable (status code: 500)
2026-04-08 04:26:47 - httpx - INFO - HTTP Request: POST http://127.0.0.1:11434/api/chat "HTTP/1.1 500 Internal Server Error"
2026-04-08 04:26:47 - root - WARNING - [WARN] Retry 2/3 for model magicoder:7b-s-cl: mkdir /home/sahand.moslemi/.ollama/models: permission denied: ensure path elements are traversable (status code: 500)
2026-04-08 04:26:52 - httpx - INFO - HTTP Request: POST http://127.0.0.1:11434/api/chat "HTTP/1.1 500 Internal Server Error"
2026-04-08 04:26:52 - root - WARNING - [WARN] Retry 2/3 for model magicoder:7b-s-cl: mkdir /home/sahand.moslemi/.ollama/models: permission denied: ensure path elements are traversable (status code: 500)
2026-04-08 04:26:57 - httpx - INFO - HTTP Request: POST http://127.0.0.1:11434/api/chat "HTTP/1.1 500 Internal Server Error"
2026-04-08 04:26:57 - root - WARNING - [WARN] Retry 2/3 for model magicoder:7b-s-cl: mkdir /home/sahand.moslemi/.ollama/models: permission denied: ensure path elements are traversable (status code: 500)
2026-04-08 04:27:02 - httpx - INFO - HTTP Request: POST http://127.0.0.1:11434/api/chat "HTTP/1.1 500 Internal Server Error"
2026-04-08 04:27:02 - root - WARNING - [WARN] Retry 2/3 for model magicoder:7b-s-cl: mkdir /home/sahand.moslemi/.ollama/models: permission denied: ensure path elements are traversable (status code: 500)
2026-04-08 04:27:07 - httpx - INFO - HTTP Request: POST http://127.0.0.1:11434/api/chat "HTTP/1.1 500 Internal Server Error"
2026-04-08 04:27:07 - root - WARNING - [WARN] Retry 2/3 for model magicoder:7b-s-cl: mkdir /home/sahand.moslemi/.ollama/models: permission denied: ensure path elements are traversable (status code: 500)
2026-04-08 04:27:12 - httpx - INFO - HTTP Request: POST http://127.0.0.1:11434/api/chat "HTTP/1.1 500 Internal Server Error"
2026-04-08 04:27:12 - root - WARNING - [WARN] Retry 2/3 for model magicoder:7b-s-cl: mkdir /home/sahand.moslemi/.ollama/models: permission denied: ensure path elements are traversable (status code: 500)
2026-04-08 04:27:17 - httpx - INFO - HTTP Request: POST http://127.0.0.1:11434/api/chat "HTTP/1.1 500 Internal Server Error"
2026-04-08 04:27:17 - root - WARNING - [WARN] Retry 2/3 for model magicoder:7b-s-cl: mkdir /home/sahand.moslemi/.ollama/models: permission denied: ensure path elements are traversable (status code: 500)
2026-04-08 04:27:22 - httpx - INFO - HTTP Request: POST http://127.0.0.1:11434/api/chat "HTTP/1.1 500 Internal Server Error"
2026-04-08 04:27:22 - root - WARNING - [WARN] Retry 2/3 for model magicoder:7b-s-cl: mkdir /home/sahand.moslemi/.ollama/models: permission denied: ensure path elements are traversable (status code: 500)
2026-04-08 04:27:27 - httpx - INFO - HTTP Request: POST http://127.0.0.1:11434/api/chat "HTTP/1.1 500 Internal Server Error"
2026-04-08 04:27:27 - root - WARNING - [WARN] Retry 2/3 for model magicoder:7b-s-cl: mkdir /home/sahand.moslemi/.ollama/models: permission denied: ensure path elements are traversable (status code: 500)
2026-04-08 04:27:32 - httpx - INFO - HTTP Request: POST http://127.0.0.1:11434/api/chat "HTTP/1.1 500 Internal Server Error"
2026-04-08 04:27:32 - root - WARNING - [WARN] Retry 2/3 for model magicoder:7b-s-cl: mkdir /home/sahand.moslemi/.ollama/models: permission denied: ensure path elements are traversable (status code: 500)
2026-04-08 04:27:37 - httpx - INFO - HTTP Request: POST http://127.0.0.1:11434/api/chat "HTTP/1.1 500 Internal Server Error"
2026-04-08 04:27:37 - root - WARNING - [WARN] Retry 2/3 for model magicoder:7b-s-cl: mkdir /home/sahand.moslemi/.ollama/models: permission denied: ensure path elements are traversable (status code: 500)
2026-04-08 04:27:42 - httpx - INFO - HTTP Request: POST http://127.0.0.1:11434/api/chat "HTTP/1.1 500 Internal Server Error"
2026-04-08 04:27:42 - root - WARNING - [WARN] Retry 2/3 for model magicoder:7b-s-cl: mkdir /home/sahand.moslemi/.ollama/models: permission denied: ensure path elements are traversable (status code: 500)
2026-04-08 04:27:47 - httpx - INFO - HTTP Request: POST http://127.0.0.1:11434/api/chat "HTTP/1.1 500 Internal Server Error"
2026-04-08 04:27:47 - root - WARNING - [WARN] Retry 2/3 for model magicoder:7b-s-cl: mkdir /home/sahand.moslemi/.ollama/models: permission denied: ensure path elements are traversable (status code: 500)
2026-04-08 04:27:52 - httpx - INFO - HTTP Request: POST http://127.0.0.1:11434/api/chat "HTTP/1.1 500 Internal Server Error"
2026-04-08 04:27:52 - root - WARNING - [WARN] Retry 2/3 for model magicoder:7b-s-cl: mkdir /home/sahand.moslemi/.ollama/models: permission denied: ensure path elements are traversable (status code: 500)
2026-04-08 04:27:57 - httpx - INFO - HTTP Request: POST http://127.0.0.1:11434/api/chat "HTTP/1.1 500 Internal Server Error"
2026-04-08 04:27:57 - root - WARNING - [WARN] Retry 2/3 for model magicoder:7b-s-cl: mkdir /home/sahand.moslemi/.ollama/models: permission denied: ensure path elements are traversable (status code: 500)
2026-04-08 04:28:02 - httpx - INFO - HTTP Request: POST http://127.0.0.1:11434/api/chat "HTTP/1.1 500 Internal Server Error"
2026-04-08 04:28:02 - root - WARNING - [WARN] Retry 2/3 for model magicoder:7b-s-cl: mkdir /home/sahand.moslemi/.ollama/models: permission denied: ensure path elements are traversable (status code: 500)
2026-04-08 04:28:07 - httpx - INFO - HTTP Request: POST http://127.0.0.1:11434/api/chat "HTTP/1.1 500 Internal Server Error"
2026-04-08 04:28:07 - root - WARNING - [WARN] Retry 2/3 for model magicoder:7b-s-cl: mkdir /home/sahand.moslemi/.ollama/models: permission denied: ensure path elements are traversable (status code: 500)
2026-04-08 04:28:12 - httpx - INFO - HTTP Request: POST http://127.0.0.1:11434/api/chat "HTTP/1.1 500 Internal Server Error"
2026-04-08 04:28:12 - root - WARNING - [WARN] Retry 2/3 for model magicoder:7b-s-cl: mkdir /home/sahand.moslemi/.ollama/models: permission denied: ensure path elements are traversable (status code: 500)
2026-04-08 04:28:17 - httpx - INFO - HTTP Request: POST http://127.0.0.1:11434/api/chat "HTTP/1.1 500 Internal Server Error"
2026-04-08 04:28:17 - root - WARNING - [WARN] Retry 2/3 for model magicoder:7b-s-cl: mkdir /home/sahand.moslemi/.ollama/models: permission denied: ensure path elements are traversable (status code: 500)
2026-04-08 04:28:22 - httpx - INFO - HTTP Request: POST http://127.0.0.1:11434/api/chat "HTTP/1.1 500 Internal Server Error"
2026-04-08 04:28:22 - root - WARNING - [WARN] Retry 2/3 for model magicoder:7b-s-cl: mkdir /home/sahand.moslemi/.ollama/models: permission denied: ensure path elements are traversable (status code: 500)
2026-04-08 04:28:27 - httpx - INFO - HTTP Request: POST http://127.0.0.1:11434/api/chat "HTTP/1.1 500 Internal Server Error"
2026-04-08 04:28:27 - root - WARNING - [WARN] Retry 2/3 for model magicoder:7b-s-cl: mkdir /home/sahand.moslemi/.ollama/models: permission denied: ensure path elements are traversable (status code: 500)
2026-04-08 04:28:32 - httpx - INFO - HTTP Request: POST http://127.0.0.1:11434/api/chat "HTTP/1.1 500 Internal Server Error"
2026-04-08 04:28:32 - root - WARNING - [WARN] Retry 2/3 for model magicoder:7b-s-cl: mkdir /home/sahand.moslemi/.ollama/models: permission denied: ensure path elements are traversable (status code: 500)
2026-04-08 04:28:37 - httpx - INFO - HTTP Request: POST http://127.0.0.1:11434/api/chat "HTTP/1.1 500 Internal Server Error"
2026-04-08 04:28:37 - root - WARNING - [WARN] Retry 2/3 for model magicoder:7b-s-cl: mkdir /home/sahand.moslemi/.ollama/models: permission denied: ensure path elements are traversable (status code: 500)
2026-04-08 04:28:42 - httpx - INFO - HTTP Request: POST http://127.0.0.1:11434/api/chat "HTTP/1.1 500 Internal Server Error"
2026-04-08 04:28:42 - root - WARNING - [WARN] Retry 2/3 for model magicoder:7b-s-cl: mkdir /home/sahand.moslemi/.ollama/models: permission denied: ensure path elements are traversable (status code: 500)
2026-04-08 04:28:47 - httpx - INFO - HTTP Request: POST http://127.0.0.1:11434/api/chat "HTTP/1.1 500 Internal Server Error"
2026-04-08 04:28:47 - root - WARNING - [WARN] Retry 2/3 for model magicoder:7b-s-cl: mkdir /home/sahand.moslemi/.ollama/models: permission denied: ensure path elements are traversable (status code: 500)
2026-04-08 04:28:52 - httpx - INFO - HTTP Request: POST http://127.0.0.1:11434/api/chat "HTTP/1.1 500 Internal Server Error"
2026-04-08 04:28:52 - root - WARNING - [WARN] Retry 2/3 for model magicoder:7b-s-cl: mkdir /home/sahand.moslemi/.ollama/models: permission denied: ensure path elements are traversable (status code: 500)
2026-04-08 04:28:57 - httpx - INFO - HTTP Request: POST http://127.0.0.1:11434/api/chat "HTTP/1.1 500 Internal Server Error"
2026-04-08 04:28:57 - root - WARNING - [WARN] Retry 2/3 for model magicoder:7b-s-cl: mkdir /home/sahand.moslemi/.ollama/models: permission denied: ensure path elements are traversable (status code: 500)
2026-04-08 04:29:02 - httpx - INFO - HTTP Request: POST http://127.0.0.1:11434/api/chat "HTTP/1.1 500 Internal Server Error"
2026-04-08 04:29:02 - root - WARNING - [WARN] Retry 2/3 for model magicoder:7b-s-cl: mkdir /home/sahand.moslemi/.ollama/models: permission denied: ensure path elements are traversable (status code: 500)
2026-04-08 04:29:07 - httpx - INFO - HTTP Request: POST http://127.0.0.1:11434/api/chat "HTTP/1.1 500 Internal Server Error"
2026-04-08 04:29:07 - root - WARNING - [WARN] Retry 2/3 for model magicoder:7b-s-cl: mkdir /home/sahand.moslemi/.ollama/models: permission denied: ensure path elements are traversable (status code: 500)
2026-04-08 04:29:12 - httpx - INFO - HTTP Request: POST http://127.0.0.1:11434/api/chat "HTTP/1.1 500 Internal Server Error"
2026-04-08 04:29:12 - root - WARNING - [WARN] Retry 2/3 for model magicoder:7b-s-cl: mkdir /home/sahand.moslemi/.ollama/models: permission denied: ensure path elements are traversable (status code: 500)
2026-04-08 04:29:17 - httpx - INFO - HTTP Request: POST http://127.0.0.1:11434/api/chat "HTTP/1.1 500 Internal Server Error"
2026-04-08 04:29:17 - root - WARNING - [WARN] Retry 2/3 for model magicoder:7b-s-cl: mkdir /home/sahand.moslemi/.ollama/models: permission denied: ensure path elements are traversable (status code: 500)
2026-04-08 04:29:22 - httpx - INFO - HTTP Request: POST http://127.0.0.1:11434/api/chat "HTTP/1.1 500 Internal Server Error"
2026-04-08 04:29:22 - root - WARNING - [WARN] Retry 2/3 for model magicoder:7b-s-cl: mkdir /home/sahand.moslemi/.ollama/models: permission denied: ensure path elements are traversable (status code: 500)
2026-04-08 04:29:27 - httpx - INFO - HTTP Request: POST http://127.0.0.1:11434/api/chat "HTTP/1.1 500 Internal Server Error"
2026-04-08 04:29:27 - root - WARNING - [WARN] Retry 2/3 for model magicoder:7b-s-cl: mkdir /home/sahand.moslemi/.ollama/models: permission denied: ensure path elements are traversable (status code: 500)
2026-04-08 04:29:32 - httpx - INFO - HTTP Request: POST http://127.0.0.1:11434/api/chat "HTTP/1.1 500 Internal Server Error"
2026-04-08 04:29:32 - root - WARNING - [WARN] Retry 2/3 for model magicoder:7b-s-cl: mkdir /home/sahand.moslemi/.ollama/models: permission denied: ensure path elements are traversable (status code: 500)
2026-04-08 04:29:37 - httpx - INFO - HTTP Request: POST http://127.0.0.1:11434/api/chat "HTTP/1.1 500 Internal Server Error"
2026-04-08 04:29:37 - root - WARNING - [WARN] Retry 2/3 for model magicoder:7b-s-cl: mkdir /home/sahand.moslemi/.ollama/models: permission denied: ensure path elements are traversable (status code: 500)
2026-04-08 04:29:42 - httpx - INFO - HTTP Request: POST http://127.0.0.1:11434/api/chat "HTTP/1.1 500 Internal Server Error"
2026-04-08 04:29:42 - root - WARNING - [WARN] Retry 2/3 for model magicoder:7b-s-cl: mkdir /home/sahand.moslemi/.ollama/models: permission denied: ensure path elements are traversable (status code: 500)
2026-04-08 04:29:47 - httpx - INFO - HTTP Request: POST http://127.0.0.1:11434/api/chat "HTTP/1.1 500 Internal Server Error"
2026-04-08 04:29:47 - root - WARNING - [WARN] Retry 2/3 for model magicoder:7b-s-cl: mkdir /home/sahand.moslemi/.ollama/models: permission denied: ensure path elements are traversable (status code: 500)
2026-04-08 04:29:53 - httpx - INFO - HTTP Request: POST http://127.0.0.1:11434/api/chat "HTTP/1.1 500 Internal Server Error"
2026-04-08 04:29:53 - root - WARNING - [WARN] Retry 2/3 for model magicoder:7b-s-cl: mkdir /home/sahand.moslemi/.ollama/models: permission denied: ensure path elements are traversable (status code: 500)
2026-04-08 04:29:58 - httpx - INFO - HTTP Request: POST http://127.0.0.1:11434/api/chat "HTTP/1.1 500 Internal Server Error"
2026-04-08 04:29:58 - root - WARNING - [WARN] Retry 2/3 for model magicoder:7b-s-cl: mkdir /home/sahand.moslemi/.ollama/models: permission denied: ensure path elements are traversable (status code: 500)
2026-04-08 04:30:03 - httpx - INFO - HTTP Request: POST http://127.0.0.1:11434/api/chat "HTTP/1.1 500 Internal Server Error"
2026-04-08 04:30:03 - root - WARNING - [WARN] Retry 2/3 for model magicoder:7b-s-cl: mkdir /home/sahand.moslemi/.ollama/models: permission denied: ensure path elements are traversable (status code: 500)
2026-04-08 04:30:08 - httpx - INFO - HTTP Request: POST http://127.0.0.1:11434/api/chat "HTTP/1.1 500 Internal Server Error"
2026-04-08 04:30:08 - root - WARNING - [WARN] Retry 2/3 for model magicoder:7b-s-cl: mkdir /home/sahand.moslemi/.ollama/models: permission denied: ensure path elements are traversable (status code: 500)
2026-04-08 04:30:13 - httpx - INFO - HTTP Request: POST http://127.0.0.1:11434/api/chat "HTTP/1.1 500 Internal Server Error"
2026-04-08 04:30:13 - root - WARNING - [WARN] Retry 2/3 for model magicoder:7b-s-cl: mkdir /home/sahand.moslemi/.ollama/models: permission denied: ensure path elements are traversable (status code: 500)
2026-04-08 04:30:18 - httpx - INFO - HTTP Request: POST http://127.0.0.1:11434/api/chat "HTTP/1.1 500 Internal Server Error"
2026-04-08 04:30:18 - root - WARNING - [WARN] Retry 2/3 for model magicoder:7b-s-cl: mkdir /home/sahand.moslemi/.ollama/models: permission denied: ensure path elements are traversable (status code: 500)
2026-04-08 04:30:23 - httpx - INFO - HTTP Request: POST http://127.0.0.1:11434/api/chat "HTTP/1.1 500 Internal Server Error"
2026-04-08 04:30:23 - root - WARNING - [WARN] Retry 2/3 for model magicoder:7b-s-cl: mkdir /home/sahand.moslemi/.ollama/models: permission denied: ensure path elements are traversable (status code: 500)
2026-04-08 04:30:28 - httpx - INFO - HTTP Request: POST http://127.0.0.1:11434/api/chat "HTTP/1.1 500 Internal Server Error"
2026-04-08 04:30:28 - root - WARNING - [WARN] Retry 2/3 for model magicoder:7b-s-cl: mkdir /home/sahand.moslemi/.ollama/models: permission denied: ensure path elements are traversable (status code: 500)
2026-04-08 04:30:33 - httpx - INFO - HTTP Request: POST http://127.0.0.1:11434/api/chat "HTTP/1.1 500 Internal Server Error"
2026-04-08 04:30:33 - root - WARNING - [WARN] Retry 2/3 for model magicoder:7b-s-cl: mkdir /home/sahand.moslemi/.ollama/models: permission denied: ensure path elements are traversable (status code: 500)
2026-04-08 04:30:38 - httpx - INFO - HTTP Request: POST http://127.0.0.1:11434/api/chat "HTTP/1.1 500 Internal Server Error"
2026-04-08 04:30:38 - root - WARNING - [WARN] Retry 2/3 for model magicoder:7b-s-cl: mkdir /home/sahand.moslemi/.ollama/models: permission denied: ensure path elements are traversable (status code: 500)
2026-04-08 04:30:43 - httpx - INFO - HTTP Request: POST http://127.0.0.1:11434/api/chat "HTTP/1.1 500 Internal Server Error"
2026-04-08 04:30:43 - root - WARNING - [WARN] Retry 2/3 for model magicoder:7b-s-cl: mkdir /home/sahand.moslemi/.ollama/models: permission denied: ensure path elements are traversable (status code: 500)
2026-04-08 04:30:48 - httpx - INFO - HTTP Request: POST http://127.0.0.1:11434/api/chat "HTTP/1.1 500 Internal Server Error"
2026-04-08 04:30:48 - root - WARNING - [WARN] Retry 2/3 for model magicoder:7b-s-cl: mkdir /home/sahand.moslemi/.ollama/models: permission denied: ensure path elements are traversable (status code: 500)
2026-04-08 04:30:53 - httpx - INFO - HTTP Request: POST http://127.0.0.1:11434/api/chat "HTTP/1.1 500 Internal Server Error"
2026-04-08 04:30:53 - root - WARNING - [WARN] Retry 2/3 for model magicoder:7b-s-cl: mkdir /home/sahand.moslemi/.ollama/models: permission denied: ensure path elements are traversable (status code: 500)
2026-04-08 04:30:58 - httpx - INFO - HTTP Request: POST http://127.0.0.1:11434/api/chat "HTTP/1.1 500 Internal Server Error"
2026-04-08 04:30:58 - root - WARNING - [WARN] Retry 2/3 for model magicoder:7b-s-cl: mkdir /home/sahand.moslemi/.ollama/models: permission denied: ensure path elements are traversable (status code: 500)
2026-04-08 04:31:03 - httpx - INFO - HTTP Request: POST http://127.0.0.1:11434/api/chat "HTTP/1.1 500 Internal Server Error"
2026-04-08 04:31:03 - root - WARNING - [WARN] Retry 2/3 for model magicoder:7b-s-cl: mkdir /home/sahand.moslemi/.ollama/models: permission denied: ensure path elements are traversable (status code: 500)
2026-04-08 04:31:08 - httpx - INFO - HTTP Request: POST http://127.0.0.1:11434/api/chat "HTTP/1.1 500 Internal Server Error"
2026-04-08 04:31:08 - root - WARNING - [WARN] Retry 2/3 for model magicoder:7b-s-cl: mkdir /home/sahand.moslemi/.ollama/models: permission denied: ensure path elements are traversable (status code: 500)
2026-04-08 04:31:13 - httpx - INFO - HTTP Request: POST http://127.0.0.1:11434/api/chat "HTTP/1.1 500 Internal Server Error"
2026-04-08 04:31:13 - root - WARNING - [WARN] Retry 2/3 for model magicoder:7b-s-cl: mkdir /home/sahand.moslemi/.ollama/models: permission denied: ensure path elements are traversable (status code: 500)
2026-04-08 04:31:18 - httpx - INFO - HTTP Request: POST http://127.0.0.1:11434/api/chat "HTTP/1.1 500 Internal Server Error"
2026-04-08 04:31:18 - root - WARNING - [WARN] Retry 2/3 for model magicoder:7b-s-cl: mkdir /home/sahand.moslemi/.ollama/models: permission denied: ensure path elements are traversable (status code: 500)
2026-04-08 04:31:23 - httpx - INFO - HTTP Request: POST http://127.0.0.1:11434/api/chat "HTTP/1.1 500 Internal Server Error"
2026-04-08 04:31:23 - root - WARNING - [WARN] Retry 2/3 for model magicoder:7b-s-cl: mkdir /home/sahand.moslemi/.ollama/models: permission denied: ensure path elements are traversable (status code: 500)
2026-04-08 04:31:28 - httpx - INFO - HTTP Request: POST http://127.0.0.1:11434/api/chat "HTTP/1.1 500 Internal Server Error"
2026-04-08 04:31:28 - root - WARNING - [WARN] Retry 2/3 for model magicoder:7b-s-cl: mkdir /home/sahand.moslemi/.ollama/models: permission denied: ensure path elements are traversable (status code: 500)
2026-04-08 04:31:33 - httpx - INFO - HTTP Request: POST http://127.0.0.1:11434/api/chat "HTTP/1.1 500 Internal Server Error"
2026-04-08 04:31:33 - root - WARNING - [WARN] Retry 2/3 for model magicoder:7b-s-cl: mkdir /home/sahand.moslemi/.ollama/models: permission denied: ensure path elements are traversable (status code: 500)
2026-04-08 04:31:38 - httpx - INFO - HTTP Request: POST http://127.0.0.1:11434/api/chat "HTTP/1.1 500 Internal Server Error"
2026-04-08 04:31:38 - root - WARNING - [WARN] Retry 2/3 for model magicoder:7b-s-cl: mkdir /home/sahand.moslemi/.ollama/models: permission denied: ensure path elements are traversable (status code: 500)
2026-04-08 04:31:43 - httpx - INFO - HTTP Request: POST http://127.0.0.1:11434/api/chat "HTTP/1.1 500 Internal Server Error"
2026-04-08 04:31:43 - root - WARNING - [WARN] Retry 2/3 for model magicoder:7b-s-cl: mkdir /home/sahand.moslemi/.ollama/models: permission denied: ensure path elements are traversable (status code: 500)
2026-04-08 04:31:48 - httpx - INFO - HTTP Request: POST http://127.0.0.1:11434/api/chat "HTTP/1.1 500 Internal Server Error"
2026-04-08 04:31:48 - root - WARNING - [WARN] Retry 2/3 for model magicoder:7b-s-cl: mkdir /home/sahand.moslemi/.ollama/models: permission denied: ensure path elements are traversable (status code: 500)
2026-04-08 04:31:53 - httpx - INFO - HTTP Request: POST http://127.0.0.1:11434/api/chat "HTTP/1.1 500 Internal Server Error"
2026-04-08 04:31:53 - root - WARNING - [WARN] Retry 2/3 for model magicoder:7b-s-cl: mkdir /home/sahand.moslemi/.ollama/models: permission denied: ensure path elements are traversable (status code: 500)
2026-04-08 04:31:58 - httpx - INFO - HTTP Request: POST http://127.0.0.1:11434/api/chat "HTTP/1.1 500 Internal Server Error"
2026-04-08 04:31:58 - root - WARNING - [WARN] Retry 2/3 for model magicoder:7b-s-cl: mkdir /home/sahand.moslemi/.ollama/models: permission denied: ensure path elements are traversable (status code: 500)
2026-04-08 04:32:03 - httpx - INFO - HTTP Request: POST http://127.0.0.1:11434/api/chat "HTTP/1.1 500 Internal Server Error"
2026-04-08 04:32:03 - root - WARNING - [WARN] Retry 2/3 for model magicoder:7b-s-cl: mkdir /home/sahand.moslemi/.ollama/models: permission denied: ensure path elements are traversable (status code: 500)
2026-04-08 04:32:08 - httpx - INFO - HTTP Request: POST http://127.0.0.1:11434/api/chat "HTTP/1.1 500 Internal Server Error"
2026-04-08 04:32:08 - root - WARNING - [WARN] Retry 2/3 for model magicoder:7b-s-cl: mkdir /home/sahand.moslemi/.ollama/models: permission denied: ensure path elements are traversable (status code: 500)
2026-04-08 04:32:13 - httpx - INFO - HTTP Request: POST http://127.0.0.1:11434/api/chat "HTTP/1.1 500 Internal Server Error"
2026-04-08 04:32:13 - root - WARNING - [WARN] Retry 2/3 for model magicoder:7b-s-cl: mkdir /home/sahand.moslemi/.ollama/models: permission denied: ensure path elements are traversable (status code: 500)
2026-04-08 04:32:18 - httpx - INFO - HTTP Request: POST http://127.0.0.1:11434/api/chat "HTTP/1.1 500 Internal Server Error"
2026-04-08 04:32:18 - root - WARNING - [WARN] Retry 2/3 for model magicoder:7b-s-cl: mkdir /home/sahand.moslemi/.ollama/models: permission denied: ensure path elements are traversable (status code: 500)
2026-04-08 04:32:23 - httpx - INFO - HTTP Request: POST http://127.0.0.1:11434/api/chat "HTTP/1.1 500 Internal Server Error"
2026-04-08 04:32:23 - root - WARNING - [WARN] Retry 2/3 for model magicoder:7b-s-cl: mkdir /home/sahand.moslemi/.ollama/models: permission denied: ensure path elements are traversable (status code: 500)
2026-04-08 04:32:28 - httpx - INFO - HTTP Request: POST http://127.0.0.1:11434/api/chat "HTTP/1.1 500 Internal Server Error"
2026-04-08 04:32:28 - root - WARNING - [WARN] Retry 2/3 for model magicoder:7b-s-cl: mkdir /home/sahand.moslemi/.ollama/models: permission denied: ensure path elements are traversable (status code: 500)
2026-04-08 04:32:33 - httpx - INFO - HTTP Request: POST http://127.0.0.1:11434/api/chat "HTTP/1.1 500 Internal Server Error"
2026-04-08 04:32:33 - root - WARNING - [WARN] Retry 2/3 for model magicoder:7b-s-cl: mkdir /home/sahand.moslemi/.ollama/models: permission denied: ensure path elements are traversable (status code: 500)
2026-04-08 04:32:38 - httpx - INFO - HTTP Request: POST http://127.0.0.1:11434/api/chat "HTTP/1.1 500 Internal Server Error"
2026-04-08 04:32:38 - root - WARNING - [WARN] Retry 2/3 for model magicoder:7b-s-cl: mkdir /home/sahand.moslemi/.ollama/models: permission denied: ensure path elements are traversable (status code: 500)
2026-04-08 04:32:43 - httpx - INFO - HTTP Request: POST http://127.0.0.1:11434/api/chat "HTTP/1.1 500 Internal Server Error"
2026-04-08 04:32:43 - root - WARNING - [WARN] Retry 2/3 for model magicoder:7b-s-cl: mkdir /home/sahand.moslemi/.ollama/models: permission denied: ensure path elements are traversable (status code: 500)
2026-04-08 04:32:48 - httpx - INFO - HTTP Request: POST http://127.0.0.1:11434/api/chat "HTTP/1.1 500 Internal Server Error"
2026-04-08 04:32:48 - root - WARNING - [WARN] Retry 2/3 for model magicoder:7b-s-cl: mkdir /home/sahand.moslemi/.ollama/models: permission denied: ensure path elements are traversable (status code: 500)
2026-04-08 04:32:53 - httpx - INFO - HTTP Request: POST http://127.0.0.1:11434/api/chat "HTTP/1.1 500 Internal Server Error"
2026-04-08 04:32:53 - root - WARNING - [WARN] Retry 2/3 for model magicoder:7b-s-cl: mkdir /home/sahand.moslemi/.ollama/models: permission denied: ensure path elements are traversable (status code: 500)
2026-04-08 04:32:58 - httpx - INFO - HTTP Request: POST http://127.0.0.1:11434/api/chat "HTTP/1.1 500 Internal Server Error"
2026-04-08 04:32:58 - root - WARNING - [WARN] Retry 2/3 for model magicoder:7b-s-cl: mkdir /home/sahand.moslemi/.ollama/models: permission denied: ensure path elements are traversable (status code: 500)
2026-04-08 04:33:03 - httpx - INFO - HTTP Request: POST http://127.0.0.1:11434/api/chat "HTTP/1.1 500 Internal Server Error"
2026-04-08 04:33:03 - root - WARNING - [WARN] Retry 2/3 for model magicoder:7b-s-cl: mkdir /home/sahand.moslemi/.ollama/models: permission denied: ensure path elements are traversable (status code: 500)
2026-04-08 04:33:08 - httpx - INFO - HTTP Request: POST http://127.0.0.1:11434/api/chat "HTTP/1.1 500 Internal Server Error"
2026-04-08 04:33:08 - root - WARNING - [WARN] Retry 2/3 for model magicoder:7b-s-cl: mkdir /home/sahand.moslemi/.ollama/models: permission denied: ensure path elements are traversable (status code: 500)
2026-04-08 04:33:13 - httpx - INFO - HTTP Request: POST http://127.0.0.1:11434/api/chat "HTTP/1.1 500 Internal Server Error"
2026-04-08 04:33:13 - root - WARNING - [WARN] Retry 2/3 for model magicoder:7b-s-cl: mkdir /home/sahand.moslemi/.ollama/models: permission denied: ensure path elements are traversable (status code: 500)
2026-04-08 04:33:18 - httpx - INFO - HTTP Request: POST http://127.0.0.1:11434/api/chat "HTTP/1.1 500 Internal Server Error"
2026-04-08 04:33:18 - root - WARNING - [WARN] Retry 2/3 for model magicoder:7b-s-cl: mkdir /home/sahand.moslemi/.ollama/models: permission denied: ensure path elements are traversable (status code: 500)
2026-04-08 04:33:23 - httpx - INFO - HTTP Request: POST http://127.0.0.1:11434/api/chat "HTTP/1.1 500 Internal Server Error"
2026-04-08 04:33:23 - root - WARNING - [WARN] Retry 2/3 for model magicoder:7b-s-cl: mkdir /home/sahand.moslemi/.ollama/models: permission denied: ensure path elements are traversable (status code: 500)
2026-04-08 04:33:28 - httpx - INFO - HTTP Request: POST http://127.0.0.1:11434/api/chat "HTTP/1.1 500 Internal Server Error"
2026-04-08 04:33:28 - root - WARNING - [WARN] Retry 2/3 for model magicoder:7b-s-cl: mkdir /home/sahand.moslemi/.ollama/models: permission denied: ensure path elements are traversable (status code: 500)
2026-04-08 04:33:33 - httpx - INFO - HTTP Request: POST http://127.0.0.1:11434/api/chat "HTTP/1.1 500 Internal Server Error"
2026-04-08 04:33:33 - root - WARNING - [WARN] Retry 2/3 for model magicoder:7b-s-cl: mkdir /home/sahand.moslemi/.ollama/models: permission denied: ensure path elements are traversable (status code: 500)
2026-04-08 04:33:38 - httpx - INFO - HTTP Request: POST http://127.0.0.1:11434/api/chat "HTTP/1.1 500 Internal Server Error"
2026-04-08 04:33:38 - root - WARNING - [WARN] Retry 2/3 for model magicoder:7b-s-cl: mkdir /home/sahand.moslemi/.ollama/models: permission denied: ensure path elements are traversable (status code: 500)
2026-04-08 04:33:43 - httpx - INFO - HTTP Request: POST http://127.0.0.1:11434/api/chat "HTTP/1.1 500 Internal Server Error"
2026-04-08 04:33:43 - root - WARNING - [WARN] Retry 2/3 for model magicoder:7b-s-cl: mkdir /home/sahand.moslemi/.ollama/models: permission denied: ensure path elements are traversable (status code: 500)
2026-04-08 04:33:48 - httpx - INFO - HTTP Request: POST http://127.0.0.1:11434/api/chat "HTTP/1.1 500 Internal Server Error"
2026-04-08 04:33:48 - root - WARNING - [WARN] Retry 2/3 for model magicoder:7b-s-cl: mkdir /home/sahand.moslemi/.ollama/models: permission denied: ensure path elements are traversable (status code: 500)
2026-04-08 04:33:53 - httpx - INFO - HTTP Request: POST http://127.0.0.1:11434/api/chat "HTTP/1.1 500 Internal Server Error"
2026-04-08 04:33:53 - root - WARNING - [WARN] Retry 2/3 for model magicoder:7b-s-cl: mkdir /home/sahand.moslemi/.ollama/models: permission denied: ensure path elements are traversable (status code: 500)
2026-04-08 04:33:58 - httpx - INFO - HTTP Request: POST http://127.0.0.1:11434/api/chat "HTTP/1.1 500 Internal Server Error"
2026-04-08 04:33:58 - root - WARNING - [WARN] Retry 2/3 for model magicoder:7b-s-cl: mkdir /home/sahand.moslemi/.ollama/models: permission denied: ensure path elements are traversable (status code: 500)
2026-04-08 04:34:03 - httpx - INFO - HTTP Request: POST http://127.0.0.1:11434/api/chat "HTTP/1.1 500 Internal Server Error"
2026-04-08 04:34:03 - root - WARNING - [WARN] Retry 2/3 for model magicoder:7b-s-cl: mkdir /home/sahand.moslemi/.ollama/models: permission denied: ensure path elements are traversable (status code: 500)
2026-04-08 04:34:08 - httpx - INFO - HTTP Request: POST http://127.0.0.1:11434/api/chat "HTTP/1.1 500 Internal Server Error"
2026-04-08 04:34:08 - root - WARNING - [WARN] Retry 2/3 for model magicoder:7b-s-cl: mkdir /home/sahand.moslemi/.ollama/models: permission denied: ensure path elements are traversable (status code: 500)
2026-04-08 04:34:13 - httpx - INFO - HTTP Request: POST http://127.0.0.1:11434/api/chat "HTTP/1.1 500 Internal Server Error"
2026-04-08 04:34:13 - root - WARNING - [WARN] Retry 2/3 for model magicoder:7b-s-cl: mkdir /home/sahand.moslemi/.ollama/models: permission denied: ensure path elements are traversable (status code: 500)
2026-04-08 04:34:18 - httpx - INFO - HTTP Request: POST http://127.0.0.1:11434/api/chat "HTTP/1.1 500 Internal Server Error"
2026-04-08 04:34:18 - root - WARNING - [WARN] Retry 2/3 for model magicoder:7b-s-cl: mkdir /home/sahand.moslemi/.ollama/models: permission denied: ensure path elements are traversable (status code: 500)
2026-04-08 04:34:23 - httpx - INFO - HTTP Request: POST http://127.0.0.1:11434/api/chat "HTTP/1.1 500 Internal Server Error"
2026-04-08 04:34:23 - root - WARNING - [WARN] Retry 2/3 for model magicoder:7b-s-cl: mkdir /home/sahand.moslemi/.ollama/models: permission denied: ensure path elements are traversable (status code: 500)
2026-04-08 04:34:28 - httpx - INFO - HTTP Request: POST http://127.0.0.1:11434/api/chat "HTTP/1.1 500 Internal Server Error"
2026-04-08 04:34:28 - root - WARNING - [WARN] Retry 2/3 for model magicoder:7b-s-cl: mkdir /home/sahand.moslemi/.ollama/models: permission denied: ensure path elements are traversable (status code: 500)
2026-04-08 04:34:33 - httpx - INFO - HTTP Request: POST http://127.0.0.1:11434/api/chat "HTTP/1.1 500 Internal Server Error"
2026-04-08 04:34:33 - root - WARNING - [WARN] Retry 2/3 for model magicoder:7b-s-cl: mkdir /home/sahand.moslemi/.ollama/models: permission denied: ensure path elements are traversable (status code: 500)
2026-04-08 04:34:38 - httpx - INFO - HTTP Request: POST http://127.0.0.1:11434/api/chat "HTTP/1.1 500 Internal Server Error"
2026-04-08 04:34:38 - root - WARNING - [WARN] Retry 2/3 for model magicoder:7b-s-cl: mkdir /home/sahand.moslemi/.ollama/models: permission denied: ensure path elements are traversable (status code: 500)
2026-04-08 04:34:43 - httpx - INFO - HTTP Request: POST http://127.0.0.1:11434/api/chat "HTTP/1.1 500 Internal Server Error"
2026-04-08 04:34:43 - root - WARNING - [WARN] Retry 2/3 for model magicoder:7b-s-cl: mkdir /home/sahand.moslemi/.ollama/models: permission denied: ensure path elements are traversable (status code: 500)
2026-04-08 04:34:48 - httpx - INFO - HTTP Request: POST http://127.0.0.1:11434/api/chat "HTTP/1.1 500 Internal Server Error"
2026-04-08 04:34:48 - root - WARNING - [WARN] Retry 2/3 for model magicoder:7b-s-cl: mkdir /home/sahand.moslemi/.ollama/models: permission denied: ensure path elements are traversable (status code: 500)
2026-04-08 04:34:53 - httpx - INFO - HTTP Request: POST http://127.0.0.1:11434/api/chat "HTTP/1.1 500 Internal Server Error"
2026-04-08 04:34:53 - root - WARNING - [WARN] Retry 2/3 for model magicoder:7b-s-cl: mkdir /home/sahand.moslemi/.ollama/models: permission denied: ensure path elements are traversable (status code: 500)
2026-04-08 04:34:58 - httpx - INFO - HTTP Request: POST http://127.0.0.1:11434/api/chat "HTTP/1.1 500 Internal Server Error"
2026-04-08 04:34:58 - root - WARNING - [WARN] Retry 2/3 for model magicoder:7b-s-cl: mkdir /home/sahand.moslemi/.ollama/models: permission denied: ensure path elements are traversable (status code: 500)
2026-04-08 04:35:04 - httpx - INFO - HTTP Request: POST http://127.0.0.1:11434/api/chat "HTTP/1.1 500 Internal Server Error"
2026-04-08 04:35:04 - root - WARNING - [WARN] Retry 2/3 for model magicoder:7b-s-cl: mkdir /home/sahand.moslemi/.ollama/models: permission denied: ensure path elements are traversable (status code: 500)
2026-04-08 04:35:09 - httpx - INFO - HTTP Request: POST http://127.0.0.1:11434/api/chat "HTTP/1.1 500 Internal Server Error"
2026-04-08 04:35:09 - root - WARNING - [WARN] Retry 2/3 for model magicoder:7b-s-cl: mkdir /home/sahand.moslemi/.ollama/models: permission denied: ensure path elements are traversable (status code: 500)
2026-04-08 04:35:14 - httpx - INFO - HTTP Request: POST http://127.0.0.1:11434/api/chat "HTTP/1.1 500 Internal Server Error"
2026-04-08 04:35:14 - root - WARNING - [WARN] Retry 2/3 for model magicoder:7b-s-cl: mkdir /home/sahand.moslemi/.ollama/models: permission denied: ensure path elements are traversable (status code: 500)
2026-04-08 04:35:19 - httpx - INFO - HTTP Request: POST http://127.0.0.1:11434/api/chat "HTTP/1.1 500 Internal Server Error"
2026-04-08 04:35:19 - root - WARNING - [WARN] Retry 2/3 for model magicoder:7b-s-cl: mkdir /home/sahand.moslemi/.ollama/models: permission denied: ensure path elements are traversable (status code: 500)
2026-04-08 04:35:24 - httpx - INFO - HTTP Request: POST http://127.0.0.1:11434/api/chat "HTTP/1.1 500 Internal Server Error"
2026-04-08 04:35:24 - root - WARNING - [WARN] Retry 2/3 for model magicoder:7b-s-cl: mkdir /home/sahand.moslemi/.ollama/models: permission denied: ensure path elements are traversable (status code: 500)
2026-04-08 04:35:29 - httpx - INFO - HTTP Request: POST http://127.0.0.1:11434/api/chat "HTTP/1.1 500 Internal Server Error"
2026-04-08 04:35:29 - root - WARNING - [WARN] Retry 2/3 for model magicoder:7b-s-cl: mkdir /home/sahand.moslemi/.ollama/models: permission denied: ensure path elements are traversable (status code: 500)
2026-04-08 04:35:34 - httpx - INFO - HTTP Request: POST http://127.0.0.1:11434/api/chat "HTTP/1.1 500 Internal Server Error"
2026-04-08 04:35:34 - root - WARNING - [WARN] Retry 2/3 for model magicoder:7b-s-cl: mkdir /home/sahand.moslemi/.ollama/models: permission denied: ensure path elements are traversable (status code: 500)
2026-04-08 04:35:39 - httpx - INFO - HTTP Request: POST http://127.0.0.1:11434/api/chat "HTTP/1.1 500 Internal Server Error"
2026-04-08 04:35:39 - root - WARNING - [WARN] Retry 2/3 for model magicoder:7b-s-cl: mkdir /home/sahand.moslemi/.ollama/models: permission denied: ensure path elements are traversable (status code: 500)
2026-04-08 04:35:44 - httpx - INFO - HTTP Request: POST http://127.0.0.1:11434/api/chat "HTTP/1.1 500 Internal Server Error"
2026-04-08 04:35:44 - root - WARNING - [WARN] Retry 2/3 for model magicoder:7b-s-cl: mkdir /home/sahand.moslemi/.ollama/models: permission denied: ensure path elements are traversable (status code: 500)
2026-04-08 04:35:49 - httpx - INFO - HTTP Request: POST http://127.0.0.1:11434/api/chat "HTTP/1.1 500 Internal Server Error"
2026-04-08 04:35:49 - root - WARNING - [WARN] Retry 2/3 for model magicoder:7b-s-cl: mkdir /home/sahand.moslemi/.ollama/models: permission denied: ensure path elements are traversable (status code: 500)
2026-04-08 04:35:54 - httpx - INFO - HTTP Request: POST http://127.0.0.1:11434/api/chat "HTTP/1.1 500 Internal Server Error"
2026-04-08 04:35:54 - root - WARNING - [WARN] Retry 2/3 for model magicoder:7b-s-cl: mkdir /home/sahand.moslemi/.ollama/models: permission denied: ensure path elements are traversable (status code: 500)
2026-04-08 04:35:59 - httpx - INFO - HTTP Request: POST http://127.0.0.1:11434/api/chat "HTTP/1.1 500 Internal Server Error"
2026-04-08 04:35:59 - root - WARNING - [WARN] Retry 2/3 for model magicoder:7b-s-cl: mkdir /home/sahand.moslemi/.ollama/models: permission denied: ensure path elements are traversable (status code: 500)
2026-04-08 04:36:04 - httpx - INFO - HTTP Request: POST http://127.0.0.1:11434/api/chat "HTTP/1.1 500 Internal Server Error"
2026-04-08 04:36:04 - root - WARNING - [WARN] Retry 2/3 for model magicoder:7b-s-cl: mkdir /home/sahand.moslemi/.ollama/models: permission denied: ensure path elements are traversable (status code: 500)
2026-04-08 04:36:09 - httpx - INFO - HTTP Request: POST http://127.0.0.1:11434/api/chat "HTTP/1.1 500 Internal Server Error"
2026-04-08 04:36:09 - root - WARNING - [WARN] Retry 2/3 for model magicoder:7b-s-cl: mkdir /home/sahand.moslemi/.ollama/models: permission denied: ensure path elements are traversable (status code: 500)
2026-04-08 04:36:14 - httpx - INFO - HTTP Request: POST http://127.0.0.1:11434/api/chat "HTTP/1.1 500 Internal Server Error"
2026-04-08 04:36:14 - root - WARNING - [WARN] Retry 2/3 for model magicoder:7b-s-cl: mkdir /home/sahand.moslemi/.ollama/models: permission denied: ensure path elements are traversable (status code: 500)
2026-04-08 04:36:19 - httpx - INFO - HTTP Request: POST http://127.0.0.1:11434/api/chat "HTTP/1.1 500 Internal Server Error"
2026-04-08 04:36:19 - root - WARNING - [WARN] Retry 2/3 for model magicoder:7b-s-cl: mkdir /home/sahand.moslemi/.ollama/models: permission denied: ensure path elements are traversable (status code: 500)
2026-04-08 04:36:24 - httpx - INFO - HTTP Request: POST http://127.0.0.1:11434/api/chat "HTTP/1.1 500 Internal Server Error"
2026-04-08 04:36:24 - root - WARNING - [WARN] Retry 2/3 for model magicoder:7b-s-cl: mkdir /home/sahand.moslemi/.ollama/models: permission denied: ensure path elements are traversable (status code: 500)
2026-04-08 04:36:29 - httpx - INFO - HTTP Request: POST http://127.0.0.1:11434/api/chat "HTTP/1.1 500 Internal Server Error"
2026-04-08 04:36:29 - root - WARNING - [WARN] Retry 2/3 for model magicoder:7b-s-cl: mkdir /home/sahand.moslemi/.ollama/models: permission denied: ensure path elements are traversable (status code: 500)
2026-04-08 04:36:34 - httpx - INFO - HTTP Request: POST http://127.0.0.1:11434/api/chat "HTTP/1.1 500 Internal Server Error"
2026-04-08 04:36:34 - root - WARNING - [WARN] Retry 2/3 for model magicoder:7b-s-cl: mkdir /home/sahand.moslemi/.ollama/models: permission denied: ensure path elements are traversable (status code: 500)
2026-04-08 04:36:39 - httpx - INFO - HTTP Request: POST http://127.0.0.1:11434/api/chat "HTTP/1.1 500 Internal Server Error"
2026-04-08 04:36:39 - root - WARNING - [WARN] Retry 2/3 for model magicoder:7b-s-cl: mkdir /home/sahand.moslemi/.ollama/models: permission denied: ensure path elements are traversable (status code: 500)
2026-04-08 04:36:44 - httpx - INFO - HTTP Request: POST http://127.0.0.1:11434/api/chat "HTTP/1.1 500 Internal Server Error"
2026-04-08 04:36:44 - root - WARNING - [WARN] Retry 2/3 for model magicoder:7b-s-cl: mkdir /home/sahand.moslemi/.ollama/models: permission denied: ensure path elements are traversable (status code: 500)
2026-04-08 04:36:49 - httpx - INFO - HTTP Request: POST http://127.0.0.1:11434/api/chat "HTTP/1.1 500 Internal Server Error"
2026-04-08 04:36:49 - root - WARNING - [WARN] Retry 2/3 for model magicoder:7b-s-cl: mkdir /home/sahand.moslemi/.ollama/models: permission denied: ensure path elements are traversable (status code: 500)
2026-04-08 04:36:54 - httpx - INFO - HTTP Request: POST http://127.0.0.1:11434/api/chat "HTTP/1.1 500 Internal Server Error"
2026-04-08 04:36:54 - root - WARNING - [WARN] Retry 2/3 for model magicoder:7b-s-cl: mkdir /home/sahand.moslemi/.ollama/models: permission denied: ensure path elements are traversable (status code: 500)
2026-04-08 04:36:59 - httpx - INFO - HTTP Request: POST http://127.0.0.1:11434/api/chat "HTTP/1.1 500 Internal Server Error"
2026-04-08 04:36:59 - root - WARNING - [WARN] Retry 2/3 for model magicoder:7b-s-cl: mkdir /home/sahand.moslemi/.ollama/models: permission denied: ensure path elements are traversable (status code: 500)
2026-04-08 04:37:04 - httpx - INFO - HTTP Request: POST http://127.0.0.1:11434/api/chat "HTTP/1.1 500 Internal Server Error"
2026-04-08 04:37:04 - root - WARNING - [WARN] Retry 2/3 for model magicoder:7b-s-cl: mkdir /home/sahand.moslemi/.ollama/models: permission denied: ensure path elements are traversable (status code: 500)
2026-04-08 04:37:09 - httpx - INFO - HTTP Request: POST http://127.0.0.1:11434/api/chat "HTTP/1.1 500 Internal Server Error"
2026-04-08 04:37:09 - root - WARNING - [WARN] Retry 2/3 for model magicoder:7b-s-cl: mkdir /home/sahand.moslemi/.ollama/models: permission denied: ensure path elements are traversable (status code: 500)
2026-04-08 04:37:14 - httpx - INFO - HTTP Request: POST http://127.0.0.1:11434/api/chat "HTTP/1.1 500 Internal Server Error"
2026-04-08 04:37:14 - root - WARNING - [WARN] Retry 2/3 for model magicoder:7b-s-cl: mkdir /home/sahand.moslemi/.ollama/models: permission denied: ensure path elements are traversable (status code: 500)
2026-04-08 04:37:19 - httpx - INFO - HTTP Request: POST http://127.0.0.1:11434/api/chat "HTTP/1.1 500 Internal Server Error"
2026-04-08 04:37:19 - root - WARNING - [WARN] Retry 2/3 for model magicoder:7b-s-cl: mkdir /home/sahand.moslemi/.ollama/models: permission denied: ensure path elements are traversable (status code: 500)
2026-04-08 04:37:24 - httpx - INFO - HTTP Request: POST http://127.0.0.1:11434/api/chat "HTTP/1.1 500 Internal Server Error"
2026-04-08 04:37:24 - root - WARNING - [WARN] Retry 2/3 for model magicoder:7b-s-cl: mkdir /home/sahand.moslemi/.ollama/models: permission denied: ensure path elements are traversable (status code: 500)
2026-04-08 04:37:29 - httpx - INFO - HTTP Request: POST http://127.0.0.1:11434/api/chat "HTTP/1.1 500 Internal Server Error"
2026-04-08 04:37:29 - root - WARNING - [WARN] Retry 2/3 for model magicoder:7b-s-cl: mkdir /home/sahand.moslemi/.ollama/models: permission denied: ensure path elements are traversable (status code: 500)
2026-04-08 04:37:34 - httpx - INFO - HTTP Request: POST http://127.0.0.1:11434/api/chat "HTTP/1.1 500 Internal Server Error"
2026-04-08 04:37:34 - root - WARNING - [WARN] Retry 2/3 for model magicoder:7b-s-cl: mkdir /home/sahand.moslemi/.ollama/models: permission denied: ensure path elements are traversable (status code: 500)
2026-04-08 04:37:39 - httpx - INFO - HTTP Request: POST http://127.0.0.1:11434/api/chat "HTTP/1.1 500 Internal Server Error"
2026-04-08 04:37:39 - root - WARNING - [WARN] Retry 2/3 for model magicoder:7b-s-cl: mkdir /home/sahand.moslemi/.ollama/models: permission denied: ensure path elements are traversable (status code: 500)
2026-04-08 04:37:44 - httpx - INFO - HTTP Request: POST http://127.0.0.1:11434/api/chat "HTTP/1.1 500 Internal Server Error"
2026-04-08 04:37:44 - root - WARNING - [WARN] Retry 2/3 for model magicoder:7b-s-cl: mkdir /home/sahand.moslemi/.ollama/models: permission denied: ensure path elements are traversable (status code: 500)
2026-04-08 04:37:49 - httpx - INFO - HTTP Request: POST http://127.0.0.1:11434/api/chat "HTTP/1.1 500 Internal Server Error"
2026-04-08 04:37:49 - root - WARNING - [WARN] Retry 2/3 for model magicoder:7b-s-cl: mkdir /home/sahand.moslemi/.ollama/models: permission denied: ensure path elements are traversable (status code: 500)
2026-04-08 04:37:54 - httpx - INFO - HTTP Request: POST http://127.0.0.1:11434/api/chat "HTTP/1.1 500 Internal Server Error"
2026-04-08 04:37:54 - root - WARNING - [WARN] Retry 2/3 for model magicoder:7b-s-cl: mkdir /home/sahand.moslemi/.ollama/models: permission denied: ensure path elements are traversable (status code: 500)
2026-04-08 04:37:59 - httpx - INFO - HTTP Request: POST http://127.0.0.1:11434/api/chat "HTTP/1.1 500 Internal Server Error"
2026-04-08 04:37:59 - root - WARNING - [WARN] Retry 2/3 for model magicoder:7b-s-cl: mkdir /home/sahand.moslemi/.ollama/models: permission denied: ensure path elements are traversable (status code: 500)
2026-04-08 04:38:04 - httpx - INFO - HTTP Request: POST http://127.0.0.1:11434/api/chat "HTTP/1.1 500 Internal Server Error"
2026-04-08 04:38:04 - root - WARNING - [WARN] Retry 2/3 for model magicoder:7b-s-cl: mkdir /home/sahand.moslemi/.ollama/models: permission denied: ensure path elements are traversable (status code: 500)
2026-04-08 04:38:09 - httpx - INFO - HTTP Request: POST http://127.0.0.1:11434/api/chat "HTTP/1.1 500 Internal Server Error"
2026-04-08 04:38:09 - root - WARNING - [WARN] Retry 2/3 for model magicoder:7b-s-cl: mkdir /home/sahand.moslemi/.ollama/models: permission denied: ensure path elements are traversable (status code: 500)
2026-04-08 04:38:14 - httpx - INFO - HTTP Request: POST http://127.0.0.1:11434/api/chat "HTTP/1.1 500 Internal Server Error"
2026-04-08 04:38:14 - root - WARNING - [WARN] Retry 2/3 for model magicoder:7b-s-cl: mkdir /home/sahand.moslemi/.ollama/models: permission denied: ensure path elements are traversable (status code: 500)
2026-04-08 04:38:19 - httpx - INFO - HTTP Request: POST http://127.0.0.1:11434/api/chat "HTTP/1.1 500 Internal Server Error"
2026-04-08 04:38:19 - root - WARNING - [WARN] Retry 2/3 for model magicoder:7b-s-cl: mkdir /home/sahand.moslemi/.ollama/models: permission denied: ensure path elements are traversable (status code: 500)
2026-04-08 04:38:24 - httpx - INFO - HTTP Request: POST http://127.0.0.1:11434/api/chat "HTTP/1.1 500 Internal Server Error"
2026-04-08 04:38:24 - root - WARNING - [WARN] Retry 2/3 for model magicoder:7b-s-cl: mkdir /home/sahand.moslemi/.ollama/models: permission denied: ensure path elements are traversable (status code: 500)
2026-04-08 04:38:29 - httpx - INFO - HTTP Request: POST http://127.0.0.1:11434/api/chat "HTTP/1.1 500 Internal Server Error"
2026-04-08 04:38:29 - root - WARNING - [WARN] Retry 2/3 for model magicoder:7b-s-cl: mkdir /home/sahand.moslemi/.ollama/models: permission denied: ensure path elements are traversable (status code: 500)
2026-04-08 04:38:34 - httpx - INFO - HTTP Request: POST http://127.0.0.1:11434/api/chat "HTTP/1.1 500 Internal Server Error"
2026-04-08 04:38:34 - root - WARNING - [WARN] Retry 2/3 for model magicoder:7b-s-cl: mkdir /home/sahand.moslemi/.ollama/models: permission denied: ensure path elements are traversable (status code: 500)
2026-04-08 04:38:39 - httpx - INFO - HTTP Request: POST http://127.0.0.1:11434/api/chat "HTTP/1.1 500 Internal Server Error"
2026-04-08 04:38:39 - root - WARNING - [WARN] Retry 2/3 for model magicoder:7b-s-cl: mkdir /home/sahand.moslemi/.ollama/models: permission denied: ensure path elements are traversable (status code: 500)
2026-04-08 04:38:44 - httpx - INFO - HTTP Request: POST http://127.0.0.1:11434/api/chat "HTTP/1.1 500 Internal Server Error"
2026-04-08 04:38:44 - root - WARNING - [WARN] Retry 2/3 for model magicoder:7b-s-cl: mkdir /home/sahand.moslemi/.ollama/models: permission denied: ensure path elements are traversable (status code: 500)
2026-04-08 04:38:49 - httpx - INFO - HTTP Request: POST http://127.0.0.1:11434/api/chat "HTTP/1.1 500 Internal Server Error"
2026-04-08 04:38:49 - root - WARNING - [WARN] Retry 2/3 for model magicoder:7b-s-cl: mkdir /home/sahand.moslemi/.ollama/models: permission denied: ensure path elements are traversable (status code: 500)
2026-04-08 04:38:54 - httpx - INFO - HTTP Request: POST http://127.0.0.1:11434/api/chat "HTTP/1.1 500 Internal Server Error"
2026-04-08 04:38:54 - root - WARNING - [WARN] Retry 2/3 for model magicoder:7b-s-cl: mkdir /home/sahand.moslemi/.ollama/models: permission denied: ensure path elements are traversable (status code: 500)
2026-04-08 04:38:59 - httpx - INFO - HTTP Request: POST http://127.0.0.1:11434/api/chat "HTTP/1.1 500 Internal Server Error"
2026-04-08 04:38:59 - root - WARNING - [WARN] Retry 2/3 for model magicoder:7b-s-cl: mkdir /home/sahand.moslemi/.ollama/models: permission denied: ensure path elements are traversable (status code: 500)
2026-04-08 04:39:04 - httpx - INFO - HTTP Request: POST http://127.0.0.1:11434/api/chat "HTTP/1.1 500 Internal Server Error"
2026-04-08 04:39:04 - root - WARNING - [WARN] Retry 2/3 for model magicoder:7b-s-cl: mkdir /home/sahand.moslemi/.ollama/models: permission denied: ensure path elements are traversable (status code: 500)
2026-04-08 04:39:09 - httpx - INFO - HTTP Request: POST http://127.0.0.1:11434/api/chat "HTTP/1.1 500 Internal Server Error"
2026-04-08 04:39:09 - root - WARNING - [WARN] Retry 2/3 for model magicoder:7b-s-cl: mkdir /home/sahand.moslemi/.ollama/models: permission denied: ensure path elements are traversable (status code: 500)
2026-04-08 04:39:14 - httpx - INFO - HTTP Request: POST http://127.0.0.1:11434/api/chat "HTTP/1.1 500 Internal Server Error"
2026-04-08 04:39:14 - root - WARNING - [WARN] Retry 2/3 for model magicoder:7b-s-cl: mkdir /home/sahand.moslemi/.ollama/models: permission denied: ensure path elements are traversable (status code: 500)
2026-04-08 04:39:19 - httpx - INFO - HTTP Request: POST http://127.0.0.1:11434/api/chat "HTTP/1.1 500 Internal Server Error"
2026-04-08 04:39:19 - root - WARNING - [WARN] Retry 2/3 for model magicoder:7b-s-cl: mkdir /home/sahand.moslemi/.ollama/models: permission denied: ensure path elements are traversable (status code: 500)
2026-04-08 04:39:24 - httpx - INFO - HTTP Request: POST http://127.0.0.1:11434/api/chat "HTTP/1.1 500 Internal Server Error"
2026-04-08 04:39:24 - root - WARNING - [WARN] Retry 2/3 for model magicoder:7b-s-cl: mkdir /home/sahand.moslemi/.ollama/models: permission denied: ensure path elements are traversable (status code: 500)
2026-04-08 04:39:29 - httpx - INFO - HTTP Request: POST http://127.0.0.1:11434/api/chat "HTTP/1.1 500 Internal Server Error"
2026-04-08 04:39:29 - root - WARNING - [WARN] Retry 2/3 for model magicoder:7b-s-cl: mkdir /home/sahand.moslemi/.ollama/models: permission denied: ensure path elements are traversable (status code: 500)
2026-04-08 04:39:34 - httpx - INFO - HTTP Request: POST http://127.0.0.1:11434/api/chat "HTTP/1.1 500 Internal Server Error"
2026-04-08 04:39:34 - root - WARNING - [WARN] Retry 2/3 for model magicoder:7b-s-cl: mkdir /home/sahand.moslemi/.ollama/models: permission denied: ensure path elements are traversable (status code: 500)
2026-04-08 04:39:39 - httpx - INFO - HTTP Request: POST http://127.0.0.1:11434/api/chat "HTTP/1.1 500 Internal Server Error"
2026-04-08 04:39:39 - root - WARNING - [WARN] Retry 2/3 for model magicoder:7b-s-cl: mkdir /home/sahand.moslemi/.ollama/models: permission denied: ensure path elements are traversable (status code: 500)
2026-04-08 04:39:44 - httpx - INFO - HTTP Request: POST http://127.0.0.1:11434/api/chat "HTTP/1.1 500 Internal Server Error"
2026-04-08 04:39:44 - root - WARNING - [WARN] Retry 2/3 for model magicoder:7b-s-cl: mkdir /home/sahand.moslemi/.ollama/models: permission denied: ensure path elements are traversable (status code: 500)
2026-04-08 04:39:49 - httpx - INFO - HTTP Request: POST http://127.0.0.1:11434/api/chat "HTTP/1.1 500 Internal Server Error"
2026-04-08 04:39:49 - root - WARNING - [WARN] Retry 2/3 for model magicoder:7b-s-cl: mkdir /home/sahand.moslemi/.ollama/models: permission denied: ensure path elements are traversable (status code: 500)
2026-04-08 04:39:54 - httpx - INFO - HTTP Request: POST http://127.0.0.1:11434/api/chat "HTTP/1.1 500 Internal Server Error"
2026-04-08 04:39:54 - root - WARNING - [WARN] Retry 2/3 for model magicoder:7b-s-cl: mkdir /home/sahand.moslemi/.ollama/models: permission denied: ensure path elements are traversable (status code: 500)
2026-04-08 04:39:59 - httpx - INFO - HTTP Request: POST http://127.0.0.1:11434/api/chat "HTTP/1.1 500 Internal Server Error"
2026-04-08 04:39:59 - root - WARNING - [WARN] Retry 2/3 for model magicoder:7b-s-cl: mkdir /home/sahand.moslemi/.ollama/models: permission denied: ensure path elements are traversable (status code: 500)
2026-04-08 04:40:04 - httpx - INFO - HTTP Request: POST http://127.0.0.1:11434/api/chat "HTTP/1.1 500 Internal Server Error"
2026-04-08 04:40:04 - root - WARNING - [WARN] Retry 2/3 for model magicoder:7b-s-cl: mkdir /home/sahand.moslemi/.ollama/models: permission denied: ensure path elements are traversable (status code: 500)
2026-04-08 04:40:09 - httpx - INFO - HTTP Request: POST http://127.0.0.1:11434/api/chat "HTTP/1.1 500 Internal Server Error"
2026-04-08 04:40:09 - root - WARNING - [WARN] Retry 2/3 for model magicoder:7b-s-cl: mkdir /home/sahand.moslemi/.ollama/models: permission denied: ensure path elements are traversable (status code: 500)
2026-04-08 04:40:15 - httpx - INFO - HTTP Request: POST http://127.0.0.1:11434/api/chat "HTTP/1.1 500 Internal Server Error"
2026-04-08 04:40:15 - root - WARNING - [WARN] Retry 2/3 for model magicoder:7b-s-cl: mkdir /home/sahand.moslemi/.ollama/models: permission denied: ensure path elements are traversable (status code: 500)
2026-04-08 04:40:20 - httpx - INFO - HTTP Request: POST http://127.0.0.1:11434/api/chat "HTTP/1.1 500 Internal Server Error"
2026-04-08 04:40:20 - root - WARNING - [WARN] Retry 2/3 for model magicoder:7b-s-cl: mkdir /home/sahand.moslemi/.ollama/models: permission denied: ensure path elements are traversable (status code: 500)
2026-04-08 04:40:25 - httpx - INFO - HTTP Request: POST http://127.0.0.1:11434/api/chat "HTTP/1.1 500 Internal Server Error"
2026-04-08 04:40:25 - root - WARNING - [WARN] Retry 2/3 for model magicoder:7b-s-cl: mkdir /home/sahand.moslemi/.ollama/models: permission denied: ensure path elements are traversable (status code: 500)
2026-04-08 04:40:30 - httpx - INFO - HTTP Request: POST http://127.0.0.1:11434/api/chat "HTTP/1.1 500 Internal Server Error"
2026-04-08 04:40:30 - root - WARNING - [WARN] Retry 2/3 for model magicoder:7b-s-cl: mkdir /home/sahand.moslemi/.ollama/models: permission denied: ensure path elements are traversable (status code: 500)
2026-04-08 04:40:35 - httpx - INFO - HTTP Request: POST http://127.0.0.1:11434/api/chat "HTTP/1.1 500 Internal Server Error"
2026-04-08 04:40:35 - root - WARNING - [WARN] Retry 2/3 for model magicoder:7b-s-cl: mkdir /home/sahand.moslemi/.ollama/models: permission denied: ensure path elements are traversable (status code: 500)
2026-04-08 04:40:40 - httpx - INFO - HTTP Request: POST http://127.0.0.1:11434/api/chat "HTTP/1.1 500 Internal Server Error"
2026-04-08 04:40:40 - root - WARNING - [WARN] Retry 2/3 for model magicoder:7b-s-cl: mkdir /home/sahand.moslemi/.ollama/models: permission denied: ensure path elements are traversable (status code: 500)
2026-04-08 04:40:45 - httpx - INFO - HTTP Request: POST http://127.0.0.1:11434/api/chat "HTTP/1.1 500 Internal Server Error"
2026-04-08 04:40:45 - root - WARNING - [WARN] Retry 2/3 for model magicoder:7b-s-cl: mkdir /home/sahand.moslemi/.ollama/models: permission denied: ensure path elements are traversable (status code: 500)
2026-04-08 04:40:50 - httpx - INFO - HTTP Request: POST http://127.0.0.1:11434/api/chat "HTTP/1.1 500 Internal Server Error"
2026-04-08 04:40:50 - root - WARNING - [WARN] Retry 2/3 for model magicoder:7b-s-cl: mkdir /home/sahand.moslemi/.ollama/models: permission denied: ensure path elements are traversable (status code: 500)
2026-04-08 04:40:55 - httpx - INFO - HTTP Request: POST http://127.0.0.1:11434/api/chat "HTTP/1.1 500 Internal Server Error"
2026-04-08 04:40:55 - root - WARNING - [WARN] Retry 2/3 for model magicoder:7b-s-cl: mkdir /home/sahand.moslemi/.ollama/models: permission denied: ensure path elements are traversable (status code: 500)
2026-04-08 04:41:00 - httpx - INFO - HTTP Request: POST http://127.0.0.1:11434/api/chat "HTTP/1.1 500 Internal Server Error"
2026-04-08 04:41:00 - root - WARNING - [WARN] Retry 2/3 for model magicoder:7b-s-cl: mkdir /home/sahand.moslemi/.ollama/models: permission denied: ensure path elements are traversable (status code: 500)
2026-04-08 04:41:05 - httpx - INFO - HTTP Request: POST http://127.0.0.1:11434/api/chat "HTTP/1.1 500 Internal Server Error"
2026-04-08 04:41:05 - root - WARNING - [WARN] Retry 2/3 for model magicoder:7b-s-cl: mkdir /home/sahand.moslemi/.ollama/models: permission denied: ensure path elements are traversable (status code: 500)
2026-04-08 04:41:10 - httpx - INFO - HTTP Request: POST http://127.0.0.1:11434/api/chat "HTTP/1.1 500 Internal Server Error"
2026-04-08 04:41:10 - root - WARNING - [WARN] Retry 2/3 for model magicoder:7b-s-cl: mkdir /home/sahand.moslemi/.ollama/models: permission denied: ensure path elements are traversable (status code: 500)
2026-04-08 04:41:15 - httpx - INFO - HTTP Request: POST http://127.0.0.1:11434/api/chat "HTTP/1.1 500 Internal Server Error"
2026-04-08 04:41:15 - root - WARNING - [WARN] Retry 2/3 for model magicoder:7b-s-cl: mkdir /home/sahand.moslemi/.ollama/models: permission denied: ensure path elements are traversable (status code: 500)
2026-04-08 04:41:20 - httpx - INFO - HTTP Request: POST http://127.0.0.1:11434/api/chat "HTTP/1.1 500 Internal Server Error"
2026-04-08 04:41:20 - root - WARNING - [WARN] Retry 2/3 for model magicoder:7b-s-cl: mkdir /home/sahand.moslemi/.ollama/models: permission denied: ensure path elements are traversable (status code: 500)
2026-04-08 04:41:25 - httpx - INFO - HTTP Request: POST http://127.0.0.1:11434/api/chat "HTTP/1.1 500 Internal Server Error"
2026-04-08 04:41:25 - root - WARNING - [WARN] Retry 2/3 for model magicoder:7b-s-cl: mkdir /home/sahand.moslemi/.ollama/models: permission denied: ensure path elements are traversable (status code: 500)
2026-04-08 04:41:30 - httpx - INFO - HTTP Request: POST http://127.0.0.1:11434/api/chat "HTTP/1.1 500 Internal Server Error"
2026-04-08 04:41:30 - root - WARNING - [WARN] Retry 2/3 for model magicoder:7b-s-cl: mkdir /home/sahand.moslemi/.ollama/models: permission denied: ensure path elements are traversable (status code: 500)
2026-04-08 04:41:35 - httpx - INFO - HTTP Request: POST http://127.0.0.1:11434/api/chat "HTTP/1.1 500 Internal Server Error"
2026-04-08 04:41:35 - root - WARNING - [WARN] Retry 2/3 for model magicoder:7b-s-cl: mkdir /home/sahand.moslemi/.ollama/models: permission denied: ensure path elements are traversable (status code: 500)
2026-04-08 04:41:40 - httpx - INFO - HTTP Request: POST http://127.0.0.1:11434/api/chat "HTTP/1.1 500 Internal Server Error"
2026-04-08 04:41:40 - root - WARNING - [WARN] Retry 2/3 for model magicoder:7b-s-cl: mkdir /home/sahand.moslemi/.ollama/models: permission denied: ensure path elements are traversable (status code: 500)
2026-04-08 04:41:45 - httpx - INFO - HTTP Request: POST http://127.0.0.1:11434/api/chat "HTTP/1.1 500 Internal Server Error"
2026-04-08 04:41:45 - root - WARNING - [WARN] Retry 2/3 for model magicoder:7b-s-cl: mkdir /home/sahand.moslemi/.ollama/models: permission denied: ensure path elements are traversable (status code: 500)
2026-04-08 04:41:50 - httpx - INFO - HTTP Request: POST http://127.0.0.1:11434/api/chat "HTTP/1.1 500 Internal Server Error"
2026-04-08 04:41:50 - root - WARNING - [WARN] Retry 2/3 for model magicoder:7b-s-cl: mkdir /home/sahand.moslemi/.ollama/models: permission denied: ensure path elements are traversable (status code: 500)
2026-04-08 04:41:55 - httpx - INFO - HTTP Request: POST http://127.0.0.1:11434/api/chat "HTTP/1.1 500 Internal Server Error"
2026-04-08 04:41:55 - root - WARNING - [WARN] Retry 2/3 for model magicoder:7b-s-cl: mkdir /home/sahand.moslemi/.ollama/models: permission denied: ensure path elements are traversable (status code: 500)
2026-04-08 04:42:00 - httpx - INFO - HTTP Request: POST http://127.0.0.1:11434/api/chat "HTTP/1.1 500 Internal Server Error"
2026-04-08 04:42:00 - root - WARNING - [WARN] Retry 2/3 for model magicoder:7b-s-cl: mkdir /home/sahand.moslemi/.ollama/models: permission denied: ensure path elements are traversable (status code: 500)
2026-04-08 04:42:05 - httpx - INFO - HTTP Request: POST http://127.0.0.1:11434/api/chat "HTTP/1.1 500 Internal Server Error"
2026-04-08 04:42:05 - root - WARNING - [WARN] Retry 2/3 for model magicoder:7b-s-cl: mkdir /home/sahand.moslemi/.ollama/models: permission denied: ensure path elements are traversable (status code: 500)
2026-04-08 04:42:10 - httpx - INFO - HTTP Request: POST http://127.0.0.1:11434/api/chat "HTTP/1.1 500 Internal Server Error"
2026-04-08 04:42:10 - root - WARNING - [WARN] Retry 2/3 for model magicoder:7b-s-cl: mkdir /home/sahand.moslemi/.ollama/models: permission denied: ensure path elements are traversable (status code: 500)
2026-04-08 04:42:15 - httpx - INFO - HTTP Request: POST http://127.0.0.1:11434/api/chat "HTTP/1.1 500 Internal Server Error"
2026-04-08 04:42:15 - root - WARNING - [WARN] Retry 2/3 for model magicoder:7b-s-cl: mkdir /home/sahand.moslemi/.ollama/models: permission denied: ensure path elements are traversable (status code: 500)
2026-04-08 04:42:20 - httpx - INFO - HTTP Request: POST http://127.0.0.1:11434/api/chat "HTTP/1.1 500 Internal Server Error"
2026-04-08 04:42:20 - root - WARNING - [WARN] Retry 2/3 for model magicoder:7b-s-cl: mkdir /home/sahand.moslemi/.ollama/models: permission denied: ensure path elements are traversable (status code: 500)
2026-04-08 04:42:25 - httpx - INFO - HTTP Request: POST http://127.0.0.1:11434/api/chat "HTTP/1.1 500 Internal Server Error"
2026-04-08 04:42:25 - root - WARNING - [WARN] Retry 2/3 for model magicoder:7b-s-cl: mkdir /home/sahand.moslemi/.ollama/models: permission denied: ensure path elements are traversable (status code: 500)
2026-04-08 04:42:30 - httpx - INFO - HTTP Request: POST http://127.0.0.1:11434/api/chat "HTTP/1.1 500 Internal Server Error"
2026-04-08 04:42:30 - root - WARNING - [WARN] Retry 2/3 for model magicoder:7b-s-cl: mkdir /home/sahand.moslemi/.ollama/models: permission denied: ensure path elements are traversable (status code: 500)
2026-04-08 04:42:35 - httpx - INFO - HTTP Request: POST http://127.0.0.1:11434/api/chat "HTTP/1.1 500 Internal Server Error"
2026-04-08 04:42:35 - root - WARNING - [WARN] Retry 2/3 for model magicoder:7b-s-cl: mkdir /home/sahand.moslemi/.ollama/models: permission denied: ensure path elements are traversable (status code: 500)
2026-04-08 04:42:40 - httpx - INFO - HTTP Request: POST http://127.0.0.1:11434/api/chat "HTTP/1.1 500 Internal Server Error"
2026-04-08 04:42:40 - root - WARNING - [WARN] Retry 2/3 for model magicoder:7b-s-cl: mkdir /home/sahand.moslemi/.ollama/models: permission denied: ensure path elements are traversable (status code: 500)
2026-04-08 04:42:45 - httpx - INFO - HTTP Request: POST http://127.0.0.1:11434/api/chat "HTTP/1.1 500 Internal Server Error"
2026-04-08 04:42:45 - root - WARNING - [WARN] Retry 2/3 for model magicoder:7b-s-cl: mkdir /home/sahand.moslemi/.ollama/models: permission denied: ensure path elements are traversable (status code: 500)
2026-04-08 04:42:50 - httpx - INFO - HTTP Request: POST http://127.0.0.1:11434/api/chat "HTTP/1.1 500 Internal Server Error"
2026-04-08 04:42:50 - root - WARNING - [WARN] Retry 2/3 for model magicoder:7b-s-cl: mkdir /home/sahand.moslemi/.ollama/models: permission denied: ensure path elements are traversable (status code: 500)
2026-04-08 04:42:55 - httpx - INFO - HTTP Request: POST http://127.0.0.1:11434/api/chat "HTTP/1.1 500 Internal Server Error"
2026-04-08 04:42:55 - root - WARNING - [WARN] Retry 2/3 for model magicoder:7b-s-cl: mkdir /home/sahand.moslemi/.ollama/models: permission denied: ensure path elements are traversable (status code: 500)
2026-04-08 04:43:00 - httpx - INFO - HTTP Request: POST http://127.0.0.1:11434/api/chat "HTTP/1.1 500 Internal Server Error"
2026-04-08 04:43:00 - root - WARNING - [WARN] Retry 2/3 for model magicoder:7b-s-cl: mkdir /home/sahand.moslemi/.ollama/models: permission denied: ensure path elements are traversable (status code: 500)
2026-04-08 04:43:05 - httpx - INFO - HTTP Request: POST http://127.0.0.1:11434/api/chat "HTTP/1.1 500 Internal Server Error"
2026-04-08 04:43:05 - root - WARNING - [WARN] Retry 2/3 for model magicoder:7b-s-cl: mkdir /home/sahand.moslemi/.ollama/models: permission denied: ensure path elements are traversable (status code: 500)
2026-04-08 04:43:10 - httpx - INFO - HTTP Request: POST http://127.0.0.1:11434/api/chat "HTTP/1.1 500 Internal Server Error"
2026-04-08 04:43:10 - root - WARNING - [WARN] Retry 2/3 for model magicoder:7b-s-cl: mkdir /home/sahand.moslemi/.ollama/models: permission denied: ensure path elements are traversable (status code: 500)
2026-04-08 04:43:15 - httpx - INFO - HTTP Request: POST http://127.0.0.1:11434/api/chat "HTTP/1.1 500 Internal Server Error"
2026-04-08 04:43:15 - root - WARNING - [WARN] Retry 2/3 for model magicoder:7b-s-cl: mkdir /home/sahand.moslemi/.ollama/models: permission denied: ensure path elements are traversable (status code: 500)
2026-04-08 04:43:20 - httpx - INFO - HTTP Request: POST http://127.0.0.1:11434/api/chat "HTTP/1.1 500 Internal Server Error"
2026-04-08 04:43:20 - root - WARNING - [WARN] Retry 2/3 for model magicoder:7b-s-cl: mkdir /home/sahand.moslemi/.ollama/models: permission denied: ensure path elements are traversable (status code: 500)
2026-04-08 04:43:25 - httpx - INFO - HTTP Request: POST http://127.0.0.1:11434/api/chat "HTTP/1.1 500 Internal Server Error"
2026-04-08 04:43:25 - root - WARNING - [WARN] Retry 2/3 for model magicoder:7b-s-cl: mkdir /home/sahand.moslemi/.ollama/models: permission denied: ensure path elements are traversable (status code: 500)
2026-04-08 04:43:30 - httpx - INFO - HTTP Request: POST http://127.0.0.1:11434/api/chat "HTTP/1.1 500 Internal Server Error"
2026-04-08 04:43:30 - root - WARNING - [WARN] Retry 2/3 for model magicoder:7b-s-cl: mkdir /home/sahand.moslemi/.ollama/models: permission denied: ensure path elements are traversable (status code: 500)
2026-04-08 04:43:35 - httpx - INFO - HTTP Request: POST http://127.0.0.1:11434/api/chat "HTTP/1.1 500 Internal Server Error"
2026-04-08 04:43:35 - root - WARNING - [WARN] Retry 2/3 for model magicoder:7b-s-cl: mkdir /home/sahand.moslemi/.ollama/models: permission denied: ensure path elements are traversable (status code: 500)
2026-04-08 04:43:40 - httpx - INFO - HTTP Request: POST http://127.0.0.1:11434/api/chat "HTTP/1.1 500 Internal Server Error"
2026-04-08 04:43:40 - root - WARNING - [WARN] Retry 2/3 for model magicoder:7b-s-cl: mkdir /home/sahand.moslemi/.ollama/models: permission denied: ensure path elements are traversable (status code: 500)
2026-04-08 04:43:45 - httpx - INFO - HTTP Request: POST http://127.0.0.1:11434/api/chat "HTTP/1.1 500 Internal Server Error"
2026-04-08 04:43:45 - root - WARNING - [WARN] Retry 2/3 for model magicoder:7b-s-cl: mkdir /home/sahand.moslemi/.ollama/models: permission denied: ensure path elements are traversable (status code: 500)
2026-04-08 04:43:50 - httpx - INFO - HTTP Request: POST http://127.0.0.1:11434/api/chat "HTTP/1.1 500 Internal Server Error"
2026-04-08 04:43:50 - root - WARNING - [WARN] Retry 2/3 for model magicoder:7b-s-cl: mkdir /home/sahand.moslemi/.ollama/models: permission denied: ensure path elements are traversable (status code: 500)
2026-04-08 04:43:55 - httpx - INFO - HTTP Request: POST http://127.0.0.1:11434/api/chat "HTTP/1.1 500 Internal Server Error"
2026-04-08 04:43:55 - root - WARNING - [WARN] Retry 2/3 for model magicoder:7b-s-cl: mkdir /home/sahand.moslemi/.ollama/models: permission denied: ensure path elements are traversable (status code: 500)
2026-04-08 04:44:00 - httpx - INFO - HTTP Request: POST http://127.0.0.1:11434/api/chat "HTTP/1.1 500 Internal Server Error"
2026-04-08 04:44:00 - root - WARNING - [WARN] Retry 2/3 for model magicoder:7b-s-cl: mkdir /home/sahand.moslemi/.ollama/models: permission denied: ensure path elements are traversable (status code: 500)
2026-04-08 04:44:05 - httpx - INFO - HTTP Request: POST http://127.0.0.1:11434/api/chat "HTTP/1.1 500 Internal Server Error"
2026-04-08 04:44:05 - root - WARNING - [WARN] Retry 2/3 for model magicoder:7b-s-cl: mkdir /home/sahand.moslemi/.ollama/models: permission denied: ensure path elements are traversable (status code: 500)
2026-04-08 04:44:10 - httpx - INFO - HTTP Request: POST http://127.0.0.1:11434/api/chat "HTTP/1.1 500 Internal Server Error"
2026-04-08 04:44:10 - root - WARNING - [WARN] Retry 2/3 for model magicoder:7b-s-cl: mkdir /home/sahand.moslemi/.ollama/models: permission denied: ensure path elements are traversable (status code: 500)
2026-04-08 04:44:15 - httpx - INFO - HTTP Request: POST http://127.0.0.1:11434/api/chat "HTTP/1.1 500 Internal Server Error"
2026-04-08 04:44:15 - root - WARNING - [WARN] Retry 2/3 for model magicoder:7b-s-cl: mkdir /home/sahand.moslemi/.ollama/models: permission denied: ensure path elements are traversable (status code: 500)
2026-04-08 04:44:20 - httpx - INFO - HTTP Request: POST http://127.0.0.1:11434/api/chat "HTTP/1.1 500 Internal Server Error"
2026-04-08 04:44:20 - root - WARNING - [WARN] Retry 2/3 for model magicoder:7b-s-cl: mkdir /home/sahand.moslemi/.ollama/models: permission denied: ensure path elements are traversable (status code: 500)
2026-04-08 04:44:25 - httpx - INFO - HTTP Request: POST http://127.0.0.1:11434/api/chat "HTTP/1.1 500 Internal Server Error"
2026-04-08 04:44:25 - root - WARNING - [WARN] Retry 2/3 for model magicoder:7b-s-cl: mkdir /home/sahand.moslemi/.ollama/models: permission denied: ensure path elements are traversable (status code: 500)
2026-04-08 04:44:30 - httpx - INFO - HTTP Request: POST http://127.0.0.1:11434/api/chat "HTTP/1.1 500 Internal Server Error"
2026-04-08 04:44:30 - root - WARNING - [WARN] Retry 2/3 for model magicoder:7b-s-cl: mkdir /home/sahand.moslemi/.ollama/models: permission denied: ensure path elements are traversable (status code: 500)
2026-04-08 04:44:35 - httpx - INFO - HTTP Request: POST http://127.0.0.1:11434/api/chat "HTTP/1.1 500 Internal Server Error"
2026-04-08 04:44:35 - root - WARNING - [WARN] Retry 2/3 for model magicoder:7b-s-cl: mkdir /home/sahand.moslemi/.ollama/models: permission denied: ensure path elements are traversable (status code: 500)
2026-04-08 04:44:40 - httpx - INFO - HTTP Request: POST http://127.0.0.1:11434/api/chat "HTTP/1.1 500 Internal Server Error"
2026-04-08 04:44:40 - root - WARNING - [WARN] Retry 2/3 for model magicoder:7b-s-cl: mkdir /home/sahand.moslemi/.ollama/models: permission denied: ensure path elements are traversable (status code: 500)
2026-04-08 04:44:45 - httpx - INFO - HTTP Request: POST http://127.0.0.1:11434/api/chat "HTTP/1.1 500 Internal Server Error"
2026-04-08 04:44:45 - root - WARNING - [WARN] Retry 2/3 for model magicoder:7b-s-cl: mkdir /home/sahand.moslemi/.ollama/models: permission denied: ensure path elements are traversable (status code: 500)
2026-04-08 04:44:50 - httpx - INFO - HTTP Request: POST http://127.0.0.1:11434/api/chat "HTTP/1.1 500 Internal Server Error"
2026-04-08 04:44:50 - root - WARNING - [WARN] Retry 2/3 for model magicoder:7b-s-cl: mkdir /home/sahand.moslemi/.ollama/models: permission denied: ensure path elements are traversable (status code: 500)
2026-04-08 04:44:55 - httpx - INFO - HTTP Request: POST http://127.0.0.1:11434/api/chat "HTTP/1.1 500 Internal Server Error"
2026-04-08 04:44:55 - root - WARNING - [WARN] Retry 2/3 for model magicoder:7b-s-cl: mkdir /home/sahand.moslemi/.ollama/models: permission denied: ensure path elements are traversable (status code: 500)
2026-04-08 04:45:00 - httpx - INFO - HTTP Request: POST http://127.0.0.1:11434/api/chat "HTTP/1.1 500 Internal Server Error"
2026-04-08 04:45:00 - root - WARNING - [WARN] Retry 2/3 for model magicoder:7b-s-cl: mkdir /home/sahand.moslemi/.ollama/models: permission denied: ensure path elements are traversable (status code: 500)
2026-04-08 04:45:05 - httpx - INFO - HTTP Request: POST http://127.0.0.1:11434/api/chat "HTTP/1.1 500 Internal Server Error"
2026-04-08 04:45:05 - root - WARNING - [WARN] Retry 2/3 for model magicoder:7b-s-cl: mkdir /home/sahand.moslemi/.ollama/models: permission denied: ensure path elements are traversable (status code: 500)
2026-04-08 04:45:10 - httpx - INFO - HTTP Request: POST http://127.0.0.1:11434/api/chat "HTTP/1.1 500 Internal Server Error"
2026-04-08 04:45:10 - root - WARNING - [WARN] Retry 2/3 for model magicoder:7b-s-cl: mkdir /home/sahand.moslemi/.ollama/models: permission denied: ensure path elements are traversable (status code: 500)
2026-04-08 04:45:15 - httpx - INFO - HTTP Request: POST http://127.0.0.1:11434/api/chat "HTTP/1.1 500 Internal Server Error"
2026-04-08 04:45:15 - root - WARNING - [WARN] Retry 2/3 for model magicoder:7b-s-cl: mkdir /home/sahand.moslemi/.ollama/models: permission denied: ensure path elements are traversable (status code: 500)
2026-04-08 04:45:20 - httpx - INFO - HTTP Request: POST http://127.0.0.1:11434/api/chat "HTTP/1.1 500 Internal Server Error"
2026-04-08 04:45:20 - root - WARNING - [WARN] Retry 2/3 for model magicoder:7b-s-cl: mkdir /home/sahand.moslemi/.ollama/models: permission denied: ensure path elements are traversable (status code: 500)
2026-04-08 04:45:25 - httpx - INFO - HTTP Request: POST http://127.0.0.1:11434/api/chat "HTTP/1.1 500 Internal Server Error"
2026-04-08 04:45:25 - root - WARNING - [WARN] Retry 2/3 for model magicoder:7b-s-cl: mkdir /home/sahand.moslemi/.ollama/models: permission denied: ensure path elements are traversable (status code: 500)
2026-04-08 04:45:31 - httpx - INFO - HTTP Request: POST http://127.0.0.1:11434/api/chat "HTTP/1.1 500 Internal Server Error"
2026-04-08 04:45:31 - root - WARNING - [WARN] Retry 2/3 for model magicoder:7b-s-cl: mkdir /home/sahand.moslemi/.ollama/models: permission denied: ensure path elements are traversable (status code: 500)
2026-04-08 04:45:36 - httpx - INFO - HTTP Request: POST http://127.0.0.1:11434/api/chat "HTTP/1.1 500 Internal Server Error"
2026-04-08 04:45:36 - root - WARNING - [WARN] Retry 2/3 for model magicoder:7b-s-cl: mkdir /home/sahand.moslemi/.ollama/models: permission denied: ensure path elements are traversable (status code: 500)
2026-04-08 04:45:41 - httpx - INFO - HTTP Request: POST http://127.0.0.1:11434/api/chat "HTTP/1.1 500 Internal Server Error"
2026-04-08 04:45:41 - root - WARNING - [WARN] Retry 2/3 for model magicoder:7b-s-cl: mkdir /home/sahand.moslemi/.ollama/models: permission denied: ensure path elements are traversable (status code: 500)
2026-04-08 04:45:46 - httpx - INFO - HTTP Request: POST http://127.0.0.1:11434/api/chat "HTTP/1.1 500 Internal Server Error"
2026-04-08 04:45:46 - root - WARNING - [WARN] Retry 2/3 for model magicoder:7b-s-cl: mkdir /home/sahand.moslemi/.ollama/models: permission denied: ensure path elements are traversable (status code: 500)
2026-04-08 04:45:51 - httpx - INFO - HTTP Request: POST http://127.0.0.1:11434/api/chat "HTTP/1.1 500 Internal Server Error"
2026-04-08 04:45:51 - root - WARNING - [WARN] Retry 2/3 for model magicoder:7b-s-cl: mkdir /home/sahand.moslemi/.ollama/models: permission denied: ensure path elements are traversable (status code: 500)
2026-04-08 04:45:56 - httpx - INFO - HTTP Request: POST http://127.0.0.1:11434/api/chat "HTTP/1.1 500 Internal Server Error"
2026-04-08 04:45:56 - root - WARNING - [WARN] Retry 2/3 for model magicoder:7b-s-cl: mkdir /home/sahand.moslemi/.ollama/models: permission denied: ensure path elements are traversable (status code: 500)
2026-04-08 04:46:01 - httpx - INFO - HTTP Request: POST http://127.0.0.1:11434/api/chat "HTTP/1.1 500 Internal Server Error"
2026-04-08 04:46:01 - root - WARNING - [WARN] Retry 2/3 for model magicoder:7b-s-cl: mkdir /home/sahand.moslemi/.ollama/models: permission denied: ensure path elements are traversable (status code: 500)
2026-04-08 04:46:06 - httpx - INFO - HTTP Request: POST http://127.0.0.1:11434/api/chat "HTTP/1.1 500 Internal Server Error"
2026-04-08 04:46:06 - root - WARNING - [WARN] Retry 2/3 for model magicoder:7b-s-cl: mkdir /home/sahand.moslemi/.ollama/models: permission denied: ensure path elements are traversable (status code: 500)
2026-04-08 04:46:11 - httpx - INFO - HTTP Request: POST http://127.0.0.1:11434/api/chat "HTTP/1.1 500 Internal Server Error"
2026-04-08 04:46:11 - root - WARNING - [WARN] Retry 2/3 for model magicoder:7b-s-cl: mkdir /home/sahand.moslemi/.ollama/models: permission denied: ensure path elements are traversable (status code: 500)
2026-04-08 04:46:16 - httpx - INFO - HTTP Request: POST http://127.0.0.1:11434/api/chat "HTTP/1.1 500 Internal Server Error"
2026-04-08 04:46:16 - root - WARNING - [WARN] Retry 2/3 for model magicoder:7b-s-cl: mkdir /home/sahand.moslemi/.ollama/models: permission denied: ensure path elements are traversable (status code: 500)
2026-04-08 04:46:21 - httpx - INFO - HTTP Request: POST http://127.0.0.1:11434/api/chat "HTTP/1.1 500 Internal Server Error"
2026-04-08 04:46:21 - root - WARNING - [WARN] Retry 2/3 for model magicoder:7b-s-cl: mkdir /home/sahand.moslemi/.ollama/models: permission denied: ensure path elements are traversable (status code: 500)
2026-04-08 04:46:26 - httpx - INFO - HTTP Request: POST http://127.0.0.1:11434/api/chat "HTTP/1.1 500 Internal Server Error"
2026-04-08 04:46:26 - root - WARNING - [WARN] Retry 2/3 for model magicoder:7b-s-cl: mkdir /home/sahand.moslemi/.ollama/models: permission denied: ensure path elements are traversable (status code: 500)
2026-04-08 04:46:31 - httpx - INFO - HTTP Request: POST http://127.0.0.1:11434/api/chat "HTTP/1.1 500 Internal Server Error"
2026-04-08 04:46:31 - root - WARNING - [WARN] Retry 2/3 for model magicoder:7b-s-cl: mkdir /home/sahand.moslemi/.ollama/models: permission denied: ensure path elements are traversable (status code: 500)
2026-04-08 04:46:36 - httpx - INFO - HTTP Request: POST http://127.0.0.1:11434/api/chat "HTTP/1.1 500 Internal Server Error"
2026-04-08 04:46:36 - root - WARNING - [WARN] Retry 2/3 for model magicoder:7b-s-cl: mkdir /home/sahand.moslemi/.ollama/models: permission denied: ensure path elements are traversable (status code: 500)
2026-04-08 04:46:41 - httpx - INFO - HTTP Request: POST http://127.0.0.1:11434/api/chat "HTTP/1.1 500 Internal Server Error"
2026-04-08 04:46:41 - root - WARNING - [WARN] Retry 2/3 for model magicoder:7b-s-cl: mkdir /home/sahand.moslemi/.ollama/models: permission denied: ensure path elements are traversable (status code: 500)
2026-04-08 04:46:46 - httpx - INFO - HTTP Request: POST http://127.0.0.1:11434/api/chat "HTTP/1.1 500 Internal Server Error"
2026-04-08 04:46:46 - root - WARNING - [WARN] Retry 2/3 for model magicoder:7b-s-cl: mkdir /home/sahand.moslemi/.ollama/models: permission denied: ensure path elements are traversable (status code: 500)
2026-04-08 04:46:51 - httpx - INFO - HTTP Request: POST http://127.0.0.1:11434/api/chat "HTTP/1.1 500 Internal Server Error"
2026-04-08 04:46:51 - root - WARNING - [WARN] Retry 2/3 for model magicoder:7b-s-cl: mkdir /home/sahand.moslemi/.ollama/models: permission denied: ensure path elements are traversable (status code: 500)
2026-04-08 04:46:56 - httpx - INFO - HTTP Request: POST http://127.0.0.1:11434/api/chat "HTTP/1.1 500 Internal Server Error"
2026-04-08 04:46:56 - root - WARNING - [WARN] Retry 2/3 for model magicoder:7b-s-cl: mkdir /home/sahand.moslemi/.ollama/models: permission denied: ensure path elements are traversable (status code: 500)
2026-04-08 04:47:01 - httpx - INFO - HTTP Request: POST http://127.0.0.1:11434/api/chat "HTTP/1.1 500 Internal Server Error"
2026-04-08 04:47:01 - root - WARNING - [WARN] Retry 2/3 for model magicoder:7b-s-cl: mkdir /home/sahand.moslemi/.ollama/models: permission denied: ensure path elements are traversable (status code: 500)
2026-04-08 04:47:06 - httpx - INFO - HTTP Request: POST http://127.0.0.1:11434/api/chat "HTTP/1.1 500 Internal Server Error"
2026-04-08 04:47:06 - root - WARNING - [WARN] Retry 2/3 for model magicoder:7b-s-cl: mkdir /home/sahand.moslemi/.ollama/models: permission denied: ensure path elements are traversable (status code: 500)
2026-04-08 04:47:11 - httpx - INFO - HTTP Request: POST http://127.0.0.1:11434/api/chat "HTTP/1.1 500 Internal Server Error"
2026-04-08 04:47:11 - root - WARNING - [WARN] Retry 2/3 for model magicoder:7b-s-cl: mkdir /home/sahand.moslemi/.ollama/models: permission denied: ensure path elements are traversable (status code: 500)
2026-04-08 04:47:16 - httpx - INFO - HTTP Request: POST http://127.0.0.1:11434/api/chat "HTTP/1.1 500 Internal Server Error"
2026-04-08 04:47:16 - root - WARNING - [WARN] Retry 2/3 for model magicoder:7b-s-cl: mkdir /home/sahand.moslemi/.ollama/models: permission denied: ensure path elements are traversable (status code: 500)
2026-04-08 04:47:21 - httpx - INFO - HTTP Request: POST http://127.0.0.1:11434/api/chat "HTTP/1.1 500 Internal Server Error"
2026-04-08 04:47:21 - root - WARNING - [WARN] Retry 2/3 for model magicoder:7b-s-cl: mkdir /home/sahand.moslemi/.ollama/models: permission denied: ensure path elements are traversable (status code: 500)
2026-04-08 04:47:26 - httpx - INFO - HTTP Request: POST http://127.0.0.1:11434/api/chat "HTTP/1.1 500 Internal Server Error"
2026-04-08 04:47:26 - root - WARNING - [WARN] Retry 2/3 for model magicoder:7b-s-cl: mkdir /home/sahand.moslemi/.ollama/models: permission denied: ensure path elements are traversable (status code: 500)
2026-04-08 04:47:31 - httpx - INFO - HTTP Request: POST http://127.0.0.1:11434/api/chat "HTTP/1.1 500 Internal Server Error"
2026-04-08 04:47:31 - root - WARNING - [WARN] Retry 2/3 for model magicoder:7b-s-cl: mkdir /home/sahand.moslemi/.ollama/models: permission denied: ensure path elements are traversable (status code: 500)
2026-04-08 04:47:36 - httpx - INFO - HTTP Request: POST http://127.0.0.1:11434/api/chat "HTTP/1.1 500 Internal Server Error"
2026-04-08 04:47:36 - root - WARNING - [WARN] Retry 2/3 for model magicoder:7b-s-cl: mkdir /home/sahand.moslemi/.ollama/models: permission denied: ensure path elements are traversable (status code: 500)
2026-04-08 04:47:41 - httpx - INFO - HTTP Request: POST http://127.0.0.1:11434/api/chat "HTTP/1.1 500 Internal Server Error"
2026-04-08 04:47:41 - root - WARNING - [WARN] Retry 2/3 for model magicoder:7b-s-cl: mkdir /home/sahand.moslemi/.ollama/models: permission denied: ensure path elements are traversable (status code: 500)
2026-04-08 04:47:46 - httpx - INFO - HTTP Request: POST http://127.0.0.1:11434/api/chat "HTTP/1.1 500 Internal Server Error"
2026-04-08 04:47:46 - root - WARNING - [WARN] Retry 2/3 for model magicoder:7b-s-cl: mkdir /home/sahand.moslemi/.ollama/models: permission denied: ensure path elements are traversable (status code: 500)
2026-04-08 04:47:51 - httpx - INFO - HTTP Request: POST http://127.0.0.1:11434/api/chat "HTTP/1.1 500 Internal Server Error"
2026-04-08 04:47:51 - root - WARNING - [WARN] Retry 2/3 for model magicoder:7b-s-cl: mkdir /home/sahand.moslemi/.ollama/models: permission denied: ensure path elements are traversable (status code: 500)
2026-04-08 04:47:56 - httpx - INFO - HTTP Request: POST http://127.0.0.1:11434/api/chat "HTTP/1.1 500 Internal Server Error"
2026-04-08 04:47:56 - root - WARNING - [WARN] Retry 2/3 for model magicoder:7b-s-cl: mkdir /home/sahand.moslemi/.ollama/models: permission denied: ensure path elements are traversable (status code: 500)
2026-04-08 04:48:01 - httpx - INFO - HTTP Request: POST http://127.0.0.1:11434/api/chat "HTTP/1.1 500 Internal Server Error"
2026-04-08 04:48:01 - root - WARNING - [WARN] Retry 2/3 for model magicoder:7b-s-cl: mkdir /home/sahand.moslemi/.ollama/models: permission denied: ensure path elements are traversable (status code: 500)
2026-04-08 04:48:06 - httpx - INFO - HTTP Request: POST http://127.0.0.1:11434/api/chat "HTTP/1.1 500 Internal Server Error"
2026-04-08 04:48:06 - root - WARNING - [WARN] Retry 2/3 for model magicoder:7b-s-cl: mkdir /home/sahand.moslemi/.ollama/models: permission denied: ensure path elements are traversable (status code: 500)
2026-04-08 04:48:11 - httpx - INFO - HTTP Request: POST http://127.0.0.1:11434/api/chat "HTTP/1.1 500 Internal Server Error"
2026-04-08 04:48:11 - root - WARNING - [WARN] Retry 2/3 for model magicoder:7b-s-cl: mkdir /home/sahand.moslemi/.ollama/models: permission denied: ensure path elements are traversable (status code: 500)
2026-04-08 04:48:16 - httpx - INFO - HTTP Request: POST http://127.0.0.1:11434/api/chat "HTTP/1.1 500 Internal Server Error"
2026-04-08 04:48:16 - root - WARNING - [WARN] Retry 2/3 for model magicoder:7b-s-cl: mkdir /home/sahand.moslemi/.ollama/models: permission denied: ensure path elements are traversable (status code: 500)
2026-04-08 04:48:21 - httpx - INFO - HTTP Request: POST http://127.0.0.1:11434/api/chat "HTTP/1.1 500 Internal Server Error"
2026-04-08 04:48:21 - root - WARNING - [WARN] Retry 2/3 for model magicoder:7b-s-cl: mkdir /home/sahand.moslemi/.ollama/models: permission denied: ensure path elements are traversable (status code: 500)
2026-04-08 04:48:26 - httpx - INFO - HTTP Request: POST http://127.0.0.1:11434/api/chat "HTTP/1.1 500 Internal Server Error"
2026-04-08 04:48:26 - root - WARNING - [WARN] Retry 2/3 for model magicoder:7b-s-cl: mkdir /home/sahand.moslemi/.ollama/models: permission denied: ensure path elements are traversable (status code: 500)
2026-04-08 04:48:31 - httpx - INFO - HTTP Request: POST http://127.0.0.1:11434/api/chat "HTTP/1.1 500 Internal Server Error"
2026-04-08 04:48:31 - root - WARNING - [WARN] Retry 2/3 for model magicoder:7b-s-cl: mkdir /home/sahand.moslemi/.ollama/models: permission denied: ensure path elements are traversable (status code: 500)
2026-04-08 04:48:36 - httpx - INFO - HTTP Request: POST http://127.0.0.1:11434/api/chat "HTTP/1.1 500 Internal Server Error"
2026-04-08 04:48:36 - root - WARNING - [WARN] Retry 2/3 for model magicoder:7b-s-cl: mkdir /home/sahand.moslemi/.ollama/models: permission denied: ensure path elements are traversable (status code: 500)
2026-04-08 04:48:41 - httpx - INFO - HTTP Request: POST http://127.0.0.1:11434/api/chat "HTTP/1.1 500 Internal Server Error"
2026-04-08 04:48:41 - root - WARNING - [WARN] Retry 2/3 for model magicoder:7b-s-cl: mkdir /home/sahand.moslemi/.ollama/models: permission denied: ensure path elements are traversable (status code: 500)
2026-04-08 04:48:46 - httpx - INFO - HTTP Request: POST http://127.0.0.1:11434/api/chat "HTTP/1.1 500 Internal Server Error"
2026-04-08 04:48:46 - root - WARNING - [WARN] Retry 2/3 for model magicoder:7b-s-cl: mkdir /home/sahand.moslemi/.ollama/models: permission denied: ensure path elements are traversable (status code: 500)
2026-04-08 04:48:51 - httpx - INFO - HTTP Request: POST http://127.0.0.1:11434/api/chat "HTTP/1.1 500 Internal Server Error"
2026-04-08 04:48:51 - root - WARNING - [WARN] Retry 2/3 for model magicoder:7b-s-cl: mkdir /home/sahand.moslemi/.ollama/models: permission denied: ensure path elements are traversable (status code: 500)
2026-04-08 04:48:56 - httpx - INFO - HTTP Request: POST http://127.0.0.1:11434/api/chat "HTTP/1.1 500 Internal Server Error"
2026-04-08 04:48:56 - root - WARNING - [WARN] Retry 2/3 for model magicoder:7b-s-cl: mkdir /home/sahand.moslemi/.ollama/models: permission denied: ensure path elements are traversable (status code: 500)
2026-04-08 04:49:01 - httpx - INFO - HTTP Request: POST http://127.0.0.1:11434/api/chat "HTTP/1.1 500 Internal Server Error"
2026-04-08 04:49:01 - root - WARNING - [WARN] Retry 2/3 for model magicoder:7b-s-cl: mkdir /home/sahand.moslemi/.ollama/models: permission denied: ensure path elements are traversable (status code: 500)
2026-04-08 04:49:06 - httpx - INFO - HTTP Request: POST http://127.0.0.1:11434/api/chat "HTTP/1.1 500 Internal Server Error"
2026-04-08 04:49:06 - root - WARNING - [WARN] Retry 2/3 for model magicoder:7b-s-cl: mkdir /home/sahand.moslemi/.ollama/models: permission denied: ensure path elements are traversable (status code: 500)
2026-04-08 04:49:11 - httpx - INFO - HTTP Request: POST http://127.0.0.1:11434/api/chat "HTTP/1.1 500 Internal Server Error"
2026-04-08 04:49:11 - root - WARNING - [WARN] Retry 2/3 for model magicoder:7b-s-cl: mkdir /home/sahand.moslemi/.ollama/models: permission denied: ensure path elements are traversable (status code: 500)
2026-04-08 04:49:16 - httpx - INFO - HTTP Request: POST http://127.0.0.1:11434/api/chat "HTTP/1.1 500 Internal Server Error"
2026-04-08 04:49:16 - root - WARNING - [WARN] Retry 2/3 for model magicoder:7b-s-cl: mkdir /home/sahand.moslemi/.ollama/models: permission denied: ensure path elements are traversable (status code: 500)
2026-04-08 04:49:21 - httpx - INFO - HTTP Request: POST http://127.0.0.1:11434/api/chat "HTTP/1.1 500 Internal Server Error"
2026-04-08 04:49:21 - root - WARNING - [WARN] Retry 2/3 for model magicoder:7b-s-cl: mkdir /home/sahand.moslemi/.ollama/models: permission denied: ensure path elements are traversable (status code: 500)
2026-04-08 04:49:26 - httpx - INFO - HTTP Request: POST http://127.0.0.1:11434/api/chat "HTTP/1.1 500 Internal Server Error"
2026-04-08 04:49:26 - root - WARNING - [WARN] Retry 2/3 for model magicoder:7b-s-cl: mkdir /home/sahand.moslemi/.ollama/models: permission denied: ensure path elements are traversable (status code: 500)
2026-04-08 04:49:31 - httpx - INFO - HTTP Request: POST http://127.0.0.1:11434/api/chat "HTTP/1.1 500 Internal Server Error"
2026-04-08 04:49:31 - root - WARNING - [WARN] Retry 2/3 for model magicoder:7b-s-cl: mkdir /home/sahand.moslemi/.ollama/models: permission denied: ensure path elements are traversable (status code: 500)
2026-04-08 04:49:36 - httpx - INFO - HTTP Request: POST http://127.0.0.1:11434/api/chat "HTTP/1.1 500 Internal Server Error"
2026-04-08 04:49:36 - root - WARNING - [WARN] Retry 2/3 for model magicoder:7b-s-cl: mkdir /home/sahand.moslemi/.ollama/models: permission denied: ensure path elements are traversable (status code: 500)
2026-04-08 04:49:41 - httpx - INFO - HTTP Request: POST http://127.0.0.1:11434/api/chat "HTTP/1.1 500 Internal Server Error"
2026-04-08 04:49:41 - root - WARNING - [WARN] Retry 2/3 for model magicoder:7b-s-cl: mkdir /home/sahand.moslemi/.ollama/models: permission denied: ensure path elements are traversable (status code: 500)
2026-04-08 04:49:46 - httpx - INFO - HTTP Request: POST http://127.0.0.1:11434/api/chat "HTTP/1.1 500 Internal Server Error"
2026-04-08 04:49:46 - root - WARNING - [WARN] Retry 2/3 for model magicoder:7b-s-cl: mkdir /home/sahand.moslemi/.ollama/models: permission denied: ensure path elements are traversable (status code: 500)
2026-04-08 04:49:51 - httpx - INFO - HTTP Request: POST http://127.0.0.1:11434/api/chat "HTTP/1.1 500 Internal Server Error"
2026-04-08 04:49:51 - root - WARNING - [WARN] Retry 2/3 for model magicoder:7b-s-cl: mkdir /home/sahand.moslemi/.ollama/models: permission denied: ensure path elements are traversable (status code: 500)
2026-04-08 04:49:56 - httpx - INFO - HTTP Request: POST http://127.0.0.1:11434/api/chat "HTTP/1.1 500 Internal Server Error"
2026-04-08 04:49:56 - root - WARNING - [WARN] Retry 2/3 for model magicoder:7b-s-cl: mkdir /home/sahand.moslemi/.ollama/models: permission denied: ensure path elements are traversable (status code: 500)
2026-04-08 04:50:01 - httpx - INFO - HTTP Request: POST http://127.0.0.1:11434/api/chat "HTTP/1.1 500 Internal Server Error"
2026-04-08 04:50:01 - root - WARNING - [WARN] Retry 2/3 for model magicoder:7b-s-cl: mkdir /home/sahand.moslemi/.ollama/models: permission denied: ensure path elements are traversable (status code: 500)
2026-04-08 04:50:06 - httpx - INFO - HTTP Request: POST http://127.0.0.1:11434/api/chat "HTTP/1.1 500 Internal Server Error"
2026-04-08 04:50:06 - root - WARNING - [WARN] Retry 2/3 for model magicoder:7b-s-cl: mkdir /home/sahand.moslemi/.ollama/models: permission denied: ensure path elements are traversable (status code: 500)
2026-04-08 04:50:11 - httpx - INFO - HTTP Request: POST http://127.0.0.1:11434/api/chat "HTTP/1.1 500 Internal Server Error"
2026-04-08 04:50:11 - root - WARNING - [WARN] Retry 2/3 for model magicoder:7b-s-cl: mkdir /home/sahand.moslemi/.ollama/models: permission denied: ensure path elements are traversable (status code: 500)
2026-04-08 04:50:16 - httpx - INFO - HTTP Request: POST http://127.0.0.1:11434/api/chat "HTTP/1.1 500 Internal Server Error"
2026-04-08 04:50:16 - root - WARNING - [WARN] Retry 2/3 for model magicoder:7b-s-cl: mkdir /home/sahand.moslemi/.ollama/models: permission denied: ensure path elements are traversable (status code: 500)
2026-04-08 04:50:21 - httpx - INFO - HTTP Request: POST http://127.0.0.1:11434/api/chat "HTTP/1.1 500 Internal Server Error"
2026-04-08 04:50:21 - root - WARNING - [WARN] Retry 2/3 for model magicoder:7b-s-cl: mkdir /home/sahand.moslemi/.ollama/models: permission denied: ensure path elements are traversable (status code: 500)
2026-04-08 04:50:26 - httpx - INFO - HTTP Request: POST http://127.0.0.1:11434/api/chat "HTTP/1.1 500 Internal Server Error"
2026-04-08 04:50:26 - root - WARNING - [WARN] Retry 2/3 for model magicoder:7b-s-cl: mkdir /home/sahand.moslemi/.ollama/models: permission denied: ensure path elements are traversable (status code: 500)
2026-04-08 04:50:31 - httpx - INFO - HTTP Request: POST http://127.0.0.1:11434/api/chat "HTTP/1.1 500 Internal Server Error"
2026-04-08 04:50:31 - root - WARNING - [WARN] Retry 2/3 for model magicoder:7b-s-cl: mkdir /home/sahand.moslemi/.ollama/models: permission denied: ensure path elements are traversable (status code: 500)
2026-04-08 04:50:36 - httpx - INFO - HTTP Request: POST http://127.0.0.1:11434/api/chat "HTTP/1.1 500 Internal Server Error"
2026-04-08 04:50:36 - root - WARNING - [WARN] Retry 2/3 for model magicoder:7b-s-cl: mkdir /home/sahand.moslemi/.ollama/models: permission denied: ensure path elements are traversable (status code: 500)
2026-04-08 04:50:42 - httpx - INFO - HTTP Request: POST http://127.0.0.1:11434/api/chat "HTTP/1.1 500 Internal Server Error"
2026-04-08 04:50:42 - root - WARNING - [WARN] Retry 2/3 for model magicoder:7b-s-cl: mkdir /home/sahand.moslemi/.ollama/models: permission denied: ensure path elements are traversable (status code: 500)
2026-04-08 04:50:47 - httpx - INFO - HTTP Request: POST http://127.0.0.1:11434/api/chat "HTTP/1.1 500 Internal Server Error"
2026-04-08 04:50:47 - root - WARNING - [WARN] Retry 2/3 for model magicoder:7b-s-cl: mkdir /home/sahand.moslemi/.ollama/models: permission denied: ensure path elements are traversable (status code: 500)
2026-04-08 04:50:52 - httpx - INFO - HTTP Request: POST http://127.0.0.1:11434/api/chat "HTTP/1.1 500 Internal Server Error"
2026-04-08 04:50:52 - root - WARNING - [WARN] Retry 2/3 for model magicoder:7b-s-cl: mkdir /home/sahand.moslemi/.ollama/models: permission denied: ensure path elements are traversable (status code: 500)
2026-04-08 04:50:57 - httpx - INFO - HTTP Request: POST http://127.0.0.1:11434/api/chat "HTTP/1.1 500 Internal Server Error"
2026-04-08 04:50:57 - root - WARNING - [WARN] Retry 2/3 for model magicoder:7b-s-cl: mkdir /home/sahand.moslemi/.ollama/models: permission denied: ensure path elements are traversable (status code: 500)
2026-04-08 04:51:02 - httpx - INFO - HTTP Request: POST http://127.0.0.1:11434/api/chat "HTTP/1.1 500 Internal Server Error"
2026-04-08 04:51:02 - root - WARNING - [WARN] Retry 2/3 for model magicoder:7b-s-cl: mkdir /home/sahand.moslemi/.ollama/models: permission denied: ensure path elements are traversable (status code: 500)
2026-04-08 04:51:07 - httpx - INFO - HTTP Request: POST http://127.0.0.1:11434/api/chat "HTTP/1.1 500 Internal Server Error"
2026-04-08 04:51:07 - root - WARNING - [WARN] Retry 2/3 for model magicoder:7b-s-cl: mkdir /home/sahand.moslemi/.ollama/models: permission denied: ensure path elements are traversable (status code: 500)
2026-04-08 04:51:12 - httpx - INFO - HTTP Request: POST http://127.0.0.1:11434/api/chat "HTTP/1.1 500 Internal Server Error"
2026-04-08 04:51:12 - root - WARNING - [WARN] Retry 2/3 for model magicoder:7b-s-cl: mkdir /home/sahand.moslemi/.ollama/models: permission denied: ensure path elements are traversable (status code: 500)
2026-04-08 04:51:17 - httpx - INFO - HTTP Request: POST http://127.0.0.1:11434/api/chat "HTTP/1.1 500 Internal Server Error"
2026-04-08 04:51:17 - root - WARNING - [WARN] Retry 2/3 for model magicoder:7b-s-cl: mkdir /home/sahand.moslemi/.ollama/models: permission denied: ensure path elements are traversable (status code: 500)
2026-04-08 04:51:22 - httpx - INFO - HTTP Request: POST http://127.0.0.1:11434/api/chat "HTTP/1.1 500 Internal Server Error"
2026-04-08 04:51:22 - root - WARNING - [WARN] Retry 2/3 for model magicoder:7b-s-cl: mkdir /home/sahand.moslemi/.ollama/models: permission denied: ensure path elements are traversable (status code: 500)
2026-04-08 04:51:27 - httpx - INFO - HTTP Request: POST http://127.0.0.1:11434/api/chat "HTTP/1.1 500 Internal Server Error"
2026-04-08 04:51:27 - root - WARNING - [WARN] Retry 2/3 for model magicoder:7b-s-cl: mkdir /home/sahand.moslemi/.ollama/models: permission denied: ensure path elements are traversable (status code: 500)
2026-04-08 04:51:32 - httpx - INFO - HTTP Request: POST http://127.0.0.1:11434/api/chat "HTTP/1.1 500 Internal Server Error"
2026-04-08 04:51:32 - root - WARNING - [WARN] Retry 2/3 for model magicoder:7b-s-cl: mkdir /home/sahand.moslemi/.ollama/models: permission denied: ensure path elements are traversable (status code: 500)
2026-04-08 04:51:37 - httpx - INFO - HTTP Request: POST http://127.0.0.1:11434/api/chat "HTTP/1.1 500 Internal Server Error"
2026-04-08 04:51:37 - root - WARNING - [WARN] Retry 2/3 for model magicoder:7b-s-cl: mkdir /home/sahand.moslemi/.ollama/models: permission denied: ensure path elements are traversable (status code: 500)
2026-04-08 04:51:42 - httpx - INFO - HTTP Request: POST http://127.0.0.1:11434/api/chat "HTTP/1.1 500 Internal Server Error"
2026-04-08 04:51:42 - root - WARNING - [WARN] Retry 2/3 for model magicoder:7b-s-cl: mkdir /home/sahand.moslemi/.ollama/models: permission denied: ensure path elements are traversable (status code: 500)
2026-04-08 04:51:47 - httpx - INFO - HTTP Request: POST http://127.0.0.1:11434/api/chat "HTTP/1.1 500 Internal Server Error"
2026-04-08 04:51:47 - root - WARNING - [WARN] Retry 2/3 for model magicoder:7b-s-cl: mkdir /home/sahand.moslemi/.ollama/models: permission denied: ensure path elements are traversable (status code: 500)
2026-04-08 04:51:52 - httpx - INFO - HTTP Request: POST http://127.0.0.1:11434/api/chat "HTTP/1.1 500 Internal Server Error"
2026-04-08 04:51:52 - root - WARNING - [WARN] Retry 2/3 for model magicoder:7b-s-cl: mkdir /home/sahand.moslemi/.ollama/models: permission denied: ensure path elements are traversable (status code: 500)
2026-04-08 04:51:57 - httpx - INFO - HTTP Request: POST http://127.0.0.1:11434/api/chat "HTTP/1.1 500 Internal Server Error"
2026-04-08 04:51:57 - root - WARNING - [WARN] Retry 2/3 for model magicoder:7b-s-cl: mkdir /home/sahand.moslemi/.ollama/models: permission denied: ensure path elements are traversable (status code: 500)
code: 500)
2026-04-08 04:51:57 - httpx - INFO - HTTP Request: POST http://127.0.0.1:11434/api/chat "HTTP/1.1 500 Internal Server Error"
2026-04-08 04:51:57 - root - WARNING - [WARN] Retry 2/3 for model magicoder:7b-s-cl: mkdir /home/sahand.moslemi/.ollama/models: permission denied: ensure path elements are traversable (status code: 500)
nternal Server Error"
2026-04-08 04:49:45 - root - WARNING - [WARN] Retry 2/3 for model deepseek-coder:6.7b: mkdir /home/sahand.moslemi/.ollama/models: permission denied: ensure path elements are traversable (status code: 500)
2026-04-08 04:49:50 - httpx - INFO - HTTP Request: POST http://127.0.0.1:11434/api/chat "HTTP/1.1 500 Internal Server Error"
2026-04-08 04:49:50 - root - WARNING - [WARN] Retry 2/3 for model deepseek-coder:6.7b: mkdir /home/sahand.moslemi/.ollama/models: permission denied: ensure path elements are traversable (status code: 500)
2026-04-08 04:49:55 - httpx - INFO - HTTP Request: POST http://127.0.0.1:11434/api/chat "HTTP/1.1 500 Internal Server Error"
2026-04-08 04:49:55 - root - WARNING - [WARN] Retry 2/3 for model deepseek-coder:6.7b: mkdir /home/sahand.moslemi/.ollama/models: permission denied: ensure path elements are traversable (status code: 500)
2026-04-08 04:50:00 - httpx - INFO - HTTP Request: POST http://127.0.0.1:11434/api/chat "HTTP/1.1 500 Internal Server Error"
2026-04-08 04:50:00 - root - WARNING - [WARN] Retry 2/3 for model deepseek-coder:6.7b: mkdir /home/sahand.moslemi/.ollama/models: permission denied: ensure path elements are traversable (status code: 500)
2026-04-08 04:50:05 - httpx - INFO - HTTP Request: POST http://127.0.0.1:11434/api/chat "HTTP/1.1 500 Internal Server Error"
2026-04-08 04:50:05 - root - WARNING - [WARN] Retry 2/3 for model deepseek-coder:6.7b: mkdir /home/sahand.moslemi/.ollama/models: permission denied: ensure path elements are traversable (status code: 500)
2026-04-08 04:50:10 - httpx - INFO - HTTP Request: POST http://127.0.0.1:11434/api/chat "HTTP/1.1 500 Internal Server Error"
2026-04-08 04:50:10 - root - WARNING - [WARN] Retry 2/3 for model deepseek-coder:6.7b: mkdir /home/sahand.moslemi/.ollama/models: permission denied: ensure path elements are traversable (status code: 500)
2026-04-08 04:50:15 - httpx - INFO - HTTP Request: POST http://127.0.0.1:11434/api/chat "HTTP/1.1 500 Internal Server Error"
2026-04-08 04:50:15 - root - WARNING - [WARN] Retry 2/3 for model deepseek-coder:6.7b: mkdir /home/sahand.moslemi/.ollama/models: permission denied: ensure path elements are traversable (status code: 500)
2026-04-08 04:50:20 - httpx - INFO - HTTP Request: POST http://127.0.0.1:11434/api/chat "HTTP/1.1 500 Internal Server Error"
2026-04-08 04:50:20 - root - WARNING - [WARN] Retry 2/3 for model deepseek-coder:6.7b: mkdir /home/sahand.moslemi/.ollama/models: permission denied: ensure path elements are traversable (status code: 500)
2026-04-08 04:50:25 - httpx - INFO - HTTP Request: POST http://127.0.0.1:11434/api/chat "HTTP/1.1 500 Internal Server Error"
2026-04-08 04:50:25 - root - WARNING - [WARN] Retry 2/3 for model deepseek-coder:6.7b: mkdir /home/sahand.moslemi/.ollama/models: permission denied: ensure path elements are traversable (status code: 500)
2026-04-08 04:50:30 - httpx - INFO - HTTP Request: POST http://127.0.0.1:11434/api/chat "HTTP/1.1 500 Internal Server Error"
2026-04-08 04:50:30 - root - WARNING - [WARN] Retry 2/3 for model deepseek-coder:6.7b: mkdir /home/sahand.moslemi/.ollama/models: permission denied: ensure path elements are traversable (status code: 500)
2026-04-08 04:50:35 - httpx - INFO - HTTP Request: POST http://127.0.0.1:11434/api/chat "HTTP/1.1 500 Internal Server Error"
2026-04-08 04:50:35 - root - WARNING - [WARN] Retry 2/3 for model deepseek-coder:6.7b: mkdir /home/sahand.moslemi/.ollama/models: permission denied: ensure path elements are traversable (status code: 500)
2026-04-08 04:50:40 - httpx - INFO - HTTP Request: POST http://127.0.0.1:11434/api/chat "HTTP/1.1 500 Internal Server Error"
2026-04-08 04:50:40 - root - WARNING - [WARN] Retry 2/3 for model deepseek-coder:6.7b: mkdir /home/sahand.moslemi/.ollama/models: permission denied: ensure path elements are traversable (status code: 500)
2026-04-08 04:50:45 - httpx - INFO - HTTP Request: POST http://127.0.0.1:11434/api/chat "HTTP/1.1 500 Internal Server Error"
2026-04-08 04:50:45 - root - WARNING - [WARN] Retry 2/3 for model deepseek-coder:6.7b: mkdir /home/sahand.moslemi/.ollama/models: permission denied: ensure path elements are traversable (status code: 500)
2026-04-08 04:50:50 - httpx - INFO - HTTP Request: POST http://127.0.0.1:11434/api/chat "HTTP/1.1 500 Internal Server Error"
2026-04-08 04:50:50 - root - WARNING - [WARN] Retry 2/3 for model deepseek-coder:6.7b: mkdir /home/sahand.moslemi/.ollama/models: permission denied: ensure path elements are traversable (status code: 500)
2026-04-08 04:50:55 - httpx - INFO - HTTP Request: POST http://127.0.0.1:11434/api/chat "HTTP/1.1 500 Internal Server Error"
2026-04-08 04:50:55 - root - WARNING - [WARN] Retry 2/3 for model deepseek-coder:6.7b: mkdir /home/sahand.moslemi/.ollama/models: permission denied: ensure path elements are traversable (status code: 500)
2026-04-08 04:51:01 - httpx - INFO - HTTP Request: POST http://127.0.0.1:11434/api/chat "HTTP/1.1 500 Internal Server Error"
2026-04-08 04:51:01 - root - WARNING - [WARN] Retry 2/3 for model deepseek-coder:6.7b: mkdir /home/sahand.moslemi/.ollama/models: permission denied: ensure path elements are traversable (status code: 500)
2026-04-08 04:51:06 - httpx - INFO - HTTP Request: POST http://127.0.0.1:11434/api/chat "HTTP/1.1 500 Internal Server Error"
2026-04-08 04:51:06 - root - WARNING - [WARN] Retry 2/3 for model deepseek-coder:6.7b: mkdir /home/sahand.moslemi/.ollama/models: permission denied: ensure path elements are traversable (status code: 500)
2026-04-08 04:51:11 - httpx - INFO - HTTP Request: POST http://127.0.0.1:11434/api/chat "HTTP/1.1 500 Internal Server Error"
2026-04-08 04:51:11 - root - WARNING - [WARN] Retry 2/3 for model deepseek-coder:6.7b: mkdir /home/sahand.moslemi/.ollama/models: permission denied: ensure path elements are traversable (status code: 500)
2026-04-08 04:51:16 - httpx - INFO - HTTP Request: POST http://127.0.0.1:11434/api/chat "HTTP/1.1 500 Internal Server Error"
2026-04-08 04:51:16 - root - WARNING - [WARN] Retry 2/3 for model deepseek-coder:6.7b: mkdir /home/sahand.moslemi/.ollama/models: permission denied: ensure path elements are traversable (status code: 500)
2026-04-08 04:51:21 - httpx - INFO - HTTP Request: POST http://127.0.0.1:11434/api/chat "HTTP/1.1 500 Internal Server Error"
2026-04-08 04:51:21 - root - WARNING - [WARN] Retry 2/3 for model deepseek-coder:6.7b: mkdir /home/sahand.moslemi/.ollama/models: permission denied: ensure path elements are traversable (status code: 500)
2026-04-08 04:51:26 - httpx - INFO - HTTP Request: POST http://127.0.0.1:11434/api/chat "HTTP/1.1 500 Internal Server Error"
2026-04-08 04:51:26 - root - WARNING - [WARN] Retry 2/3 for model deepseek-coder:6.7b: mkdir /home/sahand.moslemi/.ollama/models: permission denied: ensure path elements are traversable (status code: 500)
2026-04-08 04:51:31 - httpx - INFO - HTTP Request: POST http://127.0.0.1:11434/api/chat "HTTP/1.1 500 Internal Server Error"
2026-04-08 04:51:31 - root - WARNING - [WARN] Retry 2/3 for model deepseek-coder:6.7b: mkdir /home/sahand.moslemi/.ollama/models: permission denied: ensure path elements are traversable (status code: 500)
2026-04-08 04:51:36 - httpx - INFO - HTTP Request: POST http://127.0.0.1:11434/api/chat "HTTP/1.1 500 Internal Server Error"
2026-04-08 04:51:36 - root - WARNING - [WARN] Retry 2/3 for model deepseek-coder:6.7b: mkdir /home/sahand.moslemi/.ollama/models: permission denied: ensure path elements are traversable (status code: 500)
2026-04-08 04:51:41 - httpx - INFO - HTTP Request: POST http://127.0.0.1:11434/api/chat "HTTP/1.1 500 Internal Server Error"
2026-04-08 04:51:41 - root - WARNING - [WARN] Retry 2/3 for model deepseek-coder:6.7b: mkdir /home/sahand.moslemi/.ollama/models: permission denied: ensure path elements are traversable (status code: 500)
2026-04-08 04:51:46 - httpx - INFO - HTTP Request: POST http://127.0.0.1:11434/api/chat "HTTP/1.1 500 Internal Server Error"
2026-04-08 04:51:46 - root - WARNING - [WARN] Retry 2/3 for model deepseek-coder:6.7b: mkdir /home/sahand.moslemi/.ollama/models: permission denied: ensure path elements are traversable (status code: 500)
2026-04-08 04:51:51 - httpx - INFO - HTTP Request: POST http://127.0.0.1:11434/api/chat "HTTP/1.1 500 Internal Server Error"
2026-04-08 04:51:51 - root - WARNING - [WARN] Retry 2/3 for model deepseek-coder:6.7b: mkdir /home/sahand.moslemi/.ollama/models: permission denied: ensure path elements are traversable (status code: 500)
2026-04-08 04:51:56 - httpx - INFO - HTTP Request: POST http://127.0.0.1:11434/api/chat "HTTP/1.1 500 Internal Server Error"
2026-04-08 04:51:56 - root - WARNING - [WARN] Retry 2/3 for model deepseek-coder:6.7b: mkdir /home/sahand.moslemi/.ollama/models: permission denied: ensure path elements are traversable (status code: 500)
del codellama:7b-instruct: mkdir /home/sahand.moslemi/.ollama/models: permission denied: ensure path elements are traversable (status code: 500)
2026-04-08 04:50:50 - httpx - INFO - HTTP Request: POST http://127.0.0.1:11434/api/chat "HTTP/1.1 500 Internal Server Error"
2026-04-08 04:50:50 - root - WARNING - [WARN] Retry 2/3 for model codellama:7b-instruct: mkdir /home/sahand.moslemi/.ollama/models: permission denied: ensure path elements are traversable (status code: 500)
2026-04-08 04:50:55 - httpx - INFO - HTTP Request: POST http://127.0.0.1:11434/api/chat "HTTP/1.1 500 Internal Server Error"
2026-04-08 04:50:55 - root - WARNING - [WARN] Retry 2/3 for model codellama:7b-instruct: mkdir /home/sahand.moslemi/.ollama/models: permission denied: ensure path elements are traversable (status code: 500)
2026-04-08 04:51:01 - httpx - INFO - HTTP Request: POST http://127.0.0.1:11434/api/chat "HTTP/1.1 500 Internal Server Error"
2026-04-08 04:51:01 - root - WARNING - [WARN] Retry 2/3 for model codellama:7b-instruct: mkdir /home/sahand.moslemi/.ollama/models: permission denied: ensure path elements are traversable (status code: 500)
2026-04-08 04:51:06 - httpx - INFO - HTTP Request: POST http://127.0.0.1:11434/api/chat "HTTP/1.1 500 Internal Server Error"
2026-04-08 04:51:06 - root - WARNING - [WARN] Retry 2/3 for model codellama:7b-instruct: mkdir /home/sahand.moslemi/.ollama/models: permission denied: ensure path elements are traversable (status code: 500)
2026-04-08 04:51:11 - httpx - INFO - HTTP Request: POST http://127.0.0.1:11434/api/chat "HTTP/1.1 500 Internal Server Error"
2026-04-08 04:51:11 - root - WARNING - [WARN] Retry 2/3 for model codellama:7b-instruct: mkdir /home/sahand.moslemi/.ollama/models: permission denied: ensure path elements are traversable (status code: 500)
2026-04-08 04:51:16 - httpx - INFO - HTTP Request: POST http://127.0.0.1:11434/api/chat "HTTP/1.1 500 Internal Server Error"
2026-04-08 04:51:16 - root - WARNING - [WARN] Retry 2/3 for model codellama:7b-instruct: mkdir /home/sahand.moslemi/.ollama/models: permission denied: ensure path elements are traversable (status code: 500)
2026-04-08 04:51:21 - httpx - INFO - HTTP Request: POST http://127.0.0.1:11434/api/chat "HTTP/1.1 500 Internal Server Error"
2026-04-08 04:51:21 - root - WARNING - [WARN] Retry 2/3 for model codellama:7b-instruct: mkdir /home/sahand.moslemi/.ollama/models: permission denied: ensure path elements are traversable (status code: 500)
2026-04-08 04:51:26 - httpx - INFO - HTTP Request: POST http://127.0.0.1:11434/api/chat "HTTP/1.1 500 Internal Server Error"
2026-04-08 04:51:26 - root - WARNING - [WARN] Retry 2/3 for model codellama:7b-instruct: mkdir /home/sahand.moslemi/.ollama/models: permission denied: ensure path elements are traversable (status code: 500)
2026-04-08 04:51:31 - httpx - INFO - HTTP Request: POST http://127.0.0.1:11434/api/chat "HTTP/1.1 500 Internal Server Error"
2026-04-08 04:51:31 - root - WARNING - [WARN] Retry 2/3 for model codellama:7b-instruct: mkdir /home/sahand.moslemi/.ollama/models: permission denied: ensure path elements are traversable (status code: 500)
2026-04-08 04:51:36 - httpx - INFO - HTTP Request: POST http://127.0.0.1:11434/api/chat "HTTP/1.1 500 Internal Server Error"
2026-04-08 04:51:36 - root - WARNING - [WARN] Retry 2/3 for model codellama:7b-instruct: mkdir /home/sahand.moslemi/.ollama/models: permission denied: ensure path elements are traversable (status code: 500)
2026-04-08 04:51:41 - httpx - INFO - HTTP Request: POST http://127.0.0.1:11434/api/chat "HTTP/1.1 500 Internal Server Error"
2026-04-08 04:51:41 - root - WARNING - [WARN] Retry 2/3 for model codellama:7b-instruct: mkdir /home/sahand.moslemi/.ollama/models: permission denied: ensure path elements are traversable (status code: 500)
2026-04-08 04:51:46 - httpx - INFO - HTTP Request: POST http://127.0.0.1:11434/api/chat "HTTP/1.1 500 Internal Server Error"
2026-04-08 04:51:46 - root - WARNING - [WARN] Retry 2/3 for model codellama:7b-instruct: mkdir /home/sahand.moslemi/.ollama/models: permission denied: ensure path elements are traversable (status code: 500)
2026-04-08 04:51:51 - httpx - INFO - HTTP Request: POST http://127.0.0.1:11434/api/chat "HTTP/1.1 500 Internal Server Error"
2026-04-08 04:51:51 - root - WARNING - [WARN] Retry 2/3 for model codellama:7b-instruct: mkdir /home/sahand.moslemi/.ollama/models: permission denied: ensure path elements are traversable (status code: 500)
2026-04-08 04:51:56 - httpx - INFO - HTTP Request: POST http://127.0.0.1:11434/api/chat "HTTP/1.1 500 Internal Server Error"
2026-04-08 04:51:56 - root - WARNING - [WARN] Retry 2/3 for model codellama:7b-instruct: mkdir /home/sahand.moslemi/.ollama/models: permission denied: ensure path elements are traversable (status code: 500)
r model codellama:7b-instruct: mkdir /home/sahand.moslemi/.ollama/models: permission denied: ensure path elements are traversable (status code: 500)
2026-04-08 04:51:16 - httpx - INFO - HTTP Request: POST http://127.0.0.1:11434/api/chat "HTTP/1.1 500 Internal Server Error"
2026-04-08 04:51:16 - root - WARNING - [WARN] Retry 2/3 for model codellama:7b-instruct: mkdir /home/sahand.moslemi/.ollama/models: permission denied: ensure path elements are traversable (status code: 500)
2026-04-08 04:51:21 - httpx - INFO - HTTP Request: POST http://127.0.0.1:11434/api/chat "HTTP/1.1 500 Internal Server Error"
2026-04-08 04:51:21 - root - WARNING - [WARN] Retry 2/3 for model codellama:7b-instruct: mkdir /home/sahand.moslemi/.ollama/models: permission denied: ensure path elements are traversable (status code: 500)
2026-04-08 04:51:26 - httpx - INFO - HTTP Request: POST http://127.0.0.1:11434/api/chat "HTTP/1.1 500 Internal Server Error"
2026-04-08 04:51:26 - root - WARNING - [WARN] Retry 2/3 for model codellama:7b-instruct: mkdir /home/sahand.moslemi/.ollama/models: permission denied: ensure path elements are traversable (status code: 500)
2026-04-08 04:51:31 - httpx - INFO - HTTP Request: POST http://127.0.0.1:11434/api/chat "HTTP/1.1 500 Internal Server Error"
2026-04-08 04:51:31 - root - WARNING - [WARN] Retry 2/3 for model codellama:7b-instruct: mkdir /home/sahand.moslemi/.ollama/models: permission denied: ensure path elements are traversable (status code: 500)
2026-04-08 04:51:36 - httpx - INFO - HTTP Request: POST http://127.0.0.1:11434/api/chat "HTTP/1.1 500 Internal Server Error"
2026-04-08 04:51:36 - root - WARNING - [WARN] Retry 2/3 for model codellama:7b-instruct: mkdir /home/sahand.moslemi/.ollama/models: permission denied: ensure path elements are traversable (status code: 500)
2026-04-08 04:51:41 - httpx - INFO - HTTP Request: POST http://127.0.0.1:11434/api/chat "HTTP/1.1 500 Internal Server Error"
2026-04-08 04:51:41 - root - WARNING - [WARN] Retry 2/3 for model codellama:7b-instruct: mkdir /home/sahand.moslemi/.ollama/models: permission denied: ensure path elements are traversable (status code: 500)
2026-04-08 04:51:46 - httpx - INFO - HTTP Request: POST http://127.0.0.1:11434/api/chat "HTTP/1.1 500 Internal Server Error"
2026-04-08 04:51:46 - root - WARNING - [WARN] Retry 2/3 for model codellama:7b-instruct: mkdir /home/sahand.moslemi/.ollama/models: permission denied: ensure path elements are traversable (status code: 500)
2026-04-08 04:51:51 - httpx - INFO - HTTP Request: POST http://127.0.0.1:11434/api/chat "HTTP/1.1 500 Internal Server Error"
2026-04-08 04:51:51 - root - WARNING - [WARN] Retry 2/3 for model codellama:7b-instruct: mkdir /home/sahand.moslemi/.ollama/models: permission denied: ensure path elements are traversable (status code: 500)
2026-04-08 04:51:56 - httpx - INFO - HTTP Request: POST http://127.0.0.1:11434/api/chat "HTTP/1.1 500 Internal Server Error"
2026-04-08 04:51:56 - root - WARNING - [WARN] Retry 2/3 for model codellama:7b-instruct: mkdir /home/sahand.moslemi/.ollama/models: permission denied: ensure path elements are traversable (status code: 500)
