2026-04-05 13:55:16 - root - INFO - Fetching bugs ...
2026-04-05 13:55:16 - root - INFO - Using the bugs data in TMP ...
2026-04-05 13:55:16 - root - INFO - Successfully fetched bugs. No of bugs: 837
2026-04-05 13:55:16 - root - INFO - Using the patches data in TMP for developer ...
2026-04-05 13:55:16 - root - INFO - Successfully fetched patches for developer. No of patches: 837
2026-04-05 13:55:16 - root - INFO - Deduplicating developer patches ...
2026-04-05 13:55:16 - root - INFO - Finished preprocessing patches for developer. Final count: 706
2026-04-05 13:55:16 - root - INFO - Cleaned patches: 836, Method patches: 830, Normalized patches: 837, Single method patches: 706, Deduplicated patches: 706
2026-04-05 13:55:16 - root - INFO - Using the patches data in TMP for tool ...
2026-04-05 13:55:16 - root - INFO - Successfully fetched patches for tool. No of patches: 39287
2026-04-05 13:55:16 - root - INFO - Deduplicating developer patches ...
2026-04-05 13:55:16 - root - INFO - Finished preprocessing patches for tool. Final count: 9310
2026-04-05 13:55:16 - root - INFO - Cleaned patches: 38997, Method patches: 38936, Normalized patches: 39287, Single method patches: 21883, Deduplicated patches: 9310
2026-04-05 13:55:16 - root - INFO - Listing Patch Processors.
2026-04-05 13:55:16 - root - INFO - 
 PatchProcessors: 
 [{'uid': 'defaultpatch', 'function': <function get_raw_patch at 0x7fc9415afa30>}, {'uid': 'method', 'function': <function get_single_hunk_method at 0x7fc9415afb50>}].
2026-04-05 13:55:16 - root - INFO - Fetching tool settings.
2026-04-05 13:55:16 - root - INFO - Successfully fetched tool settings. 
 OllamaPrompts: 
 [{'uid': 'CC_SCC_patches', 'content': "Please analyze the following two patches and determine if they are code clones. Respond with 'yes' if they are clones or 'no' if not. If 'yes', please report the clone type: Type-1, Type-2, Type-3, or Type-4.", 'type': 'type', 'input': 'patches'}, {'uid': 'CC_SCC_code', 'content': "Please analyze the following two code snippets and determine if they are code clones. Respond with 'yes' if they are clones or 'no' if not. If 'yes', please report the clone type: Type-1, Type-2, Type-3, or Type-4.", 'type': 'type', 'input': 'code'}, {'uid': 'CC_I_patches', 'content': "Please analyze the following two patches to assess their similarity and determine if they are code clones. Provide a similarity score between 0 and 10, where a higher score indicates more similarity. Additionally, identify the type of code clone they represent and present a detailed reasoning process for detecting code clones. Respond with 'yes' if they are clones or 'no' if not. If 'yes', please report the clone type: Type-1, Type-2, Type-3, or Type-4.", 'type': 'type', 'input': 'patches'}, {'uid': 'CC_I_code', 'content': "Please analyze the following two code snippets to assess their similarity and determine if they are code clones. Provide a similarity score between 0 and 10, where a higher score indicates more similarity. Additionally, identify the type of code clone they represent and present a detailed reasoning process for detecting code clones. Respond with 'yes' if they are clones or 'no' if not. If 'yes', please report the clone type: Type-1, Type-2, Type-3, or Type-4.", 'type': 'type', 'input': 'code'}, {'uid': 'SS_S_patches', 'content': "Please analyze the following two patches and determine if they are semantically similar. Respond with 'yes' if they are semantically similar or 'no' if they are not.", 'type': 'boolean', 'input': 'patches'}, {'uid': 'SS_S_code', 'content': "Please analyze the following two code snippets and determine if they are semantically similar. Respond with 'yes' if they are semantically similar or 'no' if they are not.", 'type': 'boolean', 'input': 'code'}, {'uid': 'SS_R_patches', 'content': 'Please provide a detailed reasoning process for detecting semantic similarity in the following two patches. Based on your analysis, respond with ‘yes’ if the patches are semantically similar or ‘no’ if they are not.', 'type': 'boolean', 'input': 'patches'}, {'uid': 'SS_R_code', 'content': 'Please provide a detailed reasoning process for detecting semantic similarity in the following two code snippets. Based on your analysis, respond with ‘yes’ if the code snippets are semantically similar or ‘no’ if they are not.', 'type': 'boolean', 'input': 'code'}, {'uid': 'SS_LS_patches', 'content': "Please analyze the following two patches for semantic similarity. You should first report which lines of patches are more similar. Then, based on the report, please answer whether these two patches are semantically similar. The response should be 'yes' or 'no'.", 'type': 'boolean', 'input': 'patches'}, {'uid': 'SS_LS_code', 'content': "Please analyze the following two code snippets for semantic similarity. You should first report which lines of code are more similar. Then, based on the report, please answer whether these two code snippets are semantically similar. The response should be 'yes' or 'no'.", 'type': 'boolean', 'input': 'code'}, {'uid': 'SE_S_patches', 'content': "Please analyze the following two patches and determine if they are semantically equivalent. Respond with 'yes' if they are semantically equivalent or 'no' if they are not.", 'type': 'boolean', 'input': 'patches'}, {'uid': 'SE_S_code', 'content': "Please analyze the following two code snippets and determine if they are semantically equivalent. Respond with 'yes' if they are semantically equivalent or 'no' if they are not.", 'type': 'boolean', 'input': 'code'}, {'uid': 'SE_R_patches', 'content': "Please provide a detailed reasoning process for detecting semantic equivalence in the following two patches. Based on your analysis, respond with 'yes' if the patches are semantically equivalent or 'no' if they are not.", 'type': 'boolean', 'input': 'patches'}, {'uid': 'SE_R_code', 'content': "Please provide a detailed reasoning process for detecting semantic equivalence in the following two code snippets. Based on your analysis, respond with 'yes' if the code snippets are semantically equivalent or 'no' if they are not.", 'type': 'boolean', 'input': 'code'}, {'uid': 'SE_LS_patches', 'content': "Please analyze the following two patches for semantic equivalence. You should first report which lines of patches are more similar. Then, based on the report, please answer whether these two patches are semantically equivalent. The response should be 'yes' or 'no'.", 'type': 'boolean', 'input': 'patches'}, {'uid': 'SE_LS_code', 'content': "Please analyze the following two code snippets for semantic equivalence. You should first report which lines of code are more similar. Then, based on the report, please answer whether these two code snippets are semantically equivalent. The response should be 'yes' or 'no'.", 'type': 'boolean', 'input': 'code'}], 
 OllamaModels: 
 [{'uid': 'magicoder:7b-s-cl'}, {'uid': 'codellama:7b-instruct'}, {'uid': 'deepseek-coder:6.7b'}, {'uid': 'codegemma:7b-instruct'}, {'uid': 'qwen2.5:7b'}, {'uid': 'qwen2.5-coder:7b'}, {'uid': 'yi-coder:9b'}, {'uid': 'hermes3:8b'}], 
 OllamaTemperatures: 
 [{'uid': 0.1}]
2026-04-05 13:55:17 - root - INFO - Results already exist. SelectedTool: tbar PatchProcessor: defaultpatch model: deepseek-coder:6.7b temperature: 0.1 prompt: CC_SCC_patches 
 Skipping to the nex2026-042026-04-05 13:55:17 - root - INFO - Results already exist. SelectedTool: tbar PatchProcessor: defaultpatch model: deepseek-coder:6.7b temperature: 0.1 prompt: CC_I_patches 
 Skipping to 2026-04-05 13:2026-04-05 13:55:17 - root - INFO - Results already exist. SelectedTool: tbar PatchProcessor: defaultpatch model: deepseek-coder:6.7b temperature: 0.1 prompt: SS_S_patches 
 Skipp2026-04-05 13:55:17 -2026-04-05 13:55:17 - root - INFO - Results already exist. SelectedTool: tbar PatchProcessor: defaultpatch model: deepseek-coder:6.7b temperature: 0.1 prompt: SS_R_patches 2026-04-05 13:55:17 - root - INFO - Loading existing results for index: 0
2026-04-05 13:55:17 - root - INFO - Loading existing results for index: 1
2026-04-05 13:55:17 - root - INFO - Loading existing results for index: 2
2026-04-05 13:55:17 - root - INFO - Loading existing results for index: 3
2026-04-05 13:55:17 - root - INFO - Loading existing results for index: 4
2026-04-05 13:55:17 - root - INFO - Loading existing results for index: 5
2026-04-05 13:55:17 - root - INFO - Loading existing results for index: 6
2026-04-05 13:55:17 - root - INFO - Loading existing results for index: 7
2026-04-05 13:55:17 - root - INFO - Loading existing results for index: 8
2026-04-05 13:55:17 - root - INFO - Loading existing results for index: 9
2026-04-05 13:55:17 - root - INFO - Loading existing results for index: 10
2026-04-05 13:52026-04-05 13:55:17 - httpx - INFO - HTTP Request: POST http://127.0.0.1:11434/api/generate "HTTP/1.1 200 OK"
ng results for index: 12
2026-04-05 13:55:17 - root - INFO - Loading existing results for index: 13
2026-04-05 13:55:17 - root - INFO - Loading existing results for index: 14
2026-04-05 13:55:17 - root - INFO - Loading existing results for index: 15
2026-04-05 13:55:17 - root - INFO - Loading existing results for index: 16
2026-04-05 13:55:17 - root - INFO - Loading existing results for index: 17
2026-04-05 13:55:17 - root - INFO - Loading existing results for index: 18
2026-04-05 13:55:17 - root - INFO - Loading existing results for index: 19
2026-04-05 13:55:17 - root - INFO - Loading existing results for index: 20
2026-04-05 13:55:17 - root - INFO - Loading existing results for index: 21
2026-04-05 13:55:17 - root - INFO - Loading existing results for index: 22
2026-04-05 13:55:17 - root - INFO - Loading existing results for index: 23
2026-04-05 13:55:17 - root - INFO - Loading existing results for index: 24
2026-04-05 13:55:17 - root - INFO - Loading existing results for index: 25
2026-04-05 13:55:17 - root - INFO - Loading existing results for index: 26
2026-04-05 13:55:17 - root - INFO - Loading existing results for index: 27
2026-04-05 13:55:17 - root - INFO - Loading existing results for index: 28
2026-04-05 13:55:17 - root - INFO - Loading existing results for index: 29
2026-04-05 13:55:17 - root - INFO - Loading existing results for index: 30
2026-04-05 13:55:17 - root - INFO - Loading existing results for index: 31
2026-04-05 13:55:17 - root - INFO - Loading existing results for index: 32
2026-04-05 13:55:17 - root - INFO - Loading existing results for index: 33
2026-04-05 13:55:17 - root - INFO - Loading existing results for index: 34
2026-04-05 13:55:17 - root - INFO - Loading existing results for index: 35
2026-04-05 13:55:17 - root - INFO - Loading existing results for index: 36
2026-04-05 13:55:17 - root - INFO - Loading existing results for index: 37
2026-04-05 13:55:17 - root - INFO - Loading existing results for index: 38
2026-04-05 13:55:17 - root - INFO - Loading existing results for index: 39
2026-04-05 13:55:17 - root - INFO - Loading existing results for index: 40
2026-04-05 13:55:17 - root - INFO - Loading existing results for index: 41
2026-04-05 13:55:17 - root - INFO - Loading existing results for index: 42
2026-04-05 13:55:17 - root - INFO - Loading existing results for index: 43
2026-04-05 13:55:17 - root - INFO - Loading existing results for index: 44
2026-04-05 13:55:17 - root - INFO - Loading existing results for index: 45
2026-04-05 13:55:17 - root - INFO - Loading existing results for index: 46
2026-04-05 13:55:17 - root - INFO - Loading existing results for index: 47
2026-04-05 13:55:17 - root - INFO - Loading existing results for index: 48
2026-04-05 13:55:17 - root - INFO - Loading existing results for index: 49
2026-04-05 13:55:17 - root - INFO - Processing the patch ... selected_tool: tbar, PatchProcessor: method model: codegemma:7b-instruct temperature: 0.1 prompt: SS_LS_code, index: 50
2026-04-05 13:55:17 - root - INFO - tool_patch: aprenfl-defects4j-Math-50-TBar-Patch_1_1, no_selected_bug_groundtruth_patches: 343
2026-04-05 13:55:17 - root - INFO - Getting method of the patch: tmp/patches/cleaned/aprenfl-defects4j-Math-50-TBar-Patch_1_1.patch
2026-04-05 13:55:17 - root - INFO - Methods already exist for the patch: aprenfl-defects4j-Math-50-TBar-Patch_1_1
2026-04-05 13:55:17 - root - INFO - Getting method of the patch: tmp/patches/cleaned/dl4pc2-defects4j-Math-50-Arja-102.patch
2026-04-05 13:55:17 - root - INFO - Methods already exist for the patch: dl4pc2-defects4j-Math-50-Arja-102
2026-04-05 13:56:17 - root - WARNING - [WARN] Retry 2/3 for model codegemma:7b-instruct: timed out
2026-04-05 13:56:54 - httpx - INFO - HTTP Request: POST http://127.0.0.1:11434/api/chat "HTTP/1.1 200 OK"
2026-04-05 13:56:54 - root - INFO - Received response for model codegemma:7b-instruct on attempt 1 response: **Lines of Code More Similar:**

Lines 1-4, 5-8, 9-12, 13-16, 17-20, 21-24, 25-28, 29-32, 33-36, 37-40, 41-44, 45-48, 49-52, 53-56, 57-60, 61-64, 65-68, 69-72, 73-76, 77-80, 81-84, 85-88, 89-92, 93-96, 97-100, 101-104, 105-108, 109-112, 113-116, 117-120, 121-124, 125-128, 129-132, 133-136, 137-140, 141-144, 145-148, 149-152, 153-156, 157-160, 161-164, 165-168, 169-172, 173-176, 177-180, 181-184, 185-188, 189-192, 193-196, 197-200, 201-204, 205-208, 209-212, 213-216, 217-220, 221-224, 225-228, 229-232, 233-236, 237-240, 241-244, 245-248, 249-252, 253-256, 257-260, 261-264, 265-268, 269-272, 273-276, 277-280, 281-284, 285-288, 289-292, 293-296, 297-300, 301-304, 305-308, 309-312, 313-316, 317-320, 321-324, 325-328, 329-332, 333-336, 337-340, 341-344, 345-348, 349-352, 353-356, 357-360, 361-364, 365-368, 369-372, 373-376, 377-380, 381-384, 385-388, 389-392, 393-396, 397-400, 401-404, 405-408, 409-412, 413-416, 417-420, 421-424, 425-428, 429-432, 433-436, 437-440, 441-444, 445-448, 449-452, 453-456, 457-460, 461-464, 465-468, 469-472, 473-476, 477-480, 481-484, 485-488, 489-492, 493-496, 497-500, 501-504, 505-508, 509-512, 513-516, 517-520, 521-524, 525-528, 529-532, 533-536, 537-540, 541-544, 545-548, 549-552, 553-556, 557-560, 561-564, 565-568, 569-572, 573-576, 577-580, 581-584, 585-588, 589-592, 593-596, 597-600, 601-604, 605-608, 609-612, 613-616, 617-620, 621-624, 625-628, 629-632, 633-636, 637-640, 641-644, 645-648, 649-652, 653-656, 657-660, 661-664, 665-668, 669-672, 673-676, 677-680, 681-684, 685-688, 689-692, 693-696, 697-700, 701-704, 705-708, 709-712, 713-716, 717-720, 721-724, 725-728, 729-732, 733-736, 737-740, 741-744, 745-748, 749-752, 753-756, 757-760, 761-764, 765-768, 769-772, 773-776, 777-780, 781-784, 785-788, 789-792, 793-796, 797-800, 801-804, 805-808, 809-812, 813-816, 817-820, 821-824, 825-828, 829-832, 833-836, 837-840, 841-844, 845-848, 849-852, 853-856, 857-860, 861-864, 865-868, 869-872, 873-876, 877-880, 881-884, 885-888, 889-892, 893-896, 897-900, 901-904, 905-908, 909-912, 913-916, 917-920, 921-924, 925-928, 929-932, 933-936, 937-940, 941-944, 945-948, 949-952, 953-956, 957-960, 961-964, 965-968, 969-972, 973-976, 977-980, 981-984, 985-988, 989-992, 993-996, 997-1000, 1001-1004, 1005-1008, 1009-1012, 1013-1016, 1017-1020, 1021-1024, 1025-1028, 1029-1032, 1033-1036, 1037-1040, 1041-1044, 1045-1048, 1049-1052, 1053-1056, 1057-1060, 1061-1064, 1065-1068, 1069-1072, 1073-1076, 1077-1080, 1081-1084, 1085-1088, 1089-1092, 1093-1096, 1097-1100, 1101-1104, 1105-1108, 1109-1112, 1113-1116, 1117-1120, 1121-1124, 1125-1128, 1129-1132, 1133-1136, 1137-1140, 1141-1144, 1145-1148, 1149-1152, 1153-1156, 1157-1160, 1161-1164, 1165-1168, 1169-1172, 1173-1176, 1177-1180, 1181-1184, 1185-1188, 1189-1192, 1193-1196, 1197-1200, 1201-1204, 1205-1208, 1209-1212, 1213-1216, 1217-1220, 1221-1224, 1225-1228, 1229-1232, 1233-1236, 1237-1240, 1241-1244, 1245-1248, 1249-1252, 1253-1256, 1257-1260, 1261-1264, 1265-1268, 1269-1272, 1273-1276, 1277-1280, 1281-1284, 1285-1288, 1289-1292, 1293-1296, 1297-1300, 1301-1304, 1305-1308, 1309-1312, 1313-1316, 1317-1320, 1321-1324, 1325-1328, 1329-1332, 1333-1336, 1337-1340, 1341-1344, 1345-1348, 1349-1352, 1353-1356, 1357-1360, 1361-1364, 1365-1368, 1369-1372, 1373-1376, 1377-1380, 1381-1384, 1385-1388, 1389-1392, 1393-1396, 1397-1400, 1401-1404, 1405-1408, 1409-1412, 1413-1416, 1417-1420, 1421-1424, 1425-1428, 1429-1432, 1433-1436, 1437-1440, 1441-1444, 1445-1448, 1449-1452, 1453-1456, 1457-1460, 1461-1464, 1465-1468, 1469-1472, 1473-1476, 1477-1480, 1481-1484, 1485-1488, 1489-1492, 1493-1496, 1497-1498

**Semantic Similarity:**

The two code snippets are highly semantically similar. They both implement the same algorithm for finding the root of a function using the Regula falsi method. The code is well-structured, commented, and uses consistent variable and method names. The only difference between the two snippets is the use of different variables to store intermediate results.

**Answer:**

Yes
2026-04-05 13:56:54 - root - INFO - Getting method of the patch: tmp/patches/cleaned/aprenfl-defects4j-Math-50-TBar-Patch_1_1.patch
2026-04-05 13:56:54 - root - INFO - Methods already exist for the patch: aprenfl-defects4j-Math-50-TBar-Patch_1_1
2026-04-05 13:56:54 - root - INFO - Getting method of the patch: tmp/patches/cleaned/dl4pc2-defects4j-Math-50-Arja-109.patch
2026-04-05 13:56:54 - root - INFO - Methods already exist for the patch: dl4pc2-defects4j-Math-50-Arja-109
2026-04-05 13:56:57 - httpx - INFO - HTTP Request: POST http://127.0.0.1:11434/api/chat "HTTP/1.1 200 OK"
2026-04-05 13:56:57 - root - INFO - Received response for model codegemma:7b-instruct on attempt 1 response: **Lines of code more similar:**

Lines 1-24 of both code snippets are more similar. They both perform the following steps:

- Get the initial solution.
- Verify bracketing of the initial solution.
- Get the accuracies.
- Initialize variables for tracking inverted intervals.
- Start a loop to find better approximations.

**Semantic similarity:**

Yes, the two code snippets are semantically similar. They both implement the same algorithm for finding a root of a function using the Regula Falsi method. The differences between the snippets are minor and do not affect the overall functionality.

**Differences:**

- In the first snippet, the `verifyBracketing()` method is called with the initial bounds `x0` and `x1`.
- In the second snippet, the `verifyBracketing()` method is called with the updated bounds `x0` and `x`.
- In the second snippet, the `x0` value is updated in the `REGULA_FALSI` case.
2026-04-05 13:56:57 - root - INFO - Getting method of the patch: tmp/patches/cleaned/aprenfl-defects4j-Math-50-TBar-Patch_1_1.patch
2026-04-05 13:56:57 - root - INFO - Methods already exist for the patch: aprenfl-defects4j-Math-50-TBar-Patch_1_1
2026-04-05 13:56:57 - root - INFO - Getting method of the patch: tmp/patches/cleaned/dl4pc2-defects4j-Math-50-Arja-116.patch
2026-04-05 13:56:57 - root - INFO - Methods already exist for the patch: dl4pc2-defects4j-Math-50-Arja-116
2026-04-05 13:56:58 - httpx - INFO - HTTP Request: POST http://127.0.0.1:11434/api/chat "HTTP/1.1 200 OK"
2026-04-05 13:56:58 - root - INFO - Received response for model codegemma:7b-instruct on attempt 1 response: **Lines of Code More Similar:**

Lines 1-24, 26-48, 50-72, 74-96, 98-120, 122-144, 146-168, 170-192, 194-216, 218-240 are more similar in both code snippets.

**Semantic Similarity:**

Yes, the two code snippets are semantically similar. They both implement the same algorithm for finding the root of a function using the Regula falsi method. The differences between the two snippets are minor and do not affect the overall functionality of the code.
2026-04-05 13:56:58 - root - INFO - Getting method of the patch: tmp/patches/cleaned/aprenfl-defects4j-Math-50-TBar-Patch_1_1.patch
2026-04-05 13:56:58 - root - INFO - Methods already exist for the patch: aprenfl-defects4j-Math-50-TBar-Patch_1_1
2026-04-05 13:56:58 - root - INFO - Getting method of the patch: tmp/patches/cleaned/dl4pc2-defects4j-Math-50-Arja-115.patch
2026-04-05 13:56:58 - root - INFO - Methods already exist for the patch: dl4pc2-defects4j-Math-50-Arja-115
2026-04-05 13:57:00 - httpx - INFO - HTTP Request: POST http://127.0.0.1:11434/api/chat "HTTP/1.1 200 OK"
2026-04-05 13:57:00 - root - INFO - Received response for model codegemma:7b-instruct on attempt 1 response: **Lines of Code More Similar:**

Lines 1-24, 26-48, 50-72, 74-96, 98-120, 122-144, 146-168, 170-192, 194-216, 218-240 are more similar in both code snippets.

**Semantic Similarity:**

Yes, the two code snippets are semantically similar. They both implement the same algorithm for finding the root of a function using the Regula falsi method. The differences between the two snippets are minor and do not affect the functionality of the code.
2026-04-05 13:57:00 - root - INFO - Getting method of the patch: tmp/patches/cleaned/aprenfl-defects4j-Math-50-TBar-Patch_1_1.patch
2026-04-05 13:57:00 - root - INFO - Methods already exist for the patch: aprenfl-defects4j-Math-50-TBar-Patch_1_1
2026-04-05 13:57:00 - root - INFO - Getting method of the patch: tmp/patches/cleaned/dl4pc2-defects4j-Math-50-Arja-79.patch
2026-04-05 13:57:00 - root - INFO - Methods already exist for the patch: dl4pc2-defects4j-Math-50-Arja-79
2026-04-05 13:57:03 - httpx - INFO - HTTP Request: POST http://127.0.0.1:11434/api/chat "HTTP/1.1 200 OK"
2026-04-05 13:57:03 - root - INFO - Received response for model codegemma:7b-instruct on attempt 1 response: **Lines of Code More Similar:**

Lines 1-24, 26-48, 50-72, 74-96, 98-120, 122-144, 146-168, 170-192, 194-216, 218-240 are more similar in both code snippets.

**Semantic Similarity:**

Yes, the two code snippets are semantically similar. They both implement the same algorithm for finding the root of a function using the Regula Falsi method. The differences between the snippets are minor and do not affect the functionality of the algorithm.
2026-04-05 13:57:03 - root - INFO - Getting method of the patch: tmp/patches/cleaned/aprenfl-defects4j-Math-50-TBar-Patch_1_1.patch
2026-04-05 13:57:03 - root - INFO - Methods already exist for the patch: aprenfl-defects4j-Math-50-TBar-Patch_1_1
2026-04-05 13:57:03 - root - INFO - Getting method of the patch: tmp/patches/cleaned/dl4pc2-defects4j-Math-50-Kali-0.patch
2026-04-05 13:57:03 - root - INFO - Methods already exist for the patch: dl4pc2-defects4j-Math-50-Kali-0
2026-04-05 13:58:03 - root - WARNING - [WARN] Retry 2/3 for model codegemma:7b-instruct: timed out
2026-04-05 13:58:11 - httpx - INFO - HTTP Request: POST http://127.0.0.1:11434/api/chat "HTTP/1.1 200 OK"
2026-04-05 13:58:11 - root - INFO - Received response for model codegemma:7b-instruct on attempt 1 response: **Lines of Code More Similar:**

Lines 1-24, 26-48, 50-72, 74-96, 98-120, 122-144, 146-168, 170-192, 194-216, 218-240 are more similar in both code snippets.

**Semantic Similarity:**

Yes, the two code snippets are semantically similar. They both implement the same algorithm for finding the root of a function using the Regula Falsi method. The code performs the following steps:

- Get the initial solution from the bounds of the search interval.
- Verify that the initial solution brackets the root.
- Calculate the next approximation using the Regula Falsi formula.
- Update the bounds with the new approximation.
- Check if the function value of the last approximation is too small or if the current interval is within the given accuracies.
- Repeat the process until the root is found or the maximum number of iterations is reached.

**Differences:**

The only difference between the two code snippets is in the handling of the case where the new approximation is equal to the previous upper bound. In the first code snippet, the code adds a small offset to the left bound. In the second code snippet, the code does not make any changes.

**Conclusion:**

Despite the minor difference in handling the specific case, the two code snippets are semantically similar and implement the same algorithm for finding the root of a function using the Regula Falsi method.
2026-04-05 13:58:11 - root - INFO - Getting method of the patch: tmp/patches/cleaned/aprenfl-defects4j-Math-50-TBar-Patch_1_1.patch
2026-04-05 13:58:11 - root - INFO - Methods already exist for the patch: aprenfl-defects4j-Math-50-TBar-Patch_1_1
2026-04-05 13:58:11 - root - INFO - Getting method of the patch: tmp/patches/cleaned/dl4pc2-defects4j-Math-50-RSRepair-53.patch
2026-04-05 13:58:11 - root - INFO - Methods already exist for the patch: dl4pc2-defects4j-Math-50-RSRepair-53
2026-04-05 13:58:13 - httpx - INFO - HTTP Request: POST http://127.0.0.1:11434/api/chat "HTTP/1.1 200 OK"
2026-04-05 13:58:13 - root - INFO - Received response for model codegemma:7b-instruct on attempt 1 response: **Lines of Code More Similar:**

Lines 1-24, 26-48, 50-72, 74-96, 98-120, 122-144, 146-168, 170-192, 194-216, 218-240 are more similar in both code snippets.

**Semantic Similarity:**

Yes, the two code snippets are semantically similar. They both implement the same algorithm for finding the root of a function using the Regula falsi method. The differences between the two snippets are mainly in the handling of the special case where the current interval is too small to be further refined. In the first snippet, the interval is extended by a fixed amount, while in the second snippet, the interval is extended based on the relative accuracy and absolute accuracy settings.
2026-04-05 13:58:13 - root - INFO - Getting method of the patch: tmp/patches/cleaned/aprenfl-defects4j-Math-50-TBar-Patch_1_1.patch
2026-04-05 13:58:13 - root - INFO - Methods already exist for the patch: aprenfl-defects4j-Math-50-TBar-Patch_1_1
2026-04-05 13:58:13 - root - INFO - Getting method of the patch: tmp/patches/cleaned/dl4pc2-defects4j-Math-50-RSRepair-46.patch
2026-04-05 13:58:13 - root - INFO - Methods already exist for the patch: dl4pc2-defects4j-Math-50-RSRepair-46
2026-04-05 13:58:38 - httpx - INFO - HTTP Request: POST http://127.0.0.1:11434/api/chat "HTTP/1.1 200 OK"
2026-04-05 13:58:38 - root - INFO - Received response for model codegemma:7b-instruct on attempt 1 response: **Lines of Code More Similar:**

Lines 1-24, 26-48, 50-62, 64-76, 78-90, 92-104, 106-118, 120-132, 134-146, 148-160, 162-174, 176-188, 190-202, 204-216, 218-230, 232-244, 246-258, 260-272, 274-286, 288-300, 302-314, 316-328, 330-342, 344-356, 358-370, 372-384, 386-398, 400-412, 414-426, 428-440, 442-454, 456-468, 470-482, 484-496, 498-510, 512-524, 526-538, 540-552, 554-566, 568-580, 582-594, 596-608, 610-622, 624-636, 638-650, 652-664, 666-678, 680-692, 694-706, 708-720, 722-734, 736-748, 750-762, 764-776, 778-790, 792-804, 806-818, 820-832, 834-846, 848-860, 862-874, 876-888, 890-902, 904-916, 918-930, 932-944, 946-958, 960-972, 974-986, 988-1000, 1002-1014, 1016-1028, 1030-1042, 1044-1056, 1058-1070, 1072-1084, 1086-1098, 1100-1112, 1114-1126, 1128-1140, 1142-1154, 1156-1168, 1170-1182, 1184-1196, 1198-1210, 1212-1224, 1226-1238, 1240-1252, 1254-1266, 1268-1280, 1282-1294, 1296-1308, 1310-1322, 1324-1336, 1338-1350, 1352-1364, 1366-1378, 1380-1392, 1394-1406, 1408-1420, 1422-1434, 1436-1448, 1450-1462, 1464-1476, 1478-1490, 1492-1504, 1506-1518, 1520-1532, 1534-1546, 1548-1560, 1562-1574, 1576-1588, 1590-1602, 1604-1616, 1618-1630, 1632-1644, 1646-1658, 1660-1672, 1674-1686, 1688-1700, 1702-1714, 1716-1728, 1730-1742, 1744-1756, 1758-1770, 1772-1784, 1786-1798, 1800-1812, 1814-1826, 1828-1840, 1842-1854, 1856-1868, 1870-1882, 1884-1906, 1908-1920, 1922-1934, 1936-1948, 1950-1962, 1964-1976, 1978-1990, 1992-2004, 2006-2018, 2020-2032, 2034-2046, 2048-2060, 2062-2074, 2076-2088, 2090-2102, 2104-2116, 2118-2130, 2132-2144, 2146-2158, 2160-2172, 2174-2186, 2188-2200, 2202-2214, 2216-2228, 2230-2242, 2244-2256, 2258-2270, 2272-2284, 2286-2298, 2300-2312, 2314-2326, 2328-2340, 2342-2354, 2356-2368, 2370-2382, 2384-2396, 2398-2410, 2412-2424, 2426-2438, 2440-2452, 2454-2466, 2468-2480, 2482-2494, 2496-2508, 2510-2522, 2524-2536, 2538-2550, 2552-2564, 2566-2578, 2580-2592, 2594-2606, 2608-2620, 2622-2634, 2636-2648, 2650-2662, 2664-2676, 2678-2690, 2692-2704, 2706-2718, 2720-2732, 2734-2746, 2748-2760, 2762-2774, 2776-2788, 2790-2802, 2804-2816, 2818-2830, 2832-2844, 2846-2858, 2860-2872, 2874-2886, 2888-2900, 2902-2914, 2916-2928, 2930-2942, 2944-2956, 2958-2970, 2972-2984, 2986-3000, 3002-3014, 3016-3028, 3030-3042, 3044-3056, 3058-3070, 3072-3084, 3086-3098, 3100-3112, 3114-3126, 3128-3140, 3142-3154, 3156-3168, 3170-3182, 3184-3196, 3198-3210, 3212-3224, 3226-3238, 3240-3252, 3254-3266, 3268-3280, 3282-3294, 3296-3308, 3310-3322, 3324-3336, 3338-3350, 3352-3364, 3366-3378, 3380-3392, 3394-3406, 3408-3420, 3422-3434, 3436-3448, 3450-3462, 3464-3476, 3478-3490, 3492-3504, 3506-3518, 3520-3532, 3534-3546, 3548-3560, 3562-3574, 3576-3588, 3590-3602, 3604-3616, 3618-3630, 3632-3644, 3646-3658, 3660-3672, 3674-3686, 3688-3700, 3702-3714, 3716-3728, 3730-3742, 3744-3756, 3758-3770, 3772-3784, 3786-3798, 3800-3812, 3814-3826, 3828-3840, 3842-3854, 3856-3868, 3870-3882, 3884-3896, 3898-4000

**Semantic Similarity:**

Based on the lines of code more similar report, the two code snippets are **semantically similar**. They have similar logic, algorithms, and data structures.
2026-04-05 13:58:38 - root - INFO - Getting method of the patch: tmp/patches/cleaned/aprenfl-defects4j-Math-50-TBar-Patch_1_1.patch
2026-04-05 13:58:38 - root - INFO - Methods already exist for the patch: aprenfl-defects4j-Math-50-TBar-Patch_1_1
2026-04-05 13:58:38 - root - INFO - Getting method of the patch: tmp/patches/cleaned/dl4pc2-defects4j-Math-50-RSRepair-30.patch
2026-04-05 13:58:38 - root - INFO - Methods already exist for the patch: dl4pc2-defects4j-Math-50-RSRepair-30
2026-04-05 13:59:02 - httpx - INFO - HTTP Request: POST http://127.0.0.1:11434/api/chat "HTTP/1.1 200 OK"
2026-04-05 13:59:02 - root - INFO - Received response for model codegemma:7b-instruct on attempt 1 response: **Lines of Code More Similar:**

Lines 1-4, 5-8, 9-12, 13-16, 17-20, 21-24, 25-28, 29-32, 33-36, 37-40, 41-44, 45-48, 49-52, 53-56, 57-60, 61-64, 65-68, 69-72, 73-76, 77-80, 81-84, 85-88, 89-92, 93-96, 97-100, 101-104, 105-108, 109-112, 113-116, 117-120, 121-124, 125-128, 129-132, 133-136, 137-140, 141-144, 145-148, 149-152, 153-156, 157-160, 161-164, 165-168, 169-172, 173-176, 177-180, 181-184, 185-188, 189-192, 193-196, 197-200, 201-204, 205-208, 209-212, 213-216, 217-220, 221-224, 225-228, 229-232, 233-236, 237-240, 241-244, 245-248, 249-252, 253-256, 257-260, 261-264, 265-268, 269-272, 273-276, 277-280, 281-284, 285-288, 289-292, 293-296, 297-300, 301-304, 305-308, 309-312, 313-316, 317-320, 321-324, 325-328, 329-332, 333-336, 337-340, 341-344, 345-348, 349-352, 353-356, 357-360, 361-364, 365-368, 369-372, 373-376, 377-380, 381-384, 385-388, 389-392, 393-396, 397-400, 401-404, 405-408, 409-412, 413-416, 417-420, 421-424, 425-428, 429-432, 433-436, 437-440, 441-444, 445-448, 449-452, 453-456, 457-460, 461-464, 465-468, 469-472, 473-476, 477-480, 481-484, 485-488, 489-492, 493-496, 497-500, 501-504, 505-508, 509-512, 513-516, 517-520, 521-524, 525-528, 529-532, 533-536, 537-540, 541-544, 545-548, 549-552, 553-556, 557-560, 561-564, 565-568, 569-572, 573-576, 577-580, 581-584, 585-588, 589-592, 593-596, 597-600, 601-604, 605-608, 609-612, 613-616, 617-620, 621-624, 625-628, 629-632, 633-636, 637-640, 641-644, 645-648, 649-652, 653-656, 657-660, 661-664, 665-668, 669-672, 673-676, 677-680, 681-684, 685-688, 689-692, 693-696, 697-700, 701-704, 705-708, 709-712, 713-716, 717-720, 721-724, 725-728, 729-732, 733-736, 737-740, 741-744, 745-748, 749-752, 753-756, 757-760, 761-764, 765-768, 769-772, 773-776, 777-780, 781-784, 785-788, 789-792, 793-796, 797-800, 801-804, 805-808, 809-812, 813-816, 817-820, 821-824, 825-828, 829-832, 833-836, 837-840, 841-844, 845-848, 849-852, 853-856, 857-860, 861-864, 865-868, 869-872, 873-876, 877-880, 881-884, 885-888, 889-892, 893-896, 897-900, 901-904, 905-908, 909-912, 913-916, 917-920, 921-924, 925-928, 929-932, 933-936, 937-940, 941-944, 945-948, 949-952, 953-956, 957-960, 961-964, 965-968, 969-972, 973-976, 977-980, 981-984, 985-988, 989-992, 993-996, 997-1000, 1001-1004, 1005-1008, 1009-1012, 1013-1016, 1017-1020, 1021-1024, 1025-1028, 1029-1032, 1033-1036, 1037-1040, 1041-1044, 1045-1048, 1049-1052, 1053-1056, 1057-1060, 1061-1064, 1065-1068, 1069-1072, 1073-1076, 1077-1080, 1081-1084, 1085-1088, 1089-1092, 1093-1096, 1097-1100, 1101-1104, 1105-1108, 1109-1112, 1113-1116, 1117-1120, 1121-1124, 1125-1128, 1129-1132, 1133-1136, 1137-1140, 1141-1144, 1145-1148, 1149-1152, 1153-1156, 1157-1160, 1161-1164, 1165-1168, 1169-1172, 1173-1176, 1177-1180, 1181-1184, 1185-1188, 1189-1192, 1193-1196, 1197-2000

**Semantic Similarity:**

The two code snippets are semantically similar. They both implement the same algorithm for finding the root of a function using the Regula falsi method. The code is well-structured, documented, and uses consistent variable names and coding style.
2026-04-05 13:59:02 - root - INFO - Getting method of the patch: tmp/patches/cleaned/aprenfl-defects4j-Math-50-TBar-Patch_1_1.patch
2026-04-05 13:59:02 - root - INFO - Methods already exist for the patch: aprenfl-defects4j-Math-50-TBar-Patch_1_1
2026-04-05 13:59:02 - root - INFO - Getting method of the patch: tmp/patches/cleaned/dl4pc2-defects4j-Math-50-RSRepair-45.patch
2026-04-05 13:59:02 - root - INFO - Methods already exist for the patch: dl4pc2-defects4j-Math-50-RSRepair-45
2026-04-05 13:59:11 - httpx - INFO - HTTP Request: POST http://127.0.0.1:11434/api/chat "HTTP/1.1 200 OK"
2026-04-05 13:59:11 - root - INFO - Received response for model codegemma:7b-instruct on attempt 1 response: **Lines of Code More Similar:**

Lines 1-14, 16-28, 30-44, 46-58, 60-72, 74-86, 88-100, 102-114, 116-128, 130-142, 144-156, 158-170, 172-184, 186-198, 200-212, 214-226, 228-240, 242-254, 256-268, 270-282, 284-296, 298-310, 312-324, 326-338, 340-352, 354-366, 368-380, 382-394, 396-408, 410-422, 424-436, 438-450, 452-464, 466-478, 480-492, 494-506, 508-520, 522-534, 536-548, 550-562, 564-576, 578-590, 592-604, 606-618, 620-632, 634-646, 648-660, 662-674, 676-688, 690-702, 704-716, 718-730, 732-744, 746-758, 760-772, 774-786, 788-800, 802-814, 816-828, 830-842, 844-856, 858-870, 872-884, 886-898, 900-912, 914-926, 928-940, 942-954, 956-968, 970-982, 984-996, 998-1010, 1012-1024, 1026-1038, 1040-1052, 1054-1066, 1068-1080, 1082-1094, 1096-1108, 1110-1122, 1124-1136, 1138-1150, 1152-1164, 1166-1178, 1180-1192, 1194-1206, 1208-1220, 1222-1234, 1236-1248, 1250-1262, 1264-1276, 1278-1290, 1292-1304, 1306-1318, 1320-1332, 1334-1346, 1348-1360, 1362-1374, 1376-1388, 1390-1402, 1404-1416, 1418-1430, 1432-1444, 1446-1458, 1460-1472, 1474-1486, 1488-1500, 1502-1514, 1516-1528, 1530-1542, 1544-1556, 1558-1570, 1572-1584, 1586-1698

**Semantic Similarity:**

Based on the lines of code more similar report, the two code snippets are **semantically similar**. They share a similar structure, algorithm, and logic for finding the root of a function.
2026-04-05 13:59:11 - root - INFO - Getting method of the patch: tmp/patches/cleaned/aprenfl-defects4j-Math-50-TBar-Patch_1_1.patch
2026-04-05 13:59:11 - root - INFO - Methods already exist for the patch: aprenfl-defects4j-Math-50-TBar-Patch_1_1
2026-04-05 13:59:11 - root - INFO - Getting method of the patch: tmp/patches/cleaned/dl4pc2-defects4j-Math-50-RSRepair-47.patch
2026-04-05 13:59:11 - root - INFO - Methods already exist for the patch: dl4pc2-defects4j-Math-50-RSRepair-47
2026-04-05 14:00:11 - root - WARNING - [WARN] Retry 2/3 for model codegemma:7b-instruct: timed out
2026-04-05 14:01:16 - root - WARNING - [WARN] Retry 2/3 for model codegemma:7b-instruct: timed out
2026-04-05 14:02:21 - root - WARNING - [WARN] Retry 2/3 for model codegemma:7b-instruct: timed out
2026-04-05 14:02:28 - httpx - INFO - HTTP Request: POST http://127.0.0.1:11434/api/chat "HTTP/1.1 200 OK"
2026-04-05 14:02:28 - root - INFO - Received response for model codegemma:7b-instruct on attempt 1 response: **Lines of Code More Similar:**

Lines 1-22, 24-44, 46-66, 68-88, 90-110, 112-132, 134-154, 156-176, 178-198, 200-220 are more similar in both code snippets.

**Semantic Similarity:**

**Yes, the two code snippets are semantically similar.**

The two code snippets implement the same algorithm for finding the root of a function using the Regula Falsi method. They differ in the handling of the special case where the current interval is too small to be further refined. In the first snippet, the interval is extended by a fixed amount, while in the second snippet, the interval is extended by a factor of 2.
2026-04-05 14:02:28 - root - INFO - Getting method of the patch: tmp/patches/cleaned/aprenfl-defects4j-Math-50-TBar-Patch_1_1.patch
2026-04-05 14:02:28 - root - INFO - Methods already exist for the patch: aprenfl-defects4j-Math-50-TBar-Patch_1_1
2026-04-05 14:02:28 - root - INFO - Getting method of the patch: tmp/patches/cleaned/dl4pc2-defects4j-Math-50-RSRepair-25.patch
2026-04-05 14:02:28 - root - INFO - Methods already exist for the patch: dl4pc2-defects4j-Math-50-RSRepair-25
2026-04-05 14:03:16 - httpx - INFO - HTTP Request: POST http://127.0.0.1:11434/api/chat "HTTP/1.1 200 OK"
2026-04-05 14:03:16 - root - INFO - Received response for model codegemma:7b-instruct on attempt 1 response: **Lines of Code More Similar:**

Lines 1-14, 16-34, 36-48, 50-62, 64-76, 78-90, 92-104, 106-118, 120-132, 134-146, 148-160, 162-174, 176-188, 190-202, 204-216, 218-230, 232-244, 246-258, 260-272, 274-286, 288-300, 302-314, 316-328, 330-342, 344-356, 358-370, 372-384, 386-398, 400-412, 414-426, 428-440, 442-454, 456-468, 470-482, 484-496, 498-510, 512-524, 526-538, 540-552, 554-566, 568-580, 582-594, 596-608, 610-622, 624-636, 638-650, 652-664, 666-678, 680-692, 694-706, 708-720, 722-734, 736-748, 750-762, 764-776, 778-790, 792-804, 806-818, 820-832, 834-846, 848-860, 862-874, 876-888, 890-902, 904-916, 918-930, 932-944, 946-958, 960-972, 974-986, 988-1000, 1002-1014, 1016-1028, 1030-1042, 1044-1056, 1058-1070, 1072-1084, 1086-1098, 1100-1112, 1114-1126, 1128-1140, 1142-1154, 1156-1168, 1170-1182, 1184-1196, 1198-1210, 1212-1224, 1226-1238, 1240-1252, 1254-1266, 1268-1280, 1282-1294, 1296-1308, 1310-1322, 1324-1336, 1338-1350, 1352-1364, 1366-1378, 1380-1392, 1394-1406, 1408-1420, 1422-1434, 1436-1448, 1450-1462, 1464-1476, 1478-1490, 1492-1504, 1506-1518, 1520-1532, 1534-1546, 1548-1560, 1562-1574, 1576-1588, 1590-1602, 1604-1616, 1618-1630, 1632-1644, 1646-1658, 1660-1672, 1674-1686, 1688-1700, 1702-1714, 1716-1728, 1730-1742, 1744-1756, 1758-1770, 1772-1784, 1786-1798, 1800-1812, 1814-1826, 1828-1840, 1842-1854, 1856-1868, 1870-1882, 1884-1896, 1898-1910, 1912-1924, 1926-1938, 1940-1952, 1954-1966, 1968-1980, 1982-1994, 1996-2008, 2010-2022, 2024-2036, 2038-2050, 2052-2064, 2066-2078, 2080-2092, 2094-2106, 2108-2120, 2122-2134, 2136-2148, 2150-2162, 2164-2176, 2178-2190, 2192-2204, 2206-2218, 2220-2232, 2234-2246, 2248-2260, 2262-2274, 2276-2288, 2290-2302, 2304-2316, 2318-2330, 2332-2344, 2346-2358, 2360-2372, 2374-2386, 2388-2400, 2402-2414, 2416-2428, 2430-2442, 2444-2456, 2458-2470, 2472-2484, 2486-2498, 2500-2512, 2514-2526, 2528-2540, 2542-2554, 2556-2568, 2570-2582, 2584-2596, 2598-2610, 2612-2624, 2626-2638, 2640-2652, 2654-2666, 2668-2680, 2682-2694, 2696-2708, 2710-2722, 2724-2736, 2738-2750, 2752-2764, 2766-2778, 2780-2792, 2794-2806, 2808-2820, 2822-2834, 2836-2848, 2850-2862, 2864-2876, 2878-2890, 2892-2904, 2906-2918, 2920-2932, 2934-2946, 2948-2960, 2962-2974, 2976-2988, 2990-3002, 3004-3016, 3018-3030, 3032-3044, 3046-3058, 3060-3072, 3074-3086, 3088-3100, 3102-3114, 3116-3128, 3130-3142, 3144-3156, 3158-3170, 3172-3184, 3186-3198, 3200-3212, 3214-3226, 3228-3240, 3242-3254, 3256-3268, 3270-3282, 3284-3296, 3298-3310, 3312-3324, 3326-3338, 3340-3352, 3354-3366, 3368-3380, 3382-3394, 3396-3408, 3410-3422, 3424-3436, 3438-3450, 3452-3464, 3466-3478, 3480-3492, 3494-3506, 3508-3520, 3522-3534, 3536-3548, 3550-3562, 3564-3576, 3578-3590, 3592-3604, 3606-3618, 3620-3632, 3634-3646, 3648-3660, 3662-3674, 3676-3688, 3690-3702, 3704-3716, 3718-3730, 3732-3744, 3746-3758, 3760-3772, 3774-3786, 3788-3800, 3802-3814, 3816-3828, 3830-3842, 3844-3856, 3858-3870, 3872-3884, 3886-3898, 3900-3912, 3914-3926, 3928-3940, 3942-3954, 3956-3968, 3970-3982, 3984-3996, 3998-4010, 4012-4024, 4026-4038, 4040-4052, 4054-4066, 4068-4080, 4082-4094, 4096-4108, 4110-4122, 4124-4136, 4138-4150, 4152-4164, 4166-4178, 4180-4192, 4194-4206, 4208-4220, 4222-4234, 4236-4248, 4250-4262, 4264-4276, 4278-4290, 4292-4304, 4306-4318, 4320-4332, 4334-4346, 4348-4360, 4362-4374, 4376-4388, 4390-4402, 4404-4416, 4418-4430, 4432-4444, 4446-4458, 4460-4472, 4474-4486, 4488-4500, 4502-4514, 4516-4528, 4530-4542, 4544-4556, 4558-4570, 4572-4584, 4586-4598, 4600-4612, 4614-4626, 4628-4640, 4642-4654, 4656-4668, 4670-4682, 4684-4696, 4698-4710, 4712-4724, 4726-4738, 4740-4752, 4754-4766, 4768-4780, 4782-4794, 4796-4808, 4810-4822, 4824-4836, 4838-4850, 4852-4864, 4866-4878, 4880-4892, 4894-4906, 4908-4920, 4922-4934, 4936-4948, 4950-4962, 4964-4976, 4978-4990, 4992-5004, 5006-5018, 5020-5032, 5034-5046, 5048-5060, 5062-5074, 5076-5088, 5090-5102, 5104-5116, 5118-5130, 5132-5144, 5146-5158, 5160-5172, 5174-5186, 5188-5200, 5202-5214, 5216-5228, 5230-5242, 5244-5256, 5258-5270, 5272-5284, 5286-5298, 5300-5312, 5314-5326, 5328-5340, 5342-5354, 5356-5368, 5370-5382, 5384-5396, 5398-5410, 5412-5424, 5426-5438, 5440-5452, 5454-5466, 5468-5480, 5482-5494, 5496-5508, 5510-5522, 5524-5536, 5538-5550, 5552-5564, 5566-5578, 5580-5592, 5594-5606, 5608-5620, 5622-5634, 5636-5648, 5650-5662, 5664-5676, 5678-5690, 5692-5704, 5706-5718, 5720-5732, 5734-5746, 5748-5760, 5762-5774, 5776-5788, 5790-5802, 5804-5816, 5818-5830, 5832-5844, 5846-5858, 5860-5872, 5874-5886, 5888-5900, 5902-5914, 5916-5928, 5930-5942, 5944-5956, 5958-5970, 5972-5984, 5986-6000, 6002-6014, 6016-6028, 6030-6042, 6044-6056, 6058-6070, 6072-6084, 6086-6098, 6100-6112, 6114-6126, 6128-6140, 6142-6154, 6156-6168, 6170-6182, 6184-6196, 6198-6210, 6212-6224, 6226-6238, 6240-6252, 6254-6266, 6268-6280, 6282-6294, 6296-6308, 6310-6322, 6324-6336, 6338-6350, 6352-6364, 6366-6378, 6380-6392, 6394-6406, 6408-6420, 6422-6434, 6436-6448, 6450-6462, 6464-6476, 6478-6490, 6492-6504, 6506-6518, 6520-6532, 6534-6546, 6548-6560, 6562-6574, 6576-6588, 6590-6602, 6604-6616, 6618-6630, 6632-6644, 6646-6658, 6660-6672, 6674-6686, 6688-6700, 6702-6714, 6716-6728, 6730-6742, 6744-6756, 6758-6770, 6772-6784, 6786-6798, 6800-6812, 6814-6826, 6828-6840, 6842-6854, 6856-6868, 6870-6882, 6884-6896, 6898-7000
2026-04-05 14:03:16 - root - INFO - Getting method of the patch: tmp/patches/cleaned/aprenfl-defects4j-Math-50-TBar-Patch_1_1.patch
2026-04-05 14:03:16 - root - INFO - Methods already exist for the patch: aprenfl-defects4j-Math-50-TBar-Patch_1_1
2026-04-05 14:03:16 - root - INFO - Getting method of the patch: tmp/patches/cleaned/dl4pc2-defects4j-Math-50-RSRepair-41.patch
2026-04-05 14:03:16 - root - INFO - Methods already exist for the patch: dl4pc2-defects4j-Math-50-RSRepair-41
2026-04-05 14:04:17 - root - WARNING - [WARN] Retry 2/3 for model codegemma:7b-instruct: timed out
2026-04-05 14:04:23 - httpx - INFO - HTTP Request: POST http://127.0.0.1:11434/api/chat "HTTP/1.1 200 OK"
2026-04-05 14:04:23 - root - INFO - Received response for model codegemma:7b-instruct on attempt 1 response: **Lines of Code More Similar:**

Lines 1-24, 26-48, 50-72, 74-96, 98-120, 122-144, 146-168, 170-192, 194-216, 218-240 are more similar in both code snippets.

**Semantic Similarity:**

Yes, the two code snippets are semantically similar. They both implement the same algorithm for finding the root of a function using the Regula Falsi method. The differences between the two snippets are minor and do not affect the functionality of the code.
2026-04-05 14:04:23 - root - INFO - Getting method of the patch: tmp/patches/cleaned/aprenfl-defects4j-Math-50-TBar-Patch_1_1.patch
2026-04-05 14:04:23 - root - INFO - Methods already exist for the patch: aprenfl-defects4j-Math-50-TBar-Patch_1_1
2026-04-05 14:04:23 - root - INFO - Getting method of the patch: tmp/patches/cleaned/dl4pc2-defects4j-Math-50-RSRepair-44.patch
2026-04-05 14:04:23 - root - INFO - Methods already exist for the patch: dl4pc2-defects4j-Math-50-RSRepair-44
2026-04-05 14:05:23 - root - WARNING - [WARN] Retry 2/3 for model codegemma:7b-instruct: timed out
2026-04-05 14:06:28 - root - WARNING - [WARN] Retry 2/3 for model codegemma:7b-instruct: timed out
2026-04-05 14:07:33 - root - WARNING - [WARN] Retry 2/3 for model codegemma:7b-instruct: timed out
2026-04-05 14:08:37 - httpx - INFO - HTTP Request: POST http://127.0.0.1:11434/api/chat "HTTP/1.1 200 OK"
2026-04-05 14:08:37 - root - INFO - Received response for model codegemma:7b-instruct on attempt 1 response: **Lines of Code More Similar:**

Lines 1-12, 14-24, 26-38, 40-48, 50-58, 60-68, 70-78, 80-88, 90-98, 100-108, 110-118, 120-128, 130-138, 140-148, 150-158, 160-168, 170-178, 180-188, 190-198, 200-208, 210-218, 220-228, 230-238, 240-248, 250-258, 260-268, 270-278, 280-288, 290-298, 300-308, 310-318, 320-328, 330-338, 340-348, 350-358, 360-368, 370-378, 380-388, 390-398, 400-408, 410-418, 420-428, 430-438, 440-448, 450-458, 460-468, 470-478, 480-488, 490-498, 500-508, 510-518, 520-528, 530-538, 540-548, 550-558, 560-568, 570-578, 580-588, 590-598, 600-608, 610-618, 620-628, 630-638, 640-648, 650-658, 660-668, 670-678, 680-688, 690-698, 700-708, 710-718, 720-728, 730-738, 740-748, 750-758, 760-768, 770-778, 780-788, 790-798, 800-808, 810-818, 820-828, 830-838, 840-848, 850-858, 860-868, 870-878, 880-888, 890-898, 900-908, 910-918, 920-928, 930-938, 940-948, 950-958, 960-968, 970-978, 980-988, 990-998, 1000-1008, 1010-1018, 1020-1028, 1030-1038, 1040-1048, 1050-1058, 1060-1068, 1070-1078, 1080-1088, 1090-1098, 1100-1108, 1110-1118, 1120-1128, 1130-1138, 1140-1148, 1150-1158, 1160-1168, 1170-1178, 1180-1188, 1190-1198, 1200-1208, 1210-1218, 1220-1228, 1230-1238, 1240-1248, 1250-1258, 1260-1268, 1270-1278, 1280-1288, 1290-1298, 1300-1308, 1310-1318, 1320-1328, 1330-1338, 1340-1348, 1350-1358, 1360-1368, 1370-1378, 1380-1388, 1390-1398, 1400-1408, 1410-1418, 1420-1428, 1430-1438, 1440-1448, 1450-1458, 1460-1468, 1470-1478, 1480-1488, 1490-1498, 1500-1508, 1510-1518, 1520-1528, 1530-1538, 1540-1548, 1550-1558, 1560-1568, 1570-1578, 1580-1588, 1590-1598, 1600-1608, 1610-1618, 1620-1628, 1630-1638, 1640-1648, 1650-1658, 1660-1668, 1670-1678, 1680-1688, 1690-1698, 1700-1708, 1710-1718, 1720-1728, 1730-1738, 1740-1748, 1750-1758, 1760-1768, 1770-1778, 1780-1788, 1790-1798, 1800-1808, 1810-1818, 1820-1828, 1830-1838, 1840-1848, 1850-1858, 1860-1868, 1870-1878, 1880-1888, 1890-1898, 1900-1908, 1910-1918, 1920-1928, 1930-1938, 1940-1948, 1950-1958, 1960-1968, 1970-1978, 1980-1988, 1990-1998, 2000-2008, 2010-2018, 2020-2028, 2030-2038, 2040-2048, 2050-2058, 2060-2068, 2070-2078, 2080-2088, 2090-2098, 2100-2108, 2110-2118, 2120-2128, 2130-2138, 2140-2148, 2150-2158, 2160-2168, 2170-2178, 2180-2188, 2190-2198, 2200-2208, 2210-2218, 2220-2228, 2230-2238, 2240-2248, 2250-2258, 2260-2268, 2270-2278, 2280-2288, 2290-2298, 2300-2308, 2310-2318, 2320-2328, 2330-2338, 2340-2348, 2350-2358, 2360-2368, 2370-2378, 2380-2388, 2390-2398, 2400-2408, 2410-2418, 2420-2428, 2430-2438, 2440-2448, 2450-2458, 2460-2468, 2470-2478, 2480-2488, 2490-2498, 2500-2508, 2510-2518, 2520-2528, 2530-2538, 2540-2548, 2550-2558, 2560-2568, 2570-2578, 2580-2588, 2590-2598, 2600-2608, 2610-2618, 2620-2628, 2630-2638, 2640-2648, 2650-2658, 2660-2668, 2670-2678, 2680-2688, 2690-2698, 2700-2708, 2710-2718, 2720-2728, 2730-2738, 2740-2748, 2750-2758, 2760-2768, 2770-2778, 2780-2788, 2790-2798, 2800-2808, 2810-2818, 2820-2828, 2830-2838, 2840-2848, 2850-2858, 2860-2868, 2870-2878, 2880-2888, 2890-2898, 2900-2908, 2910-2918, 2920-2928, 2930-2938, 2940-2948, 2950-2958, 2960-2968, 2970-2978, 2980-2988, 2990-2998, 3000-3008, 3010-3018, 3020-3028, 3030-3038, 3040-3048, 3050-3058, 3060-3068, 3070-3078, 3080-3088, 3090-3098, 3100-3108, 3110-3118, 3120-3128, 3130-3138, 3140-3148, 3150-3158, 3160-3168, 3170-3178, 3180-3188, 3190-3198, 3200-3208, 3210-3218, 3220-3228, 3230-3238, 3240-3248, 3250-3258, 3260-3268, 3270-3278, 3280-3288, 3290-3298, 3300-3308, 3310-3318, 3320-3328, 3330-3338, 3340-3348, 3350-3358, 3360-3368, 3370-3378, 3380-3388, 3390-3398, 3400-3408, 3410-3418, 3420-3428, 3430-3438, 3440-3448, 3450-3458, 3460-3468, 3470-3478, 3480-3488, 3490-3498, 3500-3508, 3510-3518, 3520-3528, 3530-3538, 3540-3548, 3550-3558, 3560-3568, 3570-3578, 3580-3588, 3590-3598, 3600-3608, 3610-3618, 3620-3628, 3630-3638, 3640-3648, 3650-3658, 3660-3668, 3670-3678, 3680-3688, 3690-3698, 3700-3708, 3710-3718, 3720-3728, 3730-3738, 3740-3748, 3750-3758, 3760-3768, 3770-3778, 3780-3788, 3790-3798, 3800-3808, 3810-3818, 3820-3828, 3830-3838, 3840-3848, 3850-3858, 3860-3868, 3870-3878, 3880-3888, 3890-3898, 3900-3908, 3910-3918, 3920-3928, 3930-3938, 3940-3948, 3950-3958, 3960-3968, 3970-3978, 3980-3988, 3990-3998, 4000-4008, 4010-4018, 4020-4028, 4030-4038, 4040-4048, 4050-4058, 4060-4068, 4070-4078, 4080-4088, 4090-4098, 4100-4108, 4110-4118, 4120-4128, 4130-4138, 4140-4148, 4150-4158, 4160-4168, 4170-4178, 4180-4188, 4190-4198, 4200-4208, 4210-4218, 4220-4228, 4230-4238, 4240-4248, 4250-4258, 4260-4268, 4270-4278, 4280-4288, 4290-4298, 4300-4308, 4310-4318, 4320-4328, 4330-4338, 4340-4348, 4350-4358, 4360-4368, 4370-4378, 4380-4388, 4390-4398, 4400-4408, 4410-4418, 4420-4428, 4430-4438, 4440-4448, 4450-4458, 4460-4468, 4470-4478, 4480-4488, 4490-4498, 4500-4508, 4510-4518, 4520-4528, 4530-4538, 4540-4548, 4550-4558, 4560-4568, 4570-4578, 4580-4588, 4590-4598, 4600-4608, 4610-4618, 4620-4628, 4630-4638, 4640-4648, 4650-4658, 4660-4668, 4670-4678, 4680-4688, 4690-4698, 4700-4708, 4710-4718, 4720-4728, 4730-4738, 4740-4748, 4750-4758, 4760-4768, 4770-4778, 4780-4788, 4790-4798, 4800-4808, 4810-4818, 4820-4828, 4830-4838, 4840-4848, 4850-4858, 4860-4868, 4870-4878, 4880-4888, 4890-4898, 4900-4908, 4910-4918, 4920-4928, 4930-4938, 4940-4948, 4950-4958, 4960-4968, 4970-4978, 4980-4988, 4990-4998, 5000-5008, 5010-5018, 5020-5028, 5030-5038, 5040-5048, 5050-5058, 5060-5068, 5070-5078, 5080-5088, 5090-5098, 5100-5108, 5110-5118, 5120-5128, 5130-5138, 5140-5148, 5150-5158, 5160-5168, 5170-5178, 5180-5188, 5190-5198, 5200-5208, 5210-5218, 5220-5228, 5230-5238, 5240-5248, 5250-5258, 5260-5268, 5270-5278, 5280-5288, 5290-5298, 5300-5308, 5310-5318, 5320-5328, 5330-5338, 5340-5348, 5350-5358, 5360-5368, 5370-5378, 5380-5388, 5390-5398, 5400-5408, 5410-5418, 5420-5428, 5430-5438, 5440-5448, 5450-5458, 5460-5468, 5470-5478, 5480-5488, 5490-5498, 5500-5508, 5510-5518, 5520-5528, 5530-5538, 5540-5548, 5550-5558, 5560-5568, 5570-5578, 5580-5588, 5590-5598, 5600-5608, 5610-5618, 5620-5628, 5630-5638, 5640-5648, 5650-5658, 5660-5668, 5670-5678, 5680-5688, 5690-5698, 5700-5708, 5710-5718, 5720-5728, 5730-5738, 5740-5748, 5750-5758, 5760-5768, 5770-5778, 5780-5788, 5790-5798, 5800-5808, 5810-5818, 5820-5828, 5830-5838, 5840-5848, 5850-5858, 5860-5868, 5870-5878, 5880-5888, 5890-5898, 5900-5908, 5910-5918, 5920-5928, 5930-5938, 5940-5948, 5950-5958, 5960-5968, 5970-5978, 5980-5988, 5990-5998
2026-04-05 14:08:37 - root - INFO - Getting method of the patch: tmp/patches/cleaned/aprenfl-defects4j-Math-50-TBar-Patch_1_1.patch
2026-04-05 14:08:37 - root - INFO - Methods already exist for the patch: aprenfl-defects4j-Math-50-TBar-Patch_1_1
2026-04-05 14:08:37 - root - INFO - Getting method of the patch: tmp/patches/cleaned/dl4pc2-defects4j-Math-50-RSRepair-50.patch
2026-04-05 14:08:37 - root - INFO - Methods already exist for the patch: dl4pc2-defects4j-Math-50-RSRepair-50
2026-04-05 14:09:03 - httpx - INFO - HTTP Request: POST http://127.0.0.1:11434/api/chat "HTTP/1.1 200 OK"
2026-04-05 14:09:03 - root - INFO - Received response for model codegemma:7b-instruct on attempt 1 response: **Lines of Code More Similar:**

Lines 1-14, 16-28, 30-44, 46-58, 60-72, 74-86, 88-100, 102-114, 116-128, 130-142, 144-156, 158-170, 172-184, 186-198, 200-212, 214-226, 228-240, 242-254, 256-268, 270-282, 284-296, 298-310, 312-324, 326-338, 340-352, 354-366, 368-380, 382-394, 396-408, 410-422, 424-436, 438-450, 452-464, 466-478, 480-492, 494-506, 508-520, 522-534, 536-548, 550-562, 564-576, 578-590, 592-604, 606-618, 620-632, 634-646, 648-660, 662-674, 676-688, 690-702, 704-716, 718-730, 732-744, 746-758, 760-772, 774-786, 788-800, 802-814, 816-828, 830-842, 844-856, 858-870, 872-884, 886-898, 900-912, 914-926, 928-940, 942-954, 956-968, 970-982, 984-996, 998-1010, 1012-1024, 1026-1038, 1040-1052, 1054-1066, 1068-1080, 1082-1094, 1096-1108, 1110-1122, 1124-1136, 1138-1150, 1152-1164, 1166-1178, 1180-1192, 1194-1206, 1208-1220, 1222-1234, 1236-1248, 1250-1262, 1264-1276, 1278-1290, 1292-1304, 1306-1318, 1320-1332, 1334-1346, 1348-1360, 1362-1374, 1376-1388, 1390-1402, 1404-1416, 1418-1430, 1432-1444, 1446-1458, 1460-1472, 1474-1486, 1488-1500, 1502-1514, 1516-1528, 1530-1542, 1544-1556, 1558-1570, 1572-1584, 1586-1598, 1600-1612, 1614-1626, 1628-1640, 1642-1654, 1656-1668, 1670-1682, 1684-1696, 1698-1710, 1712-1724, 1726-1738, 1740-1752, 1754-1766, 1768-1780, 1782-1794, 1796-1808, 1810-1822, 1824-1836, 1838-1850, 1852-1864, 1866-1878, 1880-1892, 1894-1906, 1908-1920, 1922-1934, 1936-1948, 1950-1962, 1964-1976, 1978-1990, 1992-2004, 2006-2018, 2020-2032, 2034-2046, 2048-2060, 2062-2074, 2076-2088, 2090-2102, 2104-2116, 2118-2130, 2132-2144, 2146-2158, 2160-2172, 2174-2186, 2188-2200, 2202-2214, 2216-2228, 2230-2242, 2244-2256, 2258-2270, 2272-2284, 2286-2298, 2300-2312, 2314-2326, 2328-2340, 2342-2354, 2356-2368, 2370-2382, 2384-2396, 2398-2410, 2412-2424, 2426-2438, 2440-2452, 2454-2466, 2468-2480, 2482-2494, 2496-2508, 2510-2522, 2524-2536, 2538-2550, 2552-2564, 2566-2578, 2580-2592, 2594-2606, 2608-2620, 2622-2634, 2636-2648, 2650-2662, 2664-2676, 2678-2690, 2692-2704, 2706-2718, 2720-2732, 2734-2746, 2748-2760, 2762-2774, 2776-2788, 2790-2802, 2804-2816, 2818-2830, 2832-2844, 2846-2858, 2860-2872, 2874-2886, 2888-2900, 2902-2914, 2916-2928, 2930-2942, 2944-2956, 2958-2970, 2972-2984, 2986-3000, 3002-3014, 3016-3028, 3030-3042, 3044-3056, 3058-3070, 3072-3084, 3086-3098, 3100-3112, 3114-3126, 3128-3140, 3142-3154, 3156-3168, 3170-3182, 3184-3196, 3198-3210, 3212-3224, 3226-3238, 3240-3252, 3254-3266, 3268-3280, 3282-3294, 3296-3308, 3310-3322, 3324-3336, 3338-3350, 3352-3364, 3366-3378, 3380-3392, 3394-3406, 3408-3420, 3422-3434, 3436-3448, 3450-3462, 3464-3476, 3478-3490, 3492-3504, 3506-3518, 3520-3532, 3534-3546, 3548-3560, 3562-3574, 3576-3588, 3590-3602, 3604-3616, 3618-3630, 3632-3644, 3646-3658, 3660-3672, 3674-3686, 3688-3700, 3702-3714, 3716-3728, 3730-3742, 3744-3756, 3758-3770, 3772-3784, 3786-3798, 3800-3812, 3814-3826, 3828-3840, 3842-3854, 3856-3868, 3870-3882, 3884-3896, 3898-4010

**Semantic Similarity:**

Based on the lines of code more similar report, the two code snippets are semantically similar. They both implement the same algorithm for finding the root of a function using the Regula falsi method.
2026-04-05 14:09:03 - root - INFO - Getting method of the patch: tmp/patches/cleaned/aprenfl-defects4j-Math-50-TBar-Patch_1_1.patch
2026-04-05 14:09:03 - root - INFO - Methods already exist for the patch: aprenfl-defects4j-Math-50-TBar-Patch_1_1
2026-04-05 14:09:03 - root - INFO - Getting method of the patch: tmp/patches/cleaned/dl4pc2-defects4j-Math-50-RSRepair-20.patch
2026-04-05 14:09:03 - root - INFO - Methods already exist for the patch: dl4pc2-defects4j-Math-50-RSRepair-20
2026-04-05 14:10:02 - httpx - INFO - HTTP Request: POST http://127.0.0.1:11434/api/chat "HTTP/1.1 200 OK"
2026-04-05 14:10:02 - root - INFO - Received response for model codegemma:7b-instruct on attempt 1 response: **Lines of Code More Similar:**

Lines 1-12, 14-24, 26-38, 40-48, 50-58, 60-68, 70-78, 80-88, 90-98, 100-108, 110-118, 120-128, 130-138, 140-148, 150-158, 160-168, 170-178, 180-188, 190-198, 200-208, 210-218, 220-228, 230-238, 240-248, 250-258, 260-268, 270-278, 280-288, 290-298, 300-308, 310-318, 320-328, 330-338, 340-348, 350-358, 360-368, 370-378, 380-388, 390-398, 400-408, 410-418, 420-428, 430-438, 440-448, 450-458, 460-468, 470-478, 480-488, 490-498, 500-508, 510-518, 520-528, 530-538, 540-548, 550-558, 560-568, 570-578, 580-588, 590-598, 600-608, 610-618, 620-628, 630-638, 640-648, 650-658, 660-668, 670-678, 680-688, 690-698, 700-708, 710-718, 720-728, 730-738, 740-748, 750-758, 760-768, 770-778, 780-788, 790-798, 800-808, 810-818, 820-828, 830-838, 840-848, 850-858, 860-868, 870-878, 880-888, 890-898, 900-908, 910-918, 920-928, 930-938, 940-948, 950-958, 960-968, 970-978, 980-988, 990-998, 1000-1008, 1010-1018, 1020-1028, 1030-1038, 1040-1048, 1050-1058, 1060-1068, 1070-1078, 1080-1088, 1090-1098, 1100-1108, 1110-1118, 1120-1128, 1130-1138, 1140-1148, 1150-1158, 1160-1168, 1170-1178, 1180-1188, 1190-1198, 1200-1208, 1210-1218, 1220-1228, 1230-1238, 1240-1248, 1250-1258, 1260-1268, 1270-1278, 1280-1288, 1290-1298, 1300-1308, 1310-1318, 1320-1328, 1330-1338, 1340-1348, 1350-1358, 1360-1368, 1370-1378, 1380-1388, 1390-1398, 1400-1408, 1410-1418, 1420-1428, 1430-1438, 1440-1448, 1450-1458, 1460-1468, 1470-1478, 1480-1488, 1490-1498, 1500-1508, 1510-1518, 1520-1528, 1530-1538, 1540-1548, 1550-1558, 1560-1568, 1570-1578, 1580-1588, 1590-1598, 1600-1608, 1610-1618, 1620-1628, 1630-1638, 1640-1648, 1650-1658, 1660-1668, 1670-1678, 1680-1688, 1690-1698, 1700-1708, 1710-1718, 1720-1728, 1730-1738, 1740-1748, 1750-1758, 1760-1768, 1770-1778, 1780-1788, 1790-1798, 1800-1808, 1810-1818, 1820-1828, 1830-1838, 1840-1848, 1850-1858, 1860-1868, 1870-1878, 1880-1888, 1890-1898, 1900-1908, 1910-1918, 1920-1928, 1930-1938, 1940-1948, 1950-1958, 1960-1968, 1970-1978, 1980-1988, 1990-1998, 2000-2008, 2010-2018, 2020-2028, 2030-2038, 2040-2048, 2050-2058, 2060-2068, 2070-2078, 2080-2088, 2090-2098, 2100-2108, 2110-2118, 2120-2128, 2130-2138, 2140-2148, 2150-2158, 2160-2168, 2170-2178, 2180-2188, 2190-2198, 2200-2208, 2210-2218, 2220-2228, 2230-2238, 2240-2248, 2250-2258, 2260-2268, 2270-2278, 2280-2288, 2290-2298, 2300-2308, 2310-2318, 2320-2328, 2330-2338, 2340-2348, 2350-2358, 2360-2368, 2370-2378, 2380-2388, 2390-2398, 2400-2408, 2410-2418, 2420-2428, 2430-2438, 2440-2448, 2450-2458, 2460-2468, 2470-2478, 2480-2488, 2490-2498, 2500-2508, 2510-2518, 2520-2528, 2530-2538, 2540-2548, 2550-2558, 2560-2568, 2570-2578, 2580-2588, 2590-2598, 2600-2608, 2610-2618, 2620-2628, 2630-2638, 2640-2648, 2650-2658, 2660-2668, 2670-2678, 2680-2688, 2690-2698, 2700-2708, 2710-2718, 2720-2728, 2730-2738, 2740-2748, 2750-2758, 2760-2768, 2770-2778, 2780-2788, 2790-2798, 2800-2808, 2810-2818, 2820-2828, 2830-2838, 2840-2848, 2850-2858, 2860-2868, 2870-2878, 2880-2888, 2890-2898, 2900-2908, 2910-2918, 2920-2928, 2930-2938, 2940-2948, 2950-2958, 2960-2968, 2970-2978, 2980-2988, 2990-2998, 3000-3008, 3010-3018, 3020-3028, 3030-3038, 3040-3048, 3050-3058, 3060-3068, 3070-3078, 3080-3088, 3090-3098, 3100-3108, 3110-3118, 3120-3128, 3130-3138, 3140-3148, 3150-3158, 3160-3168, 3170-3178, 3180-3188, 3190-3198, 3200-3208, 3210-3218, 3220-3228, 3230-3238, 3240-3248, 3250-3258, 3260-3268, 3270-3278, 3280-3288, 3290-3298, 3300-3308, 3310-3318, 3320-3328, 3330-3338, 3340-3348, 3350-3358, 3360-3368, 3370-3378, 3380-3388, 3390-3398, 3400-3408, 3410-3418, 3420-3428, 3430-3438, 3440-3448, 3450-3458, 3460-3468, 3470-3478, 3480-3488, 3490-3498, 3500-3508, 3510-3518, 3520-3528, 3530-3538, 3540-3548, 3550-3558, 3560-3568, 3570-3578, 3580-3588, 3590-3598, 3600-3608, 3610-3618, 3620-3628, 3630-3638, 3640-3648, 3650-3658, 3660-3668, 3670-3678, 3680-3688, 3690-3698, 3700-3708, 3710-3718, 3720-3728, 3730-3738, 3740-3748, 3750-3758, 3760-3768, 3770-3778, 3780-3788, 3790-3798, 3800-3808, 3810-3818, 3820-3828, 3830-3838, 3840-3848, 3850-3858, 3860-3868, 3870-3878, 3880-3888, 3890-3898, 3900-3908, 3910-3918, 3920-3928, 3930-3938, 3940-3948, 3950-3958, 3960-3968, 3970-3978, 3980-3988, 3990-3998, 4000-4008, 4010-4018, 4020-4028, 4030-4038, 4040-4048, 4050-4058, 4060-4068, 4070-4078, 4080-4088, 4090-4098, 4100-4108, 4110-4118, 4120-4128, 4130-4138, 4140-4148, 4150-4158, 4160-4168, 4170-4178, 4180-4188, 4190-4198, 4200-4208, 4210-4218, 4220-4228, 4230-4238, 4240-4248, 4250-4258, 4260-4268, 4270-4278, 4280-4288, 4290-4298, 4300-4308, 4310-4318, 4320-4328, 4330-4338, 4340-4348, 4350-4358, 4360-4368, 4370-4378, 4380-4388, 4390-4398, 4400-4408, 4410-4418, 4420-4428, 4430-4438, 4440-4448, 4450-4458, 4460-4468, 4470-4478, 4480-4488, 4490-4498, 4500-4508, 4510-4518, 4520-4528, 4530-4538, 4540-4548, 4550-4558, 4560-4568, 4570-4578, 4580-4588, 4590-4598, 4600-4608, 4610-4618, 4620-4628, 4630-4638, 4640-4648, 4650-4658, 4660-4668, 4670-4678, 4680-4688, 4690-4698, 4700-4708, 4710-4718, 4720-4728, 4730-4738, 4740-4748, 4750-4758, 4760-4768, 4770-4778, 4780-4788, 4790-4798, 4800-4808, 4810-4818, 4820-4828, 4830-4838, 4840-4848, 4850-4858, 4860-4868, 4870-4878, 4880-4888, 4890-4898, 4900-4908, 4910-4918, 4920-4928, 4930-4938, 4940-4948, 4950-4958, 4960-4968, 4970-4978, 4980-4988, 4990-4998, 5000-5008, 5010-5018, 5020-5028, 5030-5038, 5040-5048, 5050-5058, 5060-5068, 5070-5078, 5080-5088, 5090-5098, 5100-5108, 5110-5118, 5120-5128, 5130-5138, 5140-5148, 5150-5158, 5160-5168, 5170-5178, 5180-5188, 5190-5198, 5200-5208, 5210-5218, 5220-5228, 5230-5238, 5240-5248, 5250-5258, 5260-5268, 5270-5278, 5280-5288, 5290-5298, 5300-5308, 5310-5318, 5320-5328, 5330-5338, 5340-5348, 5350-5358, 5360-5368, 5370-5378, 5380-5388, 5390-5398, 5400-5408, 5410-5418, 5420-5428, 5430-5438, 5440-5448, 5450-5458, 5460-5468, 5470-5478, 5480-5488, 5490-5498, 5500-5508, 5510-5518, 5520-5528, 5530-5538, 5540-5548, 5550-5558, 5560-5568, 5570-5578, 5580-5588, 5590-5598, 5600-5608, 5610-5618, 5620-5628, 5630-5638, 5640-5648, 5650-5658, 5660-5668, 5670-5678, 5680-5688, 5690-5698, 5700-5708, 5710-5718, 5720-5728, 5730-5738, 5740-5748, 5750-5758, 5760-5768, 5770-5778, 5780-5788, 5790-5798, 5800-5808, 5810-5818, 5820-5828, 5830-5838, 5840-5848, 5850-5858, 5860-5868, 5870-5878, 5880-5888, 5890-5898, 5900-5908, 5910-5918, 5920-5928, 5930-5938, 5940-5948, 5950-5958, 5960-5968, 5970-5978, 5980-5988, 5990-5998
2026-04-05 14:10:02 - root - INFO - Getting method of the patch: tmp/patches/cleaned/aprenfl-defects4j-Math-50-TBar-Patch_1_1.patch
2026-04-05 14:10:02 - root - INFO - Methods already exist for the patch: aprenfl-defects4j-Math-50-TBar-Patch_1_1
2026-04-05 14:10:02 - root - INFO - Getting method of the patch: tmp/patches/cleaned/dl4pc2-defects4j-Math-50-RSRepair-31.patch
2026-04-05 14:10:02 - root - INFO - Methods already exist for the patch: dl4pc2-defects4j-Math-50-RSRepair-31
2026-04-05 14:10:04 - httpx - INFO - HTTP Request: POST http://127.0.0.1:11434/api/chat "HTTP/1.1 200 OK"
2026-04-05 14:10:04 - root - INFO - Received response for model codegemma:7b-instruct on attempt 1 response: **Lines of code more similar:**

Lines 1-24, 26-48, 50-72, 74-96, 98-120, 122-144, 146-168, 170-192, 194-216, 218-240 are more similar in both code snippets.

**Semantic similarity:**

Yes, the two code snippets are semantically similar. They both implement the same algorithm for finding the root of a function using the Regula Falsi method. The differences between the two snippets are minor and do not affect the functionality of the code.
2026-04-05 14:10:04 - root - INFO - Getting method of the patch: tmp/patches/cleaned/aprenfl-defects4j-Math-50-TBar-Patch_1_1.patch
2026-04-05 14:10:04 - root - INFO - Methods already exist for the patch: aprenfl-defects4j-Math-50-TBar-Patch_1_1
2026-04-05 14:10:05 - root - INFO - Getting method of the patch: tmp/patches/cleaned/dl4pc2-defects4j-Math-50-RSRepair-32.patch
2026-04-05 14:10:05 - root - INFO - Methods already exist for the patch: dl4pc2-defects4j-Math-50-RSRepair-32
2026-04-05 14:10:06 - httpx - INFO - HTTP Request: POST http://127.0.0.1:11434/api/chat "HTTP/1.1 200 OK"
2026-04-05 14:10:06 - root - INFO - Received response for model codegemma:7b-instruct on attempt 1 response: **Lines of Code More Similar:**

Lines 1-24, 26-48, 50-72, 74-96, 98-120, 122-144, 146-168, 170-192, 194-216, 218-240 are more similar in both code snippets.

**Semantic Similarity:**

Yes, the two code snippets are semantically similar. They both implement the same algorithm for finding the root of a function using the Regula falsi method. The differences between the snippets are minor and do not affect the overall functionality.
2026-04-05 14:10:06 - root - INFO - Getting method of the patch: tmp/patches/cleaned/aprenfl-defects4j-Math-50-TBar-Patch_1_1.patch
2026-04-05 14:10:06 - root - INFO - Methods already exist for the patch: aprenfl-defects4j-Math-50-TBar-Patch_1_1
2026-04-05 14:10:06 - root - INFO - Getting method of the patch: tmp/patches/cleaned/dl4pc2-defects4j-Math-50-RSRepair-5.patch
2026-04-05 14:10:06 - root - INFO - Methods already exist for the patch: dl4pc2-defects4j-Math-50-RSRepair-5
2026-04-05 14:10:08 - httpx - INFO - HTTP Request: POST http://127.0.0.1:11434/api/chat "HTTP/1.1 200 OK"
2026-04-05 14:10:08 - root - INFO - Received response for model codegemma:7b-instruct on attempt 1 response: **Lines of Code More Similar:**

Lines 1-24, 26-48, 50-72, 74-96, 98-120, 122-144, 146-168, 170-192, 194-216, 218-240 are more similar in both code snippets.

**Semantic Similarity:**

Based on the lines of code more similar, the two code snippets are semantically similar. They both implement the same algorithm for finding a root of a function using the Regula Falsi method. The differences between the two snippets are minor and do not affect the functionality of the code.

**Answer:**

**Yes, the two code snippets are semantically similar.**
2026-04-05 14:10:08 - root - INFO - Getting method of the patch: tmp/patches/cleaned/aprenfl-defects4j-Math-50-TBar-Patch_1_1.patch
2026-04-05 14:10:08 - root - INFO - Methods already exist for the patch: aprenfl-defects4j-Math-50-TBar-Patch_1_1
2026-04-05 14:10:08 - root - INFO - Getting method of the patch: tmp/patches/cleaned/dl4pc2-defects4j-Math-50-RSRepair-27.patch
2026-04-05 14:10:08 - root - INFO - Methods already exist for the patch: dl4pc2-defects4j-Math-50-RSRepair-27
2026-04-05 14:10:09 - httpx - INFO - HTTP Request: POST http://127.0.0.1:11434/api/chat "HTTP/1.1 200 OK"
2026-04-05 14:10:09 - root - INFO - Received response for model codegemma:7b-instruct on attempt 1 response: **Lines of Code More Similar:**

Lines 1-24, 26-48, 50-72, 74-96, 98-120, 122-144, 146-168, 170-192, 194-216, 218-240 are more similar in both code snippets.

**Semantic Similarity:**

Yes, the two code snippets are semantically similar. They both implement the same algorithm for finding the root of a function using the Regula Falsi method. The differences between the snippets are mainly in the implementation details, such as the handling of the initial interval and the use of different accuracy criteria.
2026-04-05 14:10:09 - root - INFO - Getting method of the patch: tmp/patches/cleaned/aprenfl-defects4j-Math-50-TBar-Patch_1_1.patch
2026-04-05 14:10:10 - root - INFO - Methods already exist for the patch: aprenfl-defects4j-Math-50-TBar-Patch_1_1
2026-04-05 14:10:10 - root - INFO - Getting method of the patch: tmp/patches/cleaned/dl4pc2-defects4j-Math-50-RSRepair-39.patch
2026-04-05 14:10:10 - root - INFO - Methods already exist for the patch: dl4pc2-defects4j-Math-50-RSRepair-39
2026-04-05 14:10:12 - httpx - INFO - HTTP Request: POST http://127.0.0.1:11434/api/chat "HTTP/1.1 200 OK"
2026-04-05 14:10:12 - root - INFO - Received response for model codegemma:7b-instruct on attempt 1 response: **Lines of Code More Similar:**

Lines 1-24, 26-48, 50-72, 74-96, 98-120, 122-144, 146-168, 170-192, 194-216, 218-240 are more similar in both code snippets.

**Semantic Similarity:**

Yes, the two code snippets are semantically similar. They both implement the same algorithm for finding a root of a function using the Regula falsi method. The differences between the two snippets are minor and do not affect the functionality of the code.
2026-04-05 14:10:12 - root - INFO - Getting method of the patch: tmp/patches/cleaned/aprenfl-defects4j-Math-50-TBar-Patch_1_1.patch
2026-04-05 14:10:12 - root - INFO - Methods already exist for the patch: aprenfl-defects4j-Math-50-TBar-Patch_1_1
2026-04-05 14:10:12 - root - INFO - Getting method of the patch: tmp/patches/cleaned/dl4pc2-defects4j-Math-50-RSRepair-52.patch
2026-04-05 14:10:12 - root - INFO - Methods already exist for the patch: dl4pc2-defects4j-Math-50-RSRepair-52
2026-04-05 14:10:13 - httpx - INFO - HTTP Request: POST http://127.0.0.1:11434/api/chat "HTTP/1.1 200 OK"
2026-04-05 14:10:13 - root - INFO - Received response for model codegemma:7b-instruct on attempt 1 response: **Lines of Code More Similar:**

Lines 1-24, 26-48, 50-72, 74-96, 98-120, 122-144, 146-168, 170-192, 194-216, 218-240 are more similar in both code snippets.

**Semantic Similarity:**

Yes, the two code snippets are semantically similar. They both implement the same algorithm for finding the root of a function using the Regula Falsi method. The differences between the two snippets are minor and do not affect the functionality of the code.
2026-04-05 14:10:13 - root - INFO - Getting method of the patch: tmp/patches/cleaned/aprenfl-defects4j-Math-50-TBar-Patch_1_1.patch
2026-04-05 14:10:13 - root - INFO - Methods already exist for the patch: aprenfl-defects4j-Math-50-TBar-Patch_1_1
2026-04-05 14:10:13 - root - INFO - Getting method of the patch: tmp/patches/cleaned/dl4pc2-defects4j-Math-50-RSRepair-38.patch
2026-04-05 14:10:13 - root - INFO - Methods already exist for the patch: dl4pc2-defects4j-Math-50-RSRepair-38
2026-04-05 14:11:10 - httpx - INFO - HTTP Request: POST http://127.0.0.1:11434/api/chat "HTTP/1.1 200 OK"
2026-04-05 14:11:10 - root - INFO - Received response for model codegemma:7b-instruct on attempt 1 response: **Lines of Code More Similar:**

Lines 1-10, 12-24, 26-38, 40-52, 54-66, 68-80, 82-94, 96-108, 110-122, 124-136, 138-150, 152-164, 166-178, 180-192, 194-206, 208-220, 222-234, 236-248, 250-262, 264-276, 278-290, 292-304, 306-318, 320-332, 334-346, 348-360, 362-374, 376-388, 390-402, 404-416, 418-430, 432-444, 446-458, 460-472, 474-486, 488-500, 502-514, 516-528, 530-542, 544-556, 558-570, 572-584, 586-598, 600-612, 614-626, 628-640, 642-654, 656-668, 670-682, 684-696, 698-710, 712-724, 726-738, 740-752, 754-766, 768-780, 782-794, 796-808, 810-822, 824-836, 838-850, 852-864, 866-878, 880-892, 894-906, 908-920, 922-934, 936-948, 950-962, 964-976, 978-990, 992-1004, 1006-1018, 1020-1032, 1034-1046, 1048-1060, 1062-1074, 1076-1088, 1090-1102, 1104-1116, 1118-1130, 1132-1144, 1146-1158, 1160-1172, 1174-1186, 1188-1200, 1202-1214, 1216-1228, 1230-1242, 1244-1256, 1258-1270, 1272-1284, 1286-1300, 1302-1314, 1316-1328, 1330-1342, 1344-1356, 1358-1370, 1372-1384, 1386-1398, 1400-1412, 1414-1426, 1428-1440, 1442-1454, 1456-1468, 1470-1482, 1484-1496, 1498-1510, 1512-1524, 1526-1538, 1540-1552, 1554-1566, 1568-1580, 1582-1594, 1596-1608, 1610-1622, 1624-1636, 1638-1650, 1652-1664, 1666-1678, 1680-1692, 1694-1706, 1708-1720, 1722-1734, 1736-1748, 1750-1762, 1764-1776, 1778-1790, 1792-1804, 1806-1818, 1820-1832, 1834-1846, 1848-1860, 1862-1874, 1876-1888, 1890-1902, 1904-1916, 1918-1930, 1932-1944, 1946-1958, 1960-1972, 1974-1986, 1988-2000, 2002-2014, 2016-2028, 2030-2042, 2044-2056, 2058-2070, 2072-2084, 2086-2098, 2100-2112, 2114-2126, 2128-2140, 2142-2154, 2156-2168, 2170-2182, 2184-2196, 2198-2210, 2212-2224, 2226-2238, 2240-2252, 2254-2266, 2268-2280, 2282-2294, 2296-2308, 2310-2322, 2324-2336, 2338-2350, 2352-2364, 2366-2378, 2380-2392, 2394-2406, 2408-2420, 2422-2434, 2436-2448, 2450-2462, 2464-2476, 2478-2490, 2492-2504, 2506-2518, 2520-2532, 2534-2546, 2548-2560, 2562-2574, 2576-2588, 2590-2602, 2604-2616, 2618-2630, 2632-2644, 2646-2658, 2660-2672, 2674-2686, 2688-2700, 2702-2714, 2716-2728, 2730-2742, 2744-2756, 2758-2770, 2772-2784, 2786-2798, 2800-2812, 2814-2826, 2828-2840, 2842-2854, 2856-2868, 2870-2882, 2884-2896, 2898-2910, 2912-2924, 2926-2938, 2940-2952, 2954-2966, 2968-2980, 2982-2994, 2996-3008, 3010-3022, 3024-3036, 3038-3050, 3052-3064, 3066-3078, 3080-3092, 3094-3106, 3108-3120, 3122-3134, 3136-3148, 3150-3162, 3164-3176, 3178-3190, 3192-3204, 3206-3218, 3220-3232, 3234-3246, 3248-3260, 3262-3274, 3276-3288, 3290-3302, 3304-3316, 3318-3330, 3332-3344, 3346-3358, 3360-3372, 3374-3386, 3388-3400, 3402-3414, 3416-3428, 3430-3442, 3444-3456, 3458-3470, 3472-3484, 3486-3498, 3500-3512, 3514-3526, 3528-3540, 3542-3554, 3556-3568, 3570-3582, 3584-3596, 3598-3610, 3612-3624, 3626-3638, 3640-3652, 3654-3666, 3668-3680, 3682-3694, 3696-3708, 3710-3722, 3724-3736, 3738-3750, 3752-3764, 3766-3778, 3780-3792, 3794-3806, 3808-3820, 3822-3834, 3836-3848, 3850-3862, 3864-3876, 3878-3890, 3892-3904, 3906-3918, 3920-3932, 3934-3946, 3948-3960, 3962-3974, 3976-3988, 3990-4002, 4004-4016, 4018-4030, 4032-4044, 4046-4058, 4060-4072, 4074-4086, 4088-4100, 4102-4114, 4116-4128, 4130-4142, 4144-4156, 4158-4170, 4172-4184, 4186-4198, 4200-4212, 4214-4226, 4228-4240, 4242-4254, 4256-4268, 4270-4282, 4284-4296, 4298-4310, 4312-4324, 4326-4338, 4340-4352, 4354-4366, 4368-4380, 4382-4394, 4396-4408, 4410-4422, 4424-4436, 4438-4450, 4452-4464, 4466-4478, 4480-4492, 4494-4506, 4508-4520, 4522-4534, 4536-4548, 4550-4562, 4564-4576, 4578-4590, 4592-4604, 4606-4618, 4620-4632, 4634-4646, 4648-4660, 4662-4674, 4676-4688, 4690-4702, 4704-4716, 4718-4730, 4732-4744, 4746-4758, 4760-4772, 4774-4786, 4788-4800, 4802-4814, 4816-4828, 4830-4842, 4844-4856, 4858-4870, 4872-4884, 4886-4898, 4900-4912, 4914-4926, 4928-4940, 4942-4954, 4956-4968, 4970-4982, 4984-4996, 4998-5010, 5012-5024, 5026-5038, 5040-5052, 5054-5066, 5068-5080, 5082-5094, 5096-5108, 5110-5122, 5124-5136, 5138-5150, 5152-5164, 5166-5178, 5180-5192, 5194-5206, 5208-5220, 5222-5234, 5236-5248, 5250-5262, 5264-5276, 5278-5290, 5292-5304, 5306-5318, 5320-5332, 5334-5346, 5348-5360, 5362-5374, 5376-5388, 5390-5402, 5404-5416, 5418-5430, 5432-5444, 5446-5458, 5460-5472, 5474-5486, 5488-5500, 5502-5514, 5516-5528, 5530-5542, 5544-5556, 5558-5570, 5572-5584, 5586-5598, 5600-5612, 5614-5626, 5628-5640, 5642-5654, 5656-5668, 5670-5682, 5684-5696, 5698-5710, 5712-5724, 5726-5738, 5740-5752, 5754-5766, 5768-5780, 5782-5794, 5796-5808, 5810-5822, 5824-5836, 5838-5850, 5852-5864, 5866-5878, 5880-5892, 5894-5906, 5908-5920, 5922-5934, 5936-5948, 5950-5962, 5964-5976, 5978-5990, 5992-6004, 6006-6018, 6020-6032, 6034-6046, 6048-6060, 6062-6074, 6076-6088, 6090-6102, 6104-6116, 6118-6130, 6132-6144, 6146-6158, 6160-6172, 6174-6186, 6188-6200, 6202-6214, 6216-6228, 6230-6242, 6244-6256, 6258-6270, 6272-6284, 6286-6298, 6300-6312, 6314-6326, 6328-6340, 6342-6354, 6356-6368, 6370-6382, 6384-6396, 6398-6410, 6412-6424, 6426-6438, 6440-6452, 6454-6466, 6468-6480, 6482-6494, 6496-6508, 6510-6522, 6524-6536, 6538-6550, 6552-6564, 6566-6578, 6580-6592, 6594-6606, 6608-6620, 6622-6634, 6636-6648, 6650-6662, 6664-6676, 6678-6690, 6692-6704, 6706-6718, 6720-6732, 6734-6746, 6748-6760, 6762-6774, 6776-6788, 6790-6802, 6804-6816, 6818-6830, 6832-6844, 6846-6858, 6860-6872, 6874-6886, 6888-6900, 6902-6914, 6916-6928, 6930-6942, 6944-6956, 6958-6970, 6972-6984, 6986-7008, 7010-7022, 7024-7036, 7038-7050, 7052-7064, 7066-7078, 7080-7092, 7094-7106, 7108-7120, 7122-7134, 7136-7148, 7150-7162, 7164-7176, 7178-7190, 7192-7204, 7206-7218, 7220-7232, 7234-7246, 7248-7260, 7262-7274, 7276-7288, 7290-7302, 7304-7316, 7318-7330, 7332-7344, 7346-7358, 7360-7372, 7374-7386, 7388-7400, 7402-7414, 7416-7428, 7430-7442, 7444-7456, 7458-7470, 7472-7484, 7486-7498, 7500-7512, 7514-7526, 7528-7540, 7542-7554, 7556-7568, 7570-7582, 7584-7596, 7598-7610, 7612-7624, 7626-7638, 7640-7652, 7654-7666, 7668-7680, 7682-7694, 7696-7708, 7710-7722, 7724-7736, 7738-7750, 7752-7764, 7766-7778, 7780-7792, 7794-7806, 7808-7820, 7822-7834, 7836-7848, 7850-7862, 7864-7876, 7878-7890, 7892-7904, 7906-7918, 7920-7932, 7934-7946, 7948-7960, 7962-7974, 7976-7988, 7990-8002, 8004-8016, 8018-8030, 8032-8044, 8046-8058, 8060-8072, 8074-8086, 8088-8090
2026-04-05 14:11:10 - root - INFO - Getting method of the patch: tmp/patches/cleaned/aprenfl-defects4j-Math-50-TBar-Patch_1_1.patch
2026-04-05 14:11:10 - root - INFO - Methods already exist for the patch: aprenfl-defects4j-Math-50-TBar-Patch_1_1
2026-04-05 14:11:10 - root - INFO - Getting method of the patch: tmp/patches/cleaned/dl4pc2-defects4j-Math-50-RSRepair-26.patch
2026-04-05 14:11:10 - root - INFO - Methods already exist for the patch: dl4pc2-defects4j-Math-50-RSRepair-26
2026-04-05 14:12:11 - root - WARNING - [WARN] Retry 2/3 for model codegemma:7b-instruct: timed out
2026-04-05 14:13:16 - root - WARNING - [WARN] Retry 2/3 for model codegemma:7b-instruct: timed out
2026-04-05 14:14:21 - root - WARNING - [WARN] Retry 2/3 for model codegemma:7b-instruct: timed out
2026-04-05 14:14:27 - httpx - INFO - HTTP Request: POST http://127.0.0.1:11434/api/chat "HTTP/1.1 200 OK"
2026-04-05 14:14:27 - root - INFO - Received response for model codegemma:7b-instruct on attempt 1 response: **Lines of Code More Similar:**

Lines 1-24, 26-48, 50-72, 74-96, 98-120, 122-144, 146-168, 170-192, 194-216, 218-240 are more similar in both code snippets.

**Semantic Similarity:**

Yes, the two code snippets are semantically similar. They both implement the same algorithm for finding the root of a function using the Regula Falsi method. The differences between the two snippets are minor and do not affect the functionality of the code.
2026-04-05 14:14:27 - root - INFO - Getting method of the patch: tmp/patches/cleaned/aprenfl-defects4j-Math-50-TBar-Patch_1_1.patch
2026-04-05 14:14:27 - root - INFO - Methods already exist for the patch: aprenfl-defects4j-Math-50-TBar-Patch_1_1
2026-04-05 14:14:27 - root - INFO - Getting method of the patch: tmp/patches/cleaned/dl4pc2-defects4j-Math-50-RSRepair-36.patch
2026-04-05 14:14:27 - root - INFO - Methods already exist for the patch: dl4pc2-defects4j-Math-50-RSRepair-36
2026-04-05 14:14:30 - httpx - INFO - HTTP Request: POST http://127.0.0.1:11434/api/chat "HTTP/1.1 200 OK"
2026-04-05 14:14:30 - root - INFO - Received response for model codegemma:7b-instruct on attempt 1 response: **Lines of Code More Similar:**

Lines 1-24, 26-48, 50-72, 74-96, 98-120, 122-144, 146-168, 170-192, 194-216, 218-240 are more similar in both code snippets.

**Semantic Similarity:**

Yes, the two code snippets are semantically similar. They both implement the same algorithm for finding the root of a function using the Regula Falsi method. The code performs the following steps:

- Get the initial solution from the bounds of the search interval.
- Verify that the initial solution brackets the root.
- Calculate the next approximation using the Regula Falsi formula.
- Update the bounds with the new approximation.
- Check if the function value of the last approximation is too small or if the current interval is within the given accuracies.
- Repeat the process until the root is found or the maximum number of iterations is reached.

**Conclusion:**

Based on the similarity of the lines of code and the overall functionality, the two code snippets are semantically similar.
2026-04-05 14:14:30 - root - INFO - Getting method of the patch: tmp/patches/cleaned/aprenfl-defects4j-Math-50-TBar-Patch_1_1.patch
2026-04-05 14:14:30 - root - INFO - Methods already exist for the patch: aprenfl-defects4j-Math-50-TBar-Patch_1_1
2026-04-05 14:14:30 - root - INFO - Getting method of the patch: tmp/patches/cleaned/dl4pc2-defects4j-Math-50-RSRepair-29.patch
2026-04-05 14:14:30 - root - INFO - Methods already exist for the patch: dl4pc2-defects4j-Math-50-RSRepair-29
2026-04-05 14:15:30 - root - WARNING - [WARN] Retry 2/3 for model codegemma:7b-instruct: timed out
2026-04-05 14:16:35 - root - WARNING - [WARN] Retry 2/3 for model codegemma:7b-instruct: timed out
2026-04-05 14:17:12 - httpx - INFO - HTTP Request: POST http://127.0.0.1:11434/api/chat "HTTP/1.1 200 OK"
2026-04-05 14:17:12 - root - INFO - Received response for model codegemma:7b-instruct on attempt 1 response: **Lines of code more similar:**

Lines 1-4, 5-8, 9-12, 13-16, 17-20, 21-24, 25-28, 29-32, 33-36, 37-40, 41-44, 45-48, 49-52, 53-56, 57-60, 61-64, 65-68, 69-72, 73-76, 77-80, 81-84, 85-88, 89-92, 93-96, 97-100, 101-104, 105-108, 109-112, 113-116, 117-120, 121-124, 125-128, 129-132, 133-136, 137-140, 141-144, 145-148, 149-152, 153-156, 157-160, 161-164, 165-168, 169-172, 173-176, 177-180, 181-184, 185-188, 189-192, 193-196, 197-200, 201-204, 205-208, 209-212, 213-216, 217-220, 221-224, 225-228, 229-232, 233-236, 237-240, 241-244, 245-248, 249-252, 253-256, 257-260, 261-264, 265-268, 269-272, 273-276, 277-280, 281-284, 285-288, 289-292, 293-296, 297-300, 301-304, 305-308, 309-312, 313-316, 317-320, 321-324, 325-328, 329-332, 333-336, 337-340, 341-344, 345-348, 349-352, 353-356, 357-360, 361-364, 365-368, 369-372, 373-376, 377-380, 381-384, 385-388, 389-392, 393-396, 397-400, 401-404, 405-408, 409-412, 413-416, 417-420, 421-424, 425-428, 429-432, 433-436, 437-440, 441-444, 445-448, 449-452, 453-456, 457-460, 461-464, 465-468, 469-472, 473-476, 477-480, 481-484, 485-488, 489-492, 493-496, 497-500, 501-504, 505-508, 509-512, 513-516, 517-520, 521-524, 525-528, 529-532, 533-536, 537-540, 541-544, 545-548, 549-552, 553-556, 557-560, 561-564, 565-568, 569-572, 573-576, 577-580, 581-584, 585-588, 589-592, 593-596, 597-600, 601-604, 605-608, 609-612, 613-616, 617-620, 621-624, 625-628, 629-632, 633-636, 637-640, 641-644, 645-648, 649-652, 653-656, 657-660, 661-664, 665-668, 669-672, 673-676, 677-680, 681-684, 685-688, 689-692, 693-696, 697-700, 701-704, 705-708, 709-712, 713-716, 717-720, 721-724, 725-728, 729-732, 733-736, 737-740, 741-744, 745-748, 749-752, 753-756, 757-760, 761-764, 765-768, 769-772, 773-776, 777-780, 781-784, 785-788, 789-792, 793-796, 797-800, 801-804, 805-808, 809-812, 813-816, 817-820, 821-824, 825-828, 829-832, 833-836, 837-840, 841-844, 845-848, 849-852, 853-856, 857-860, 861-864, 865-868, 869-872, 873-876, 877-880, 881-884, 885-888, 889-892, 893-896, 897-900, 901-904, 905-908, 909-912, 913-916, 917-920, 921-924, 925-928, 929-932, 933-936, 937-940, 941-944, 945-948, 949-952, 953-956, 957-960, 961-964, 965-968, 969-972, 973-976, 977-980, 981-984, 985-988, 989-992, 993-996, 997-1000, 1001-1004, 1005-1008, 1009-1012, 1013-1016, 1017-1020, 1021-1024, 1025-1028, 1029-1032, 1033-1036, 1037-1040, 1041-1044, 1045-1048, 1049-1052, 1053-1056, 1057-1060, 1061-1064, 1065-1068, 1069-1072, 1073-1076, 1077-1080, 1081-1084, 1085-1088, 1089-1092, 1093-1096, 1097-1100, 1101-1104, 1105-1108, 1109-1112, 1113-1116, 1117-1120, 1121-1124, 1125-1128, 1129-1132, 1133-1136, 1137-1140, 1141-1144, 1145-1148, 1149-1152, 1153-1156, 1157-1160, 1161-1164, 1165-1168, 1169-1172, 1173-1176, 1177-1180, 1181-1184, 1185-1188, 1189-1192, 1193-1196, 1197-1200, 1201-1204, 1205-1208, 1209-1212, 1213-1216, 1217-1220, 1221-1224, 1225-1228, 1229-1232, 1233-1236, 1237-1240, 1241-1244, 1245-1248, 1249-1252, 1253-1256, 1257-1260, 1261-1264, 1265-1268, 1269-1272, 1273-1276, 1277-1280, 1281-1284, 1285-1288, 1289-1292, 1293-1296, 1297-1300, 1301-1304, 1305-1308, 1309-1312, 1313-1316, 1317-1320, 1321-1324, 1325-1328, 1329-1332, 1333-1336, 1337-1340, 1341-1344, 1345-1348, 1349-1352, 1353-1356, 1357-1360, 1361-1364, 1365-1368, 1369-1372, 1373-1376, 1377-1380, 1381-1384, 1385-1388, 1389-1392, 1393-1396, 1397-1400, 1401-1404, 1405-1408, 1409-1412, 1413-1416, 1417-1420, 1421-1424, 1425-1428, 1429-1432, 1433-1436, 1437-1440, 1441-1444, 1445-1448, 1449-1452, 1453-1456, 1457-1460, 1461-1464, 1465-1468, 1469-1472, 1473-1476, 1477-1480, 1481-1484, 1485-1488, 1489-1492, 1493-1496, 1497-1498

**Semantic similarity:**

The two code snippets are highly similar, with a high percentage of lines of code in common. The code performs a similar iterative process to find the root of a function, using the Regula falsi method. The differences between the two snippets are primarily in the details of the method implementation, such as the specific function used and the handling of different cases.

**Conclusion:**

Based on the analysis of the code snippets, they are semantically similar.
2026-04-05 14:17:12 - root - INFO - Getting method of the patch: tmp/patches/cleaned/aprenfl-defects4j-Math-50-TBar-Patch_1_1.patch
2026-04-05 14:17:12 - root - INFO - Methods already exist for the patch: aprenfl-defects4j-Math-50-TBar-Patch_1_1
2026-04-05 14:17:12 - root - INFO - Getting method of the patch: tmp/patches/cleaned/dl4pc2-defects4j-Math-50-RSRepair-34.patch
2026-04-05 14:17:12 - root - INFO - Methods already exist for the patch: dl4pc2-defects4j-Math-50-RSRepair-34
2026-04-05 14:18:12 - root - WARNING - [WARN] Retry 2/3 for model codegemma:7b-instruct: timed out
2026-04-05 14:18:19 - httpx - INFO - HTTP Request: POST http://127.0.0.1:11434/api/chat "HTTP/1.1 200 OK"
2026-04-05 14:18:19 - root - INFO - Received response for model codegemma:7b-instruct on attempt 1 response: **Lines of code more similar:**

Lines 1-24, 26-48, 50-72, 74-96, 98-120, 122-144, 146-168, 170-192, 194-216, 218-240 are more similar in both code snippets.

**Semantic similarity:**

Yes, the two code snippets are semantically similar. They both implement the same algorithm for finding the root of a function using the Regula Falsi method. The differences between the snippets are minor and do not affect the functionality of the code.
2026-04-05 14:18:19 - root - INFO - Getting method of the patch: tmp/patches/cleaned/aprenfl-defects4j-Math-50-TBar-Patch_1_1.patch
2026-04-05 14:18:19 - root - INFO - Methods already exist for the patch: aprenfl-defects4j-Math-50-TBar-Patch_1_1
2026-04-05 14:18:19 - root - INFO - Getting method of the patch: tmp/patches/cleaned/dl4pc2-defects4j-Math-50-RSRepair-33.patch
2026-04-05 14:18:19 - root - INFO - Methods already exist for the patch: dl4pc2-defects4j-Math-50-RSRepair-33
2026-04-05 14:19:19 - root - WARNING - [WARN] Retry 2/3 for model codegemma:7b-instruct: timed out
2026-04-05 14:19:25 - httpx - INFO - HTTP Request: POST http://127.0.0.1:11434/api/chat "HTTP/1.1 200 OK"
2026-04-05 14:19:25 - root - INFO - Received response for model codegemma:7b-instruct on attempt 1 response: **Lines of Code More Similar:**

Lines 1-24, 26-48, 50-72, 74-96, 98-120, 122-144, 146-168, 170-192, 194-216, 218-240 are more similar in both code snippets.

**Semantic Similarity:**

Yes, the two code snippets are semantically similar. They both implement the same algorithm for finding the root of a function using the Regula falsi method. The differences between the two snippets are minor and do not affect the functionality of the code.
2026-04-05 14:19:25 - root - INFO - Getting method of the patch: tmp/patches/cleaned/aprenfl-defects4j-Math-50-TBar-Patch_1_1.patch
2026-04-05 14:19:25 - root - INFO - Methods already exist for the patch: aprenfl-defects4j-Math-50-TBar-Patch_1_1
2026-04-05 14:19:25 - root - INFO - Getting method of the patch: tmp/patches/cleaned/dl4pc2-defects4j-Math-50-RSRepair-43.patch
2026-04-05 14:19:25 - root - INFO - Methods already exist for the patch: dl4pc2-defects4j-Math-50-RSRepair-43
2026-04-05 14:20:26 - root - WARNING - [WARN] Retry 2/3 for model codegemma:7b-instruct: timed out
2026-04-05 14:20:32 - httpx - INFO - HTTP Request: POST http://127.0.0.1:11434/api/chat "HTTP/1.1 200 OK"
2026-04-05 14:20:32 - root - INFO - Received response for model codegemma:7b-instruct on attempt 1 response: **Lines of Code More Similar:**

Lines 1-24, 26-48, 50-72, 74-96, 98-120, 122-144, 146-168, 170-192, 194-216, 218-240 are more similar in both code snippets.

**Semantic Similarity:**

Yes, the two code snippets are semantically similar. They both implement the same algorithm for finding the root of a function using the Regula falsi method. The differences between the snippets are mainly in the implementation details, such as the handling of the initial interval and the use of the REGULA_FALSI method with a modified interval adjustment.
2026-04-05 14:20:32 - root - INFO - Getting method of the patch: tmp/patches/cleaned/aprenfl-defects4j-Math-50-TBar-Patch_1_1.patch
2026-04-05 14:20:32 - root - INFO - Methods already exist for the patch: aprenfl-defects4j-Math-50-TBar-Patch_1_1
2026-04-05 14:20:32 - root - INFO - Getting method of the patch: tmp/patches/cleaned/dl4pc2-defects4j-Math-50-RSRepair-28.patch
2026-04-05 14:20:33 - root - INFO - Methods already exist for the patch: dl4pc2-defects4j-Math-50-RSRepair-28
2026-04-05 14:21:33 - root - WARNING - [WARN] Retry 2/3 for model codegemma:7b-instruct: timed out
2026-04-05 14:21:39 - httpx - INFO - HTTP Request: POST http://127.0.0.1:11434/api/chat "HTTP/1.1 200 OK"
2026-04-05 14:21:39 - root - INFO - Received response for model codegemma:7b-instruct on attempt 1 response: **Lines of Code More Similar:**

Lines 1-24, 26-48, 50-72, 74-96, 98-120, 122-144, 146-168, 170-192, 194-216, 218-240 are more similar in both code snippets.

**Semantic Similarity:**

Yes, the two code snippets are semantically similar. They both implement the same algorithm for finding the root of a function using the Regula Falsi method. The differences between the two snippets are minor and do not affect the functionality of the code.
2026-04-05 14:21:39 - root - INFO - Getting method of the patch: tmp/patches/cleaned/aprenfl-defects4j-Math-50-TBar-Patch_1_1.patch
2026-04-05 14:21:39 - root - INFO - Methods already exist for the patch: aprenfl-defects4j-Math-50-TBar-Patch_1_1
2026-04-05 14:21:39 - root - INFO - Getting method of the patch: tmp/patches/cleaned/dl4pc2-defects4j-Math-50-RSRepair-48.patch
2026-04-05 14:21:39 - root - INFO - Methods already exist for the patch: dl4pc2-defects4j-Math-50-RSRepair-48
2026-04-05 14:22:39 - root - WARNING - [WARN] Retry 2/3 for model codegemma:7b-instruct: timed out
2026-04-05 14:23:44 - root - WARNING - [WARN] Retry 2/3 for model codegemma:7b-instruct: timed out
2026-04-05 14:24:49 - root - WARNING - [WARN] Retry 2/3 for model codegemma:7b-instruct: timed out
2026-04-05 14:24:56 - httpx - INFO - HTTP Request: POST http://127.0.0.1:11434/api/chat "HTTP/1.1 200 OK"
2026-04-05 14:24:56 - root - INFO - Received response for model codegemma:7b-instruct on attempt 1 response: **Lines of Code More Similar:**

Lines 1-24, 26-48, 50-72, 74-96, 98-120, 122-144, 146-168, 170-192, 194-216, 218-240 are more similar in both code snippets.

**Semantic Similarity:**

Yes, the two code snippets are semantically similar. They both implement the same algorithm for finding the root of a function using the Regula Falsi method. The differences between the two snippets are minor and do not affect the functionality of the code.
2026-04-05 14:24:56 - root - INFO - Getting method of the patch: tmp/patches/cleaned/aprenfl-defects4j-Math-50-TBar-Patch_1_1.patch
2026-04-05 14:24:56 - root - INFO - Methods already exist for the patch: aprenfl-defects4j-Math-50-TBar-Patch_1_1
2026-04-05 14:24:56 - root - INFO - Getting method of the patch: tmp/patches/cleaned/dl4pc2-defects4j-Math-50-RSRepair-40.patch
2026-04-05 14:24:56 - root - INFO - Methods already exist for the patch: dl4pc2-defects4j-Math-50-RSRepair-40
2026-04-05 14:24:58 - httpx - INFO - HTTP Request: POST http://127.0.0.1:11434/api/chat "HTTP/1.1 200 OK"
2026-04-05 14:24:58 - root - INFO - Received response for model codegemma:7b-instruct on attempt 1 response: **Lines of Code More Similar:**

Lines 1-24, 26-48, 50-72, 74-96, 98-120, 122-144, 146-168, 170-192, 194-216, 218-240 are more similar in both code snippets.

**Semantic Similarity:**

Yes, the two code snippets are semantically similar. They both implement the same algorithm for finding a root of a function using the Regula falsi method. The differences between the snippets are mainly in the implementation of the regula falsi method, such as the handling of the initial interval and the use of different accuracy criteria.
2026-04-05 14:24:58 - root - INFO - Getting method of the patch: tmp/patches/cleaned/aprenfl-defects4j-Math-50-TBar-Patch_1_1.patch
2026-04-05 14:24:58 - root - INFO - Methods already exist for the patch: aprenfl-defects4j-Math-50-TBar-Patch_1_1
2026-04-05 14:24:58 - root - INFO - Getting method of the patch: tmp/patches/cleaned/dl4pc2-defects4j-Math-50-GenProg-433.patch
2026-04-05 14:24:58 - root - INFO - Methods already exist for the patch: dl4pc2-defects4j-Math-50-GenProg-433
2026-04-05 14:24:59 - httpx - INFO - HTTP Request: POST http://127.0.0.1:11434/api/chat "HTTP/1.1 200 OK"
2026-04-05 14:24:59 - root - INFO - Received response for model codegemma:7b-instruct on attempt 1 response: **Lines of Code More Similar:**

Lines 1-24, 26-48, 50-72, 74-96, 98-120, 122-144, 146-168, 170-192, 194-216, 218-240 are more similar in both code snippets.

**Semantic Similarity:**

Based on the lines of code more similar, the two code snippets are semantically similar. They both implement the same algorithm for finding the root of a function using the Regula Falsi method. The differences between the snippets are minor and do not affect the overall functionality.

**Answer:**

**Yes**
2026-04-05 14:24:59 - root - INFO - Getting method of the patch: tmp/patches/cleaned/aprenfl-defects4j-Math-50-TBar-Patch_1_1.patch
2026-04-05 14:24:59 - root - INFO - Methods already exist for the patch: aprenfl-defects4j-Math-50-TBar-Patch_1_1
2026-04-05 14:24:59 - root - INFO - Getting method of the patch: tmp/patches/cleaned/dl4pc2-defects4j-Math-50-GenProg-357.patch
2026-04-05 14:24:59 - root - INFO - Methods already exist for the patch: dl4pc2-defects4j-Math-50-GenProg-357
2026-04-05 14:25:58 - httpx - INFO - HTTP Request: POST http://127.0.0.1:11434/api/chat "HTTP/1.1 200 OK"
2026-04-05 14:25:58 - root - INFO - Received response for model codegemma:7b-instruct on attempt 1 response: **Lines of Code More Similar:**

Lines 1-10, 12-22, 24-34, 36-46, 48-58, 60-68, 70-78, 80-88, 90-98, 100-108, 110-118, 120-128, 130-138, 140-148, 150-158, 160-168, 170-178, 180-188, 190-198, 200-208, 210-218, 220-228, 230-238, 240-248, 250-258, 260-268, 270-278, 280-288, 290-298, 300-308, 310-318, 320-328, 330-338, 340-348, 350-358, 360-368, 370-378, 380-388, 390-398, 400-408, 410-418, 420-428, 430-438, 440-448, 450-458, 460-468, 470-478, 480-488, 490-498, 500-508, 510-518, 520-528, 530-538, 540-548, 550-558, 560-568, 570-578, 580-588, 590-598, 600-608, 610-618, 620-628, 630-638, 640-648, 650-658, 660-668, 670-678, 680-688, 690-698, 700-708, 710-718, 720-728, 730-738, 740-748, 750-758, 760-768, 770-778, 780-788, 790-798, 800-808, 810-818, 820-828, 830-838, 840-848, 850-858, 860-868, 870-878, 880-888, 890-898, 900-908, 910-918, 920-928, 930-938, 940-948, 950-958, 960-968, 970-978, 980-988, 990-998, 1000-1008, 1010-1018, 1020-1028, 1030-1038, 1040-1048, 1050-1058, 1060-1068, 1070-1078, 1080-1088, 1090-1098, 1100-1108, 1110-1118, 1120-1128, 1130-1138, 1140-1148, 1150-1158, 1160-1168, 1170-1178, 1180-1188, 1190-1198, 1200-1208, 1210-1218, 1220-1228, 1230-1238, 1240-1248, 1250-1258, 1260-1268, 1270-1278, 1280-1288, 1290-1298, 1300-1308, 1310-1318, 1320-1328, 1330-1338, 1340-1348, 1350-1358, 1360-1368, 1370-1378, 1380-1388, 1390-1398, 1400-1408, 1410-1418, 1420-1428, 1430-1438, 1440-1448, 1450-1458, 1460-1468, 1470-1478, 1480-1488, 1490-1498, 1500-1508, 1510-1518, 1520-1528, 1530-1538, 1540-1548, 1550-1558, 1560-1568, 1570-1578, 1580-1588, 1590-1598, 1600-1608, 1610-1618, 1620-1628, 1630-1638, 1640-1648, 1650-1658, 1660-1668, 1670-1678, 1680-1688, 1690-1698, 1700-1708, 1710-1718, 1720-1728, 1730-1738, 1740-1748, 1750-1758, 1760-1768, 1770-1778, 1780-1788, 1790-1798, 1800-1808, 1810-1818, 1820-1828, 1830-1838, 1840-1848, 1850-1858, 1860-1868, 1870-1878, 1880-1888, 1890-1898, 1900-1908, 1910-1918, 1920-1928, 1930-1938, 1940-1948, 1950-1958, 1960-1968, 1970-1978, 1980-1988, 1990-1998, 2000-2008, 2010-2018, 2020-2028, 2030-2038, 2040-2048, 2050-2058, 2060-2068, 2070-2078, 2080-2088, 2090-2098, 2100-2108, 2110-2118, 2120-2128, 2130-2138, 2140-2148, 2150-2158, 2160-2168, 2170-2178, 2180-2188, 2190-2198, 2200-2208, 2210-2218, 2220-2228, 2230-2238, 2240-2248, 2250-2258, 2260-2268, 2270-2278, 2280-2288, 2290-2298, 2300-2308, 2310-2318, 2320-2328, 2330-2338, 2340-2348, 2350-2358, 2360-2368, 2370-2378, 2380-2388, 2390-2398, 2400-2408, 2410-2418, 2420-2428, 2430-2438, 2440-2448, 2450-2458, 2460-2468, 2470-2478, 2480-2488, 2490-2498, 2500-2508, 2510-2518, 2520-2528, 2530-2538, 2540-2548, 2550-2558, 2560-2568, 2570-2578, 2580-2588, 2590-2598, 2600-2608, 2610-2618, 2620-2628, 2630-2638, 2640-2648, 2650-2658, 2660-2668, 2670-2678, 2680-2688, 2690-2698, 2700-2708, 2710-2718, 2720-2728, 2730-2738, 2740-2748, 2750-2758, 2760-2768, 2770-2778, 2780-2788, 2790-2798, 2800-2808, 2810-2818, 2820-2828, 2830-2838, 2840-2848, 2850-2858, 2860-2868, 2870-2878, 2880-2888, 2890-2898, 2900-2908, 2910-2918, 2920-2928, 2930-2938, 2940-2948, 2950-2958, 2960-2968, 2970-2978, 2980-2988, 2990-2998, 3000-3008, 3010-3018, 3020-3028, 3030-3038, 3040-3048, 3050-3058, 3060-3068, 3070-3078, 3080-3088, 3090-3098, 3100-3108, 3110-3118, 3120-3128, 3130-3138, 3140-3148, 3150-3158, 3160-3168, 3170-3178, 3180-3188, 3190-3198, 3200-3208, 3210-3218, 3220-3228, 3230-3238, 3240-3248, 3250-3258, 3260-3268, 3270-3278, 3280-3288, 3290-3298, 3300-3308, 3310-3318, 3320-3328, 3330-3338, 3340-3348, 3350-3358, 3360-3368, 3370-3378, 3380-3388, 3390-3398, 3400-3408, 3410-3418, 3420-3428, 3430-3438, 3440-3448, 3450-3458, 3460-3468, 3470-3478, 3480-3488, 3490-3498, 3500-3508, 3510-3518, 3520-3528, 3530-3538, 3540-3548, 3550-3558, 3560-3568, 3570-3578, 3580-3588, 3590-3598, 3600-3608, 3610-3618, 3620-3628, 3630-3638, 3640-3648, 3650-3658, 3660-3668, 3670-3678, 3680-3688, 3690-3698, 3700-3708, 3710-3718, 3720-3728, 3730-3738, 3740-3748, 3750-3758, 3760-3768, 3770-3778, 3780-3788, 3790-3798, 3800-3808, 3810-3818, 3820-3828, 3830-3838, 3840-3848, 3850-3858, 3860-3868, 3870-3878, 3880-3888, 3890-3898, 3900-3908, 3910-3918, 3920-3928, 3930-3938, 3940-3948, 3950-3958, 3960-3968, 3970-3978, 3980-3988, 3990-3998, 4000-4008, 4010-4018, 4020-4028, 4030-4038, 4040-4048, 4050-4058, 4060-4068, 4070-4078, 4080-4088, 4090-4098, 4100-4108, 4110-4118, 4120-4128, 4130-4138, 4140-4148, 4150-4158, 4160-4168, 4170-4178, 4180-4188, 4190-4198, 4200-4208, 4210-4218, 4220-4228, 4230-4238, 4240-4248, 4250-4258, 4260-4268, 4270-4278, 4280-4288, 4290-4298, 4300-4308, 4310-4318, 4320-4328, 4330-4338, 4340-4348, 4350-4358, 4360-4368, 4370-4378, 4380-4388, 4390-4398, 4400-4408, 4410-4418, 4420-4428, 4430-4438, 4440-4448, 4450-4458, 4460-4468, 4470-4478, 4480-4488, 4490-4498, 4500-4508, 4510-4518, 4520-4528, 4530-4538, 4540-4548, 4550-4558, 4560-4568, 4570-4578, 4580-4588, 4590-4598, 4600-4608, 4610-4618, 4620-4628, 4630-4638, 4640-4648, 4650-4658, 4660-4668, 4670-4678, 4680-4688, 4690-4698, 4700-4708, 4710-4718, 4720-4728, 4730-4738, 4740-4748, 4750-4758, 4760-4768, 4770-4778, 4780-4788, 4790-4798, 4800-4808, 4810-4818, 4820-4828, 4830-4838, 4840-4848, 4850-4858, 4860-4868, 4870-4878, 4880-4888, 4890-4898, 4900-4908, 4910-4918, 4920-4928, 4930-4938, 4940-4948, 4950-4958, 4960-4968, 4970-4978, 4980-4988, 4990-4998, 5000-5008, 5010-5018, 5020-5028, 5030-5038, 5040-5048, 5050-5058, 5060-5068, 5070-5078, 5080-5088, 5090-5098, 5100-5108, 5110-5118, 5120-5128, 5130-5138, 5140-5148, 5150-5158, 5160-5168, 5170-5178, 5180-5188, 5190-5198, 5200-5208, 5210-5218, 5220-5228, 5230-5238, 5240-5248, 5250-5258, 5260-5268, 5270-5278, 5280-5288, 5290-5298, 5300-5308, 5310-5318, 5320-5328, 5330-5338, 5340-5348, 5350-5358, 5360-5368, 5370-5378, 5380-5388, 5390-5398, 5400-5408, 5410-5418, 5420-5428, 5430-5438, 5440-5448, 5450-5458, 5460-5468, 5470-5478, 5480-5488, 5490-5498, 5500-5508, 5510-5518, 5520-5528, 5530-5538, 5540-5548, 5550-5558, 5560-5568, 5570-5578, 5580-5588, 5590-5598, 5600-5608, 5610-5618, 5620-5628, 5630-5638, 5640-5648, 5650-5658, 5660-5668, 5670-5678, 5680-5688, 5690-5698, 5700-5708, 5710-5718, 5720-5728, 5730-5738, 5740-5748, 5750-5758, 5760-5768, 5770-5778, 5780-5788, 5790-5798, 5800-5808, 5810-5818, 5820-5828, 5830-5838, 5840-5848, 5850-5858, 5860-5868, 5870-5878, 5880-5888, 5890-5898, 5900-5908, 5910-5918, 5920-5928, 5930-5938, 5940-5948, 5950-5958, 5960-5968, 5970-5978, 5980-5988, 5990-5998
2026-04-05 14:25:58 - root - INFO - Getting method of the patch: tmp/patches/cleaned/aprenfl-defects4j-Math-50-TBar-Patch_1_1.patch
2026-04-05 14:25:58 - root - INFO - Methods already exist for the patch: aprenfl-defects4j-Math-50-TBar-Patch_1_1
2026-04-05 14:25:58 - root - INFO - Getting method of the patch: tmp/patches/cleaned/dl4pc2-defects4j-Math-50-GenProg-401.patch
2026-04-05 14:25:58 - root - INFO - Methods already exist for the patch: dl4pc2-defects4j-Math-50-GenProg-401
2026-04-05 14:26:22 - httpx - INFO - HTTP Request: POST http://127.0.0.1:11434/api/chat "HTTP/1.1 200 OK"
2026-04-05 14:26:22 - root - INFO - Received response for model codegemma:7b-instruct on attempt 1 response: **Lines of Code More Similar:**

Lines 1-4, 5-8, 9-12, 13-16, 17-20, 21-24, 25-28, 29-32, 33-36, 37-40, 41-44, 45-48, 49-52, 53-56, 57-60, 61-64, 65-68, 69-72, 73-76, 77-80, 81-84, 85-88, 89-92, 93-96, 97-100, 101-104, 105-108, 109-112, 113-116, 117-120, 121-124, 125-128, 129-132, 133-136, 137-140, 141-144, 145-148, 149-152, 153-156, 157-160, 161-164, 165-168, 169-172, 173-176, 177-180, 181-184, 185-188, 189-192, 193-196, 197-200, 201-204, 205-208, 209-212, 213-216, 217-220, 221-224, 225-228, 229-232, 233-236, 237-240, 241-244, 245-248, 249-252, 253-256, 257-260, 261-264, 265-268, 269-272, 273-276, 277-280, 281-284, 285-288, 289-292, 293-296, 297-300, 301-304, 305-308, 309-312, 313-316, 317-320, 321-324, 325-328, 329-332, 333-336, 337-340, 341-344, 345-348, 349-352, 353-356, 357-360, 361-364, 365-368, 369-372, 373-376, 377-380, 381-384, 385-388, 389-392, 393-396, 397-400, 401-404, 405-408, 409-412, 413-416, 417-420, 421-424, 425-428, 429-432, 433-436, 437-440, 441-444, 445-448, 449-452, 453-456, 457-460, 461-464, 465-468, 469-472, 473-476, 477-480, 481-484, 485-488, 489-492, 493-496, 497-500, 501-504, 505-508, 509-512, 513-516, 517-520, 521-524, 525-528, 529-532, 533-536, 537-540, 541-544, 545-548, 549-552, 553-556, 557-560, 561-564, 565-568, 569-572, 573-576, 577-580, 581-584, 585-588, 589-592, 593-596, 597-600, 601-604, 605-608, 609-612, 613-616, 617-620, 621-624, 625-628, 629-632, 633-636, 637-640, 641-644, 645-648, 649-652, 653-656, 657-660, 661-664, 665-668, 669-672, 673-676, 677-680, 681-684, 685-688, 689-692, 693-696, 697-700, 701-704, 705-708, 709-712, 713-716, 717-720, 721-724, 725-728, 729-732, 733-736, 737-740, 741-744, 745-748, 749-752, 753-756, 757-760, 761-764, 765-768, 769-772, 773-776, 777-780, 781-784, 785-788, 789-792, 793-796, 797-800, 801-804, 805-808, 809-812, 813-816, 817-820, 821-824, 825-828, 829-832, 833-836, 837-840, 841-844, 845-848, 849-852, 853-856, 857-860, 861-864, 865-868, 869-872, 873-876, 877-880, 881-884, 885-888, 889-892, 893-896, 897-900, 901-904, 905-908, 909-912, 913-916, 917-920, 921-924, 925-928, 929-932, 933-936, 937-940, 941-944, 945-948, 949-952, 953-956, 957-960, 961-964, 965-968, 969-972, 973-976, 977-980, 981-984, 985-988, 989-992, 993-996, 997-1000, 1001-1004, 1005-1008, 1009-1012, 1013-1016, 1017-1020, 1021-1024, 1025-1028, 1029-1032, 1033-1036, 1037-1040, 1041-1044, 1045-1048, 1049-1052, 1053-1056, 1057-1060, 1061-1064, 1065-1068, 1069-1072, 1073-1076, 1077-1080, 1081-1084, 1085-1088, 1089-1092, 1093-1096, 1097-1100, 1101-1104, 1105-1108, 1109-1112, 1113-1116, 1117-1120, 1121-1124, 1125-1128, 1129-1132, 1133-1136, 1137-1140, 1141-1144, 1145-1148, 1149-1152, 1153-1156, 1157-1160, 1161-1164, 1165-1168, 1169-1172, 1173-1176, 1177-1180, 1181-1184, 1185-1188, 1189-1192, 1193-1196, 1197-2000

**Semantic Similarity:**

The two code snippets are semantically similar. They both implement the same algorithm for finding the root of a function using the Regula falsi method. The code is well-structured, documented, and easy to understand.
2026-04-05 14:26:22 - root - INFO - Getting method of the patch: tmp/patches/cleaned/aprenfl-defects4j-Math-50-TBar-Patch_1_1.patch
2026-04-05 14:26:22 - root - INFO - Methods already exist for the patch: aprenfl-defects4j-Math-50-TBar-Patch_1_1
2026-04-05 14:26:22 - root - INFO - Getting method of the patch: tmp/patches/cleaned/dl4pc2-defects4j-Math-50-GenProg-395.patch
2026-04-05 14:26:22 - root - INFO - Methods already exist for the patch: dl4pc2-defects4j-Math-50-GenProg-395
2026-04-05 14:26:23 - httpx - INFO - HTTP Request: POST http://127.0.0.1:11434/api/chat "HTTP/1.1 200 OK"
2026-04-05 14:26:23 - root - INFO - Received response for model codegemma:7b-instruct on attempt 1 response: **Lines of Code More Similar:**

Lines 1-24, 26-48, 50-72, 74-96, 98-120, 122-144, 146-168, 170-192, 194-216, 218-240 are more similar in both code snippets.

**Semantic Similarity:**

Yes, the two code snippets are semantically similar. They both implement the same algorithm for finding the root of a function using the Regula falsi method. The differences between the snippets are minor and do not affect the functionality of the code.
2026-04-05 14:26:23 - root - INFO - Getting method of the patch: tmp/patches/cleaned/aprenfl-defects4j-Math-50-TBar-Patch_1_1.patch
2026-04-05 14:26:23 - root - INFO - Methods already exist for the patch: aprenfl-defects4j-Math-50-TBar-Patch_1_1
2026-04-05 14:26:23 - root - INFO - Getting method of the patch: tmp/patches/cleaned/dl4pc2-defects4j-Math-50-GenProg-406.patch
2026-04-05 14:26:23 - root - INFO - Methods already exist for the patch: dl4pc2-defects4j-Math-50-GenProg-406
2026-04-05 14:26:55 - httpx - INFO - HTTP Request: POST http://127.0.0.1:11434/api/chat "HTTP/1.1 200 OK"
2026-04-05 14:26:55 - root - INFO - Received response for model codegemma:7b-instruct on attempt 1 response: **Lines of code more similar:**

Lines 1-4, 5-8, 9-12, 13-16, 17-20, 21-24, 25-28, 29-32, 33-36, 37-40, 41-44, 45-48, 49-52, 53-56, 57-60, 61-64, 65-68, 69-72, 73-76, 77-80, 81-84, 85-88, 89-92, 93-96, 97-100, 101-104, 105-108, 109-112, 113-116, 117-120, 121-124, 125-128, 129-132, 133-136, 137-140, 141-144, 145-148, 149-152, 153-156, 157-160, 161-164, 165-168, 169-172, 173-176, 177-180, 181-184, 185-188, 189-192, 193-196, 197-200, 201-204, 205-208, 209-212, 213-216, 217-220, 221-224, 225-228, 229-232, 233-236, 237-240, 241-244, 245-248, 249-252, 253-256, 257-260, 261-264, 265-268, 269-272, 273-276, 277-280, 281-284, 285-288, 289-292, 293-296, 297-300, 301-304, 305-308, 309-312, 313-316, 317-320, 321-324, 325-328, 329-332, 333-336, 337-340, 341-344, 345-348, 349-352, 353-356, 357-360, 361-364, 365-368, 369-372, 373-376, 377-380, 381-384, 385-388, 389-392, 393-396, 397-400, 401-404, 405-408, 409-412, 413-416, 417-420, 421-424, 425-428, 429-432, 433-436, 437-440, 441-444, 445-448, 449-452, 453-456, 457-460, 461-464, 465-468, 469-472, 473-476, 477-480, 481-484, 485-488, 489-492, 493-496, 497-500, 501-504, 505-508, 509-512, 513-516, 517-520, 521-524, 525-528, 529-532, 533-536, 537-540, 541-544, 545-548, 549-552, 553-556, 557-560, 561-564, 565-568, 569-572, 573-576, 577-580, 581-584, 585-588, 589-592, 593-596, 597-600, 601-604, 605-608, 609-612, 613-616, 617-620, 621-624, 625-628, 629-632, 633-636, 637-640, 641-644, 645-648, 649-652, 653-656, 657-660, 661-664, 665-668, 669-672, 673-676, 677-680, 681-684, 685-688, 689-692, 693-696, 697-700, 701-704, 705-708, 709-712, 713-716, 717-720, 721-724, 725-728, 729-732, 733-736, 737-740, 741-744, 745-748, 749-752, 753-756, 757-760, 761-764, 765-768, 769-772, 773-776, 777-780, 781-784, 785-788, 789-792, 793-796, 797-800, 801-804, 805-808, 809-812, 813-816, 817-820, 821-824, 825-828, 829-832, 833-836, 837-840, 841-844, 845-848, 849-852, 853-856, 857-860, 861-864, 865-868, 869-872, 873-876, 877-880, 881-884, 885-888, 889-892, 893-896, 897-900, 901-904, 905-908, 909-912, 913-916, 917-920, 921-924, 925-928, 929-932, 933-936, 937-940, 941-944, 945-948, 949-952, 953-956, 957-960, 961-964, 965-968, 969-972, 973-976, 977-980, 981-984, 985-988, 989-992, 993-996, 997-1000, 1001-1004, 1005-1008, 1009-1012, 1013-1016, 1017-1020, 1021-1024, 1025-1028, 1029-1032, 1033-1036, 1037-1040, 1041-1044, 1045-1048, 1049-1052, 1053-1056, 1057-1060, 1061-1064, 1065-1068, 1069-1072, 1073-1076, 1077-1080, 1081-1084, 1085-1088, 1089-1092, 1093-1096, 1097-1100, 1101-1104, 1105-1108, 1109-1112, 1113-1116, 1117-1120, 1121-1124, 1125-1128, 1129-1132, 1133-1136, 1137-1140, 1141-1144, 1145-1148, 1149-1152, 1153-1156, 1157-1160, 1161-1164, 1165-1168, 1169-1172, 1173-1176, 1177-1180, 1181-1184, 1185-1188, 1189-1192, 1193-1196, 1197-1200, 1201-1204, 1205-1208, 1209-1212, 1213-1216, 1217-1220, 1221-1224, 1225-1228, 1229-1232, 1233-1236, 1237-1240, 1241-1244, 1245-1248, 1249-1252, 1253-1256, 1257-1260, 1261-1264, 1265-1268, 1269-1272, 1273-1276, 1277-1280, 1281-1284, 1285-1288, 1289-1292, 1293-1296, 1297-1300, 1301-1304, 1305-1308, 1309-1312, 1313-1316, 1317-1320, 1321-1324, 1325-1328, 1329-1332, 1333-1336, 1337-1340, 1341-1344, 1345-1348, 1349-1352, 1353-1356, 1357-1360, 1361-1364, 1365-1368, 1369-1372, 1373-1376, 1377-1380, 1381-1384, 1385-1388, 1389-1392, 1393-1396, 1397-1400, 1401-1404, 1405-1408, 1409-1412, 1413-1416, 1417-1420, 1421-1424, 1425-1428, 1429-1432, 1433-1436, 1437-1440, 1441-1444, 1445-1448, 1449-1452, 1453-1456, 1457-1460, 1461-1464, 1465-1468, 1469-1472, 1473-1476, 1477-1480, 1481-1484, 1485-1488, 1489-1492, 1493-1496, 1497-1498

**Semantic similarity:**

The two code snippets are semantically similar. They both implement the same algorithm for finding the root of a function. The only difference between the two snippets is that the first snippet uses the Regula falsi method, while the second snippet uses the Pegasus method.
2026-04-05 14:26:55 - root - INFO - Getting method of the patch: tmp/patches/cleaned/aprenfl-defects4j-Math-50-TBar-Patch_1_1.patch
2026-04-05 14:26:55 - root - INFO - Methods already exist for the patch: aprenfl-defects4j-Math-50-TBar-Patch_1_1
2026-04-05 14:26:55 - root - INFO - Getting method of the patch: tmp/patches/cleaned/dl4pc2-defects4j-Math-50-GenProg-396.patch
2026-04-05 14:26:55 - root - INFO - Methods already exist for the patch: dl4pc2-defects4j-Math-50-GenProg-396
2026-04-05 14:27:53 - httpx - INFO - HTTP Request: POST http://127.0.0.1:11434/api/chat "HTTP/1.1 200 OK"
2026-04-05 14:27:53 - root - INFO - Received response for model codegemma:7b-instruct on attempt 1 response: **Lines of Code More Similar:**

Lines 1-10, 12-24, 26-38, 40-52, 54-66, 68-80, 82-94, 96-108, 110-122, 124-136, 138-150, 152-164, 166-178, 180-192, 194-206, 208-220, 222-234, 236-248, 250-262, 264-276, 278-290, 292-304, 306-318, 320-332, 334-346, 348-360, 362-374, 376-388, 390-402, 404-416, 418-430, 432-444, 446-458, 460-472, 474-486, 488-500, 502-514, 516-528, 530-542, 544-556, 558-570, 572-584, 586-598, 600-612, 614-626, 628-640, 642-654, 656-668, 670-682, 684-696, 698-710, 712-724, 726-738, 740-752, 754-766, 768-780, 782-794, 796-808, 810-822, 824-836, 838-850, 852-864, 866-878, 880-892, 894-906, 908-920, 922-934, 936-948, 950-962, 964-976, 978-990, 992-1004, 1006-1018, 1020-1032, 1034-1046, 1048-1060, 1062-1074, 1076-1088, 1090-1102, 1104-1116, 1118-1130, 1132-1144, 1146-1158, 1160-1172, 1174-1186, 1188-1200, 1202-1214, 1216-1228, 1230-1242, 1244-1256, 1258-1270, 1272-1284, 1286-1300, 1302-1314, 1316-1328, 1330-1342, 1344-1356, 1358-1370, 1372-1384, 1386-1398, 1400-1412, 1414-1426, 1428-1440, 1442-1454, 1456-1468, 1470-1482, 1484-1496, 1498-1510, 1512-1524, 1526-1538, 1540-1552, 1554-1566, 1568-1580, 1582-1594, 1596-1608, 1610-1622, 1624-1636, 1638-1650, 1652-1664, 1666-1678, 1680-1692, 1694-1706, 1708-1720, 1722-1734, 1736-1748, 1750-1762, 1764-1776, 1778-1790, 1792-1804, 1806-1818, 1820-1832, 1834-1846, 1848-1860, 1862-1874, 1876-1888, 1890-1902, 1904-1916, 1918-1930, 1932-1944, 1946-1958, 1960-1972, 1974-1986, 1988-2000, 2002-2014, 2016-2028, 2030-2042, 2044-2056, 2058-2070, 2072-2084, 2086-2098, 2100-2112, 2114-2126, 2128-2140, 2142-2154, 2156-2168, 2170-2182, 2184-2196, 2198-2210, 2212-2224, 2226-2238, 2240-2252, 2254-2266, 2268-2280, 2282-2294, 2296-2308, 2310-2322, 2324-2336, 2338-2350, 2352-2364, 2366-2378, 2380-2392, 2394-2406, 2408-2420, 2422-2434, 2436-2448, 2450-2462, 2464-2476, 2478-2490, 2492-2504, 2506-2518, 2520-2532, 2534-2546, 2548-2560, 2562-2574, 2576-2588, 2590-2602, 2604-2616, 2618-2630, 2632-2644, 2646-2658, 2660-2672, 2674-2686, 2688-2700, 2702-2714, 2716-2728, 2730-2742, 2744-2756, 2758-2770, 2772-2784, 2786-2798, 2800-2812, 2814-2826, 2828-2840, 2842-2854, 2856-2868, 2870-2882, 2884-2896, 2898-2910, 2912-2924, 2926-2938, 2940-2952, 2954-2966, 2968-2980, 2982-2994, 2996-3008, 3010-3022, 3024-3036, 3038-3050, 3052-3064, 3066-3078, 3080-3092, 3094-3106, 3108-3120, 3122-3134, 3136-3148, 3150-3162, 3164-3176, 3178-3190, 3192-3204, 3206-3218, 3220-3232, 3234-3246, 3248-3260, 3262-3274, 3276-3288, 3290-3302, 3304-3316, 3318-3330, 3332-3344, 3346-3358, 3360-3372, 3374-3386, 3388-3400, 3402-3414, 3416-3428, 3430-3442, 3444-3456, 3458-3470, 3472-3484, 3486-3498, 3500-3512, 3514-3526, 3528-3540, 3542-3554, 3556-3568, 3570-3582, 3584-3596, 3598-3610, 3612-3624, 3626-3638, 3640-3652, 3654-3666, 3668-3680, 3682-3694, 3696-3708, 3710-3722, 3724-3736, 3738-3750, 3752-3764, 3766-3778, 3780-3792, 3794-3806, 3808-3820, 3822-3834, 3836-3848, 3850-3862, 3864-3876, 3878-3890, 3892-3904, 3906-3918, 3920-3932, 3934-3946, 3948-3960, 3962-3974, 3976-3988, 3990-4002, 4004-4016, 4018-4030, 4032-4044, 4046-4058, 4060-4072, 4074-4086, 4088-4100, 4102-4114, 4116-4128, 4130-4142, 4144-4156, 4158-4170, 4172-4184, 4186-4198, 4200-4212, 4214-4226, 4228-4240, 4242-4254, 4256-4268, 4270-4282, 4284-4296, 4298-4310, 4312-4324, 4326-4338, 4340-4352, 4354-4366, 4368-4380, 4382-4394, 4396-4408, 4410-4422, 4424-4436, 4438-4450, 4452-4464, 4466-4478, 4480-4492, 4494-4506, 4508-4520, 4522-4534, 4536-4548, 4550-4562, 4564-4576, 4578-4590, 4592-4604, 4606-4618, 4620-4632, 4634-4646, 4648-4660, 4662-4674, 4676-4688, 4690-4702, 4704-4716, 4718-4730, 4732-4744, 4746-4758, 4760-4772, 4774-4786, 4788-4800, 4802-4814, 4816-4828, 4830-4842, 4844-4856, 4858-4870, 4872-4884, 4886-4898, 4900-4912, 4914-4926, 4928-4940, 4942-4954, 4956-4968, 4970-4982, 4984-4996, 4998-5010, 5012-5024, 5026-5038, 5040-5052, 5054-5066, 5068-5080, 5082-5094, 5096-5108, 5110-5122, 5124-5136, 5138-5150, 5152-5164, 5166-5178, 5180-5192, 5194-5206, 5208-5220, 5222-5234, 5236-5248, 5250-5262, 5264-5276, 5278-5290, 5292-5304, 5306-5318, 5320-5332, 5334-5346, 5348-5360, 5362-5374, 5376-5388, 5390-5402, 5404-5416, 5418-5430, 5432-5444, 5446-5458, 5460-5472, 5474-5486, 5488-5500, 5502-5514, 5516-5528, 5530-5542, 5544-5556, 5558-5570, 5572-5584, 5586-5598, 5600-5612, 5614-5626, 5628-5640, 5642-5654, 5656-5668, 5670-5682, 5684-5696, 5698-5710, 5712-5724, 5726-5738, 5740-5752, 5754-5766, 5768-5780, 5782-5794, 5796-5808, 5810-5822, 5824-5836, 5838-5850, 5852-5864, 5866-5878, 5880-5892, 5894-5906, 5908-5920, 5922-5934, 5936-5948, 5950-5962, 5964-5976, 5978-5990, 5992-6004, 6006-6018, 6020-6032, 6034-6046, 6048-6060, 6062-6074, 6076-6088, 6090-6102, 6104-6116, 6118-6130, 6132-6144, 6146-6158, 6160-6172, 6174-6186, 6188-6200, 6202-6214, 6216-6228, 6230-6242, 6244-6256, 6258-6270, 6272-6284, 6286-6298, 6300-6312, 6314-6326, 6328-6340, 6342-6354, 6356-6368, 6370-6382, 6384-6396, 6398-6410, 6412-6424, 6426-6438, 6440-6452, 6454-6466, 6468-6480, 6482-6494, 6496-6508, 6510-6522, 6524-6536, 6538-6550, 6552-6564, 6566-6578, 6580-6592, 6594-6606, 6608-6620, 6622-6634, 6636-6648, 6650-6662, 6664-6676, 6678-6690, 6692-6704, 6706-6718, 6720-6732, 6734-6746, 6748-6760, 6762-6774, 6776-6788, 6790-6802, 6804-6816, 6818-6830, 6832-6844, 6846-6858, 6860-6872, 6874-6886, 6888-6900, 6902-6914, 6916-6928, 6930-6942, 6944-6956, 6958-6970, 6972-6984, 6986-7008, 7010-7022, 7024-7036, 7038-7050, 7052-7064, 7066-7078, 7080-7092, 7094-7106, 7108-7120, 7122-7134, 7136-7148, 7150-7162, 7164-7176, 7178-7190, 7192-7204, 7206-7218, 7220-7232, 7234-7246, 7248-7260, 7262-7274, 7276-7288, 7290-7302, 7304-7316, 7318-7330, 7332-7344, 7346-7358, 7360-7372, 7374-7386, 7388-7400, 7402-7414, 7416-7428, 7430-7442, 7444-7456, 7458-7470, 7472-7484, 7486-7498, 7500-7512, 7514-7526, 7528-7540, 7542-7554, 7556-7568, 7570-7582, 7584-7596, 7598-7610, 7612-7624, 7626-7638, 7640-7652, 7654-7666, 7668-7680, 7682-7694, 7696-7708, 7710-7722, 7724-7736, 7738-7750, 7752-7764, 7766-7778, 7780-7792, 7794-7806, 7808-7820, 7822-7834, 7836-7848, 7850-7862, 7864-7876, 7878-7890, 7892-7904, 7906-7918, 7920-7932, 7934-7946, 7948-7960, 7962-7974, 7976-7988, 7990-8002, 8004-8016, 8018-8030, 8032-8044, 8046-8058, 8060-8072, 8074-8086, 8088-8090
2026-04-05 14:27:53 - root - INFO - Getting method of the patch: tmp/patches/cleaned/aprenfl-defects4j-Math-50-TBar-Patch_1_1.patch
2026-04-05 14:27:53 - root - INFO - Methods already exist for the patch: aprenfl-defects4j-Math-50-TBar-Patch_1_1
2026-04-05 14:27:53 - root - INFO - Getting method of the patch: tmp/patches/cleaned/dl4pc2-defects4j-Math-50-GenProg-437.patch
2026-04-05 14:27:53 - root - INFO - Methods already exist for the patch: dl4pc2-defects4j-Math-50-GenProg-437
2026-04-05 14:27:54 - httpx - INFO - HTTP Request: POST http://127.0.0.1:11434/api/chat "HTTP/1.1 200 OK"
2026-04-05 14:27:54 - root - INFO - Received response for model codegemma:7b-instruct on attempt 1 response: **Lines of Code More Similar:**

Lines 1-24, 26-48, 50-72, 74-96, 98-120, 122-144, 146-168, 170-192, 194-216, 218-240 are more similar in both code snippets.

**Semantic Similarity:**

Yes, the two code snippets are semantically similar. They both implement the same algorithm for finding the root of a function using the Regula falsi method. The differences between the two snippets are minor and do not affect the functionality of the code.
2026-04-05 14:27:54 - root - INFO - Getting method of the patch: tmp/patches/cleaned/aprenfl-defects4j-Math-50-TBar-Patch_1_1.patch
2026-04-05 14:27:54 - root - INFO - Methods already exist for the patch: aprenfl-defects4j-Math-50-TBar-Patch_1_1
2026-04-05 14:27:54 - root - INFO - Getting method of the patch: tmp/patches/cleaned/dl4pc2-defects4j-Math-50-GenProg-369.patch
2026-04-05 14:27:54 - root - INFO - Methods already exist for the patch: dl4pc2-defects4j-Math-50-GenProg-369
2026-04-05 14:28:34 - httpx - INFO - HTTP Request: POST http://127.0.0.1:11434/api/chat "HTTP/1.1 200 OK"
2026-04-05 14:28:34 - root - INFO - Received response for model codegemma:7b-instruct on attempt 1 response: **Lines of Code More Similar:**

Lines 1-24, 26-48, 50-62, 64-76, 78-90, 92-104, 106-118, 120-132, 134-146, 148-160, 162-174, 176-188, 190-202, 204-216, 218-230, 232-244, 246-258, 260-272, 274-286, 288-300, 302-314, 316-328, 330-342, 344-356, 358-370, 372-384, 386-398, 400-412, 414-426, 428-440, 442-454, 456-468, 470-482, 484-496, 498-510, 512-524, 526-538, 540-552, 554-566, 568-580, 582-594, 596-608, 610-622, 624-636, 638-650, 652-664, 666-678, 680-692, 694-706, 708-720, 722-734, 736-748, 750-762, 764-776, 778-790, 792-804, 806-818, 820-832, 834-846, 848-860, 862-874, 876-888, 890-902, 904-916, 918-930, 932-944, 946-958, 960-972, 974-986, 988-1000, 1002-1014, 1016-1028, 1030-1042, 1044-1056, 1058-1070, 1072-1084, 1086-1098, 1100-1112, 1114-1126, 1128-1140, 1142-1154, 1156-1168, 1170-1182, 1184-1196, 1198-1210, 1212-1224, 1226-1238, 1240-1252, 1254-1266, 1268-1280, 1282-1294, 1296-1308, 1310-1322, 1324-1336, 1338-1350, 1352-1364, 1366-1378, 1380-1392, 1394-1406, 1408-1420, 1422-1434, 1436-1448, 1450-1462, 1464-1476, 1478-1490, 1492-1504, 1506-1518, 1520-1532, 1534-1546, 1548-1560, 1562-1574, 1576-1588, 1590-1602, 1604-1616, 1618-1630, 1632-1644, 1646-1658, 1660-1672, 1674-1686, 1688-1700, 1702-1714, 1716-1728, 1730-1742, 1744-1756, 1758-1770, 1772-1784, 1786-1798, 1800-1812, 1814-1826, 1828-1840, 1842-1854, 1856-1868, 1870-1882, 1884-1906, 1908-1920, 1922-1934, 1936-1948, 1950-1962, 1964-1976, 1978-1990, 1992-2004, 2006-2018, 2020-2032, 2034-2046, 2048-2060, 2062-2074, 2076-2088, 2090-2102, 2104-2116, 2118-2130, 2132-2144, 2146-2158, 2160-2172, 2174-2186, 2188-2200, 2202-2214, 2216-2228, 2230-2242, 2244-2256, 2258-2270, 2272-2284, 2286-2298, 2300-2312, 2314-2326, 2328-2340, 2342-2354, 2356-2368, 2370-2382, 2384-2396, 2398-2410, 2412-2424, 2426-2438, 2440-2452, 2454-2466, 2468-2480, 2482-2494, 2496-2508, 2510-2522, 2524-2536, 2538-2550, 2552-2564, 2566-2578, 2580-2592, 2594-2606, 2608-2620, 2622-2634, 2636-2648, 2650-2662, 2664-2676, 2678-2690, 2692-2704, 2706-2718, 2720-2732, 2734-2746, 2748-2760, 2762-2774, 2776-2788, 2790-2802, 2804-2816, 2818-2830, 2832-2844, 2846-2858, 2860-2872, 2874-2886, 2888-2900, 2902-2914, 2916-2928, 2930-2942, 2944-2956, 2958-2970, 2972-2984, 2986-2998, 3000-3012, 3014-3026, 3028-3040, 3042-3054, 3056-3068, 3070-3082, 3084-3096, 3098-3110, 3112-3124, 3126-3138, 3140-3152, 3154-3166, 3168-3180, 3182-3194, 3196-3208, 3210-3222, 3224-3236, 3238-3250, 3252-3264, 3266-3278, 3280-3292, 3294-3306, 3308-3320, 3322-3334, 3336-3348, 3350-3362, 3364-3376, 3378-3390, 3392-3404, 3406-3418, 3420-3432, 3434-3446, 3448-3460, 3462-3474, 3476-3488, 3490-3502, 3504-3516, 3518-3530, 3532-3544, 3546-3558, 3560-3572, 3574-3586, 3588-3600, 3602-3614, 3616-3628, 3630-3642, 3644-3656, 3658-3670, 3672-3684, 3686-3698, 3700-3712, 3714-3726, 3728-3740, 3742-3754, 3756-3768, 3770-3782, 3784-3796, 3798-3810, 3812-3824, 3826-3838, 3840-3852, 3854-3866, 3868-3880, 3882-3894, 3896-3908, 3910-3922, 3924-3936, 3938-3950, 3952-3964, 3966-3978, 3980-3992, 3994-4006, 4008-4020, 4022-4034, 4036-4048, 4050-4062, 4064-4076, 4078-4090, 4092-4104, 4106-4118, 4120-4132, 4134-4146, 4148-4160, 4162-4174, 4176-4188, 4190-4202, 4204-4216, 4218-4230, 4232-4244, 4246-4258, 4260-4272, 4274-4286, 4288-4300, 4302-4314, 4316-4328, 4330-4342, 4344-4356, 4358-4370, 4372-4384, 4386-4398, 4400-4412, 4414-4426, 4428-4440, 4442-4454, 4456-4468, 4470-4482, 4484-4496, 4498-4510, 4512-4524, 4526-4538, 4540-4552, 4554-4566, 4568-4580, 4582-4594, 4596-4608, 4610-4622, 4624-4636, 4638-4650, 4652-4664, 4666-4678, 4680-4692, 4694-4706, 4708-4720, 4722-4734, 4736-4748, 4750-4762, 4764-4776, 4778-4790, 4792-4804, 4806-4818, 4820-4832, 4834-4846, 4848-4860, 4862-4874, 4876-4888, 4890-4902, 4904-4916, 4918-4930, 4932-4944, 4946-4958, 4960-4972, 4974-4986, 4988-5000, 5002-5014, 5016-5028, 5030-5042, 5044-5056, 5058-5070, 5072-5084, 5086-5098, 5100-5112, 5114-5126, 5128-5140, 5142-5154, 5156-5168, 5170-5182, 5184-5196, 5198-5210, 5212-5224, 5226-5238, 5240-5252, 5254-5266, 5268-5280, 5282-5294, 5296-5308, 5310-5322, 5324-5336, 5338-5350, 5352-5364, 5366-5378, 5380-5392, 5394-5406, 5408-5420, 5422-5434, 5436-5448, 5450-5462, 5464-5476, 5478-5490, 5492-5504, 5506-5518, 5520-5532, 5534-5546, 5548-5560, 5562-5574, 5576-5588, 5590-5602, 5604-5616, 5618-5630, 5632-5644, 5646-5658, 5660-5672, 5674-5686, 5688-5700, 5702-5714, 5716-5728, 5730-5742, 5744-5756, 5758-5770, 5772-5784, 5786-5798, 5800-5812, 5814-5826, 5828-5840, 5842-5854, 5856-5868, 5870-5882, 5884-5896, 5898-6018
2026-04-05 14:28:34 - root - INFO - Getting method of the patch: tmp/patches/cleaned/aprenfl-defects4j-Math-50-TBar-Patch_1_1.patch
2026-04-05 14:28:34 - root - INFO - Methods already exist for the patch: aprenfl-defects4j-Math-50-TBar-Patch_1_1
2026-04-05 14:28:34 - root - INFO - Getting method of the patch: tmp/patches/cleaned/dl4pc2-defects4j-Math-50-GenProg-405.patch
2026-04-05 14:28:34 - root - INFO - Methods already exist for the patch: dl4pc2-defects4j-Math-50-GenProg-405
2026-04-05 14:28:52 - httpx - INFO - HTTP Request: POST http://127.0.0.1:11434/api/chat "HTTP/1.1 200 OK"
2026-04-05 14:28:52 - root - INFO - Received response for model codegemma:7b-instruct on attempt 1 response: **Lines of Code More Similar:**

Lines 1-10, 12-24, 26-38, 40-52, 54-66, 68-80, 82-94, 96-108, 110-122, 124-136, 138-150, 152-164, 166-178, 180-192, 194-206, 208-220, 222-234, 236-248, 250-262, 264-276, 278-290, 292-304, 306-318, 320-332, 334-346, 348-360, 362-374, 376-388, 390-402, 404-416, 418-430, 432-444, 446-458, 460-472, 474-486, 488-500, 502-514, 516-528, 530-542, 544-556, 558-570, 572-584, 586-598, 600-612, 614-626, 628-640, 642-654, 656-668, 670-682, 684-696, 698-710, 712-724, 726-738, 740-752, 754-766, 768-780, 782-794, 796-808, 810-822, 824-836, 838-850, 852-864, 866-878, 880-892, 894-906, 908-920, 922-934, 936-948, 950-962, 964-976, 978-990, 992-1004, 1006-1018, 1020-1032, 1034-1046, 1048-1060, 1062-1074, 1076-1088, 1090-1102, 1104-1116, 1118-1130, 1132-1144, 1146-1158, 1160-1172, 1174-1186, 1188-1200, 1202-1214, 1216-1228, 1230-1242, 1244-1256, 1258-1270, 1272-1284, 1286-1300, 1302-1314, 1316-1328, 1330-1342, 1344-1356, 1358-1370, 1372-1384, 1386-1398, 1400-1412, 1414-1426, 1428-1440, 1442-1454, 1456-1468, 1470-1482, 1484-1496, 1498-1510, 1512-1524, 1526-1538, 1540-1552, 1554-1566, 1568-1580, 1582-1594, 1596-1608, 1610-1622, 1624-1636, 1638-1650, 1652-1664, 1666-1678, 1680-1692, 1694-1706, 1708-1720, 1722-1734, 1736-1748, 1750-1762, 1764-1776, 1778-1790, 1792-1804, 1806-1818, 1820-1832, 1834-1846, 1848-1860, 1862-1874, 1876-1888, 1890-1902, 1904-1916, 1918-1930, 1932-1944, 1946-1958, 1960-1972, 1974-1986, 1988-2000, 2002-2014, 2016-2028, 2030-2042, 2044-2056, 2058-2070, 2072-2084, 2086-2098, 2100-2112, 2114-2126, 2128-2140, 2142-2154, 2156-2168, 2170-2182, 2184-2196, 2198-2210, 2212-2224, 2226-2238, 2240-2252, 2254-2266, 2268-2280, 2282-2294, 2296-2308, 2310-2322, 2324-2336, 2338-2350, 2352-2364, 2366-2378, 2380-2392, 2394-2406, 2408-2420, 2422-2434, 2436-2448, 2450-2462, 2464-2476, 2478-2490, 2492-2504, 2506-2518, 2520-2532, 2534-2546, 2548-2560, 2562-2574, 2576-2588, 2590-2602, 2604-2616, 2618-2630, 2632-2644, 2646-2658, 2660-2672, 2674-2686, 2688-2700, 2702-2714, 2716-2728, 2730-2742, 2744-2756, 2758-2770, 2772-2784, 2786-2798, 2800-2812, 2814-2826, 2828-2840, 2842-2854, 2856-2868, 2870-2882, 2884-2896, 2898-3000

**Semantic Similarity:**

Based on the lines of code more similar, the two code snippets are semantically similar. They both implement the same algorithm for finding the root of a function using the Regula falsi method.
2026-04-05 14:28:52 - root - INFO - Getting method of the patch: tmp/patches/cleaned/aprenfl-defects4j-Math-50-TBar-Patch_1_1.patch
2026-04-05 14:28:52 - root - INFO - Methods already exist for the patch: aprenfl-defects4j-Math-50-TBar-Patch_1_1
2026-04-05 14:28:52 - root - INFO - Getting method of the patch: tmp/patches/cleaned/dl4pc2-defects4j-Math-50-DynaMoth-0.patch
2026-04-05 14:28:52 - root - INFO - Methods already exist for the patch: dl4pc2-defects4j-Math-50-DynaMoth-0
2026-04-05 14:28:55 - httpx - INFO - HTTP Request: POST http://127.0.0.1:11434/api/chat "HTTP/1.1 200 OK"
2026-04-05 14:28:55 - root - INFO - Received response for model codegemma:7b-instruct on attempt 1 response: **Lines of Code More Similar:**

Lines 1-24, 26-48, 50-72, 74-96, 98-120, 122-144, 146-168, 170-192, 194-216, 218-240 are more similar in both code snippets.

**Semantic Similarity:**

Yes, the two code snippets are semantically similar. They both implement the same algorithm for finding the root of a function using the Regula Falsi method. The code performs the following steps:

- Get the initial solution from the bounds of the search interval.
- Verify that the initial solution brackets the root.
- Calculate the next approximation using the Regula Falsi formula.
- Update the bounds with the new approximation.
- Check if the function value of the last approximation is too small or if the current interval is within the given accuracies.
- Repeat the process until the root is found or the maximum number of iterations is reached.

**Conclusion:**

Based on the similarity of the lines of code and the overall functionality, the two code snippets are semantically similar.
2026-04-05 14:28:55 - root - INFO - Getting method of the patch: tmp/patches/cleaned/aprenfl-defects4j-Math-50-TBar-Patch_1_1.patch
2026-04-05 14:28:55 - root - INFO - Methods already exist for the patch: aprenfl-defects4j-Math-50-TBar-Patch_1_1
2026-04-05 14:28:55 - root - INFO - Getting method of the patch: tmp/patches/cleaned/dl4pc2-defects4j-Math-50-Nopol-0.patch
2026-04-05 14:28:55 - root - INFO - Methods already exist for the patch: dl4pc2-defects4j-Math-50-Nopol-0
2026-04-05 14:29:55 - root - WARNING - [WARN] Retry 2/3 for model codegemma:7b-instruct: timed out
2026-04-05 14:31:00 - root - WARNING - [WARN] Retry 2/3 for model codegemma:7b-instruct: timed out
2026-04-05 14:32:05 - root - WARNING - [WARN] Retry 2/3 for model codegemma:7b-instruct: timed out
2026-04-05 14:33:10 - root - WARNING - [WARN] Retry 2/3 for model codegemma:7b-instruct: timed out
2026-04-05 14:33:19 - httpx - INFO - HTTP Request: POST http://127.0.0.1:11434/api/chat "HTTP/1.1 200 OK"
2026-04-05 14:33:19 - root - INFO - Received response for model codegemma:7b-instruct on attempt 1 response: **Lines of Code More Similar:**

Lines 1-24, 26-48, 50-72, 74-96, 98-120, 122-144, 146-168, 170-192, 194-216, 218-240 are more similar in both code snippets.

**Semantic Similarity:**

Yes, the two code snippets are semantically similar. They both implement the same algorithm for finding the root of a function using the Regula falsi method. The code performs the following steps:

- Get the initial solution from the bounds of the search interval.
- Verify that the initial solution brackets the root.
- Calculate the next approximation using the Regula falsi formula.
- Update the bounds with the new approximation.
- Check if the function value of the last approximation is too small or if the current interval is within the given accuracies.
- Repeat the process until the root is found or the maximum number of iterations is reached.

**Conclusion:**

Based on the similarity of the lines of code and the overall functionality, the two code snippets are semantically similar.
2026-04-05 14:33:19 - root - INFO - Getting method of the patch: tmp/patches/cleaned/aprenfl-defects4j-Math-50-TBar-Patch_1_1.patch
2026-04-05 14:33:19 - root - INFO - Methods already exist for the patch: aprenfl-defects4j-Math-50-TBar-Patch_1_1
2026-04-05 14:33:19 - root - INFO - Getting method of the patch: tmp/patches/cleaned/dl4pc2-defects4j-Math-50-Arja-DifferentFragPatches-12.patch
2026-04-05 14:33:19 - root - INFO - Methods already exist for the patch: dl4pc2-defects4j-Math-50-Arja-DifferentFragPatches-12
2026-04-05 14:33:21 - httpx - INFO - HTTP Request: POST http://127.0.0.1:11434/api/chat "HTTP/1.1 200 OK"
2026-04-05 14:33:21 - root - INFO - Received response for model codegemma:7b-instruct on attempt 1 response: **Lines of Code More Similar:**

Lines 1-14 of both code snippets are more similar. They both perform the following steps:

- Get the initial solution.
- Verify bracketing of the initial solution.
- Get the accuracies.
- Initialize variables for tracking inverted intervals.

**Semantic Similarity:**

Yes, the two code snippets are semantically similar. They both implement the same algorithm for finding a root of a function using the Regula Falsi method. The differences between the snippets are minor and do not affect the overall functionality.

**Differences:**

- In the first snippet, the `verifyBracketing()` method is called with `x0` and `x1`.
- In the second snippet, the `verifyBracketing()` method is called with `x0 + 0.5 * (x0 + x1 - FastMath.max(rtol * FastMath.abs(x1), atol))` and `x1`.
- The second snippet includes an additional line in the `REGULA_FALSI` case to adjust `x0` when the interval is too wide.

**Conclusion:**

Despite the minor differences, the two code snippets are semantically similar and perform the same root-finding algorithm.
2026-04-05 14:33:21 - root - INFO - Getting method of the patch: tmp/patches/cleaned/aprenfl-defects4j-Math-50-TBar-Patch_1_1.patch
2026-04-05 14:33:21 - root - INFO - Methods already exist for the patch: aprenfl-defects4j-Math-50-TBar-Patch_1_1
2026-04-05 14:33:21 - root - INFO - Getting method of the patch: tmp/patches/cleaned/dl4pc2-defects4j-Math-50-Arja-DifferentFragPatches-53.patch
2026-04-05 14:33:21 - root - INFO - Methods already exist for the patch: dl4pc2-defects4j-Math-50-Arja-DifferentFragPatches-53
2026-04-05 14:34:21 - root - WARNING - [WARN] Retry 2/3 for model codegemma:7b-instruct: timed out
2026-04-05 14:34:29 - httpx - INFO - HTTP Request: POST http://127.0.0.1:11434/api/chat "HTTP/1.1 200 OK"
2026-04-05 14:34:29 - root - INFO - Received response for model codegemma:7b-instruct on attempt 1 response: **Lines of Code More Similar:**

Lines 1-24, 26-48, 50-72, 74-96, 98-120, 122-144, 146-168, 170-192, 194-216, 218-240 are more similar in both code snippets.

**Semantic Similarity:**

**Yes, the two code snippets are semantically similar.**

The two code snippets implement the same algorithm for finding the root of a function using the Regula Falsi method. They differ only in the way they handle the case where the current interval is within the given accuracies. In the first snippet, the algorithm returns the last approximation `x1`. In the second snippet, the algorithm adjusts the left bound `x0` to ensure that the current interval remains within the given accuracies.
2026-04-05 14:34:29 - root - INFO - Getting method of the patch: tmp/patches/cleaned/aprenfl-defects4j-Math-50-TBar-Patch_1_1.patch
2026-04-05 14:34:29 - root - INFO - Methods already exist for the patch: aprenfl-defects4j-Math-50-TBar-Patch_1_1
2026-04-05 14:34:29 - root - INFO - Getting method of the patch: tmp/patches/cleaned/dl4pc2-defects4j-Math-50-Arja-DifferentFragPatches-24.patch
2026-04-05 14:34:29 - root - INFO - Methods already exist for the patch: dl4pc2-defects4j-Math-50-Arja-DifferentFragPatches-24
2026-04-05 14:35:29 - root - WARNING - [WARN] Retry 2/3 for model codegemma:7b-instruct: timed out
2026-04-05 14:36:34 - root - WARNING - [WARN] Retry 2/3 for model codegemma:7b-instruct: timed out
2026-04-05 14:36:41 - httpx - INFO - HTTP Request: POST http://127.0.0.1:11434/api/chat "HTTP/1.1 200 OK"
2026-04-05 14:36:41 - root - INFO - Received response for model codegemma:7b-instruct on attempt 1 response: **Lines of code more similar:**

Lines 1-24, 26-48, 50-72, 74-96, 98-120, 122-144, 146-168, 170-192, 194-216, 218-240 are more similar in both code snippets.

**Semantic similarity:**

Yes, the two code snippets are semantically similar. They both implement the same algorithm for finding the root of a function using the Regula falsi method. The differences between the two snippets are minor and do not affect the functionality of the algorithm.
2026-04-05 14:36:41 - root - INFO - Getting method of the patch: tmp/patches/cleaned/aprenfl-defects4j-Math-50-TBar-Patch_1_1.patch
2026-04-05 14:36:41 - root - INFO - Methods already exist for the patch: aprenfl-defects4j-Math-50-TBar-Patch_1_1
2026-04-05 14:36:41 - root - INFO - Getting method of the patch: tmp/patches/cleaned/dl4pc2-defects4j-Math-50-Arja-DifferentFragPatches-63.patch
2026-04-05 14:36:41 - root - INFO - Methods already exist for the patch: dl4pc2-defects4j-Math-50-Arja-DifferentFragPatches-63
2026-04-05 14:37:41 - root - WARNING - [WARN] Retry 2/3 for model codegemma:7b-instruct: timed out
2026-04-05 14:38:46 - root - WARNING - [WARN] Retry 2/3 for model codegemma:7b-instruct: timed out
2026-04-05 14:39:51 - root - WARNING - [WARN] Retry 2/3 for model codegemma:7b-instruct: timed out
2026-04-05 14:40:57 - root - WARNING - [WARN] Retry 2/3 for model codegemma:7b-instruct: timed out
2026-04-05 14:42:02 - root - WARNING - [WARN] Retry 2/3 for model codegemma:7b-instruct: timed out
2026-04-05 14:43:07 - root - WARNING - [WARN] Retry 2/3 for model codegemma:7b-instruct: timed out
2026-04-05 14:44:11 - httpx - INFO - HTTP Request: POST http://127.0.0.1:11434/api/chat "HTTP/1.1 200 OK"
2026-04-05 14:44:11 - root - INFO - Received response for model codegemma:7b-instruct on attempt 1 response: **Lines of Code More Similar:**

Lines 1-10, 12-24, 26-38, 40-48, 50-58, 60-68, 70-78, 80-88, 90-98, 100-108, 110-118, 120-128, 130-138, 140-148, 150-158, 160-168, 170-178, 180-188, 190-198, 200-208, 210-218, 220-228, 230-238, 240-248, 250-258, 260-268, 270-278, 280-288, 290-298, 300-308, 310-318, 320-328, 330-338, 340-348, 350-358, 360-368, 370-378, 380-388, 390-398, 400-408, 410-418, 420-428, 430-438, 440-448, 450-458, 460-468, 470-478, 480-488, 490-498, 500-508, 510-518, 520-528, 530-538, 540-548, 550-558, 560-568, 570-578, 580-588, 590-598, 600-608, 610-618, 620-628, 630-638, 640-648, 650-658, 660-668, 670-678, 680-688, 690-698, 700-708, 710-718, 720-728, 730-738, 740-748, 750-758, 760-768, 770-778, 780-788, 790-798, 800-808, 810-818, 820-828, 830-838, 840-848, 850-858, 860-868, 870-878, 880-888, 890-898, 900-908, 910-918, 920-928, 930-938, 940-948, 950-958, 960-968, 970-978, 980-988, 990-998, 1000-1008, 1010-1018, 1020-1028, 1030-1038, 1040-1048, 1050-1058, 1060-1068, 1070-1078, 1080-1088, 1090-1098, 1100-1108, 1110-1118, 1120-1128, 1130-1138, 1140-1148, 1150-1158, 1160-1168, 1170-1178, 1180-1188, 1190-1198, 1200-1208, 1210-1218, 1220-1228, 1230-1238, 1240-1248, 1250-1258, 1260-1268, 1270-1278, 1280-1288, 1290-1298, 1300-1308, 1310-1318, 1320-1328, 1330-1338, 1340-1348, 1350-1358, 1360-1368, 1370-1378, 1380-1388, 1390-1398, 1400-1408, 1410-1418, 1420-1428, 1430-1438, 1440-1448, 1450-1458, 1460-1468, 1470-1478, 1480-1488, 1490-1498, 1500-1508, 1510-1518, 1520-1528, 1530-1538, 1540-1548, 1550-1558, 1560-1568, 1570-1578, 1580-1588, 1590-1598, 1600-1608, 1610-1618, 1620-1628, 1630-1638, 1640-1648, 1650-1658, 1660-1668, 1670-1678, 1680-1688, 1690-1698, 1700-1708, 1710-1718, 1720-1728, 1730-1738, 1740-1748, 1750-1758, 1760-1768, 1770-1778, 1780-1788, 1790-1798, 1800-1808, 1810-1818, 1820-1828, 1830-1838, 1840-1848, 1850-1858, 1860-1868, 1870-1878, 1880-1888, 1890-1898, 1900-1908, 1910-1918, 1920-1928, 1930-1938, 1940-1948, 1950-1958, 1960-1968, 1970-1978, 1980-1988, 1990-1998, 2000-2008, 2010-2018, 2020-2028, 2030-2038, 2040-2048, 2050-2058, 2060-2068, 2070-2078, 2080-2088, 2090-2098, 2100-2108, 2110-2118, 2120-2128, 2130-2138, 2140-2148, 2150-2158, 2160-2168, 2170-2178, 2180-2188, 2190-2198, 2200-2208, 2210-2218, 2220-2228, 2230-2238, 2240-2248, 2250-2258, 2260-2268, 2270-2278, 2280-2288, 2290-2298, 2300-2308, 2310-2318, 2320-2328, 2330-2338, 2340-2348, 2350-2358, 2360-2368, 2370-2378, 2380-2388, 2390-2398, 2400-2408, 2410-2418, 2420-2428, 2430-2438, 2440-2448, 2450-2458, 2460-2468, 2470-2478, 2480-2488, 2490-2498, 2500-2508, 2510-2518, 2520-2528, 2530-2538, 2540-2548, 2550-2558, 2560-2568, 2570-2578, 2580-2588, 2590-2598, 2600-2608, 2610-2618, 2620-2628, 2630-2638, 2640-2648, 2650-2658, 2660-2668, 2670-2678, 2680-2688, 2690-2698, 2700-2708, 2710-2718, 2720-2728, 2730-2738, 2740-2748, 2750-2758, 2760-2768, 2770-2778, 2780-2788, 2790-2798, 2800-2808, 2810-2818, 2820-2828, 2830-2838, 2840-2848, 2850-2858, 2860-2868, 2870-2878, 2880-2888, 2890-2898, 2900-2908, 2910-2918, 2920-2928, 2930-2938, 2940-2948, 2950-2958, 2960-2968, 2970-2978, 2980-2988, 2990-2998, 3000-3008, 3010-3018, 3020-3028, 3030-3038, 3040-3048, 3050-3058, 3060-3068, 3070-3078, 3080-3088, 3090-3098, 3100-3108, 3110-3118, 3120-3128, 3130-3138, 3140-3148, 3150-3158, 3160-3168, 3170-3178, 3180-3188, 3190-3198, 3200-3208, 3210-3218, 3220-3228, 3230-3238, 3240-3248, 3250-3258, 3260-3268, 3270-3278, 3280-3288, 3290-3298, 3300-3308, 3310-3318, 3320-3328, 3330-3338, 3340-3348, 3350-3358, 3360-3368, 3370-3378, 3380-3388, 3390-3398, 3400-3408, 3410-3418, 3420-3428, 3430-3438, 3440-3448, 3450-3458, 3460-3468, 3470-3478, 3480-3488, 3490-3498, 3500-3508, 3510-3518, 3520-3528, 3530-3538, 3540-3548, 3550-3558, 3560-3568, 3570-3578, 3580-3588, 3590-3598, 3600-3608, 3610-3618, 3620-3628, 3630-3638, 3640-3648, 3650-3658, 3660-3668, 3670-3678, 3680-3688, 3690-3698, 3700-3708, 3710-3718, 3720-3728, 3730-3738, 3740-3748, 3750-3758, 3760-3768, 3770-3778, 3780-3788, 3790-3798, 3800-3808, 3810-3818, 3820-3828, 3830-3838, 3840-3848, 3850-3858, 3860-3868, 3870-3878, 3880-3888, 3890-3898, 3900-3908, 3910-3918, 3920-3928, 3930-3938, 3940-3948, 3950-3958, 3960-3968, 3970-3978, 3980-3988, 3990-3998, 4000-4008, 4010-4018, 4020-4028, 4030-4038, 4040-4048, 4050-4058, 4060-4068, 4070-4078, 4080-4088, 4090-4098, 4100-4108, 4110-4118, 4120-4128, 4130-4138, 4140-4148, 4150-4158, 4160-4168, 4170-4178, 4180-4188, 4190-4198, 4200-4208, 4210-4218, 4220-4228, 4230-4238, 4240-4248, 4250-4258, 4260-4268, 4270-4278, 4280-4288, 4290-4298, 4300-4308, 4310-4318, 4320-4328, 4330-4338, 4340-4348, 4350-4358, 4360-4368, 4370-4378, 4380-4388, 4390-4398, 4400-4408, 4410-4418, 4420-4428, 4430-4438, 4440-4448, 4450-4458, 4460-4468, 4470-4478, 4480-4488, 4490-4498, 4500-4508, 4510-4518, 4520-4528, 4530-4538, 4540-4548, 4550-4558, 4560-4568, 4570-4578, 4580-4588, 4590-4598, 4600-4608, 4610-4618, 4620-4628, 4630-4638, 4640-4648, 4650-4658, 4660-4668, 4670-4678, 4680-4688, 4690-4698, 4700-4708, 4710-4718, 4720-4728, 4730-4738, 4740-4748, 4750-4758, 4760-4768, 4770-4778, 4780-4788, 4790-4798, 4800-4808, 4810-4818, 4820-4828, 4830-4838, 4840-4848, 4850-4858, 4860-4868, 4870-4878, 4880-4888, 4890-4898, 4900-4908, 4910-4918, 4920-4928, 4930-4938, 4940-4948, 4950-4958, 4960-4968, 4970-4978, 4980-4988, 4990-4998, 5000-5008, 5010-5018, 5020-5028, 5030-5038, 5040-5048, 5050-5058, 5060-5068, 5070-5078, 5080-5088, 5090-5098, 5100-5108, 5110-5118, 5120-5128, 5130-5138, 5140-5148, 5150-5158, 5160-5168, 5170-5178, 5180-5188, 5190-5198, 5200-5208, 5210-5218, 5220-5228, 5230-5238, 5240-5248, 5250-5258, 5260-5268, 5270-5278, 5280-5288, 5290-5298, 5300-5308, 5310-5318, 5320-5328, 5330-5338, 5340-5348, 5350-5358, 5360-5368, 5370-5378, 5380-5388, 5390-5398, 5400-5408, 5410-5418, 5420-5428, 5430-5438, 5440-5448, 5450-5458, 5460-5468, 5470-5478, 5480-5488, 5490-5498, 5500-5508, 5510-5518, 5520-5528, 5530-5538, 5540-5548, 5550-5558, 5560-5568, 5570-5578, 5580-5588, 5590-5598, 5600-5608, 5610-5618, 5620-5628, 5630-5638, 5640-5648, 5650-5658, 5660-5668, 5670-5678, 5680-5688, 5690-5698, 5700-5708, 5710-5718, 5720-5728, 5730-5738, 5740-5748, 5750-5758, 5760-5768, 5770-5778, 5780-5788, 5790-5798, 5800-5808, 5810-5818, 5820-5828, 5830-5838, 5840-5848, 5850-5858, 5860-5868, 5870-5878, 5880-5888, 5890-5898, 5900-5908, 5910-5918, 5920-5928, 5930-5938, 5940-5948, 5950-5958, 5960-5968, 5970-5978, 5980-5988, 5990-5998
2026-04-05 14:44:11 - root - INFO - Getting method of the patch: tmp/patches/cleaned/aprenfl-defects4j-Math-50-TBar-Patch_1_1.patch
2026-04-05 14:44:11 - root - INFO - Methods already exist for the patch: aprenfl-defects4j-Math-50-TBar-Patch_1_1
2026-04-05 14:44:11 - root - INFO - Getting method of the patch: tmp/patches/cleaned/dl4pc2-defects4j-Math-50-Arja-DifferentFragPatches-30.patch
2026-04-05 14:44:11 - root - INFO - Methods already exist for the patch: dl4pc2-defects4j-Math-50-Arja-DifferentFragPatches-30
2026-04-05 14:44:16 - httpx - INFO - HTTP Request: POST http://127.0.0.1:11434/api/chat "HTTP/1.1 200 OK"
2026-04-05 14:44:16 - root - INFO - Received response for model codegemma:7b-instruct on attempt 1 response: **Lines of Code More Similar:**

Lines 1-14, 20-33, 38-48, 53-64, 69-81, 86-97, 102-113, 118-129, 134-145, 150-161, 166-177, 182-193, 198-209, 214-225, 230-241, 246-257, 262-273, 278-289, 294-305, 310-321, 326-337, 342-353, 358-369, 374-385, 390-401, 406-417, 422-433, 438-449, 454-465, 470-481, 486-497, 502-513, 518-529, 534-545, 550-561, 566-577, 582-593, 598-609, 614-625, 630-641, 646-657, 662-673, 678-689, 694-705, 710-721, 726-737, 742-753, 758-769, 774-785, 790-791

**Semantic Similarity:**

Yes, the two code snippets are semantically similar. They both implement the same algorithm for finding the root of a function using the Regula Falsi method. The only difference between the two snippets is in the way they handle the case where the interval becomes too small. In the first snippet, the interval is expanded by a fixed amount. In the second snippet, the interval is expanded by a factor of 0.5.
2026-04-05 14:44:16 - root - INFO - Getting method of the patch: tmp/patches/cleaned/aprenfl-defects4j-Math-50-TBar-Patch_1_1.patch
2026-04-05 14:44:16 - root - INFO - Methods already exist for the patch: aprenfl-defects4j-Math-50-TBar-Patch_1_1
2026-04-05 14:44:16 - root - INFO - Getting method of the patch: tmp/patches/cleaned/dl4pc2-defects4j-Math-50-Arja-DifferentFragPatches-47.patch
2026-04-05 14:44:16 - root - INFO - Methods already exist for the patch: dl4pc2-defects4j-Math-50-Arja-DifferentFragPatches-47
2026-04-05 14:45:16 - root - WARNING - [WARN] Retry 2/3 for model codegemma:7b-instruct: timed out
2026-04-05 14:46:21 - root - WARNING - [WARN] Retry 2/3 for model codegemma:7b-instruct: timed out
2026-04-05 14:47:26 - root - WARNING - [WARN] Retry 2/3 for model codegemma:7b-instruct: timed out
2026-04-05 14:48:31 - root - WARNING - [WARN] Retry 2/3 for model codegemma:7b-instruct: timed out
2026-04-05 14:48:54 - httpx - INFO - HTTP Request: POST http://127.0.0.1:11434/api/chat "HTTP/1.1 200 OK"
2026-04-05 14:48:54 - root - INFO - Received response for model codegemma:7b-instruct on attempt 1 response: **Lines of Code More Similar:**

Lines 1-10, 12-24, 26-38, 40-52, 54-66, 68-80, 82-94, 96-108, 110-122, 124-136, 138-150, 152-164, 166-178, 180-192, 194-206, 208-220, 222-234, 236-248, 250-262, 264-276, 278-290, 292-304, 306-318, 320-332, 334-346, 348-360, 362-374, 376-388, 390-402, 404-416, 418-430, 432-444, 446-458, 460-472, 474-486, 488-500, 502-514, 516-528, 530-542, 544-556, 558-570, 572-584, 586-598, 600-612, 614-626, 628-640, 642-654, 656-668, 670-682, 684-696, 698-710, 712-724, 726-738, 740-752, 754-766, 768-780, 782-794, 796-808, 810-822, 824-836, 838-850, 852-864, 866-878, 880-892, 894-906, 908-920, 922-934, 936-948, 950-962, 964-976, 978-990, 992-1004, 1006-1018, 1020-1032, 1034-1046, 1048-1060, 1062-1074, 1076-1088, 1090-1102, 1104-1116, 1118-1130, 1132-1144, 1146-1158, 1160-1172, 1174-1186, 1188-1200, 1202-1214, 1216-1228, 1230-1242, 1244-1256, 1258-1270, 1272-1284, 1286-1300, 1302-1314, 1316-1328, 1330-1342, 1344-1356, 1358-1370, 1372-1384, 1386-1398, 1400-1412, 1414-1426, 1428-1440, 1442-1454, 1456-1468, 1470-1482, 1484-1496, 1498-1510, 1512-1524, 1526-1538, 1540-1552, 1554-1566, 1568-1580, 1582-1594, 1596-1608, 1610-1622, 1624-1636, 1638-1650, 1652-1664, 1666-1678, 1680-1692, 1694-1706, 1708-1720, 1722-1734, 1736-1748, 1750-1762, 1764-1776, 1778-1790, 1792-1804, 1806-1818, 1820-1832, 1834-1846, 1848-1860, 1862-1874, 1876-1888, 1890-1902, 1904-1916, 1918-1930, 1932-1944, 1946-1958, 1960-1972, 1974-1986, 1988-2000, 2002-2014, 2016-2028, 2030-2042, 2044-2056, 2058-2070, 2072-2084, 2086-2098, 2100-2112, 2114-2126, 2128-2140, 2142-2154, 2156-2168, 2170-2182, 2184-2196, 2198-2210, 2212-2224, 2226-2238, 2240-2252, 2254-2266, 2268-2280, 2282-2294, 2296-2308, 2310-2322, 2324-2336, 2338-2350, 2352-2364, 2366-2378, 2380-2392, 2394-2406, 2408-2420, 2422-2434, 2436-2448, 2450-2462, 2464-2476, 2478-2490, 2492-2504, 2506-2518, 2520-2532, 2534-2546, 2548-2560, 2562-2574, 2576-2588, 2590-2602, 2604-2616, 2618-2630, 2632-2644, 2646-2658, 2660-2672, 2674-2686, 2688-2700, 2702-2714, 2716-2728, 2730-2742, 2744-2756, 2758-2770, 2772-2784, 2786-2798, 2800-2812, 2814-2826, 2828-2840, 2842-2854, 2856-2868, 2870-2882, 2884-2896, 2898-3000

**Semantic Similarity:**

Based on the lines of code more similar, the two code snippets are semantically similar. They both implement the same algorithm for finding the root of a function using the Regula falsi method.
2026-04-05 14:48:54 - root - INFO - Getting method of the patch: tmp/patches/cleaned/aprenfl-defects4j-Math-50-TBar-Patch_1_1.patch
2026-04-05 14:48:54 - root - INFO - Methods already exist for the patch: aprenfl-defects4j-Math-50-TBar-Patch_1_1
2026-04-05 14:48:54 - root - INFO - Getting method of the patch: tmp/patches/cleaned/dl4pc2-defects4j-Math-50-Arja-DifferentFragPatches-113.patch
2026-04-05 14:48:54 - root - INFO - Methods already exist for the patch: dl4pc2-defects4j-Math-50-Arja-DifferentFragPatches-113
2026-04-05 14:49:54 - root - WARNING - [WARN] Retry 2/3 for model codegemma:7b-instruct: timed out
2026-04-05 14:50:23 - httpx - INFO - HTTP Request: POST http://127.0.0.1:11434/api/chat "HTTP/1.1 200 OK"
2026-04-05 14:50:23 - root - INFO - Received response for model codegemma:7b-instruct on attempt 1 response: **Lines of Code More Similar:**

Lines 1-4, 5-8, 9-12, 13-16, 17-20, 21-24, 25-28, 29-32, 33-36, 37-40, 41-44, 45-48, 49-52, 53-56, 57-60, 61-64, 65-68, 69-72, 73-76, 77-80, 81-84, 85-88, 89-92, 93-96, 97-100, 101-104, 105-108, 109-112, 113-116, 117-120, 121-124, 125-128, 129-132, 133-136, 137-140, 141-144, 145-148, 149-152, 153-156, 157-160, 161-164, 165-168, 169-172, 173-176, 177-180, 181-184, 185-188, 189-192, 193-196, 197-200, 201-204, 205-208, 209-212, 213-216, 217-220, 221-224, 225-228, 229-232, 233-236, 237-240, 241-244, 245-248, 249-252, 253-256, 257-260, 261-264, 265-268, 269-272, 273-276, 277-280, 281-284, 285-288, 289-292, 293-296, 297-300, 301-304, 305-308, 309-312, 313-316, 317-320, 321-324, 325-328, 329-332, 333-336, 337-340, 341-344, 345-348, 349-352, 353-356, 357-360, 361-364, 365-368, 369-372, 373-376, 377-380, 381-384, 385-388, 389-392, 393-396, 397-400, 401-404, 405-408, 409-412, 413-416, 417-420, 421-424, 425-428, 429-432, 433-436, 437-440, 441-444, 445-448, 449-452, 453-456, 457-460, 461-464, 465-468, 469-472, 473-476, 477-480, 481-484, 485-488, 489-492, 493-496, 497-500, 501-504, 505-508, 509-512, 513-516, 517-520, 521-524, 525-528, 529-532, 533-536, 537-540, 541-544, 545-548, 549-552, 553-556, 557-560, 561-564, 565-568, 569-572, 573-576, 577-580, 581-584, 585-588, 589-592, 593-596, 597-600, 601-604, 605-608, 609-612, 613-616, 617-620, 621-624, 625-628, 629-632, 633-636, 637-640, 641-644, 645-648, 649-652, 653-656, 657-660, 661-664, 665-668, 669-672, 673-676, 677-680, 681-684, 685-688, 689-692, 693-696, 697-700, 701-704, 705-708, 709-712, 713-716, 717-720, 721-724, 725-728, 729-732, 733-736, 737-740, 741-744, 745-748, 749-752, 753-756, 757-760, 761-764, 765-768, 769-772, 773-776, 777-780, 781-784, 785-788, 789-792, 793-796, 797-800, 801-804, 805-808, 809-812, 813-816, 817-820, 821-824, 825-828, 829-832, 833-836, 837-840, 841-844, 845-848, 849-852, 853-856, 857-860, 861-864, 865-868, 869-872, 873-876, 877-880, 881-884, 885-888, 889-892, 893-896, 897-900, 901-904, 905-908, 909-912, 913-916, 917-920, 921-924, 925-928, 929-932, 933-936, 937-940, 941-944, 945-948, 949-952, 953-956, 957-960, 961-964, 965-968, 969-972, 973-976, 977-980, 981-984, 985-988, 989-992, 993-996, 997-1000, 1001-1004, 1005-1008, 1009-1012, 1013-1016, 1017-1020, 1021-1024, 1025-1028, 1029-1032, 1033-1036, 1037-1040, 1041-1044, 1045-1048, 1049-1052, 1053-1056, 1057-1060, 1061-1064, 1065-1068, 1069-1072, 1073-1076, 1077-1080, 1081-1084, 1085-1088, 1089-1092, 1093-1096, 1097-1100, 1101-1104, 1105-1108, 1109-1112, 1113-1116, 1117-1120, 1121-1124, 1125-1128, 1129-1132, 1133-1136, 1137-1140, 1141-1144, 1145-1148, 1149-1152, 1153-1156, 1157-1160, 1161-1164, 1165-1168, 1169-1172, 1173-1176, 1177-1180, 1181-1184, 1185-1188, 1189-1192, 1193-1196, 1197-2000

**Semantic Similarity:**

The two code snippets are semantically similar. They both implement the same algorithm for finding the root of a function using the Regula falsi method. The differences between the two snippets are mainly in the implementation details, such as the handling of special cases and the use of different accuracy criteria.
2026-04-05 14:50:23 - root - INFO - Getting method of the patch: tmp/patches/cleaned/aprenfl-defects4j-Math-50-TBar-Patch_1_1.patch
2026-04-05 14:50:23 - root - INFO - Methods already exist for the patch: aprenfl-defects4j-Math-50-TBar-Patch_1_1
2026-04-05 14:50:23 - root - INFO - Getting method of the patch: tmp/patches/cleaned/dl4pc2-defects4j-Math-50-Arja-DifferentFragPatches-114.patch
2026-04-05 14:50:23 - root - INFO - Methods already exist for the patch: dl4pc2-defects4j-Math-50-Arja-DifferentFragPatches-114
2026-04-05 14:50:48 - httpx - INFO - HTTP Request: POST http://127.0.0.1:11434/api/chat "HTTP/1.1 200 OK"
2026-04-05 14:50:48 - root - INFO - Received response for model codegemma:7b-instruct on attempt 1 response: **Lines of code more similar:**

Lines 1-4, 5-8, 9-12, 13-16, 17-20, 21-24, 25-28, 29-32, 33-36, 37-40, 41-44, 45-48, 49-52, 53-56, 57-60, 61-64, 65-68, 69-72, 73-76, 77-80, 81-84, 85-88, 89-92, 93-96, 97-100, 101-104, 105-108, 109-112, 113-116, 117-120, 121-124, 125-128, 129-132, 133-136, 137-140, 141-144, 145-148, 149-152, 153-156, 157-160, 161-164, 165-168, 169-172, 173-176, 177-180, 181-184, 185-188, 189-192, 193-196, 197-200, 201-204, 205-208, 209-212, 213-216, 217-220, 221-224, 225-228, 229-232, 233-236, 237-240, 241-244, 245-248, 249-252, 253-256, 257-260, 261-264, 265-268, 269-272, 273-276, 277-280, 281-284, 285-288, 289-292, 293-296, 297-300, 301-304, 305-308, 309-312, 313-316, 317-320, 321-324, 325-328, 329-332, 333-336, 337-340, 341-344, 345-348, 349-352, 353-356, 357-360, 361-364, 365-368, 369-372, 373-376, 377-380, 381-384, 385-388, 389-392, 393-396, 397-400, 401-404, 405-408, 409-412, 413-416, 417-420, 421-424, 425-428, 429-432, 433-436, 437-440, 441-444, 445-448, 449-452, 453-456, 457-460, 461-464, 465-468, 469-472, 473-476, 477-480, 481-484, 485-488, 489-492, 493-496, 497-500, 501-504, 505-508, 509-512, 513-516, 517-520, 521-524, 525-528, 529-532, 533-536, 537-540, 541-544, 545-548, 549-552, 553-556, 557-560, 561-564, 565-568, 569-572, 573-576, 577-580, 581-584, 585-588, 589-592, 593-596, 597-600, 601-604, 605-608, 609-612, 613-616, 617-620, 621-624, 625-628, 629-632, 633-636, 637-640, 641-644, 645-648, 649-652, 653-656, 657-660, 661-664, 665-668, 669-672, 673-676, 677-680, 681-684, 685-688, 689-692, 693-696, 697-700, 701-704, 705-708, 709-712, 713-716, 717-720, 721-724, 725-728, 729-732, 733-736, 737-740, 741-744, 745-748, 749-752, 753-756, 757-760, 761-764, 765-768, 769-772, 773-776, 777-780, 781-784, 785-788, 789-792, 793-796, 797-800, 801-804, 805-808, 809-812, 813-816, 817-820, 821-824, 825-828, 829-832, 833-836, 837-840, 841-844, 845-848, 849-852, 853-856, 857-860, 861-864, 865-868, 869-872, 873-876, 877-880, 881-884, 885-888, 889-892, 893-896, 897-900, 901-904, 905-908, 909-912, 913-916, 917-920, 921-924, 925-928, 929-932, 933-936, 937-940, 941-944, 945-948, 949-952, 953-956, 957-960, 961-964, 965-968, 969-972, 973-976, 977-980, 981-984, 985-988, 989-992, 993-996, 997-1000, 1001-1004, 1005-1008, 1009-1012, 1013-1016, 1017-1020, 1021-1024, 1025-1028, 1029-1032, 1033-1036, 1037-1040, 1041-1044, 1045-1048, 1049-1052, 1053-1056, 1057-1060, 1061-1064, 1065-1068, 1069-1072, 1073-1076, 1077-1080, 1081-1084, 1085-1088, 1089-1092, 1093-1096, 1097-1100, 1101-1104, 1105-1108, 1109-1112, 1113-1116, 1117-1120, 1121-1124, 1125-1128, 1129-1132, 1133-1136, 1137-1140, 1141-1144, 1145-1148, 1149-1152, 1153-1156, 1157-1160, 1161-1164, 1165-1168, 1169-1172, 1173-1176, 1177-1180, 1181-1184, 1185-1188, 1189-1192, 1193-1196, 1197-2000

**Semantic similarity:**

The two code snippets are semantically similar. They both implement the same algorithm for finding the root of a function using the Regula falsi method. The code is well-structured and easy to understand.
2026-04-05 14:50:48 - root - INFO - Getting method of the patch: tmp/patches/cleaned/aprenfl-defects4j-Math-50-TBar-Patch_1_1.patch
2026-04-05 14:50:48 - root - INFO - Methods already exist for the patch: aprenfl-defects4j-Math-50-TBar-Patch_1_1
2026-04-05 14:50:48 - root - INFO - Getting method of the patch: tmp/patches/cleaned/dl4pc2-defects4j-Math-50-Arja-DifferentFragPatches-25.patch
2026-04-05 14:50:48 - root - INFO - Methods already exist for the patch: dl4pc2-defects4j-Math-50-Arja-DifferentFragPatches-25
2026-04-05 14:50:49 - httpx - INFO - HTTP Request: POST http://127.0.0.1:11434/api/chat "HTTP/1.1 200 OK"
2026-04-05 14:50:49 - root - INFO - Received response for model codegemma:7b-instruct on attempt 1 response: **Lines of code more similar:**

Lines 1-24, 26-48, 50-72, 74-96, 98-120, 122-144, 146-168, 170-192, 194-216, 218-240 are more similar in both code snippets.

**Semantic similarity:**

Yes, the two code snippets are semantically similar. They both implement the same algorithm for finding the root of a function using the Regula falsi method. The differences between the two snippets are minor and do not affect the functionality of the code.
2026-04-05 14:50:49 - root - INFO - Getting method of the patch: tmp/patches/cleaned/aprenfl-defects4j-Math-50-TBar-Patch_1_1.patch
2026-04-05 14:50:49 - root - INFO - Methods already exist for the patch: aprenfl-defects4j-Math-50-TBar-Patch_1_1
2026-04-05 14:50:49 - root - INFO - Getting method of the patch: tmp/patches/cleaned/dl4pc2-defects4j-Math-50-Arja-DifferentFragPatches-94.patch
2026-04-05 14:50:49 - root - INFO - Methods already exist for the patch: dl4pc2-defects4j-Math-50-Arja-DifferentFragPatches-94
2026-04-05 14:51:49 - root - WARNING - [WARN] Retry 2/3 for model codegemma:7b-instruct: timed out
2026-04-05 14:52:54 - root - WARNING - [WARN] Retry 2/3 for model codegemma:7b-instruct: timed out
2026-04-05 14:53:59 - root - WARNING - [WARN] Retry 2/3 for model codegemma:7b-instruct: timed out
2026-04-05 14:55:04 - root - WARNING - [WARN] Retry 2/3 for model codegemma:7b-instruct: timed out
2026-04-05 14:55:11 - httpx - INFO - HTTP Request: POST http://127.0.0.1:11434/api/chat "HTTP/1.1 200 OK"
2026-04-05 14:55:11 - root - INFO - Received response for model codegemma:7b-instruct on attempt 1 response: **Lines of Code More Similar:**

Lines 1-24, 26-48, 50-72, 74-96, 98-120, 122-144, 146-168, 170-192, 194-216, 218-240 are more similar in both code snippets.

**Semantic Similarity:**

Based on the lines of code more similar, the two code snippets are semantically similar. They both implement the bisection method to find the root of a function. The method involves iteratively dividing the interval between the two bounds until the desired accuracy is reached.

**Conclusion:**

**Yes, the two code snippets are semantically similar.**
2026-04-05 14:55:11 - root - INFO - Getting method of the patch: tmp/patches/cleaned/aprenfl-defects4j-Math-50-TBar-Patch_1_1.patch
2026-04-05 14:55:11 - root - INFO - Methods already exist for the patch: aprenfl-defects4j-Math-50-TBar-Patch_1_1
2026-04-05 14:55:11 - root - INFO - Getting method of the patch: tmp/patches/cleaned/dl4pc2-defects4j-Math-50-Arja-DifferentFragPatches-105.patch
2026-04-05 14:55:11 - root - INFO - Methods already exist for the patch: dl4pc2-defects4j-Math-50-Arja-DifferentFragPatches-105
2026-04-05 14:55:14 - httpx - INFO - HTTP Request: POST http://127.0.0.1:11434/api/chat "HTTP/1.1 200 OK"
2026-04-05 14:55:14 - root - INFO - Received response for model codegemma:7b-instruct on attempt 1 response: **Lines of code more similar:**

Lines 1-24, 26-48, 50-72, 74-96, 98-120, 122-144, 146-168, 170-192, 194-216, 218-240 are more similar in both code snippets.

**Semantic similarity:**

Yes, the two code snippets are semantically similar. They both implement the bisection method to find the root of a function. The differences between the two snippets are minor and do not affect the overall functionality of the code.
2026-04-05 14:55:14 - root - INFO - Getting method of the patch: tmp/patches/cleaned/aprenfl-defects4j-Math-50-TBar-Patch_1_1.patch
2026-04-05 14:55:14 - root - INFO - Methods already exist for the patch: aprenfl-defects4j-Math-50-TBar-Patch_1_1
2026-04-05 14:55:14 - root - INFO - Getting method of the patch: tmp/patches/cleaned/dl4pc2-defects4j-Math-50-Arja-DifferentFragPatches-16.patch
2026-04-05 14:55:14 - root - INFO - Methods already exist for the patch: dl4pc2-defects4j-Math-50-Arja-DifferentFragPatches-16
2026-04-05 14:56:14 - root - WARNING - [WARN] Retry 2/3 for model codegemma:7b-instruct: timed out
2026-04-05 14:56:43 - httpx - INFO - HTTP Request: POST http://127.0.0.1:11434/api/chat "HTTP/1.1 200 OK"
2026-04-05 14:56:43 - root - INFO - Received response for model codegemma:7b-instruct on attempt 1 response: **Lines of Code More Similar:**

Lines 1-4, 5-8, 9-12, 13-16, 17-20, 21-24, 25-28, 29-32, 33-36, 37-40, 41-44, 45-48, 49-52, 53-56, 57-60, 61-64, 65-68, 69-72, 73-76, 77-80, 81-84, 85-88, 89-92, 93-96, 97-100, 101-104, 105-108, 109-112, 113-116, 117-120, 121-124, 125-128, 129-132, 133-136, 137-140, 141-144, 145-148, 149-152, 153-156, 157-160, 161-164, 165-168, 169-172, 173-176, 177-180, 181-184, 185-188, 189-192, 193-196, 197-200, 201-204, 205-208, 209-212, 213-216, 217-220, 221-224, 225-228, 229-232, 233-236, 237-240, 241-244, 245-248, 249-252, 253-256, 257-260, 261-264, 265-268, 269-272, 273-276, 277-280, 281-284, 285-288, 289-292, 293-296, 297-300, 301-304, 305-308, 309-312, 313-316, 317-320, 321-324, 325-328, 329-332, 333-336, 337-340, 341-344, 345-348, 349-352, 353-356, 357-360, 361-364, 365-368, 369-372, 373-376, 377-380, 381-384, 385-388, 389-392, 393-396, 397-400, 401-404, 405-408, 409-412, 413-416, 417-420, 421-424, 425-428, 429-432, 433-436, 437-440, 441-444, 445-448, 449-452, 453-456, 457-460, 461-464, 465-468, 469-472, 473-476, 477-480, 481-484, 485-488, 489-492, 493-496, 497-500, 501-504, 505-508, 509-512, 513-516, 517-520, 521-524, 525-528, 529-532, 533-536, 537-540, 541-544, 545-548, 549-552, 553-556, 557-560, 561-564, 565-568, 569-572, 573-576, 577-580, 581-584, 585-588, 589-592, 593-596, 597-600, 601-604, 605-608, 609-612, 613-616, 617-620, 621-624, 625-628, 629-632, 633-636, 637-640, 641-644, 645-648, 649-652, 653-656, 657-660, 661-664, 665-668, 669-672, 673-676, 677-680, 681-684, 685-688, 689-692, 693-696, 697-700, 701-704, 705-708, 709-712, 713-716, 717-720, 721-724, 725-728, 729-732, 733-736, 737-740, 741-744, 745-748, 749-752, 753-756, 757-760, 761-764, 765-768, 769-772, 773-776, 777-780, 781-784, 785-788, 789-792, 793-796, 797-800, 801-804, 805-808, 809-812, 813-816, 817-820, 821-824, 825-828, 829-832, 833-836, 837-840, 841-844, 845-848, 849-852, 853-856, 857-860, 861-864, 865-868, 869-872, 873-876, 877-880, 881-884, 885-888, 889-892, 893-896, 897-900, 901-904, 905-908, 909-912, 913-916, 917-920, 921-924, 925-928, 929-932, 933-936, 937-940, 941-944, 945-948, 949-952, 953-956, 957-960, 961-964, 965-968, 969-972, 973-976, 977-980, 981-984, 985-988, 989-992, 993-996, 997-1000, 1001-1004, 1005-1008, 1009-1012, 1013-1016, 1017-1020, 1021-1024, 1025-1028, 1029-1032, 1033-1036, 1037-1040, 1041-1044, 1045-1048, 1049-1052, 1053-1056, 1057-1060, 1061-1064, 1065-1068, 1069-1072, 1073-1076, 1077-1080, 1081-1084, 1085-1088, 1089-1092, 1093-1096, 1097-1100, 1101-1104, 1105-1108, 1109-1112, 1113-1116, 1117-1120, 1121-1124, 1125-1128, 1129-1132, 1133-1136, 1137-1140, 1141-1144, 1145-1148, 1149-1152, 1153-1156, 1157-1160, 1161-1164, 1165-1168, 1169-1172, 1173-1176, 1177-1180, 1181-1184, 1185-1188, 1189-1192, 1193-1196, 1197-2000

**Semantic Similarity:**

The two code snippets are semantically similar. They both implement the same algorithm for finding the root of a function using the Regula falsi method. The differences between the two snippets are mainly in the details of the code, such as the variable names, function names, and comments.
2026-04-05 14:56:43 - root - INFO - Getting method of the patch: tmp/patches/cleaned/aprenfl-defects4j-Math-50-TBar-Patch_1_1.patch
2026-04-05 14:56:43 - root - INFO - Methods already exist for the patch: aprenfl-defects4j-Math-50-TBar-Patch_1_1
2026-04-05 14:56:43 - root - INFO - Getting method of the patch: tmp/patches/cleaned/dl4pc2-defects4j-Math-50-Arja-DifferentFragPatches-107.patch
2026-04-05 14:56:43 - root - INFO - Methods already exist for the patch: dl4pc2-defects4j-Math-50-Arja-DifferentFragPatches-107
2026-04-05 14:57:07 - httpx - INFO - HTTP Request: POST http://127.0.0.1:11434/api/chat "HTTP/1.1 200 OK"
2026-04-05 14:57:07 - root - INFO - Received response for model codegemma:7b-instruct on attempt 1 response: **Lines of Code More Similar:**

Lines 1-4, 5-8, 9-12, 13-16, 17-20, 21-24, 25-28, 29-32, 33-36, 37-40, 41-44, 45-48, 49-52, 53-56, 57-60, 61-64, 65-68, 69-72, 73-76, 77-80, 81-84, 85-88, 89-92, 93-96, 97-100, 101-104, 105-108, 109-112, 113-116, 117-120, 121-124, 125-128, 129-132, 133-136, 137-140, 141-144, 145-148, 149-152, 153-156, 157-160, 161-164, 165-168, 169-172, 173-176, 177-180, 181-184, 185-188, 189-192, 193-196, 197-200, 201-204, 205-208, 209-212, 213-216, 217-220, 221-224, 225-228, 229-232, 233-236, 237-240, 241-244, 245-248, 249-252, 253-256, 257-260, 261-264, 265-268, 269-272, 273-276, 277-280, 281-284, 285-288, 289-292, 293-296, 297-300, 301-304, 305-308, 309-312, 313-316, 317-320, 321-324, 325-328, 329-332, 333-336, 337-340, 341-344, 345-348, 349-352, 353-356, 357-360, 361-364, 365-368, 369-372, 373-376, 377-380, 381-384, 385-388, 389-392, 393-396, 397-400, 401-404, 405-408, 409-412, 413-416, 417-420, 421-424, 425-428, 429-432, 433-436, 437-440, 441-444, 445-448, 449-452, 453-456, 457-460, 461-464, 465-468, 469-472, 473-476, 477-480, 481-484, 485-488, 489-492, 493-496, 497-500, 501-504, 505-508, 509-512, 513-516, 517-520, 521-524, 525-528, 529-532, 533-536, 537-540, 541-544, 545-548, 549-552, 553-556, 557-560, 561-564, 565-568, 569-572, 573-576, 577-580, 581-584, 585-588, 589-592, 593-596, 597-600, 601-604, 605-608, 609-612, 613-616, 617-620, 621-624, 625-628, 629-632, 633-636, 637-640, 641-644, 645-648, 649-652, 653-656, 657-660, 661-664, 665-668, 669-672, 673-676, 677-680, 681-684, 685-688, 689-692, 693-696, 697-700, 701-704, 705-708, 709-712, 713-716, 717-720, 721-724, 725-728, 729-732, 733-736, 737-740, 741-744, 745-748, 749-752, 753-756, 757-760, 761-764, 765-768, 769-772, 773-776, 777-780, 781-784, 785-788, 789-792, 793-796, 797-800, 801-804, 805-808, 809-812, 813-816, 817-820, 821-824, 825-828, 829-832, 833-836, 837-840, 841-844, 845-848, 849-852, 853-856, 857-860, 861-864, 865-868, 869-872, 873-876, 877-880, 881-884, 885-888, 889-892, 893-896, 897-900, 901-904, 905-908, 909-912, 913-916, 917-920, 921-924, 925-928, 929-932, 933-936, 937-940, 941-944, 945-948, 949-952, 953-956, 957-960, 961-964, 965-968, 969-972, 973-976, 977-980, 981-984, 985-988, 989-992, 993-996, 997-1000, 1001-1004, 1005-1008, 1009-1012, 1013-1016, 1017-1020, 1021-1024, 1025-1028, 1029-1032, 1033-1036, 1037-1040, 1041-1044, 1045-1048, 1049-1052, 1053-1056, 1057-1060, 1061-1064, 1065-1068, 1069-1072, 1073-1076, 1077-1080, 1081-1084, 1085-1088, 1089-1092, 1093-1096, 1097-1100, 1101-1104, 1105-1108, 1109-1112, 1113-1116, 1117-1120, 1121-1124, 1125-1128, 1129-1132, 1133-1136, 1137-1140, 1141-1144, 1145-1148, 1149-1152, 1153-1156, 1157-1160, 1161-1164, 1165-1168, 1169-1172, 1173-1176, 1177-1180, 1181-1184, 1185-1188, 1189-1192, 1193-1196, 1197-2000

**Semantic Similarity:**

Based on the lines of code more similar report, the two code snippets are **semantically similar**. They have a high degree of similarity in terms of their structure, syntax, and logic.
2026-04-05 14:57:07 - root - INFO - Getting method of the patch: tmp/patches/cleaned/aprenfl-defects4j-Math-50-TBar-Patch_1_1.patch
2026-04-05 14:57:07 - root - INFO - Methods already exist for the patch: aprenfl-defects4j-Math-50-TBar-Patch_1_1
2026-04-05 14:57:07 - root - INFO - Getting method of the patch: tmp/patches/cleaned/dl4pc2-defects4j-Math-50-Arja-DifferentFragPatches-90.patch
2026-04-05 14:57:07 - root - INFO - Methods already exist for the patch: dl4pc2-defects4j-Math-50-Arja-DifferentFragPatches-90
2026-04-05 14:57:09 - httpx - INFO - HTTP Request: POST http://127.0.0.1:11434/api/chat "HTTP/1.1 200 OK"
2026-04-05 14:57:09 - root - INFO - Received response for model codegemma:7b-instruct on attempt 1 response: **Lines of Code More Similar:**

Lines 1-24, 26-48, 50-72, 74-96, 98-120, 122-144, 146-168, 170-192, 194-216, 218-240 are more similar in both code snippets.

**Semantic Similarity:**

Yes, the two code snippets are semantically similar. They both implement the bisection method to find the root of a function. The code performs the following steps:

- Get the initial solution.
- Verify bracketing of the initial solution.
- Get the accuracies.
- Keep finding better approximations until the interval is within the given accuracies.

**Differences:**

The only difference between the two code snippets is in the handling of the `REGULA_FALSI` method. In the first snippet, the `x0` value is updated when the interval is too small. In the second snippet, the `x0` value is updated when the interval is too small or when the `REGULA_FALSI` method is used.
2026-04-05 14:57:09 - root - INFO - Getting method of the patch: tmp/patches/cleaned/aprenfl-defects4j-Math-50-TBar-Patch_1_1.patch
2026-04-05 14:57:09 - root - INFO - Methods already exist for the patch: aprenfl-defects4j-Math-50-TBar-Patch_1_1
2026-04-05 14:57:09 - root - INFO - Getting method of the patch: tmp/patches/cleaned/dl4pc2-defects4j-Math-50-Arja-DifferentFragPatches-60.patch
2026-04-05 14:57:09 - root - INFO - Methods already exist for the patch: dl4pc2-defects4j-Math-50-Arja-DifferentFragPatches-60
2026-04-05 14:58:09 - root - WARNING - [WARN] Retry 2/3 for model codegemma:7b-instruct: timed out
2026-04-05 14:58:39 - httpx - INFO - HTTP Request: POST http://127.0.0.1:11434/api/chat "HTTP/1.1 200 OK"
2026-04-05 14:58:39 - root - INFO - Received response for model codegemma:7b-instruct on attempt 1 response: **Lines of Code More Similar:**

Lines 1-4, 6-10, 12-14, 16-20, 22-24, 26-28, 30-32, 34-36, 38-40, 42-44, 46-48, 50-52, 54-56, 58-60, 62-64, 66-68, 70-72, 74-76, 78-80, 82-84, 86-88, 90-92, 94-96, 98-100, 102-104, 106-108, 110-112, 114-116, 118-120, 122-124, 126-128, 130-132, 134-136, 138-140, 142-144, 146-148, 150-152, 154-156, 158-160, 162-164, 166-168, 170-172, 174-176, 178-180, 182-184, 186-188, 190-192, 194-196, 198-200, 202-204, 206-208, 210-212, 214-216, 218-220, 222-224, 226-228, 230-232, 234-236, 238-240, 242-244, 246-248, 250-252, 254-256, 258-260, 262-264, 266-268, 270-272, 274-276, 278-280, 282-284, 286-288, 290-292, 294-296, 298-300, 302-304, 306-308, 310-312, 314-316, 318-320, 322-324, 326-328, 330-332, 334-336, 338-340, 342-344, 346-348, 350-352, 354-356, 358-360, 362-364, 366-368, 370-372, 374-376, 378-380, 382-384, 386-388, 390-392, 394-396, 398-400, 402-404, 406-408, 410-412, 414-416, 418-420, 422-424, 426-428, 430-432, 434-436, 438-440, 442-444, 446-448, 450-452, 454-456, 458-460, 462-464, 466-468, 470-472, 474-476, 478-480, 482-484, 486-488, 490-492, 494-496, 498-500, 502-504, 506-508, 510-512, 514-516, 518-520, 522-524, 526-528, 530-532, 534-536, 538-540, 542-544, 546-548, 550-552, 554-556, 558-560, 562-564, 566-568, 570-572, 574-576, 578-580, 582-584, 586-588, 590-592, 594-596, 598-600, 602-604, 606-608, 610-612, 614-616, 618-620, 622-624, 626-628, 630-632, 634-636, 638-640, 642-644, 646-648, 650-652, 654-656, 658-660, 662-664, 666-668, 670-672, 674-676, 678-680, 682-684, 686-688, 690-692, 694-696, 698-700, 702-704, 706-708, 710-712, 714-716, 718-720, 722-724, 726-728, 730-732, 734-736, 738-740, 742-744, 746-748, 750-752, 754-756, 758-760, 762-764, 766-768, 770-772, 774-776, 778-780, 782-784, 786-788, 790-792, 794-796, 798-800, 802-804, 806-808, 810-812, 814-816, 818-820, 822-824, 826-828, 830-832, 834-836, 838-840, 842-844, 846-848, 850-852, 854-856, 858-860, 862-864, 866-868, 870-872, 874-876, 878-880, 882-884, 886-888, 890-892, 894-896, 898-900, 902-904, 906-908, 910-912, 914-916, 918-920, 922-924, 926-928, 930-932, 934-936, 938-940, 942-944, 946-948, 950-952, 954-956, 958-960, 962-964, 966-968, 970-972, 974-976, 978-980, 982-984, 986-988, 990-992, 994-996, 998-1000, 1002-1004, 1006-1008, 1010-1012, 1014-1016, 1018-1020, 1022-1024, 1026-1028, 1030-1032, 1034-1036, 1038-1040, 1042-1044, 1046-1048, 1050-1052, 1054-1056, 1058-1060, 1062-1064, 1066-1068, 1070-1072, 1074-1076, 1078-1080, 1082-1084, 1086-1088, 1090-1092, 1094-1096, 1098-1100, 1102-1104, 1106-1108, 1110-1112, 1114-1116, 1118-1120, 1122-1124, 1126-1128, 1130-1132, 1134-1136, 1138-1140, 1142-1144, 1146-1148, 1150-1152, 1154-1156, 1158-1160, 1162-1164, 1166-1168, 1170-1172, 1174-1176, 1178-1180, 1182-1184, 1186-1188, 1190-1192, 1194-1196, 1198-2000

**Semantic Similarity:**

Based on the lines of code more similar report, the two code snippets are **semantically similar**. They have a high degree of similarity in their structure, syntax, and logic.
2026-04-05 14:58:39 - root - INFO - Getting method of the patch: tmp/patches/cleaned/aprenfl-defects4j-Math-50-TBar-Patch_1_1.patch
2026-04-05 14:58:39 - root - INFO - Methods already exist for the patch: aprenfl-defects4j-Math-50-TBar-Patch_1_1
2026-04-05 14:58:39 - root - INFO - Getting method of the patch: tmp/patches/cleaned/dl4pc2-defects4j-Math-50-Arja-DifferentFragPatches-80.patch
2026-04-05 14:58:39 - root - INFO - Methods already exist for the patch: dl4pc2-defects4j-Math-50-Arja-DifferentFragPatches-80
2026-04-05 14:59:39 - root - WARNING - [WARN] Retry 2/3 for model codegemma:7b-instruct: timed out
2026-04-05 15:00:44 - root - WARNING - [WARN] Retry 2/3 for model codegemma:7b-instruct: timed out
2026-04-05 15:01:49 - root - WARNING - [WARN] Retry 2/3 for model codegemma:7b-instruct: timed out
2026-04-05 15:02:54 - root - WARNING - [WARN] Retry 2/3 for model codegemma:7b-instruct: timed out
2026-04-05 15:03:59 - root - WARNING - [WARN] Retry 2/3 for model codegemma:7b-instruct: timed out
2026-04-05 15:04:06 - httpx - INFO - HTTP Request: POST http://127.0.0.1:11434/api/chat "HTTP/1.1 200 OK"
2026-04-05 15:04:06 - root - INFO - Received response for model codegemma:7b-instruct on attempt 1 response: **Lines of Code More Similar:**

Lines 1-24, 26-48, 50-72, 74-96, 98-120, 122-144, 146-168, 170-192, 194-216, 218-240 are more similar in both code snippets.

**Semantic Similarity:**

Yes, the two code snippets are semantically similar. They both implement the Regula Falsi method for root finding, with similar logic and functionality. The differences between the snippets are minor and do not affect the overall functionality or semantic meaning.
2026-04-05 15:04:06 - root - INFO - Getting method of the patch: tmp/patches/cleaned/aprenfl-defects4j-Math-50-TBar-Patch_1_1.patch
2026-04-05 15:04:06 - root - INFO - Methods already exist for the patch: aprenfl-defects4j-Math-50-TBar-Patch_1_1
2026-04-05 15:04:06 - root - INFO - Getting method of the patch: tmp/patches/cleaned/dl4pc2-defects4j-Math-50-Arja-DifferentFragPatches-95.patch
2026-04-05 15:04:06 - root - INFO - Methods already exist for the patch: dl4pc2-defects4j-Math-50-Arja-DifferentFragPatches-95
2026-04-05 15:04:31 - httpx - INFO - HTTP Request: POST http://127.0.0.1:11434/api/chat "HTTP/1.1 200 OK"
2026-04-05 15:04:31 - root - INFO - Received response for model codegemma:7b-instruct on attempt 1 response: **Lines of Code More Similar:**

Lines 1-4, 5-8, 9-12, 13-16, 17-20, 21-24, 25-28, 29-32, 33-36, 37-40, 41-44, 45-48, 49-52, 53-56, 57-60, 61-64, 65-68, 69-72, 73-76, 77-80, 81-84, 85-88, 89-92, 93-96, 97-100, 101-104, 105-108, 109-112, 113-116, 117-120, 121-124, 125-128, 129-132, 133-136, 137-140, 141-144, 145-148, 149-152, 153-156, 157-160, 161-164, 165-168, 169-172, 173-176, 177-180, 181-184, 185-188, 189-192, 193-196, 197-200, 201-204, 205-208, 209-212, 213-216, 217-220, 221-224, 225-228, 229-232, 233-236, 237-240, 241-244, 245-248, 249-252, 253-256, 257-260, 261-264, 265-268, 269-272, 273-276, 277-280, 281-284, 285-288, 289-292, 293-296, 297-300, 301-304, 305-308, 309-312, 313-316, 317-320, 321-324, 325-328, 329-332, 333-336, 337-340, 341-344, 345-348, 349-352, 353-356, 357-360, 361-364, 365-368, 369-372, 373-376, 377-380, 381-384, 385-388, 389-392, 393-396, 397-400, 401-404, 405-408, 409-412, 413-416, 417-420, 421-424, 425-428, 429-432, 433-436, 437-440, 441-444, 445-448, 449-452, 453-456, 457-460, 461-464, 465-468, 469-472, 473-476, 477-480, 481-484, 485-488, 489-492, 493-496, 497-500, 501-504, 505-508, 509-512, 513-516, 517-520, 521-524, 525-528, 529-532, 533-536, 537-540, 541-544, 545-548, 549-552, 553-556, 557-560, 561-564, 565-568, 569-572, 573-576, 577-580, 581-584, 585-588, 589-592, 593-596, 597-600, 601-604, 605-608, 609-612, 613-616, 617-620, 621-624, 625-628, 629-632, 633-636, 637-640, 641-644, 645-648, 649-652, 653-656, 657-660, 661-664, 665-668, 669-672, 673-676, 677-680, 681-684, 685-688, 689-692, 693-696, 697-700, 701-704, 705-708, 709-712, 713-716, 717-720, 721-724, 725-728, 729-732, 733-736, 737-740, 741-744, 745-748, 749-752, 753-756, 757-760, 761-764, 765-768, 769-772, 773-776, 777-780, 781-784, 785-788, 789-792, 793-796, 797-800, 801-804, 805-808, 809-812, 813-816, 817-820, 821-824, 825-828, 829-832, 833-836, 837-840, 841-844, 845-848, 849-852, 853-856, 857-860, 861-864, 865-868, 869-872, 873-876, 877-880, 881-884, 885-888, 889-892, 893-896, 897-900, 901-904, 905-908, 909-912, 913-916, 917-920, 921-924, 925-928, 929-932, 933-936, 937-940, 941-944, 945-948, 949-952, 953-956, 957-960, 961-964, 965-968, 969-972, 973-976, 977-980, 981-984, 985-988, 989-992, 993-996, 997-1000, 1001-1004, 1005-1008, 1009-1012, 1013-1016, 1017-1020, 1021-1024, 1025-1028, 1029-1032, 1033-1036, 1037-1040, 1041-1044, 1045-1048, 1049-1052, 1053-1056, 1057-1060, 1061-1064, 1065-1068, 1069-1072, 1073-1076, 1077-1080, 1081-1084, 1085-1088, 1089-1092, 1093-1096, 1097-1100, 1101-1104, 1105-1108, 1109-1112, 1113-1116, 1117-1120, 1121-1124, 1125-1128, 1129-1132, 1133-1136, 1137-1140, 1141-1144, 1145-1148, 1149-1152, 1153-1156, 1157-1160, 1161-1164, 1165-1168, 1169-1172, 1173-1176, 1177-1180, 1181-1184, 1185-1188, 1189-1192, 1193-1196, 1197-2000

**Semantic Similarity:**

The two code snippets are highly semantically similar. They both implement the same algorithm for finding the root of a function using the Regula falsi method. The code is well-structured, documented, and uses consistent variable and method names. The only difference between the two snippets is the use of different variables and constants for storing intermediate results.

**Answer:**

**Yes**
2026-04-05 15:04:31 - root - INFO - Getting method of the patch: tmp/patches/cleaned/aprenfl-defects4j-Math-50-TBar-Patch_1_1.patch
2026-04-05 15:04:31 - root - INFO - Methods already exist for the patch: aprenfl-defects4j-Math-50-TBar-Patch_1_1
2026-04-05 15:04:31 - root - INFO - Getting method of the patch: tmp/patches/cleaned/dl4pc2-defects4j-Math-50-Arja-DifferentFragPatches-71.patch
2026-04-05 15:04:31 - root - INFO - Methods already exist for the patch: dl4pc2-defects4j-Math-50-Arja-DifferentFragPatches-71
2026-04-05 15:05:20 - httpx - INFO - HTTP Request: POST http://127.0.0.1:11434/api/chat "HTTP/1.1 200 OK"
2026-04-05 15:05:20 - root - INFO - Received response for model codegemma:7b-instruct on attempt 1 response: **Lines of Code More Similar:**

Lines 1-24, 26-44, 46-64, 66-84, 86-104, 106-124, 126-144, 146-164, 166-184, 186-204, 206-224, 226-244, 246-264, 266-284, 286-304, 306-324, 326-344, 346-364, 366-384, 386-404, 406-424, 426-444, 446-464, 466-484, 486-504, 506-524, 526-544, 546-564, 566-584, 586-604, 606-624, 626-644, 646-664, 666-684, 686-704, 706-724, 726-744, 746-764, 766-784, 786-804, 806-824, 826-844, 846-864, 866-884, 886-904, 906-924, 926-944, 946-964, 966-984, 986-1004, 1006-1024, 1026-1044, 1046-1064, 1066-1084, 1086-1104, 1106-1124, 1126-1144, 1146-1164, 1166-1184, 1186-1204, 1206-1224, 1226-1244, 1246-1264, 1266-1284, 1286-1304, 1306-1324, 1326-1344, 1346-1364, 1366-1384, 1386-1404, 1406-1424, 1426-1444, 1446-1464, 1466-1484, 1486-1504, 1506-1524, 1526-1544, 1546-1564, 1566-1584, 1586-1604, 1606-1624, 1626-1644, 1646-1664, 1666-1684, 1686-1704, 1706-1724, 1726-1744, 1746-1764, 1766-1784, 1786-1804, 1806-1824, 1826-1844, 1846-1864, 1866-1884, 1886-1904, 1906-1924, 1926-1944, 1946-1964, 1966-1984, 1986-2004, 2006-2024, 2026-2044, 2046-2064, 2066-2084, 2086-2104, 2106-2124, 2126-2144, 2146-2164, 2166-2184, 2186-2204, 2206-2224, 2226-2244, 2246-2264, 2266-2284, 2286-2304, 2306-2324, 2326-2344, 2346-2364, 2366-2384, 2386-2404, 2406-2424, 2426-2444, 2446-2464, 2466-2484, 2486-2504, 2506-2524, 2526-2544, 2546-2564, 2566-2584, 2586-2604, 2606-2624, 2626-2644, 2646-2664, 2666-2684, 2686-2704, 2706-2724, 2726-2744, 2746-2764, 2766-2784, 2786-2804, 2806-2824, 2826-2844, 2846-2864, 2866-2884, 2886-2904, 2906-2924, 2926-2944, 2946-2964, 2966-2984, 2986-3004, 3006-3024, 3026-3044, 3046-3064, 3066-3084, 3086-3104, 3106-3124, 3126-3144, 3146-3164, 3166-3184, 3186-3204, 3206-3224, 3226-3244, 3246-3264, 3266-3284, 3286-3304, 3306-3324, 3326-3344, 3346-3364, 3366-3384, 3386-3404, 3406-3424, 3426-3444, 3446-3464, 3466-3484, 3486-3504, 3506-3524, 3526-3544, 3546-3564, 3566-3584, 3586-3604, 3606-3624, 3626-3644, 3646-3664, 3666-3684, 3686-3704, 3706-3724, 3726-3744, 3746-3764, 3766-3784, 3786-3804, 3806-3824, 3826-3844, 3846-3864, 3866-3884, 3886-3904, 3906-3924, 3926-3944, 3946-3964, 3966-3984, 3986-4004, 4006-4024, 4026-4044, 4046-4064, 4066-4084, 4086-4104, 4106-4124, 4126-4144, 4146-4164, 4166-4184, 4186-4204, 4206-4224, 4226-4244, 4246-4264, 4266-4284, 4286-4304, 4306-4324, 4326-4344, 4346-4364, 4366-4384, 4386-4404, 4406-4424, 4426-4444, 4446-4464, 4466-4484, 4486-4504, 4506-4524, 4526-4544, 4546-4564, 4566-4584, 4586-4604, 4606-4624, 4626-4644, 4646-4664, 4666-4684, 4686-4704, 4706-4724, 4726-4744, 4746-4764, 4766-4784, 4786-4804, 4806-4824, 4826-4844, 4846-4864, 4866-4884, 4886-4904, 4906-4924, 4926-4944, 4946-4964, 4966-4984, 4986-5004, 5006-5024, 5026-5044, 5046-5064, 5066-5084, 5086-5104, 5106-5124, 5126-5144, 5146-5164, 5166-5184, 5186-5204, 5206-5224, 5226-5244, 5246-5264, 5266-5284, 5286-5304, 5306-5324, 5326-5344, 5346-5364, 5366-5384, 5386-5404, 5406-5424, 5426-5444, 5446-5464, 5466-5484, 5486-5504, 5506-5524, 5526-5544, 5546-5564, 5566-5584, 5586-5604, 5606-5624, 5626-5644, 5646-5664, 5666-5684, 5686-5704, 5706-5724, 5726-5744, 5746-5764, 5766-5784, 5786-5804, 5806-5824, 5826-5844, 5846-5864, 5866-5884, 5886-5904, 5906-5924, 5926-5944, 5946-5964, 5966-5984, 5986-6004, 6006-6024, 6026-6044, 6046-6064, 6066-6084, 6086-6104, 6106-6124, 6126-6144, 6146-6164, 6166-6184, 6186-6204, 6206-6224, 6226-6244, 6246-6264, 6266-6284, 6286-6304, 6306-6324, 6326-6344, 6346-6364, 6366-6384, 6386-6404, 6406-6424, 6426-6444, 6446-6464, 6466-6484, 6486-6504, 6506-6524, 6526-6544, 6546-6564, 6566-6584, 6586-6604, 6606-6624, 6626-6644, 6646-6664, 6666-6684, 6686-6704, 6706-6724, 6726-6744, 6746-6764, 6766-6784, 6786-6804, 6806-6824, 6826-6844, 6846-6864, 6866-6884, 6886-6904, 6906-6924, 6926-6944, 6946-6964, 6966-6984, 6986-7004, 7006-7024, 7026-7044, 7046-7064, 7066-7084, 7086-7104, 7106-7124, 7126-7144, 7146-7164, 7166-7184, 7186-7204, 7206-7224, 7226-7244, 7246-7264, 7266-7284, 7286-7304, 7306-7324, 7326-7344, 7346-7364, 7366-7384, 7386-7404, 7406-7424, 7426-7444, 7446-7464, 7466-7484, 7486-7504, 7506-7524, 7526-7544, 7546-7564, 7566-7584, 7586-7604, 7606-7624, 7626-7644, 7646-7664, 7666-7684, 7686-7704, 7706-7724, 7726-7744, 7746-7764, 7766-7784, 7786-7804, 7806-7824, 7826-7844, 7846-7864, 7866-7884, 7886-7904, 7906-7924, 7926-7944, 7946-7964, 7966-7984, 7986-8004, 8006-8024, 8026-8044, 8046-8064, 8066-8084, 8086-8104, 8106-8124, 8126-8144, 8146-8164, 8166-8184, 8186-8204, 8206-8224, 8226-8244, 8246-8264, 8266-8284, 8286-8304, 8306-8324, 8326-8344, 8346-8364, 8366-8384, 8386-8404, 8406-8424, 8426-8444, 8446-8464, 8466-8484, 8486-8504, 8506-8524, 8526-8544, 8546-8564, 8566-8584, 8586-8604, 8606-8624, 8626-8644, 8646-8664, 8666-8684, 8686-8704, 8706-8724, 8726-8744, 8746-8764, 8766-8784, 8786-8804, 8806-8824, 8826-8844, 8846-8864, 8866-8884, 8886-8904, 8906-8924, 8926-8944, 8946-8964, 8966-8984, 8986-9004, 9006-9024, 9026-9044, 9046-9064, 9066-9084, 9086-9104, 9106-9124, 9126-9144, 9146-9164, 9166-9184, 9186-9204, 9206-9224, 9226-9244, 9246-9264, 9266-9284, 9286-9304, 9306-9324, 9326-9344, 9346-9364, 9366-9384, 9386-9404, 9406-9424, 9426-9444, 9446-9464, 9466-9484, 9486-9504, 9506-9524, 9526-9544, 9546-9564, 9566-9584, 9586-9604, 9606-9624, 9626-9644, 9646-9664, 9666-9684, 9686-9704, 9706-9724, 9726-9744, 9746-9764, 9766-9784, 9786-9804, 9806-9824, 9826-9844, 9846-9864, 9866-9884, 9886-9904, 9906-9924, 9926-9944, 9946-9964, 9966-9984, 9986-10004
2026-04-05 15:05:20 - root - INFO - Getting method of the patch: tmp/patches/cleaned/aprenfl-defects4j-Math-50-TBar-Patch_1_1.patch
2026-04-05 15:05:20 - root - INFO - Methods already exist for the patch: aprenfl-defects4j-Math-50-TBar-Patch_1_1
2026-04-05 15:05:20 - root - INFO - Getting method of the patch: tmp/patches/cleaned/dl4pc2-defects4j-Math-50-Arja-DifferentFragPatches-17.patch
2026-04-05 15:05:20 - root - INFO - Methods already exist for the patch: dl4pc2-defects4j-Math-50-Arja-DifferentFragPatches-17
2026-04-05 15:06:07 - httpx - INFO - HTTP Request: POST http://127.0.0.1:11434/api/chat "HTTP/1.1 200 OK"
2026-04-05 15:06:07 - root - INFO - Received response for model codegemma:7b-instruct on attempt 1 response: **Lines of code more similar:**

Lines 1-14, 16-34, 36-48, 50-62, 64-76, 78-90, 92-104, 106-118, 120-132, 134-146, 148-160, 162-174, 176-188, 190-202, 204-216, 218-230, 232-244, 246-258, 260-272, 274-286, 288-300, 302-314, 316-328, 330-342, 344-356, 358-370, 372-384, 386-398, 400-412, 414-426, 428-440, 442-454, 456-468, 470-482, 484-496, 498-510, 512-524, 526-538, 540-552, 554-566, 568-580, 582-594, 596-608, 610-622, 624-636, 638-650, 652-664, 666-678, 680-692, 694-706, 708-720, 722-734, 736-748, 750-762, 764-776, 778-790, 792-804, 806-818, 820-832, 834-846, 848-860, 862-874, 876-888, 890-902, 904-916, 918-930, 932-944, 946-958, 960-972, 974-986, 988-1000, 1002-1014, 1016-1028, 1030-1042, 1044-1056, 1058-1070, 1072-1084, 1086-1098, 1100-1112, 1114-1126, 1128-1140, 1142-1154, 1156-1168, 1170-1182, 1184-1196, 1198-1210, 1212-1224, 1226-1238, 1240-1252, 1254-1266, 1268-1280, 1282-1294, 1296-1308, 1310-1322, 1324-1336, 1338-1350, 1352-1364, 1366-1378, 1380-1392, 1394-1406, 1408-1420, 1422-1434, 1436-1448, 1450-1462, 1464-1476, 1478-1490, 1492-1504, 1506-1518, 1520-1532, 1534-1546, 1548-1560, 1562-1574, 1576-1588, 1590-1602, 1604-1616, 1618-1630, 1632-1644, 1646-1658, 1660-1672, 1674-1686, 1688-1700, 1702-1714, 1716-1728, 1730-1742, 1744-1756, 1758-1770, 1772-1784, 1786-1798, 1800-1812, 1814-1826, 1828-1840, 1842-1854, 1856-1868, 1870-1882, 1884-1896, 1898-1910, 1912-1924, 1926-1938, 1940-1952, 1954-1966, 1968-1980, 1982-1994, 1996-2008, 2010-2022, 2024-2036, 2038-2050, 2052-2064, 2066-2078, 2080-2092, 2094-2106, 2108-2120, 2122-2134, 2136-2148, 2150-2162, 2164-2176, 2178-2190, 2192-2204, 2206-2218, 2220-2232, 2234-2246, 2248-2260, 2262-2274, 2276-2288, 2290-2302, 2304-2316, 2318-2330, 2332-2344, 2346-2358, 2360-2372, 2374-2386, 2388-2400, 2402-2414, 2416-2428, 2430-2442, 2444-2456, 2458-2470, 2472-2484, 2486-2498, 2500-2512, 2514-2526, 2528-2540, 2542-2554, 2556-2568, 2570-2582, 2584-2596, 2598-2610, 2612-2624, 2626-2638, 2640-2652, 2654-2666, 2668-2680, 2682-2694, 2696-2708, 2710-2722, 2724-2736, 2738-2750, 2752-2764, 2766-2778, 2780-2792, 2794-2806, 2808-2820, 2822-2834, 2836-2848, 2850-2862, 2864-2876, 2878-2890, 2892-2904, 2906-2918, 2920-2932, 2934-2946, 2948-2960, 2962-2974, 2976-2988, 2990-3002, 3004-3016, 3018-3030, 3032-3044, 3046-3058, 3060-3072, 3074-3086, 3088-3100, 3102-3114, 3116-3128, 3130-3142, 3144-3156, 3158-3170, 3172-3184, 3186-3198, 3200-3212, 3214-3226, 3228-3240, 3242-3254, 3256-3268, 3270-3282, 3284-3296, 3298-3310, 3312-3324, 3326-3338, 3340-3352, 3354-3366, 3368-3380, 3382-3394, 3396-3408, 3410-3422, 3424-3436, 3438-3450, 3452-3464, 3466-3478, 3480-3492, 3494-3506, 3508-3520, 3522-3534, 3536-3548, 3550-3562, 3564-3576, 3578-3590, 3592-3604, 3606-3618, 3620-3632, 3634-3646, 3648-3660, 3662-3674, 3676-3688, 3690-3702, 3704-3716, 3718-3730, 3732-3744, 3746-3758, 3760-3772, 3774-3786, 3788-3800, 3802-3814, 3816-3828, 3830-3842, 3844-3856, 3858-3870, 3872-3884, 3886-3898, 3900-3912, 3914-3926, 3928-3940, 3942-3954, 3956-3968, 3970-3982, 3984-3996, 3998-4010, 4012-4024, 4026-4038, 4040-4052, 4054-4066, 4068-4080, 4082-4094, 4096-4108, 4110-4122, 4124-4136, 4138-4150, 4152-4164, 4166-4178, 4180-4192, 4194-4206, 4208-4220, 4222-4234, 4236-4248, 4250-4262, 4264-4276, 4278-4290, 4292-4304, 4306-4318, 4320-4332, 4334-4346, 4348-4360, 4362-4374, 4376-4388, 4390-4402, 4404-4416, 4418-4430, 4432-4444, 4446-4458, 4460-4472, 4474-4486, 4488-4500, 4502-4514, 4516-4528, 4530-4542, 4544-4556, 4558-4570, 4572-4584, 4586-4598, 4600-4612, 4614-4626, 4628-4640, 4642-4654, 4656-4668, 4670-4682, 4684-4696, 4698-4710, 4712-4724, 4726-4738, 4740-4752, 4754-4766, 4768-4780, 4782-4794, 4796-4808, 4810-4822, 4824-4836, 4838-4850, 4852-4864, 4866-4878, 4880-4892, 4894-4906, 4908-4920, 4922-4934, 4936-4948, 4950-4962, 4964-4976, 4978-4990, 4992-5004, 5006-5018, 5020-5032, 5034-5046, 5048-5060, 5062-5074, 5076-5088, 5090-5102, 5104-5116, 5118-5130, 5132-5144, 5146-5158, 5160-5172, 5174-5186, 5188-5200, 5202-5214, 5216-5228, 5230-5242, 5244-5256, 5258-5270, 5272-5284, 5286-5298, 5300-5312, 5314-5326, 5328-5340, 5342-5354, 5356-5368, 5370-5382, 5384-5396, 5398-5410, 5412-5424, 5426-5438, 5440-5452, 5454-5466, 5468-5480, 5482-5494, 5496-5508, 5510-5522, 5524-5536, 5538-5550, 5552-5564, 5566-5578, 5580-5592, 5594-5606, 5608-5620, 5622-5634, 5636-5648, 5650-5662, 5664-5676, 5678-5690, 5692-5704, 5706-5718, 5720-5732, 5734-5746, 5748-5760, 5762-5774, 5776-5788, 5790-5802, 5804-5816, 5818-5830, 5832-5844, 5846-5858, 5860-5872, 5874-5886, 5888-5900, 5902-5914, 5916-5928, 5930-5942, 5944-5956, 5958-5970, 5972-5984, 5986-6000, 6002-6014, 6016-6028, 6030-6042, 6044-6056, 6058-6070, 6072-6084, 6086-6098, 6100-6112, 6114-6126, 6128-6140, 6142-6154, 6156-6168, 6170-6182, 6184-6196, 6198-6210, 6212-6224, 6226-6238, 6240-6252, 6254-6266, 6268-6280, 6282-6294, 6296-6308, 6310-6322, 6324-6336, 6338-6350, 6352-6364, 6366-6378, 6380-6392, 6394-6406, 6408-6420, 6422-6434, 6436-6448, 6450-6462, 6464-6476, 6478-6490, 6492-6504, 6506-6518, 6520-6532, 6534-6546, 6548-6560, 6562-6574, 6576-6588, 6590-6602, 6604-6616, 6618-6630, 6632-6644, 6646-6658, 6660-6672, 6674-6686, 6688-6700, 6702-6714, 6716-6728, 6730-6742, 6744-6756, 6758-6770, 6772-6784, 6786-6798, 6800-6812, 6814-6826, 6828-6840, 6842-6854, 6856-6868, 6870-6882, 6884-6896, 6898-7000
2026-04-05 15:06:07 - root - INFO - Getting method of the patch: tmp/patches/cleaned/aprenfl-defects4j-Math-50-TBar-Patch_1_1.patch
2026-04-05 15:06:07 - root - INFO - Methods already exist for the patch: aprenfl-defects4j-Math-50-TBar-Patch_1_1
2026-04-05 15:06:07 - root - INFO - Getting method of the patch: tmp/patches/cleaned/dl4pc2-defects4j-Math-50-Arja-DifferentFragPatches-73.patch
2026-04-05 15:06:07 - root - INFO - Methods already exist for the patch: dl4pc2-defects4j-Math-50-Arja-DifferentFragPatches-73
2026-04-05 15:07:07 - root - WARNING - [WARN] Retry 2/3 for model codegemma:7b-instruct: timed out
2026-04-05 15:08:12 - root - WARNING - [WARN] Retry 2/3 for model codegemma:7b-instruct: timed out
2026-04-05 15:09:18 - root - WARNING - [WARN] Retry 2/3 for model codegemma:7b-instruct: timed out
2026-04-05 15:10:23 - root - WARNING - [WARN] Retry 2/3 for model codegemma:7b-instruct: timed out
2026-04-05 15:11:28 - root - WARNING - [WARN] Retry 2/3 for model codegemma:7b-instruct: timed out
2026-04-05 15:12:33 - root - WARNING - [WARN] Retry 2/3 for model codegemma:7b-instruct: timed out
2026-04-05 15:13:38 - root - WARNING - [WARN] Retry 2/3 for model codegemma:7b-instruct: timed out
2026-04-05 15:14:43 - root - WARNING - [WARN] Retry 2/3 for model codegemma:7b-instruct: timed out
2026-04-05 15:15:48 - root - WARNING - [WARN] Retry 2/3 for model codegemma:7b-instruct: timed out
2026-04-05 15:16:53 - root - WARNING - [WARN] Retry 2/3 for model codegemma:7b-instruct: timed out
2026-04-05 15:17:58 - root - WARNING - [WARN] Retry 2/3 for model codegemma:7b-instruct: timed out
2026-04-05 15:19:03 - root - WARNING - [WARN] Retry 2/3 for model codegemma:7b-instruct: timed out
2026-04-05 15:19:15 - httpx - INFO - HTTP Request: POST http://127.0.0.1:11434/api/chat "HTTP/1.1 200 OK"
2026-04-05 15:19:15 - root - INFO - Received response for model codegemma:7b-instruct on attempt 1 response: **Lines of Code More Similar:**

Lines 1-10, 12-23, 25-34, 36-47, 49-60, 62-73, 75-86, 88-99, 101-112, 114-125, 127-138, 140-151, 153-164, 166-177, 179-190, 192-203, 205-216, 218-229, 231-242, 244-255, 257-268, 270-281, 283-294, 296-307, 309-320, 322-333, 335-346, 348-359, 361-372, 374-385, 387-398, 400-411, 413-424, 426-437, 439-450, 452-463, 465-476, 478-489, 491-502, 504-515, 517-528, 530-541, 543-554, 556-567, 569-580, 582-593, 595-606, 608-619, 621-632, 634-645, 647-658, 660-671, 673-684, 686-697, 699-710, 712-723, 725-736, 738-749, 751-762, 764-775, 777-788, 790-801, 803-814, 816-827, 829-840, 842-853, 855-866, 868-879, 881-892, 894-905, 907-918, 920-931, 933-944, 946-957, 959-970, 972-983, 985-996, 998-1009, 1011-1022, 1024-1035, 1037-1048, 1050-1061, 1063-1074, 1076-1087, 1089-1090

**Semantic Similarity:**

Yes, the two code snippets are semantically similar. They both implement the same algorithm for finding the root of a function using the Regula falsi method. The differences between the two snippets are mainly in the handling of the initial solution and the use of the `verifyBracketing()` method.
2026-04-05 15:19:15 - root - INFO - Getting method of the patch: tmp/patches/cleaned/aprenfl-defects4j-Math-50-TBar-Patch_1_1.patch
2026-04-05 15:19:15 - root - INFO - Methods already exist for the patch: aprenfl-defects4j-Math-50-TBar-Patch_1_1
2026-04-05 15:19:15 - root - INFO - Getting method of the patch: tmp/patches/cleaned/dl4pc2-defects4j-Math-50-Arja-DifferentFragPatches-65.patch
2026-04-05 15:19:15 - root - INFO - Methods already exist for the patch: dl4pc2-defects4j-Math-50-Arja-DifferentFragPatches-65
2026-04-05 15:19:17 - httpx - INFO - HTTP Request: POST http://127.0.0.1:11434/api/chat "HTTP/1.1 200 OK"
2026-04-05 15:19:17 - root - INFO - Received response for model codegemma:7b-instruct on attempt 1 response: **Lines of code more similar:**

Lines 1-24, 26-48, 50-72, 74-96, 98-120, 122-144, 146-168, 170-192, 194-216, 218-240 are more similar in both code snippets.

**Semantic similarity:**

Yes, the two code snippets are semantically similar. They both implement the same algorithm for finding the root of a function using the Regula Falsi method. The only difference between the two snippets is in the way they handle the case where the current interval is within the given accuracies. In the first snippet, the algorithm returns the current approximation, while in the second snippet, the algorithm adjusts the left bound of the interval to ensure that the current interval is still within the given accuracies.
2026-04-05 15:19:17 - root - INFO - Getting method of the patch: tmp/patches/cleaned/aprenfl-defects4j-Math-50-TBar-Patch_1_1.patch
2026-04-05 15:19:17 - root - INFO - Methods already exist for the patch: aprenfl-defects4j-Math-50-TBar-Patch_1_1
2026-04-05 15:19:17 - root - INFO - Getting method of the patch: tmp/patches/cleaned/dl4pc2-defects4j-Math-50-Arja-DifferentFragPatches-11.patch
2026-04-05 15:19:17 - root - INFO - Methods already exist for the patch: dl4pc2-defects4j-Math-50-Arja-DifferentFragPatches-11
2026-04-05 15:20:17 - root - WARNING - [WARN] Retry 2/3 for model codegemma:7b-instruct: timed out
2026-04-05 15:21:22 - root - WARNING - [WARN] Retry 2/3 for model codegemma:7b-instruct: timed out
2026-04-05 15:22:27 - root - WARNING - [WARN] Retry 2/3 for model codegemma:7b-instruct: timed out
2026-04-05 15:23:32 - root - WARNING - [WARN] Retry 2/3 for model codegemma:7b-instruct: timed out
2026-04-05 15:24:37 - root - WARNING - [WARN] Retry 2/3 for model codegemma:7b-instruct: timed out
2026-04-05 15:25:43 - root - WARNING - [WARN] Retry 2/3 for model codegemma:7b-instruct: timed out
2026-04-05 15:26:48 - root - WARNING - [WARN] Retry 2/3 for model codegemma:7b-instruct: timed out
2026-04-05 15:27:19 - httpx - INFO - HTTP Request: POST http://127.0.0.1:11434/api/chat "HTTP/1.1 200 OK"
2026-04-05 15:27:19 - root - INFO - Received response for model codegemma:7b-instruct on attempt 1 response: **Lines of Code More Similar:**

Lines 1-14, 16-34, 36-48, 50-62, 64-76, 78-88, 90-102, 104-116, 118-130, 132-144, 146-158, 160-172, 174-186, 188-200, 202-214, 216-228, 230-242, 244-256, 258-270, 272-284, 286-298, 300-312, 314-326, 328-340, 342-354, 356-368, 370-382, 384-396, 398-410, 412-424, 426-438, 440-452, 454-466, 468-480, 482-494, 496-508, 510-522, 524-536, 538-550, 552-564, 566-578, 580-592, 594-606, 608-620, 622-634, 636-648, 650-662, 664-676, 678-690, 692-704, 706-718, 720-732, 734-746, 748-760, 762-774, 776-788, 790-802, 804-816, 818-830, 832-844, 846-858, 860-872, 874-886, 888-900, 902-914, 916-928, 930-942, 944-956, 958-970, 972-984, 986-998, 1000-1012, 1014-1026, 1028-1040, 1042-1054, 1056-1068, 1070-1082, 1084-1096, 1098-1110, 1112-1124, 1126-1138, 1140-1152, 1154-1166, 1168-1180, 1182-1194, 1196-1208, 1210-1222, 1224-1236, 1238-1250, 1252-1264, 1266-1278, 1280-1292, 1294-1306, 1308-1320, 1322-1334, 1336-1348, 1350-1362, 1364-1376, 1378-1390, 1392-1404, 1406-1418, 1420-1432, 1434-1446, 1448-1460, 1462-1474, 1476-1488, 1490-1502, 1504-1516, 1518-1530, 1532-1544, 1546-1558, 1560-1572, 1574-1586, 1588-1600, 1602-1614, 1616-1628, 1630-1642, 1644-1656, 1658-1670, 1672-1684, 1686-1698, 1700-1712, 1714-1726, 1728-1740, 1742-1754, 1756-1768, 1770-1782, 1784-1796, 1798-1810, 1812-1824, 1826-1838, 1840-1852, 1854-1866, 1868-1880, 1882-1894, 1896-1908, 1910-1922, 1924-1936, 1938-1950, 1952-1964, 1966-1978, 1980-1992, 1994-2006, 2008-2020, 2022-2034, 2036-2048, 2050-2062, 2064-2076, 2078-2090, 2092-2104, 2106-2118, 2120-2132, 2134-2146, 2148-2160, 2162-2174, 2176-2188, 2190-2202, 2204-2216, 2218-2230, 2232-2244, 2246-2258, 2260-2272, 2274-2286, 2288-2300, 2302-2314, 2316-2328, 2330-2342, 2344-2356, 2358-2370, 2372-2384, 2386-2398, 2400-2412, 2414-2426, 2428-2440, 2442-2454, 2456-2468, 2470-2482, 2484-2496, 2498-2510, 2512-2524, 2526-2538, 2540-2552, 2554-2566, 2568-2580, 2582-2594, 2596-2608, 2610-2622, 2624-2636, 2638-2650, 2652-2664, 2666-2678, 2680-2692, 2694-2706, 2708-2720, 2722-2734, 2736-2748, 2750-2762, 2764-2776, 2778-2790, 2792-2804, 2806-2818, 2820-2832, 2834-2846, 2848-2860, 2862-2874, 2876-2888, 2890-2902, 2904-2916, 2918-2930, 2932-2944, 2946-2958, 2960-2972, 2974-2986, 2988-3000, 3002-3014, 3016-3028, 3030-3042, 3044-3056, 3058-3070, 3072-3084, 3086-3098, 3100-3112, 3114-3126, 3128-3140, 3142-3154, 3156-3168, 3170-3182, 3184-3196, 3198-3210, 3212-3224, 3226-3238, 3240-3252, 3254-3266, 3268-3280, 3282-3294, 3296-3308, 3310-3322, 3324-3336, 3338-3350, 3352-3364, 3366-3378, 3380-3392, 3394-3406, 3408-3420, 3422-3434, 3436-3448, 3450-3462, 3464-3476, 3478-3490, 3492-3504, 3506-3518, 3520-3532, 3534-3546, 3548-3560, 3562-3574, 3576-3588, 3590-3602, 3604-3616, 3618-3630, 3632-3644, 3646-3658, 3660-3672, 3674-3686, 3688-3700, 3702-3714, 3716-3728, 3730-3742, 3744-3756, 3758-3770, 3772-3784, 3786-3798, 3800-3812, 3814-3826, 3828-3840, 3842-3854, 3856-3868, 3870-3882, 3884-3896, 3898-4010

**Semantic Similarity:**

Based on the lines of code more similar report, the two code snippets are **semantically similar**. They have similar structure, syntax, and logic.
2026-04-05 15:27:19 - root - INFO - Getting method of the patch: tmp/patches/cleaned/aprenfl-defects4j-Math-50-TBar-Patch_1_1.patch
2026-04-05 15:27:19 - root - INFO - Methods already exist for the patch: aprenfl-defects4j-Math-50-TBar-Patch_1_1
2026-04-05 15:27:19 - root - INFO - Getting method of the patch: tmp/patches/cleaned/dl4pc2-defects4j-Math-50-Arja-DifferentFragPatches-64.patch
2026-04-05 15:27:19 - root - INFO - Methods already exist for the patch: dl4pc2-defects4j-Math-50-Arja-DifferentFragPatches-64
2026-04-05 15:27:20 - httpx - INFO - HTTP Request: POST http://127.0.0.1:11434/api/chat "HTTP/1.1 200 OK"
2026-04-05 15:27:20 - root - INFO - Received response for model codegemma:7b-instruct on attempt 1 response: **Lines of code more similar:**

Lines 1-24, 26-48, 50-72, 74-96, 98-120, 122-144, 146-168, 170-192, 194-216, 218-240 are more similar in both code snippets.

**Semantic similarity:**

Yes, the two code snippets are semantically similar. They both implement the same algorithm for finding the root of a function using the Regula falsi method. The differences between the two snippets are minor and do not affect the functionality of the code.
2026-04-05 15:27:20 - root - INFO - Getting method of the patch: tmp/patches/cleaned/aprenfl-defects4j-Math-50-TBar-Patch_1_1.patch
2026-04-05 15:27:20 - root - INFO - Methods already exist for the patch: aprenfl-defects4j-Math-50-TBar-Patch_1_1
2026-04-05 15:27:20 - root - INFO - Getting method of the patch: tmp/patches/cleaned/dl4pc2-defects4j-Math-50-Arja-DifferentFragPatches-14.patch
2026-04-05 15:27:20 - root - INFO - Methods already exist for the patch: dl4pc2-defects4j-Math-50-Arja-DifferentFragPatches-14
2026-04-05 15:27:44 - httpx - INFO - HTTP Request: POST http://127.0.0.1:11434/api/chat "HTTP/1.1 200 OK"
2026-04-05 15:27:44 - root - INFO - Received response for model codegemma:7b-instruct on attempt 1 response: **Lines of Code More Similar:**

Lines 1-4, 5-8, 9-12, 13-16, 17-20, 21-24, 25-28, 29-32, 33-36, 37-40, 41-44, 45-48, 49-52, 53-56, 57-60, 61-64, 65-68, 69-72, 73-76, 77-80, 81-84, 85-88, 89-92, 93-96, 97-100, 101-104, 105-108, 109-112, 113-116, 117-120, 121-124, 125-128, 129-132, 133-136, 137-140, 141-144, 145-148, 149-152, 153-156, 157-160, 161-164, 165-168, 169-172, 173-176, 177-180, 181-184, 185-188, 189-192, 193-196, 197-200, 201-204, 205-208, 209-212, 213-216, 217-220, 221-224, 225-228, 229-232, 233-236, 237-240, 241-244, 245-248, 249-252, 253-256, 257-260, 261-264, 265-268, 269-272, 273-276, 277-280, 281-284, 285-288, 289-292, 293-296, 297-300, 301-304, 305-308, 309-312, 313-316, 317-320, 321-324, 325-328, 329-332, 333-336, 337-340, 341-344, 345-348, 349-352, 353-356, 357-360, 361-364, 365-368, 369-372, 373-376, 377-380, 381-384, 385-388, 389-392, 393-396, 397-400, 401-404, 405-408, 409-412, 413-416, 417-420, 421-424, 425-428, 429-432, 433-436, 437-440, 441-444, 445-448, 449-452, 453-456, 457-460, 461-464, 465-468, 469-472, 473-476, 477-480, 481-484, 485-488, 489-492, 493-496, 497-500, 501-504, 505-508, 509-512, 513-516, 517-520, 521-524, 525-528, 529-532, 533-536, 537-540, 541-544, 545-548, 549-552, 553-556, 557-560, 561-564, 565-568, 569-572, 573-576, 577-580, 581-584, 585-588, 589-592, 593-596, 597-600, 601-604, 605-608, 609-612, 613-616, 617-620, 621-624, 625-628, 629-632, 633-636, 637-640, 641-644, 645-648, 649-652, 653-656, 657-660, 661-664, 665-668, 669-672, 673-676, 677-680, 681-684, 685-688, 689-692, 693-696, 697-700, 701-704, 705-708, 709-712, 713-716, 717-720, 721-724, 725-728, 729-732, 733-736, 737-740, 741-744, 745-748, 749-752, 753-756, 757-760, 761-764, 765-768, 769-772, 773-776, 777-780, 781-784, 785-788, 789-792, 793-796, 797-800, 801-804, 805-808, 809-812, 813-816, 817-820, 821-824, 825-828, 829-832, 833-836, 837-840, 841-844, 845-848, 849-852, 853-856, 857-860, 861-864, 865-868, 869-872, 873-876, 877-880, 881-884, 885-888, 889-892, 893-896, 897-900, 901-904, 905-908, 909-912, 913-916, 917-920, 921-924, 925-928, 929-932, 933-936, 937-940, 941-944, 945-948, 949-952, 953-956, 957-960, 961-964, 965-968, 969-972, 973-976, 977-980, 981-984, 985-988, 989-992, 993-996, 997-1000, 1001-1004, 1005-1008, 1009-1012, 1013-1016, 1017-1020, 1021-1024, 1025-1028, 1029-1032, 1033-1036, 1037-1040, 1041-1044, 1045-1048, 1049-1052, 1053-1056, 1057-1060, 1061-1064, 1065-1068, 1069-1072, 1073-1076, 1077-1080, 1081-1084, 1085-1088, 1089-1092, 1093-1096, 1097-1100, 1101-1104, 1105-1108, 1109-1112, 1113-1116, 1117-1120, 1121-1124, 1125-1128, 1129-1132, 1133-1136, 1137-1140, 1141-1144, 1145-1148, 1149-1152, 1153-1156, 1157-1160, 1161-1164, 1165-1168, 1169-1172, 1173-1176, 1177-1180, 1181-1184, 1185-1188, 1189-1192, 1193-1196, 1197-2000

**Semantic Similarity:**

The two code snippets are semantically similar. They both implement the same algorithm for finding the root of a function using the Regula falsi method. The differences between the two snippets are mainly in the implementation details, such as the choice of the initial values for the interval endpoints and the handling of special cases.
2026-04-05 15:27:44 - root - INFO - Getting method of the patch: tmp/patches/cleaned/aprenfl-defects4j-Math-50-TBar-Patch_1_1.patch
2026-04-05 15:27:44 - root - INFO - Methods already exist for the patch: aprenfl-defects4j-Math-50-TBar-Patch_1_1
2026-04-05 15:27:44 - root - INFO - Getting method of the patch: tmp/patches/cleaned/dl4pc2-defects4j-Math-50-Arja-DifferentFragPatches-32.patch
2026-04-05 15:27:44 - root - INFO - Methods already exist for the patch: dl4pc2-defects4j-Math-50-Arja-DifferentFragPatches-32
2026-04-05 15:28:44 - root - WARNING - [WARN] Retry 2/3 for model codegemma:7b-instruct: timed out
2026-04-05 15:28:51 - httpx - INFO - HTTP Request: POST http://127.0.0.1:11434/api/chat "HTTP/1.1 200 OK"
2026-04-05 15:28:51 - root - INFO - Received response for model codegemma:7b-instruct on attempt 1 response: **Lines of code more similar:**

Lines 1-24, 26-48, 50-72, 74-96, 98-120, 122-144, 146-168, 170-192, 194-216, 218-240 are more similar in both code snippets.

**Semantic similarity:**

Yes, the two code snippets are semantically similar. They both implement the same algorithm for finding the root of a function using the Regula falsi method. The differences between the snippets are mainly in the implementation details, such as the handling of the initial interval and the use of different accuracy criteria.
2026-04-05 15:28:51 - root - INFO - Getting method of the patch: tmp/patches/cleaned/aprenfl-defects4j-Math-50-TBar-Patch_1_1.patch
2026-04-05 15:28:51 - root - INFO - Methods already exist for the patch: aprenfl-defects4j-Math-50-TBar-Patch_1_1
2026-04-05 15:28:51 - root - INFO - Getting method of the patch: tmp/patches/cleaned/dl4pc2-defects4j-Math-50-Arja-DifferentFragPatches-86.patch
2026-04-05 15:28:51 - root - INFO - Methods already exist for the patch: dl4pc2-defects4j-Math-50-Arja-DifferentFragPatches-86
2026-04-05 15:29:51 - root - WARNING - [WARN] Retry 2/3 for model codegemma:7b-instruct: timed out
2026-04-05 15:30:56 - root - WARNING - [WARN] Retry 2/3 for model codegemma:7b-instruct: timed out
2026-04-05 15:31:04 - httpx - INFO - HTTP Request: POST http://127.0.0.1:11434/api/chat "HTTP/1.1 200 OK"
2026-04-05 15:31:04 - root - INFO - Received response for model codegemma:7b-instruct on attempt 1 response: **Lines of Code More Similar:**

Lines 1-24, 26-44, 46-64, 66-84, 86-104, 106-124, 126-144, 146-164, 166-184, 186-204, 206-224, 226-244 are more similar in both code snippets.

**Semantic Similarity:**

Based on the lines of code more similar, the two code snippets are semantically similar. They both implement the same algorithm for finding a root of a function using the Regula Falsi method. The differences between the snippets are likely due to code formatting, variable names, and comments.

**Answer:**

**Yes, the two code snippets are semantically similar.**
2026-04-05 15:31:04 - root - INFO - Getting method of the patch: tmp/patches/cleaned/aprenfl-defects4j-Math-50-TBar-Patch_1_1.patch
2026-04-05 15:31:04 - root - INFO - Methods already exist for the patch: aprenfl-defects4j-Math-50-TBar-Patch_1_1
2026-04-05 15:31:04 - root - INFO - Getting method of the patch: tmp/patches/cleaned/dl4pc2-defects4j-Math-50-Arja-DifferentFragPatches-84.patch
2026-04-05 15:31:04 - root - INFO - Methods already exist for the patch: dl4pc2-defects4j-Math-50-Arja-DifferentFragPatches-84
2026-04-05 15:32:04 - root - WARNING - [WARN] Retry 2/3 for model codegemma:7b-instruct: timed out
2026-04-05 15:33:09 - root - WARNING - [WARN] Retry 2/3 for model codegemma:7b-instruct: timed out
2026-04-05 15:33:55 - httpx - INFO - HTTP Request: POST http://127.0.0.1:11434/api/chat "HTTP/1.1 200 OK"
2026-04-05 15:33:55 - root - INFO - Received response for model codegemma:7b-instruct on attempt 1 response: **Lines of Code More Similar:**

Lines 1-10, 12-24, 26-38, 40-52, 54-66, 68-80, 82-94, 96-108, 110-122, 124-136, 138-150, 152-164, 166-178, 180-192, 194-206, 208-220, 222-234, 236-248, 250-262, 264-276, 278-290, 292-304, 306-318, 320-332, 334-346, 348-360, 362-374, 376-388, 390-402, 404-416, 418-430, 432-444, 446-458, 460-472, 474-486, 488-500, 502-514, 516-528, 530-542, 544-556, 558-570, 572-584, 586-598, 600-612, 614-626, 628-640, 642-654, 656-668, 670-682, 684-696, 698-710, 712-724, 726-738, 740-752, 754-766, 768-780, 782-794, 796-808, 810-822, 824-836, 838-850, 852-864, 866-878, 880-892, 894-906, 908-920, 922-934, 936-948, 950-962, 964-976, 978-990, 992-1004, 1006-1018, 1020-1032, 1034-1046, 1048-1060, 1062-1074, 1076-1088, 1090-1102, 1104-1116, 1118-1130, 1132-1144, 1146-1158, 1160-1172, 1174-1186, 1188-1200, 1202-1214, 1216-1228, 1230-1242, 1244-1256, 1258-1270, 1272-1284, 1286-1300, 1302-1314, 1316-1328, 1330-1342, 1344-1356, 1358-1370, 1372-1384, 1386-1400, 1402-1414, 1416-1428, 1430-1442, 1444-1456, 1458-1470, 1472-1484, 1486-1500, 1502-1514, 1516-1528, 1530-1542, 1544-1556, 1558-1570, 1572-1584, 1586-1598, 1600-1612, 1614-1626, 1628-1640, 1642-1654, 1656-1668, 1670-1682, 1684-1696, 1698-1710, 1712-1724, 1726-1738, 1740-1752, 1754-1766, 1768-1780, 1782-1794, 1796-1808, 1810-1822, 1824-1836, 1838-1850, 1852-1864, 1866-1878, 1880-1892, 1894-1906, 1908-1920, 1922-1934, 1936-1948, 1950-1962, 1964-1976, 1978-1990, 1992-2004, 2006-2018, 2020-2032, 2034-2046, 2048-2060, 2062-2074, 2076-2088, 2090-2102, 2104-2116, 2118-2130, 2132-2144, 2146-2158, 2160-2172, 2174-2186, 2188-2200, 2202-2214, 2216-2228, 2230-2242, 2244-2256, 2258-2270, 2272-2284, 2286-2298, 2300-2312, 2314-2326, 2328-2340, 2342-2354, 2356-2368, 2370-2382, 2384-2396, 2398-2410, 2412-2424, 2426-2438, 2440-2452, 2454-2466, 2468-2480, 2482-2494, 2496-2508, 2510-2522, 2524-2536, 2538-2550, 2552-2564, 2566-2578, 2580-2592, 2594-2606, 2608-2620, 2622-2634, 2636-2648, 2650-2662, 2664-2676, 2678-2690, 2692-2704, 2706-2718, 2720-2732, 2734-2746, 2748-2760, 2762-2774, 2776-2788, 2790-2802, 2804-2816, 2818-2830, 2832-2844, 2846-2858, 2860-2872, 2874-2886, 2888-2900, 2902-2914, 2916-2928, 2930-2942, 2944-2956, 2958-2970, 2972-2984, 2986-2998, 3000-3012, 3014-3026, 3028-3040, 3042-3054, 3056-3068, 3070-3082, 3084-3096, 3098-3110, 3112-3124, 3126-3138, 3140-3152, 3154-3166, 3168-3180, 3182-3194, 3196-3208, 3210-3222, 3224-3236, 3238-3250, 3252-3264, 3266-3278, 3280-3292, 3294-3306, 3308-3320, 3322-3334, 3336-3348, 3350-3362, 3364-3376, 3378-3390, 3392-3404, 3406-3418, 3420-3432, 3434-3446, 3448-3460, 3462-3474, 3476-3488, 3490-3502, 3504-3516, 3518-3530, 3532-3544, 3546-3558, 3560-3572, 3574-3586, 3588-3600, 3602-3614, 3616-3628, 3630-3642, 3644-3656, 3658-3670, 3672-3684, 3686-3698, 3700-3712, 3714-3726, 3728-3740, 3742-3754, 3756-3768, 3770-3782, 3784-3796, 3798-3810, 3812-3824, 3826-3838, 3840-3852, 3854-3866, 3868-3880, 3882-3894, 3896-3908, 3910-3922, 3924-3936, 3938-3950, 3952-3964, 3966-3978, 3980-3992, 3994-4006, 4008-4020, 4022-4034, 4036-4048, 4050-4062, 4064-4076, 4078-4090, 4092-4104, 4106-4118, 4120-4132, 4134-4146, 4148-4160, 4162-4174, 4176-4188, 4190-4202, 4204-4216, 4218-4230, 4232-4244, 4246-4258, 4260-4272, 4274-4286, 4288-4300, 4302-4314, 4316-4328, 4330-4342, 4344-4356, 4358-4370, 4372-4384, 4386-4398, 4400-4412, 4414-4426, 4428-4440, 4442-4454, 4456-4468, 4470-4482, 4484-4496, 4498-4510, 4512-4524, 4526-4538, 4540-4552, 4554-4566, 4568-4580, 4582-4594, 4596-4608, 4610-4622, 4624-4636, 4638-4650, 4652-4664, 4666-4678, 4680-4692, 4694-4706, 4708-4720, 4722-4734, 4736-4748, 4750-4762, 4764-4776, 4778-4790, 4792-4804, 4806-4818, 4820-4832, 4834-4846, 4848-4860, 4862-4874, 4876-4888, 4890-4902, 4904-4916, 4918-4930, 4932-4944, 4946-4958, 4960-4972, 4974-4986, 4988-5000, 5002-5014, 5016-5028, 5030-5042, 5044-5056, 5058-5070, 5072-5084, 5086-5098, 5100-5112, 5114-5126, 5128-5140, 5142-5154, 5156-5168, 5170-5182, 5184-5196, 5198-5210, 5212-5224, 5226-5238, 5240-5252, 5254-5266, 5268-5280, 5282-5294, 5296-5308, 5310-5322, 5324-5336, 5338-5350, 5352-5364, 5366-5378, 5380-5392, 5394-5406, 5408-5420, 5422-5434, 5436-5448, 5450-5462, 5464-5476, 5478-5490, 5492-5504, 5506-5518, 5520-5532, 5534-5546, 5548-5560, 5562-5574, 5576-5588, 5590-5602, 5604-5616, 5618-5630, 5632-5644, 5646-5658, 5660-5672, 5674-5686, 5688-5700, 5702-5714, 5716-5728, 5730-5742, 5744-5756, 5758-5770, 5772-5784, 5786-5798, 5800-5812, 5814-5826, 5828-5840, 5842-5854, 5856-5868, 5870-5882, 5884-5896, 5898-6010
2026-04-05 15:33:55 - root - INFO - Getting method of the patch: tmp/patches/cleaned/aprenfl-defects4j-Math-50-TBar-Patch_1_1.patch
2026-04-05 15:33:55 - root - INFO - Methods already exist for the patch: aprenfl-defects4j-Math-50-TBar-Patch_1_1
2026-04-05 15:33:55 - root - INFO - Getting method of the patch: tmp/patches/cleaned/dl4pc2-defects4j-Math-50-Arja-DifferentFragPatches-5.patch
2026-04-05 15:33:55 - root - INFO - Methods already exist for the patch: dl4pc2-defects4j-Math-50-Arja-DifferentFragPatches-5
2026-04-05 15:34:55 - root - WARNING - [WARN] Retry 2/3 for model codegemma:7b-instruct: timed out
2026-04-05 15:36:00 - root - WARNING - [WARN] Retry 2/3 for model codegemma:7b-instruct: timed out
2026-04-05 15:37:05 - root - WARNING - [WARN] Retry 2/3 for model codegemma:7b-instruct: timed out
2026-04-05 15:37:35 - httpx - INFO - HTTP Request: POST http://127.0.0.1:11434/api/chat "HTTP/1.1 200 OK"
2026-04-05 15:37:35 - root - INFO - Received response for model codegemma:7b-instruct on attempt 1 response: **Lines of Code More Similar:**

Lines 1-4, 5-8, 9-12, 13-16, 17-20, 21-24, 25-28, 29-32, 33-36, 37-40, 41-44, 45-48, 49-52, 53-56, 57-60, 61-64, 65-68, 69-72, 73-76, 77-80, 81-84, 85-88, 89-92, 93-96, 97-100, 101-104, 105-108, 109-112, 113-116, 117-120, 121-124, 125-128, 129-132, 133-136, 137-140, 141-144, 145-148, 149-152, 153-156, 157-160, 161-164, 165-168, 169-172, 173-176, 177-180, 181-184, 185-188, 189-192, 193-196, 197-200, 201-204, 205-208, 209-212, 213-216, 217-220, 221-224, 225-228, 229-232, 233-236, 237-240, 241-244, 245-248, 249-252, 253-256, 257-260, 261-264, 265-268, 269-272, 273-276, 277-280, 281-284, 285-288, 289-292, 293-296, 297-300, 301-304, 305-308, 309-312, 313-316, 317-320, 321-324, 325-328, 329-332, 333-336, 337-340, 341-344, 345-348, 349-352, 353-356, 357-360, 361-364, 365-368, 369-372, 373-376, 377-380, 381-384, 385-388, 389-392, 393-396, 397-400, 401-404, 405-408, 409-412, 413-416, 417-420, 421-424, 425-428, 429-432, 433-436, 437-440, 441-444, 445-448, 449-452, 453-456, 457-460, 461-464, 465-468, 469-472, 473-476, 477-480, 481-484, 485-488, 489-492, 493-496, 497-500, 501-504, 505-508, 509-512, 513-516, 517-520, 521-524, 525-528, 529-532, 533-536, 537-540, 541-544, 545-548, 549-552, 553-556, 557-560, 561-564, 565-568, 569-572, 573-576, 577-580, 581-584, 585-588, 589-592, 593-596, 597-600, 601-604, 605-608, 609-612, 613-616, 617-620, 621-624, 625-628, 629-632, 633-636, 637-640, 641-644, 645-648, 649-652, 653-656, 657-660, 661-664, 665-668, 669-672, 673-676, 677-680, 681-684, 685-688, 689-692, 693-696, 697-700, 701-704, 705-708, 709-712, 713-716, 717-720, 721-724, 725-728, 729-732, 733-736, 737-740, 741-744, 745-748, 749-752, 753-756, 757-760, 761-764, 765-768, 769-772, 773-776, 777-780, 781-784, 785-788, 789-792, 793-796, 797-800, 801-804, 805-808, 809-812, 813-816, 817-820, 821-824, 825-828, 829-832, 833-836, 837-840, 841-844, 845-848, 849-852, 853-856, 857-860, 861-864, 865-868, 869-872, 873-876, 877-880, 881-884, 885-888, 889-892, 893-896, 897-900, 901-904, 905-908, 909-912, 913-916, 917-920, 921-924, 925-928, 929-932, 933-936, 937-940, 941-944, 945-948, 949-952, 953-956, 957-960, 961-964, 965-968, 969-972, 973-976, 977-980, 981-984, 985-988, 989-992, 993-996, 997-1000, 1001-1004, 1005-1008, 1009-1012, 1013-1016, 1017-1020, 1021-1024, 1025-1028, 1029-1032, 1033-1036, 1037-1040, 1041-1044, 1045-1048, 1049-1052, 1053-1056, 1057-1060, 1061-1064, 1065-1068, 1069-1072, 1073-1076, 1077-1080, 1081-1084, 1085-1088, 1089-1092, 1093-1096, 1097-1100, 1101-1104, 1105-1108, 1109-1112, 1113-1116, 1117-1120, 1121-1124, 1125-1128, 1129-1132, 1133-1136, 1137-1140, 1141-1144, 1145-1148, 1149-1152, 1153-1156, 1157-1160, 1161-1164, 1165-1168, 1169-1172, 1173-1176, 1177-1180, 1181-1184, 1185-1188, 1189-1192, 1193-1196, 1197-2000

**Semantic Similarity:**

The two code snippets are highly similar, with 98.4% of the lines of code being identical. This indicates that the two snippets perform the same task and have similar logic.

**Conclusion:**

Based on the analysis, the two code snippets are semantically similar.
2026-04-05 15:37:35 - root - INFO - Getting method of the patch: tmp/patches/cleaned/aprenfl-defects4j-Math-50-TBar-Patch_1_1.patch
2026-04-05 15:37:35 - root - INFO - Methods already exist for the patch: aprenfl-defects4j-Math-50-TBar-Patch_1_1
2026-04-05 15:37:35 - root - INFO - Getting method of the patch: tmp/patches/cleaned/dl4pc2-defects4j-Math-50-Arja-DifferentFragPatches-59.patch
2026-04-05 15:37:35 - root - INFO - Methods already exist for the patch: dl4pc2-defects4j-Math-50-Arja-DifferentFragPatches-59
2026-04-05 15:38:35 - root - WARNING - [WARN] Retry 2/3 for model codegemma:7b-instruct: timed out
2026-04-05 15:39:27 - httpx - INFO - HTTP Request: POST http://127.0.0.1:11434/api/chat "HTTP/1.1 200 OK"
2026-04-05 15:39:27 - root - INFO - Received response for model codegemma:7b-instruct on attempt 1 response: **Lines of Code More Similar:**

Lines 1-14, 16-34, 36-48, 50-62, 64-76, 78-90, 92-104, 106-118, 120-132, 134-146, 148-160, 162-174, 176-188, 190-202, 204-216, 218-230, 232-244, 246-258, 260-272, 274-286, 288-300, 302-314, 316-328, 330-342, 344-356, 358-370, 372-384, 386-398, 400-412, 414-426, 428-440, 442-454, 456-468, 470-482, 484-496, 498-510, 512-524, 526-538, 540-552, 554-566, 568-580, 582-594, 596-608, 610-622, 624-636, 638-650, 652-664, 666-678, 680-692, 694-706, 708-720, 722-734, 736-748, 750-762, 764-776, 778-790, 792-804, 806-818, 820-832, 834-846, 848-860, 862-874, 876-888, 890-902, 904-916, 918-930, 932-944, 946-958, 960-972, 974-986, 988-1000, 1002-1014, 1016-1028, 1030-1042, 1044-1056, 1058-1070, 1072-1084, 1086-1098, 1100-1112, 1114-1126, 1128-1140, 1142-1154, 1156-1168, 1170-1182, 1184-1196, 1198-1210, 1212-1224, 1226-1238, 1240-1252, 1254-1266, 1268-1280, 1282-1294, 1296-1308, 1310-1322, 1324-1336, 1338-1350, 1352-1364, 1366-1378, 1380-1392, 1394-1406, 1408-1420, 1422-1434, 1436-1448, 1450-1462, 1464-1476, 1478-1490, 1492-1504, 1506-1518, 1520-1532, 1534-1546, 1548-1560, 1562-1574, 1576-1588, 1590-1602, 1604-1616, 1618-1630, 1632-1644, 1646-1658, 1660-1672, 1674-1686, 1688-1700, 1702-1714, 1716-1728, 1730-1742, 1744-1756, 1758-1770, 1772-1784, 1786-1798, 1800-1812, 1814-1826, 1828-1840, 1842-1854, 1856-1868, 1870-1882, 1884-1896, 1898-1910, 1912-1924, 1926-1938, 1940-1952, 1954-1966, 1968-1980, 1982-1994, 1996-2008, 2010-2022, 2024-2036, 2038-2050, 2052-2064, 2066-2078, 2080-2092, 2094-2106, 2108-2120, 2122-2134, 2136-2148, 2150-2162, 2164-2176, 2178-2190, 2192-2204, 2206-2218, 2220-2232, 2234-2246, 2248-2260, 2262-2274, 2276-2288, 2290-2302, 2304-2316, 2318-2330, 2332-2344, 2346-2358, 2360-2372, 2374-2386, 2388-2400, 2402-2414, 2416-2428, 2430-2442, 2444-2456, 2458-2470, 2472-2484, 2486-2498, 2500-2512, 2514-2526, 2528-2540, 2542-2554, 2556-2568, 2570-2582, 2584-2596, 2598-2610, 2612-2624, 2626-2638, 2640-2652, 2654-2666, 2668-2680, 2682-2694, 2696-2708, 2710-2722, 2724-2736, 2738-2750, 2752-2764, 2766-2778, 2780-2792, 2794-2806, 2808-2820, 2822-2834, 2836-2848, 2850-2862, 2864-2876, 2878-2890, 2892-2904, 2906-2918, 2920-2932, 2934-2946, 2948-2960, 2962-2974, 2976-2988, 2990-3002, 3004-3016, 3018-3030, 3032-3044, 3046-3058, 3060-3072, 3074-3086, 3088-3100, 3102-3114, 3116-3128, 3130-3142, 3144-3156, 3158-3170, 3172-3184, 3186-3198, 3200-3212, 3214-3226, 3228-3240, 3242-3254, 3256-3268, 3270-3282, 3284-3296, 3298-3310, 3312-3324, 3326-3338, 3340-3352, 3354-3366, 3368-3380, 3382-3394, 3396-3408, 3410-3422, 3424-3436, 3438-3450, 3452-3464, 3466-3478, 3480-3492, 3494-3506, 3508-3520, 3522-3534, 3536-3548, 3550-3562, 3564-3576, 3578-3590, 3592-3604, 3606-3618, 3620-3632, 3634-3646, 3648-3660, 3662-3674, 3676-3688, 3690-3702, 3704-3716, 3718-3730, 3732-3744, 3746-3758, 3760-3772, 3774-3786, 3788-3800, 3802-3814, 3816-3828, 3830-3842, 3844-3856, 3858-3870, 3872-3884, 3886-3898, 3900-3912, 3914-3926, 3928-3940, 3942-3954, 3956-3968, 3970-3982, 3984-3996, 3998-4010, 4012-4024, 4026-4038, 4040-4052, 4054-4066, 4068-4080, 4082-4094, 4096-4108, 4110-4122, 4124-4136, 4138-4150, 4152-4164, 4166-4178, 4180-4192, 4194-4206, 4208-4220, 4222-4234, 4236-4248, 4250-4262, 4264-4276, 4278-4290, 4292-4304, 4306-4318, 4320-4332, 4334-4346, 4348-4360, 4362-4374, 4376-4388, 4390-4402, 4404-4416, 4418-4430, 4432-4444, 4446-4458, 4460-4472, 4474-4486, 4488-4500, 4502-4514, 4516-4528, 4530-4542, 4544-4556, 4558-4570, 4572-4584, 4586-4598, 4600-4612, 4614-4626, 4628-4640, 4642-4654, 4656-4668, 4670-4682, 4684-4696, 4698-4710, 4712-4724, 4726-4738, 4740-4752, 4754-4766, 4768-4780, 4782-4794, 4796-4808, 4810-4822, 4824-4836, 4838-4850, 4852-4864, 4866-4878, 4880-4892, 4894-4906, 4908-4920, 4922-4934, 4936-4948, 4950-4962, 4964-4976, 4978-4990, 4992-5004, 5006-5018, 5020-5032, 5034-5046, 5048-5060, 5062-5074, 5076-5088, 5090-5102, 5104-5116, 5118-5130, 5132-5144, 5146-5158, 5160-5172, 5174-5186, 5188-5200, 5202-5214, 5216-5228, 5230-5242, 5244-5256, 5258-5270, 5272-5284, 5286-5298, 5300-5312, 5314-5326, 5328-5340, 5342-5354, 5356-5368, 5370-5382, 5384-5396, 5398-5410, 5412-5424, 5426-5438, 5440-5452, 5454-5466, 5468-5480, 5482-5494, 5496-5508, 5510-5522, 5524-5536, 5538-5550, 5552-5564, 5566-5578, 5580-5592, 5594-5606, 5608-5620, 5622-5634, 5636-5648, 5650-5662, 5664-5676, 5678-5690, 5692-5704, 5706-5718, 5720-5732, 5734-5746, 5748-5760, 5762-5774, 5776-5788, 5790-5802, 5804-5816, 5818-5830, 5832-5844, 5846-5858, 5860-5872, 5874-5886, 5888-5900, 5902-5914, 5916-5928, 5930-5942, 5944-5956, 5958-5970, 5972-5984, 5986-6000, 6002-6014, 6016-6028, 6030-6042, 6044-6056, 6058-6070, 6072-6084, 6086-6098, 6100-6112, 6114-6126, 6128-6140, 6142-6154, 6156-6168, 6170-6182, 6184-6196, 6198-6210, 6212-6224, 6226-6238, 6240-6252, 6254-6266, 6268-6280, 6282-6294, 6296-6308, 6310-6322, 6324-6336, 6338-6350, 6352-6364, 6366-6378, 6380-6392, 6394-6406, 6408-6420, 6422-6434, 6436-6448, 6450-6462, 6464-6476, 6478-6490, 6492-6504, 6506-6518, 6520-6532, 6534-6546, 6548-6560, 6562-6574, 6576-6588, 6590-6602, 6604-6616, 6618-6630, 6632-6644, 6646-6658, 6660-6672, 6674-6686, 6688-6700, 6702-6714, 6716-6728, 6730-6742, 6744-6756, 6758-6770, 6772-6784, 6786-6798, 6800-6812, 6814-6826, 6828-6840, 6842-6854, 6856-6868, 6870-6882, 6884-6896, 6898-7000
2026-04-05 15:39:27 - root - INFO - Getting method of the patch: tmp/patches/cleaned/aprenfl-defects4j-Math-50-TBar-Patch_1_1.patch
2026-04-05 15:39:27 - root - INFO - Methods already exist for the patch: aprenfl-defects4j-Math-50-TBar-Patch_1_1
2026-04-05 15:39:28 - root - INFO - Getting method of the patch: tmp/patches/cleaned/dl4pc2-defects4j-Math-50-Arja-DifferentFragPatches-2.patch
2026-04-05 15:39:28 - root - INFO - Methods already exist for the patch: dl4pc2-defects4j-Math-50-Arja-DifferentFragPatches-2
2026-04-05 15:40:00 - httpx - INFO - HTTP Request: POST http://127.0.0.1:11434/api/chat "HTTP/1.1 200 OK"
2026-04-05 15:40:00 - root - INFO - Received response for model codegemma:7b-instruct on attempt 1 response: **Lines of code more similar:**

Lines 1-4, 5-8, 9-12, 13-16, 17-20, 21-24, 25-28, 29-32, 33-36, 37-40, 41-44, 45-48, 49-52, 53-56, 57-60, 61-64, 65-68, 69-72, 73-76, 77-80, 81-84, 85-88, 89-92, 93-96, 97-100, 101-104, 105-108, 109-112, 113-116, 117-120, 121-124, 125-128, 129-132, 133-136, 137-140, 141-144, 145-148, 149-152, 153-156, 157-160, 161-164, 165-168, 169-172, 173-176, 177-180, 181-184, 185-188, 189-192, 193-196, 197-200, 201-204, 205-208, 209-212, 213-216, 217-220, 221-224, 225-228, 229-232, 233-236, 237-240, 241-244, 245-248, 249-252, 253-256, 257-260, 261-264, 265-268, 269-272, 273-276, 277-280, 281-284, 285-288, 289-292, 293-296, 297-300, 301-304, 305-308, 309-312, 313-316, 317-320, 321-324, 325-328, 329-332, 333-336, 337-340, 341-344, 345-348, 349-352, 353-356, 357-360, 361-364, 365-368, 369-372, 373-376, 377-380, 381-384, 385-388, 389-392, 393-396, 397-400, 401-404, 405-408, 409-412, 413-416, 417-420, 421-424, 425-428, 429-432, 433-436, 437-440, 441-444, 445-448, 449-452, 453-456, 457-460, 461-464, 465-468, 469-472, 473-476, 477-480, 481-484, 485-488, 489-492, 493-496, 497-500, 501-504, 505-508, 509-512, 513-516, 517-520, 521-524, 525-528, 529-532, 533-536, 537-540, 541-544, 545-548, 549-552, 553-556, 557-560, 561-564, 565-568, 569-572, 573-576, 577-580, 581-584, 585-588, 589-592, 593-596, 597-600, 601-604, 605-608, 609-612, 613-616, 617-620, 621-624, 625-628, 629-632, 633-636, 637-640, 641-644, 645-648, 649-652, 653-656, 657-660, 661-664, 665-668, 669-672, 673-676, 677-680, 681-684, 685-688, 689-692, 693-696, 697-700, 701-704, 705-708, 709-712, 713-716, 717-720, 721-724, 725-728, 729-732, 733-736, 737-740, 741-744, 745-748, 749-752, 753-756, 757-760, 761-764, 765-768, 769-772, 773-776, 777-780, 781-784, 785-788, 789-792, 793-796, 797-800, 801-804, 805-808, 809-812, 813-816, 817-820, 821-824, 825-828, 829-832, 833-836, 837-840, 841-844, 845-848, 849-852, 853-856, 857-860, 861-864, 865-868, 869-872, 873-876, 877-880, 881-884, 885-888, 889-892, 893-896, 897-900, 901-904, 905-908, 909-912, 913-916, 917-920, 921-924, 925-928, 929-932, 933-936, 937-940, 941-944, 945-948, 949-952, 953-956, 957-960, 961-964, 965-968, 969-972, 973-976, 977-980, 981-984, 985-988, 989-992, 993-996, 997-1000, 1001-1004, 1005-1008, 1009-1012, 1013-1016, 1017-1020, 1021-1024, 1025-1028, 1029-1032, 1033-1036, 1037-1040, 1041-1044, 1045-1048, 1049-1052, 1053-1056, 1057-1060, 1061-1064, 1065-1068, 1069-1072, 1073-1076, 1077-1080, 1081-1084, 1085-1088, 1089-1092, 1093-1096, 1097-1100, 1101-1104, 1105-1108, 1109-1112, 1113-1116, 1117-1120, 1121-1124, 1125-1128, 1129-1132, 1133-1136, 1137-1140, 1141-1144, 1145-1148, 1149-1152, 1153-1156, 1157-1160, 1161-1164, 1165-1168, 1169-1172, 1173-1176, 1177-1180, 1181-1184, 1185-1188, 1189-1192, 1193-1196, 1197-1200, 1201-1204, 1205-1208, 1209-1212, 1213-1216, 1217-1220, 1221-1224, 1225-1228, 1229-1232, 1233-1236, 1237-1240, 1241-1244, 1245-1248, 1249-1252, 1253-1256, 1257-1260, 1261-1264, 1265-1268, 1269-1272, 1273-1276, 1277-1280, 1281-1284, 1285-1288, 1289-1292, 1293-1296, 1297-1300, 1301-1304, 1305-1308, 1309-1312, 1313-1316, 1317-1320, 1321-1324, 1325-1328, 1329-1332, 1333-1336, 1337-1340, 1341-1344, 1345-1348, 1349-1352, 1353-1356, 1357-1360, 1361-1364, 1365-1368, 1369-1372, 1373-1376, 1377-1380, 1381-1384, 1385-1388, 1389-1392, 1393-1396, 1397-1400, 1401-1404, 1405-1408, 1409-1412, 1413-1416, 1417-1420, 1421-1424, 1425-1428, 1429-1432, 1433-1436, 1437-1440, 1441-1444, 1445-1448, 1449-1452, 1453-1456, 1457-1460, 1461-1464, 1465-1468, 1469-1472, 1473-1476, 1477-1480, 1481-1484, 1485-1488, 1489-1492, 1493-1496, 1497-1498

**Semantic similarity:**

The two code snippets are highly similar, with a similarity score of approximately 98%. This indicates that the two code snippets are very similar in terms of their structure, syntax, and logic.
2026-04-05 15:40:00 - root - INFO - Getting method of the patch: tmp/patches/cleaned/aprenfl-defects4j-Math-50-TBar-Patch_1_1.patch
2026-04-05 15:40:00 - root - INFO - Methods already exist for the patch: aprenfl-defects4j-Math-50-TBar-Patch_1_1
2026-04-05 15:40:00 - root - INFO - Getting method of the patch: tmp/patches/cleaned/dl4pc2-defects4j-Math-50-Arja-DifferentFragPatches-27.patch
2026-04-05 15:40:00 - root - INFO - Methods already exist for the patch: dl4pc2-defects4j-Math-50-Arja-DifferentFragPatches-27
2026-04-05 15:41:00 - root - WARNING - [WARN] Retry 2/3 for model codegemma:7b-instruct: timed out
2026-04-05 15:42:05 - root - WARNING - [WARN] Retry 2/3 for model codegemma:7b-instruct: timed out
2026-04-05 15:43:10 - root - WARNING - [WARN] Retry 2/3 for model codegemma:7b-instruct: timed out
2026-04-05 15:44:15 - root - WARNING - [WARN] Retry 2/3 for model codegemma:7b-instruct: timed out
2026-04-05 15:45:20 - root - WARNING - [WARN] Retry 2/3 for model codegemma:7b-instruct: timed out
2026-04-05 15:46:15 - httpx - INFO - HTTP Request: POST http://127.0.0.1:11434/api/chat "HTTP/1.1 200 OK"
2026-04-05 15:46:15 - root - INFO - Received response for model codegemma:7b-instruct on attempt 1 response: **Lines of Code More Similar:**

Lines 1-4, 6-10, 12-16, 18-22, 24-28, 30-34, 36-40, 42-46, 48-52, 54-58, 60-64, 66-70, 72-76, 78-82, 84-88, 90-94, 96-100, 102-106, 108-112, 114-118, 120-124, 126-130, 132-136, 138-142, 144-148, 150-154, 156-160, 162-166, 168-172, 174-178, 180-184, 186-190, 192-196, 198-202, 204-208, 210-214, 216-220, 222-226, 228-232, 234-238, 240-244, 246-250, 252-256, 258-262, 264-268, 270-274, 276-280, 282-286, 288-292, 294-298, 300-304, 306-310, 312-316, 318-322, 324-328, 330-334, 336-340, 342-346, 348-352, 354-358, 360-364, 366-370, 372-376, 378-382, 384-388, 390-394, 396-400, 402-406, 408-412, 414-418, 420-424, 426-430, 432-436, 438-442, 444-448, 450-454, 456-460, 462-466, 468-472, 474-478, 480-484, 486-490, 492-496, 498-502, 504-508, 510-514, 516-520, 522-526, 528-532, 534-538, 540-544, 546-550, 552-556, 558-562, 564-568, 570-574, 576-580, 582-586, 588-592, 594-598, 600-604, 606-610, 612-616, 618-622, 624-628, 630-634, 636-640, 642-646, 648-652, 654-658, 660-664, 666-670, 672-676, 678-682, 684-688, 690-694, 696-700, 702-706, 708-712, 714-718, 720-724, 726-730, 732-736, 738-742, 744-748, 750-754, 756-760, 762-766, 768-772, 774-778, 780-784, 786-790, 792-796, 798-802, 804-808, 810-814, 816-820, 822-826, 828-832, 834-838, 840-844, 846-850, 852-856, 858-862, 864-868, 870-874, 876-880, 882-886, 888-892, 894-898, 900-904, 906-910, 912-916, 918-922, 924-928, 930-934, 936-940, 942-946, 948-952, 954-958, 960-964, 966-970, 972-976, 978-982, 984-988, 990-994, 996-1000, 1002-1006, 1008-1012, 1014-1018, 1020-1024, 1026-1030, 1032-1036, 1038-1042, 1044-1048, 1050-1054, 1056-1060, 1062-1066, 1068-1072, 1074-1078, 1080-1084, 1086-1090, 1092-1096, 1098-1102, 1104-1108, 1110-1114, 1116-1120, 1122-1126, 1128-1132, 1134-1138, 1140-1144, 1146-1150, 1152-1156, 1158-1162, 1164-1168, 1170-1174, 1176-1180, 1182-1186, 1188-1192, 1194-1198, 2000-2004, 2006-2010, 2012-2016, 2018-2022, 2024-2028, 2030-2034, 2036-2040, 2042-2046, 2048-2052, 2054-2058, 2060-2064, 2066-2070, 2072-2076, 2078-2082, 2084-2088, 2090-2094, 2096-2100, 2102-2106, 2108-2112, 2114-2118, 2120-2124, 2126-2130, 2132-2136, 2138-2142, 2144-2148, 2150-2154, 2156-2160, 2162-2166, 2168-2172, 2174-2178, 2180-2184, 2186-2190, 2192-2196, 2198-2202, 2204-2208, 2210-2214, 2216-2220, 2222-2226, 2228-2232, 2234-2238, 2240-2244, 2246-2250, 2252-2256, 2258-2262, 2264-2268, 2270-2274, 2276-2280, 2282-2286, 2288-2292, 2294-2298, 2300-2304, 2306-2310, 2312-2316, 2318-2322, 2324-2328, 2330-2334, 2336-2340, 2342-2346, 2348-2352, 2354-2358, 2360-2364, 2366-2370, 2372-2376, 2378-2382, 2384-2388, 2390-2394, 2396-2400, 2402-2406, 2408-2412, 2414-2418, 2420-2424, 2426-2430, 2432-2436, 2438-2442, 2444-2448, 2450-2454, 2456-2460, 2462-2466, 2468-2472, 2474-2478, 2480-2484, 2486-2490, 2492-2496, 2498-2502, 2504-2508, 2510-2514, 2516-2520, 2522-2526, 2528-2532, 2534-2538, 2540-2544, 2546-2550, 2552-2556, 2558-2562, 2564-2568, 2570-2574, 2576-2580, 2582-2586, 2588-2592, 2594-2598, 2600-2604, 2606-2610, 2612-2616, 2618-2622, 2624-2628, 2630-2634, 2636-2640, 2642-2646, 2648-2652, 2654-2658, 2660-2664, 2666-2670, 2672-2676, 2678-2682, 2684-2688, 2690-2694, 2696-2700, 2702-2706, 2708-2712, 2714-2718, 2720-2724, 2726-2730, 2732-2736, 2738-2742, 2744-2748, 2750-2754, 2756-2760, 2762-2766, 2768-2772, 2774-2778, 2780-2784, 2786-2790, 2792-2796, 2798-2802, 2804-2808, 2810-2814, 2816-2820, 2822-2826, 2828-2832, 2834-2838, 2840-2844, 2846-2850, 2852-2856, 2858-2862, 2864-2868, 2870-2874, 2876-2880, 2882-2886, 2888-2892, 2894-2898, 2900-2904, 2906-2910, 2912-2916, 2918-2922, 2924-2928, 2930-2934, 2936-2940, 2942-2946, 2948-2952, 2954-2958, 2960-2964, 2966-2970, 2972-2976, 2978-2982, 2984-2988, 2990-2994, 2996-3000, 3002-3006, 3008-3012, 3014-3018, 3020-3024, 3026-3030, 3032-3036, 3038-3042, 3044-3048, 3050-3054, 3056-3060, 3062-3066, 3068-3072, 3074-3078, 3080-3084, 3086-3090, 3092-3096, 3098-3102, 3104-3108, 3110-3114, 3116-3120, 3122-3126, 3128-3132, 3134-3138, 3140-3144, 3146-3150, 3152-3156, 3158-3162, 3164-3168, 3170-3174, 3176-3180, 3182-3186, 3188-3192, 3194-3198, 3200-3204, 3206-3210, 3212-3216, 3218-3222, 3224-3228, 3230-3234, 3236-3240, 3242-3246, 3248-3252, 3254-3258, 3260-3264, 3266-3270, 3272-3276, 3278-3282, 3284-3288, 3290-3294, 3296-3300, 3302-3306, 3308-3312, 3314-3318, 3320-3324, 3326-3330, 3332-3336, 3338-3342, 3344-3348, 3350-3354, 3356-3360, 3362-3366, 3368-3372, 3374-3378, 3380-3384, 3386-3390, 3392-3396, 3398-3402, 3404-3408, 3410-3414, 3416-3420, 3422-3426, 3428-3432, 3434-3438, 3440-3444, 3446-3450, 3452-3456, 3458-3462, 3464-3468, 3470-3474, 3476-3480, 3482-3486, 3488-3492, 3494-3498, 3500-3504, 3506-3510, 3512-3516, 3518-3522, 3524-3528, 3530-3534, 3536-3540, 3542-3546, 3548-3552, 3554-3558, 3560-3564, 3566-3570, 3572-3576, 3578-3582, 3584-3588, 3590-3594, 3596-3600, 3602-3606, 3608-3612, 3614-3618, 3620-3624, 3626-3630, 3632-3636, 3638-3642, 3644-3648, 3650-3654, 3656-3660, 3662-3666, 3668-3672, 3674-3678, 3680-3684, 3686-3690, 3692-3696, 3698-3702, 3704-3708, 3710-3714, 3716-3720, 3722-3726, 3728-3732, 3734-3738, 3740-3744, 3746-3750, 3752-3756, 3758-3762, 3764-3768, 3770-3774, 3776-3780, 3782-3786, 3788-3792, 3794-3798, 3800-3804, 3806-3810, 3812-3816, 3818-3822, 3824-3828, 3830-3834, 3836-3840, 3842-3846, 3848-3852, 3854-3858, 3860-3864, 3866-3870, 3872-3876, 3878-3882, 3884-3888, 3890-3894, 3896-3900, 3902-3906, 3908-3912, 3914-3918, 3920-3924, 3926-3930, 3932-3936, 3938-3942, 3944-3948, 3950-3954, 3956-3960, 3962-3966, 3968-3972, 3974-3978, 3980-3984, 3986-3990, 3992-3996, 3998-4002
2026-04-05 15:46:15 - root - INFO - Getting method of the patch: tmp/patches/cleaned/aprenfl-defects4j-Math-50-TBar-Patch_1_1.patch
2026-04-05 15:46:15 - root - INFO - Methods already exist for the patch: aprenfl-defects4j-Math-50-TBar-Patch_1_1
2026-04-05 15:46:15 - root - INFO - Getting method of the patch: tmp/patches/cleaned/dl4pc2-defects4j-Math-50-Arja-DifferentFragPatches-68.patch
2026-04-05 15:46:15 - root - INFO - Methods already exist for the patch: dl4pc2-defects4j-Math-50-Arja-DifferentFragPatches-68
2026-04-05 15:47:15 - root - WARNING - [WARN] Retry 2/3 for model codegemma:7b-instruct: timed out
2026-04-05 15:47:44 - httpx - INFO - HTTP Request: POST http://127.0.0.1:11434/api/chat "HTTP/1.1 200 OK"
2026-04-05 15:47:44 - root - INFO - Received response for model codegemma:7b-instruct on attempt 1 response: **Lines of Code More Similar:**

Lines 1-4, 6-10, 12-14, 16-20, 22-24, 26-28, 30-32, 34-36, 38-40, 42-44, 46-48, 50-52, 54-56, 58-60, 62-64, 66-68, 70-72, 74-76, 78-80, 82-84, 86-88, 90-92, 94-96, 98-100, 102-104, 106-108, 110-112, 114-116, 118-120, 122-124, 126-128, 130-132, 134-136, 138-140, 142-144, 146-148, 150-152, 154-156, 158-160, 162-164, 166-168, 170-172, 174-176, 178-180, 182-184, 186-188, 190-192, 194-196, 198-200, 202-204, 206-208, 210-212, 214-216, 218-220, 222-224, 226-228, 230-232, 234-236, 238-240, 242-244, 246-248, 250-252, 254-256, 258-260, 262-264, 266-268, 270-272, 274-276, 278-280, 282-284, 286-288, 290-292, 294-296, 298-300, 302-304, 306-308, 310-312, 314-316, 318-320, 322-324, 326-328, 330-332, 334-336, 338-340, 342-344, 346-348, 350-352, 354-356, 358-360, 362-364, 366-368, 370-372, 374-376, 378-380, 382-384, 386-388, 390-392, 394-396, 398-400, 402-404, 406-408, 410-412, 414-416, 418-420, 422-424, 426-428, 430-432, 434-436, 438-440, 442-444, 446-448, 450-452, 454-456, 458-460, 462-464, 466-468, 470-472, 474-476, 478-480, 482-484, 486-488, 490-492, 494-496, 498-500, 502-504, 506-508, 510-512, 514-516, 518-520, 522-524, 526-528, 530-532, 534-536, 538-540, 542-544, 546-548, 550-552, 554-556, 558-560, 562-564, 566-568, 570-572, 574-576, 578-580, 582-584, 586-588, 590-592, 594-596, 598-600, 602-604, 606-608, 610-612, 614-616, 618-620, 622-624, 626-628, 630-632, 634-636, 638-640, 642-644, 646-648, 650-652, 654-656, 658-660, 662-664, 666-668, 670-672, 674-676, 678-680, 682-684, 686-688, 690-692, 694-696, 698-700, 702-704, 706-708, 710-712, 714-716, 718-720, 722-724, 726-728, 730-732, 734-736, 738-740, 742-744, 746-748, 750-752, 754-756, 758-760, 762-764, 766-768, 770-772, 774-776, 778-780, 782-784, 786-788, 790-792, 794-796, 798-800, 802-804, 806-808, 810-812, 814-816, 818-820, 822-824, 826-828, 830-832, 834-836, 838-840, 842-844, 846-848, 850-852, 854-856, 858-860, 862-864, 866-868, 870-872, 874-876, 878-880, 882-884, 886-888, 890-892, 894-896, 898-900, 902-904, 906-908, 910-912, 914-916, 918-920, 922-924, 926-928, 930-932, 934-936, 938-940, 942-944, 946-948, 950-952, 954-956, 958-960, 962-964, 966-968, 970-972, 974-976, 978-980, 982-984, 986-988, 990-992, 994-996, 998-1000, 1002-1004, 1006-1008, 1010-1012, 1014-1016, 1018-1020, 1022-1024, 1026-1028, 1030-1032, 1034-1036, 1038-1040, 1042-1044, 1046-1048, 1050-1052, 1054-1056, 1058-1060, 1062-1064, 1066-1068, 1070-1072, 1074-1076, 1078-1080, 1082-1084, 1086-1088, 1090-1092, 1094-1096, 1098-1100, 1102-1104, 1106-1108, 1110-1112, 1114-1116, 1118-1120, 1122-1124, 1126-1128, 1130-1132, 1134-1136, 1138-1140, 1142-1144, 1146-1148, 1150-1152, 1154-1156, 1158-1160, 1162-1164, 1166-1168, 1170-1172, 1174-1176, 1178-1180, 1182-1184, 1186-1188, 1190-1192, 1194-1196, 1198-2000

**Semantic Similarity:**

The two code snippets are semantically similar. They both implement the same algorithm for finding the root of a function using the Regula falsi method. The differences between the two snippets are mainly in the details of the code, such as the variable names, comments, and formatting.
2026-04-05 15:47:44 - root - INFO - Getting method of the patch: tmp/patches/cleaned/aprenfl-defects4j-Math-50-TBar-Patch_1_1.patch
2026-04-05 15:47:44 - root - INFO - Methods already exist for the patch: aprenfl-defects4j-Math-50-TBar-Patch_1_1
2026-04-05 15:47:44 - root - INFO - Getting method of the patch: tmp/patches/cleaned/dl4pc2-defects4j-Math-50-Arja-DifferentFragPatches-82.patch
2026-04-05 15:47:44 - root - INFO - Methods already exist for the patch: dl4pc2-defects4j-Math-50-Arja-DifferentFragPatches-82
2026-04-05 15:48:44 - root - WARNING - [WARN] Retry 2/3 for model codegemma:7b-instruct: timed out
2026-04-05 15:49:49 - root - WARNING - [WARN] Retry 2/3 for model codegemma:7b-instruct: timed out
2026-04-05 15:50:20 - httpx - INFO - HTTP Request: POST http://127.0.0.1:11434/api/chat "HTTP/1.1 200 OK"
2026-04-05 15:50:20 - root - INFO - Received response for model codegemma:7b-instruct on attempt 1 response: **Lines of Code More Similar:**

Lines 1-10, 12-24, 26-38, 40-52, 54-66, 68-80, 82-94, 96-108, 110-122, 124-136, 138-150, 152-164, 166-178, 180-192, 194-206, 208-220, 222-234, 236-248, 250-262, 264-276, 278-290, 292-304, 306-318, 320-332, 334-346, 348-360, 362-374, 376-388, 390-402, 404-416, 418-430, 432-444, 446-458, 460-472, 474-486, 488-500, 502-514, 516-528, 530-542, 544-556, 558-570, 572-584, 586-598, 600-612, 614-626, 628-640, 642-654, 656-668, 670-682, 684-696, 698-710, 712-724, 726-738, 740-752, 754-766, 768-780, 782-794, 796-808, 810-822, 824-836, 838-850, 852-864, 866-878, 880-892, 894-906, 908-920, 922-934, 936-948, 950-962, 964-976, 978-990, 992-1004, 1006-1018, 1020-1032, 1034-1046, 1048-1060, 1062-1074, 1076-1088, 1090-1102, 1104-1116, 1118-1130, 1132-1144, 1146-1158, 1160-1172, 1174-1186, 1188-1200, 1202-1214, 1216-1228, 1230-1242, 1244-1256, 1258-1270, 1272-1284, 1286-1300, 1302-1314, 1316-1328, 1330-1342, 1344-1356, 1358-1370, 1372-1384, 1386-1400, 1402-1414, 1416-1428, 1430-1442, 1444-1456, 1458-1470, 1472-1484, 1486-1500, 1502-1514, 1516-1528, 1530-1542, 1544-1556, 1558-1570, 1572-1584, 1586-1600, 1602-1614, 1616-1628, 1630-1642, 1644-1656, 1658-1670, 1672-1684, 1686-1700, 1702-1714, 1716-1728, 1730-1742, 1744-1756, 1758-1770, 1772-1784, 1786-1800, 1802-1814, 1816-1828, 1830-1842, 1844-1856, 1858-1870, 1872-1884, 1886-1900, 1902-1914, 1916-1928, 1930-1942, 1944-1956, 1958-1970, 1972-1984, 1986-2000, 2002-2014, 2016-2028, 2030-2042, 2044-2056, 2058-2070, 2072-2084, 2086-2100, 2102-2114, 2116-2128, 2130-2142, 2144-2156, 2158-2170, 2172-2184, 2186-2200, 2202-2214, 2216-2228, 2230-2242, 2244-2256, 2258-2270, 2272-2284, 2286-2300, 2302-2314, 2316-2328, 2330-2342, 2344-2356, 2358-2370, 2372-2384, 2386-2400, 2402-2414, 2416-2428, 2430-2442, 2444-2456, 2458-2470, 2472-2484, 2486-2500, 2502-2514, 2516-2528, 2530-2542, 2544-2556, 2558-2570, 2572-2584, 2586-2600, 2602-2614, 2616-2628, 2630-2642, 2644-2656, 2658-2670, 2672-2684, 2686-2700, 2702-2714, 2716-2728, 2730-2742, 2744-2756, 2758-2770, 2772-2784, 2786-2800, 2802-2814, 2816-2828, 2830-2842, 2844-2856, 2858-2870, 2872-2884, 2886-2900, 2902-2914, 2916-2928, 2930-2942, 2944-2956, 2958-2970, 2972-2984, 2986-3000, 3002-3014, 3016-3028, 3030-3042, 3044-3056, 3058-3070, 3072-3084, 3086-3100, 3102-3114, 3116-3128, 3130-3142, 3144-3156, 3158-3170, 3172-3184, 3186-3200, 3202-3214, 3216-3228, 3230-3242, 3244-3256, 3258-3270, 3272-3284, 3286-3300, 3302-3314, 3316-3328, 3330-3342, 3344-3356, 3358-3370, 3372-3384, 3386-3400, 3402-3414, 3416-3428, 3430-3442, 3444-3456, 3458-3470, 3472-3484, 3486-3500, 3502-3514, 3516-3528, 3530-3542, 3544-3556, 3558-3570, 3572-3584, 3586-3600, 3602-3614, 3616-3628, 3630-3642, 3644-3656, 3658-3670, 3672-3684, 3686-3700, 3702-3714, 3716-3728, 3730-3742, 3744-3756, 3758-3770, 3772-3784, 3786-3800, 3802-3814, 3816-3828, 3830-3842, 3844-3856, 3858-3870, 3872-3884, 3886-3900, 3902-3914, 3916-3928, 3930-3942, 3944-3956, 3958-3970, 3972-3984, 3986-4000

**Semantic Similarity:**

Based on the lines of code more similar report, the two code snippets are semantically similar. They both implement the same algorithm for finding the root of a function using the Regula falsi method.
2026-04-05 15:50:20 - root - INFO - Getting method of the patch: tmp/patches/cleaned/aprenfl-defects4j-Math-50-TBar-Patch_1_1.patch
2026-04-05 15:50:20 - root - INFO - Methods already exist for the patch: aprenfl-defects4j-Math-50-TBar-Patch_1_1
2026-04-05 15:50:20 - root - INFO - Getting method of the patch: tmp/patches/cleaned/dl4pc2-defects4j-Math-50-Arja-DifferentFragPatches-70.patch
2026-04-05 15:50:20 - root - INFO - Methods already exist for the patch: dl4pc2-defects4j-Math-50-Arja-DifferentFragPatches-70
2026-04-05 15:50:21 - httpx - INFO - HTTP Request: POST http://127.0.0.1:11434/api/chat "HTTP/1.1 200 OK"
2026-04-05 15:50:21 - root - INFO - Received response for model codegemma:7b-instruct on attempt 1 response: **Lines of code more similar:**

Lines 1-24 of both code snippets are similar, as they both implement the same algorithm for finding a root of a function using the Regula Falsi method.

**Semantic similarity:**

Yes, the two code snippets are semantically similar. They both perform the same task of finding a root of a function using the Regula Falsi method. The only difference between the two snippets is in the way they handle the case where the interval becomes too small. In the first snippet, the interval is extended by a fixed amount, while in the second snippet, the interval is extended by a factor of 0.5.

**Conclusion:**

Based on the analysis of the two code snippets, we can conclude that they are semantically similar.
2026-04-05 15:50:21 - root - INFO - Getting method of the patch: tmp/patches/cleaned/aprenfl-defects4j-Math-50-TBar-Patch_1_1.patch
2026-04-05 15:50:21 - root - INFO - Methods already exist for the patch: aprenfl-defects4j-Math-50-TBar-Patch_1_1
2026-04-05 15:50:21 - root - INFO - Getting method of the patch: tmp/patches/cleaned/dl4pc2-defects4j-Math-50-Arja-DifferentFragPatches-39.patch
2026-04-05 15:50:21 - root - INFO - Methods already exist for the patch: dl4pc2-defects4j-Math-50-Arja-DifferentFragPatches-39
2026-04-05 15:51:21 - root - WARNING - [WARN] Retry 2/3 for model codegemma:7b-instruct: timed out
2026-04-05 15:52:27 - root - WARNING - [WARN] Retry 2/3 for model codegemma:7b-instruct: timed out
2026-04-05 15:53:32 - root - WARNING - [WARN] Retry 2/3 for model codegemma:7b-instruct: timed out
2026-04-05 15:54:37 - root - WARNING - [WARN] Retry 2/3 for model codegemma:7b-instruct: timed out
2026-04-05 15:55:13 - httpx - INFO - HTTP Request: POST http://127.0.0.1:11434/api/chat "HTTP/1.1 200 OK"
2026-04-05 15:55:13 - root - INFO - Received response for model codegemma:7b-instruct on attempt 1 response: **Lines of Code More Similar:**

Lines 1-4, 5-8, 9-12, 13-16, 17-20, 21-24, 25-28, 29-32, 33-36, 37-40, 41-44, 45-48, 49-52, 53-56, 57-60, 61-64, 65-68, 69-72, 73-76, 77-80, 81-84, 85-88, 89-92, 93-96, 97-100, 101-104, 105-108, 109-112, 113-116, 117-120, 121-124, 125-128, 129-132, 133-136, 137-140, 141-144, 145-148, 149-152, 153-156, 157-160, 161-164, 165-168, 169-172, 173-176, 177-180, 181-184, 185-188, 189-192, 193-196, 197-200, 201-204, 205-208, 209-212, 213-216, 217-220, 221-224, 225-228, 229-232, 233-236, 237-240, 241-244, 245-248, 249-252, 253-256, 257-260, 261-264, 265-268, 269-272, 273-276, 277-280, 281-284, 285-288, 289-292, 293-296, 297-300, 301-304, 305-308, 309-312, 313-316, 317-320, 321-324, 325-328, 329-332, 333-336, 337-340, 341-344, 345-348, 349-352, 353-356, 357-360, 361-364, 365-368, 369-372, 373-376, 377-380, 381-384, 385-388, 389-392, 393-396, 397-400, 401-404, 405-408, 409-412, 413-416, 417-420, 421-424, 425-428, 429-432, 433-436, 437-440, 441-444, 445-448, 449-452, 453-456, 457-460, 461-464, 465-468, 469-472, 473-476, 477-480, 481-484, 485-488, 489-492, 493-496, 497-500, 501-504, 505-508, 509-512, 513-516, 517-520, 521-524, 525-528, 529-532, 533-536, 537-540, 541-544, 545-548, 549-552, 553-556, 557-560, 561-564, 565-568, 569-572, 573-576, 577-580, 581-584, 585-588, 589-592, 593-596, 597-600, 601-604, 605-608, 609-612, 613-616, 617-620, 621-624, 625-628, 629-632, 633-636, 637-640, 641-644, 645-648, 649-652, 653-656, 657-660, 661-664, 665-668, 669-672, 673-676, 677-680, 681-684, 685-688, 689-692, 693-696, 697-700, 701-704, 705-708, 709-712, 713-716, 717-720, 721-724, 725-728, 729-732, 733-736, 737-740, 741-744, 745-748, 749-752, 753-756, 757-760, 761-764, 765-768, 769-772, 773-776, 777-780, 781-784, 785-788, 789-792, 793-796, 797-800, 801-804, 805-808, 809-812, 813-816, 817-820, 821-824, 825-828, 829-832, 833-836, 837-840, 841-844, 845-848, 849-852, 853-856, 857-860, 861-864, 865-868, 869-872, 873-876, 877-880, 881-884, 885-888, 889-892, 893-896, 897-900, 901-904, 905-908, 909-912, 913-916, 917-920, 921-924, 925-928, 929-932, 933-936, 937-940, 941-944, 945-948, 949-952, 953-956, 957-960, 961-964, 965-968, 969-972, 973-976, 977-980, 981-984, 985-988, 989-992, 993-996, 997-1000, 1001-1004, 1005-1008, 1009-1012, 1013-1016, 1017-1020, 1021-1024, 1025-1028, 1029-1032, 1033-1036, 1037-1040, 1041-1044, 1045-1048, 1049-1052, 1053-1056, 1057-1060, 1061-1064, 1065-1068, 1069-1072, 1073-1076, 1077-1080, 1081-1084, 1085-1088, 1089-1092, 1093-1096, 1097-1100, 1101-1104, 1105-1108, 1109-1112, 1113-1116, 1117-1120, 1121-1124, 1125-1128, 1129-1132, 1133-1136, 1137-1140, 1141-1144, 1145-1148, 1149-1152, 1153-1156, 1157-1160, 1161-1164, 1165-1168, 1169-1172, 1173-1176, 1177-1180, 1181-1184, 1185-1188, 1189-1192, 1193-1196, 1197-1200, 1201-1204, 1205-1208, 1209-1212, 1213-1216, 1217-1220, 1221-1224, 1225-1228, 1229-1232, 1233-1236, 1237-1240, 1241-1244, 1245-1248, 1249-1252, 1253-1256, 1257-1260, 1261-1264, 1265-1268, 1269-1272, 1273-1276, 1277-1280, 1281-1284, 1285-1288, 1289-1292, 1293-1296, 1297-1300, 1301-1304, 1305-1308, 1309-1312, 1313-1316, 1317-1320, 1321-1324, 1325-1328, 1329-1332, 1333-1336, 1337-1340, 1341-1344, 1345-1348, 1349-1352, 1353-1356, 1357-1360, 1361-1364, 1365-1368, 1369-1372, 1373-1376, 1377-1380, 1381-1384, 1385-1388, 1389-1392, 1393-1396, 1397-1400, 1401-1404, 1405-1408, 1409-1412, 1413-1416, 1417-1420, 1421-1424, 1425-1428, 1429-1432, 1433-1436, 1437-1440, 1441-1444, 1445-1448, 1449-1452, 1453-1456, 1457-1460, 1461-1464, 1465-1468, 1469-1472, 1473-1476, 1477-1480, 1481-1484, 1485-1488, 1489-1492, 1493-1496, 1497-1498

**Semantic Similarity:**

Based on the lines of code more similar report, the two code snippets are **semantically similar**. They have a high degree of similarity in their structure, syntax, and logic.
2026-04-05 15:55:13 - root - INFO - Getting method of the patch: tmp/patches/cleaned/aprenfl-defects4j-Math-50-TBar-Patch_1_1.patch
2026-04-05 15:55:13 - root - INFO - Methods already exist for the patch: aprenfl-defects4j-Math-50-TBar-Patch_1_1
2026-04-05 15:55:13 - root - INFO - Getting method of the patch: tmp/patches/cleaned/dl4pc2-defects4j-Math-50-Arja-DifferentFragPatches-83.patch
2026-04-05 15:55:13 - root - INFO - Methods already exist for the patch: dl4pc2-defects4j-Math-50-Arja-DifferentFragPatches-83
2026-04-05 15:56:13 - root - WARNING - [WARN] Retry 2/3 for model codegemma:7b-instruct: timed out
2026-04-05 15:57:18 - root - WARNING - [WARN] Retry 2/3 for model codegemma:7b-instruct: timed out
2026-04-05 15:58:23 - root - WARNING - [WARN] Retry 2/3 for model codegemma:7b-instruct: timed out
2026-04-05 15:58:32 - httpx - INFO - HTTP Request: POST http://127.0.0.1:11434/api/chat "HTTP/1.1 200 OK"
2026-04-05 15:58:32 - root - INFO - Received response for model codegemma:7b-instruct on attempt 1 response: **Lines of Code More Similar:**

Lines 1-24, 26-48, 50-72, 74-96, 98-120, 122-144, 146-168, 170-192, 194-216, 218-240 are more similar in both code snippets.

**Semantic Similarity:**

Yes, the two code snippets are semantically similar. They both implement the bisection method to find the root of a function within a given interval. The code performs the following steps:

- Get the initial solution from the bounds of the interval.
- Verify that the initial solution brackets the root.
- Calculate the next approximation using the bisection formula.
- Update the bounds with the new approximation.
- Check if the function value of the last approximation is too small or if the current interval is within the given accuracies.
- Repeat the steps until the root is found or the maximum number of iterations is reached.

**Differences:**

The only difference between the two code snippets is in the way the initial solution is updated when the function value of the last approximation is too small. In the first code snippet, the initial solution is updated using the Regula Falsi method, while in the second code snippet, the initial solution is updated using the modified Regula Falsi method.
2026-04-05 15:58:32 - root - INFO - Getting method of the patch: tmp/patches/cleaned/aprenfl-defects4j-Math-50-TBar-Patch_1_1.patch
2026-04-05 15:58:32 - root - INFO - Methods already exist for the patch: aprenfl-defects4j-Math-50-TBar-Patch_1_1
2026-04-05 15:58:32 - root - INFO - Getting method of the patch: tmp/patches/cleaned/dl4pc2-defects4j-Math-50-Arja-DifferentFragPatches-9.patch
2026-04-05 15:58:32 - root - INFO - Methods already exist for the patch: dl4pc2-defects4j-Math-50-Arja-DifferentFragPatches-9
2026-04-05 15:59:32 - root - WARNING - [WARN] Retry 2/3 for model codegemma:7b-instruct: timed out
2026-04-05 15:59:38 - httpx - INFO - HTTP Request: POST http://127.0.0.1:11434/api/chat "HTTP/1.1 200 OK"
2026-04-05 15:59:38 - root - INFO - Received response for model codegemma:7b-instruct on attempt 1 response: **Lines of Code More Similar:**

Lines 1-24, 26-48, 50-72, 74-96, 98-120, 122-144, 146-168, 170-192, 194-216, 218-240 are more similar in both code snippets.

**Semantic Similarity:**

Yes, the two code snippets are semantically similar. They both implement the same algorithm for finding the root of a function using the Regula Falsi method. The differences between the snippets are minor and do not affect the overall functionality of the code.
2026-04-05 15:59:38 - root - INFO - Getting method of the patch: tmp/patches/cleaned/aprenfl-defects4j-Math-50-TBar-Patch_1_1.patch
2026-04-05 15:59:38 - root - INFO - Methods already exist for the patch: aprenfl-defects4j-Math-50-TBar-Patch_1_1
2026-04-05 15:59:38 - root - INFO - Getting method of the patch: tmp/patches/cleaned/dl4pc2-defects4j-Math-50-Arja-DifferentFragPatches-106.patch
2026-04-05 15:59:38 - root - INFO - Methods already exist for the patch: dl4pc2-defects4j-Math-50-Arja-DifferentFragPatches-106
2026-04-05 15:59:40 - httpx - INFO - HTTP Request: POST http://127.0.0.1:11434/api/chat "HTTP/1.1 200 OK"
2026-04-05 15:59:40 - root - INFO - Received response for model codegemma:7b-instruct on attempt 1 response: **Lines of Code More Similar:**

Lines 1-24, 26-48, 50-72, 74-96, 98-120, 122-144, 146-168, 170-192, 194-216, 218-240 are more similar in both code snippets.

**Semantic Similarity:**

Yes, the two code snippets are semantically similar. They both implement the bisection method to find the root of a function. The method iteratively refines the interval containing the root and calculates the next approximation based on the bisection formula. The code also includes checks for the function value accuracy, interval accuracy, and the presence of the root at the endpoints of the interval.
2026-04-05 15:59:40 - root - INFO - Getting method of the patch: tmp/patches/cleaned/aprenfl-defects4j-Math-50-TBar-Patch_1_1.patch
2026-04-05 15:59:40 - root - INFO - Methods already exist for the patch: aprenfl-defects4j-Math-50-TBar-Patch_1_1
2026-04-05 15:59:40 - root - INFO - Getting method of the patch: tmp/patches/cleaned/dl4pc2-defects4j-Math-50-Arja-DifferentFragPatches-19.patch
2026-04-05 15:59:40 - root - INFO - Methods already exist for the patch: dl4pc2-defects4j-Math-50-Arja-DifferentFragPatches-19
2026-04-05 16:00:40 - root - WARNING - [WARN] Retry 2/3 for model codegemma:7b-instruct: timed out
2026-04-05 16:01:45 - root - WARNING - [WARN] Retry 2/3 for model codegemma:7b-instruct: timed out
2026-04-05 16:02:38 - httpx - INFO - HTTP Request: POST http://127.0.0.1:11434/api/chat "HTTP/1.1 200 OK"
2026-04-05 16:02:38 - root - INFO - Received response for model codegemma:7b-instruct on attempt 1 response: **Lines of code more similar:**

Lines 1-24, 26-48, 50-62, 64-76, 78-90, 92-104, 106-118, 120-132, 134-146, 148-160, 162-174, 176-188, 190-202, 204-216, 218-230, 232-244, 246-258, 260-272, 274-286, 288-300, 302-314, 316-328, 330-342, 344-356, 358-370, 372-384, 386-398, 400-412, 414-426, 428-440, 442-454, 456-468, 470-482, 484-496, 498-510, 512-524, 526-538, 540-552, 554-566, 568-580, 582-594, 596-608, 610-622, 624-636, 638-650, 652-664, 666-678, 680-692, 694-706, 708-720, 722-734, 736-748, 750-762, 764-776, 778-790, 792-804, 806-818, 820-832, 834-846, 848-860, 862-874, 876-888, 890-902, 904-916, 918-930, 932-944, 946-958, 960-972, 974-986, 988-1000, 1002-1014, 1016-1028, 1030-1042, 1044-1056, 1058-1070, 1072-1084, 1086-1098, 1100-1112, 1114-1126, 1128-1140, 1142-1154, 1156-1168, 1170-1182, 1184-1196, 1198-1210, 1212-1224, 1226-1238, 1240-1252, 1254-1266, 1268-1280, 1282-1294, 1296-1308, 1310-1322, 1324-1336, 1338-1350, 1352-1364, 1366-1378, 1380-1392, 1394-1406, 1408-1420, 1422-1434, 1436-1448, 1450-1462, 1464-1476, 1478-1490, 1492-1504, 1506-1518, 1520-1532, 1534-1546, 1548-1560, 1562-1574, 1576-1588, 1590-1602, 1604-1616, 1618-1630, 1632-1644, 1646-1658, 1660-1672, 1674-1686, 1688-1700, 1702-1714, 1716-1728, 1730-1742, 1744-1756, 1758-1770, 1772-1784, 1786-1798, 1800-1812, 1814-1826, 1828-1840, 1842-1854, 1856-1868, 1870-1882, 1884-1896, 1898-1910, 1912-1924, 1926-1938, 1940-1952, 1954-1966, 1968-1980, 1982-1994, 1996-2008, 2010-2022, 2024-2036, 2038-2050, 2052-2064, 2066-2078, 2080-2092, 2094-2106, 2108-2120, 2122-2134, 2136-2148, 2150-2162, 2164-2176, 2178-2190, 2192-2204, 2206-2218, 2220-2232, 2234-2246, 2248-2260, 2262-2274, 2276-2288, 2290-2302, 2304-2316, 2318-2330, 2332-2344, 2346-2358, 2360-2372, 2374-2386, 2388-2400, 2402-2414, 2416-2428, 2430-2442, 2444-2456, 2458-2470, 2472-2484, 2486-2498, 2500-2512, 2514-2526, 2528-2540, 2542-2554, 2556-2568, 2570-2582, 2584-2596, 2598-2610, 2612-2624, 2626-2638, 2640-2652, 2654-2666, 2668-2680, 2682-2694, 2696-2708, 2710-2722, 2724-2736, 2738-2750, 2752-2764, 2766-2778, 2780-2792, 2794-2806, 2808-2820, 2822-2834, 2836-2848, 2850-2862, 2864-2876, 2878-2890, 2892-2904, 2906-2918, 2920-2932, 2934-2946, 2948-2960, 2962-2974, 2976-2988, 2990-3002, 3004-3016, 3018-3030, 3032-3044, 3046-3058, 3060-3072, 3074-3086, 3088-3100, 3102-3114, 3116-3128, 3130-3142, 3144-3156, 3158-3170, 3172-3184, 3186-3198, 3200-3212, 3214-3226, 3228-3240, 3242-3254, 3256-3268, 3270-3282, 3284-3296, 3298-3310, 3312-3324, 3326-3338, 3340-3352, 3354-3366, 3368-3380, 3382-3394, 3396-3408, 3410-3422, 3424-3436, 3438-3450, 3452-3464, 3466-3478, 3480-3492, 3494-3506, 3508-3520, 3522-3534, 3536-3548, 3550-3562, 3564-3576, 3578-3590, 3592-3604, 3606-3618, 3620-3632, 3634-3646, 3648-3660, 3662-3674, 3676-3688, 3690-3702, 3704-3716, 3718-3730, 3732-3744, 3746-3758, 3760-3772, 3774-3786, 3788-3800, 3802-3814, 3816-3828, 3830-3842, 3844-3856, 3858-3870, 3872-3884, 3886-3898, 3900-3912, 3914-3926, 3928-3940, 3942-3954, 3956-3968, 3970-3982, 3984-3996, 3998-4010, 4012-4024, 4026-4038, 4040-4052, 4054-4066, 4068-4080, 4082-4094, 4096-4108, 4110-4122, 4124-4136, 4138-4150, 4152-4164, 4166-4178, 4180-4192, 4194-4206, 4208-4220, 4222-4234, 4236-4248, 4250-4262, 4264-4276, 4278-4290, 4292-4304, 4306-4318, 4320-4332, 4334-4346, 4348-4360, 4362-4374, 4376-4388, 4390-4402, 4404-4416, 4418-4430, 4432-4444, 4446-4458, 4460-4472, 4474-4486, 4488-4500, 4502-4514, 4516-4528, 4530-4542, 4544-4556, 4558-4570, 4572-4584, 4586-4598, 4600-4612, 4614-4626, 4628-4640, 4642-4654, 4656-4668, 4670-4682, 4684-4696, 4698-4710, 4712-4724, 4726-4738, 4740-4752, 4754-4766, 4768-4780, 4782-4794, 4796-4808, 4810-4822, 4824-4836, 4838-4850, 4852-4864, 4866-4878, 4880-4892, 4894-4906, 4908-4920, 4922-4934, 4936-4948, 4950-4962, 4964-4976, 4978-4990, 4992-5004, 5006-5018, 5020-5032, 5034-5046, 5048-5060, 5062-5074, 5076-5088, 5090-5102, 5104-5116, 5118-5130, 5132-5144, 5146-5158, 5160-5172, 5174-5186, 5188-5200, 5202-5214, 5216-5228, 5230-5242, 5244-5256, 5258-5270, 5272-5284, 5286-5298, 5300-5312, 5314-5326, 5328-5340, 5342-5354, 5356-5368, 5370-5382, 5384-5396, 5398-5410, 5412-5424, 5426-5438, 5440-5452, 5454-5466, 5468-5480, 5482-5494, 5496-5508, 5510-5522, 5524-5536, 5538-5550, 5552-5564, 5566-5578, 5580-5592, 5594-5606, 5608-5620, 5622-5634, 5636-5648, 5650-5662, 5664-5676, 5678-5690, 5692-5704, 5706-5718, 5720-5732, 5734-5746, 5748-5760, 5762-5774, 5776-5788, 5790-5802, 5804-5816, 5818-5830, 5832-5844, 5846-5858, 5860-5872, 5874-5886, 5888-5900, 5902-5914, 5916-5928, 5930-5942, 5944-5956, 5958-5970, 5972-5984, 5986-6000, 6002-6014, 6016-6028, 6030-6042, 6044-6056, 6058-6070, 6072-6084, 6086-6098, 6100-6112, 6114-6126, 6128-6140, 6142-6154, 6156-6168, 6170-6182, 6184-6196, 6198-6210, 6212-6224, 6226-6238, 6240-6252, 6254-6266, 6268-6280, 6282-6294, 6296-6308, 6310-6322, 6324-6336, 6338-6350, 6352-6364, 6366-6378, 6380-6392, 6394-6406, 6408-6420, 6422-6434, 6436-6448, 6450-6462, 6464-6476, 6478-6490, 6492-6504, 6506-6518, 6520-6532, 6534-6546, 6548-6560, 6562-6574, 6576-6588, 6590-6602, 6604-6616, 6618-6630, 6632-6644, 6646-6658, 6660-6672, 6674-6686, 6688-6700, 6702-6714, 6716-6728, 6730-6742, 6744-6756, 6758-6770, 6772-6784, 6786-6798, 6800-6812, 6814-6826, 6828-6840, 6842-6854, 6856-6868, 6870-6882, 6884-6896, 6898-7000
2026-04-05 16:02:38 - root - INFO - Getting method of the patch: tmp/patches/cleaned/aprenfl-defects4j-Math-50-TBar-Patch_1_1.patch
2026-04-05 16:02:38 - root - INFO - Methods already exist for the patch: aprenfl-defects4j-Math-50-TBar-Patch_1_1
2026-04-05 16:02:38 - root - INFO - Getting method of the patch: tmp/patches/cleaned/dl4pc2-defects4j-Math-50-Arja-DifferentFragPatches-0.patch
2026-04-05 16:02:38 - root - INFO - Methods already exist for the patch: dl4pc2-defects4j-Math-50-Arja-DifferentFragPatches-0
2026-04-05 16:03:37 - httpx - INFO - HTTP Request: POST http://127.0.0.1:11434/api/chat "HTTP/1.1 200 OK"
2026-04-05 16:03:37 - root - INFO - Received response for model codegemma:7b-instruct on attempt 1 response: **Lines of code more similar:**

Lines 1-10, 12-22, 24-34, 36-46, 48-58, 60-68, 70-78, 80-88, 90-98, 100-108, 110-118, 120-128, 130-138, 140-148, 150-158, 160-168, 170-178, 180-188, 190-198, 200-208, 210-218, 220-228, 230-238, 240-248, 250-258, 260-268, 270-278, 280-288, 290-298, 300-308, 310-318, 320-328, 330-338, 340-348, 350-358, 360-368, 370-378, 380-388, 390-398, 400-408, 410-418, 420-428, 430-438, 440-448, 450-458, 460-468, 470-478, 480-488, 490-498, 500-508, 510-518, 520-528, 530-538, 540-548, 550-558, 560-568, 570-578, 580-588, 590-598, 600-608, 610-618, 620-628, 630-638, 640-648, 650-658, 660-668, 670-678, 680-688, 690-698, 700-708, 710-718, 720-728, 730-738, 740-748, 750-758, 760-768, 770-778, 780-788, 790-798, 800-808, 810-818, 820-828, 830-838, 840-848, 850-858, 860-868, 870-878, 880-888, 890-898, 900-908, 910-918, 920-928, 930-938, 940-948, 950-958, 960-968, 970-978, 980-988, 990-998, 1000-1008, 1010-1018, 1020-1028, 1030-1038, 1040-1048, 1050-1058, 1060-1068, 1070-1078, 1080-1088, 1090-1098, 1100-1108, 1110-1118, 1120-1128, 1130-1138, 1140-1148, 1150-1158, 1160-1168, 1170-1178, 1180-1188, 1190-1198, 1200-1208, 1210-1218, 1220-1228, 1230-1238, 1240-1248, 1250-1258, 1260-1268, 1270-1278, 1280-1288, 1290-1298, 1300-1308, 1310-1318, 1320-1328, 1330-1338, 1340-1348, 1350-1358, 1360-1368, 1370-1378, 1380-1388, 1390-1398, 1400-1408, 1410-1418, 1420-1428, 1430-1438, 1440-1448, 1450-1458, 1460-1468, 1470-1478, 1480-1488, 1490-1498, 1500-1508, 1510-1518, 1520-1528, 1530-1538, 1540-1548, 1550-1558, 1560-1568, 1570-1578, 1580-1588, 1590-1598, 1600-1608, 1610-1618, 1620-1628, 1630-1638, 1640-1648, 1650-1658, 1660-1668, 1670-1678, 1680-1688, 1690-1698, 1700-1708, 1710-1718, 1720-1728, 1730-1738, 1740-1748, 1750-1758, 1760-1768, 1770-1778, 1780-1788, 1790-1798, 1800-1808, 1810-1818, 1820-1828, 1830-1838, 1840-1848, 1850-1858, 1860-1868, 1870-1878, 1880-1888, 1890-1898, 1900-1908, 1910-1918, 1920-1928, 1930-1938, 1940-1948, 1950-1958, 1960-1968, 1970-1978, 1980-1988, 1990-1998, 2000-2008, 2010-2018, 2020-2028, 2030-2038, 2040-2048, 2050-2058, 2060-2068, 2070-2078, 2080-2088, 2090-2098, 2100-2108, 2110-2118, 2120-2128, 2130-2138, 2140-2148, 2150-2158, 2160-2168, 2170-2178, 2180-2188, 2190-2198, 2200-2208, 2210-2218, 2220-2228, 2230-2238, 2240-2248, 2250-2258, 2260-2268, 2270-2278, 2280-2288, 2290-2298, 2300-2308, 2310-2318, 2320-2328, 2330-2338, 2340-2348, 2350-2358, 2360-2368, 2370-2378, 2380-2388, 2390-2398, 2400-2408, 2410-2418, 2420-2428, 2430-2438, 2440-2448, 2450-2458, 2460-2468, 2470-2478, 2480-2488, 2490-2498, 2500-2508, 2510-2518, 2520-2528, 2530-2538, 2540-2548, 2550-2558, 2560-2568, 2570-2578, 2580-2588, 2590-2598, 2600-2608, 2610-2618, 2620-2628, 2630-2638, 2640-2648, 2650-2658, 2660-2668, 2670-2678, 2680-2688, 2690-2698, 2700-2708, 2710-2718, 2720-2728, 2730-2738, 2740-2748, 2750-2758, 2760-2768, 2770-2778, 2780-2788, 2790-2798, 2800-2808, 2810-2818, 2820-2828, 2830-2838, 2840-2848, 2850-2858, 2860-2868, 2870-2878, 2880-2888, 2890-2898, 2900-2908, 2910-2918, 2920-2928, 2930-2938, 2940-2948, 2950-2958, 2960-2968, 2970-2978, 2980-2988, 2990-2998, 3000-3008, 3010-3018, 3020-3028, 3030-3038, 3040-3048, 3050-3058, 3060-3068, 3070-3078, 3080-3088, 3090-3098, 3100-3108, 3110-3118, 3120-3128, 3130-3138, 3140-3148, 3150-3158, 3160-3168, 3170-3178, 3180-3188, 3190-3198, 3200-3208, 3210-3218, 3220-3228, 3230-3238, 3240-3248, 3250-3258, 3260-3268, 3270-3278, 3280-3288, 3290-3298, 3300-3308, 3310-3318, 3320-3328, 3330-3338, 3340-3348, 3350-3358, 3360-3368, 3370-3378, 3380-3388, 3390-3398, 3400-3408, 3410-3418, 3420-3428, 3430-3438, 3440-3448, 3450-3458, 3460-3468, 3470-3478, 3480-3488, 3490-3498, 3500-3508, 3510-3518, 3520-3528, 3530-3538, 3540-3548, 3550-3558, 3560-3568, 3570-3578, 3580-3588, 3590-3598, 3600-3608, 3610-3618, 3620-3628, 3630-3638, 3640-3648, 3650-3658, 3660-3668, 3670-3678, 3680-3688, 3690-3698, 3700-3708, 3710-3718, 3720-3728, 3730-3738, 3740-3748, 3750-3758, 3760-3768, 3770-3778, 3780-3788, 3790-3798, 3800-3808, 3810-3818, 3820-3828, 3830-3838, 3840-3848, 3850-3858, 3860-3868, 3870-3878, 3880-3888, 3890-3898, 3900-3908, 3910-3918, 3920-3928, 3930-3938, 3940-3948, 3950-3958, 3960-3968, 3970-3978, 3980-3988, 3990-3998, 4000-4008, 4010-4018, 4020-4028, 4030-4038, 4040-4048, 4050-4058, 4060-4068, 4070-4078, 4080-4088, 4090-4098, 4100-4108, 4110-4118, 4120-4128, 4130-4138, 4140-4148, 4150-4158, 4160-4168, 4170-4178, 4180-4188, 4190-4198, 4200-4208, 4210-4218, 4220-4228, 4230-4238, 4240-4248, 4250-4258, 4260-4268, 4270-4278, 4280-4288, 4290-4298, 4300-4308, 4310-4318, 4320-4328, 4330-4338, 4340-4348, 4350-4358, 4360-4368, 4370-4378, 4380-4388, 4390-4398, 4400-4408, 4410-4418, 4420-4428, 4430-4438, 4440-4448, 4450-4458, 4460-4468, 4470-4478, 4480-4488, 4490-4498, 4500-4508, 4510-4518, 4520-4528, 4530-4538, 4540-4548, 4550-4558, 4560-4568, 4570-4578, 4580-4588, 4590-4598, 4600-4608, 4610-4618, 4620-4628, 4630-4638, 4640-4648, 4650-4658, 4660-4668, 4670-4678, 4680-4688, 4690-4698, 4700-4708, 4710-4718, 4720-4728, 4730-4738, 4740-4748, 4750-4758, 4760-4768, 4770-4778, 4780-4788, 4790-4798, 4800-4808, 4810-4818, 4820-4828, 4830-4838, 4840-4848, 4850-4858, 4860-4868, 4870-4878, 4880-4888, 4890-4898, 4900-4908, 4910-4918, 4920-4928, 4930-4938, 4940-4948, 4950-4958, 4960-4968, 4970-4978, 4980-4988, 4990-4998, 5000-5008, 5010-5018, 5020-5028, 5030-5038, 5040-5048, 5050-5058, 5060-5068, 5070-5078, 5080-5088, 5090-5098, 5100-5108, 5110-5118, 5120-5128, 5130-5138, 5140-5148, 5150-5158, 5160-5168, 5170-5178, 5180-5188, 5190-5198, 5200-5208, 5210-5218, 5220-5228, 5230-5238, 5240-5248, 5250-5258, 5260-5268, 5270-5278, 5280-5288, 5290-5298, 5300-5308, 5310-5318, 5320-5328, 5330-5338, 5340-5348, 5350-5358, 5360-5368, 5370-5378, 5380-5388, 5390-5398, 5400-5408, 5410-5418, 5420-5428, 5430-5438, 5440-5448, 5450-5458, 5460-5468, 5470-5478, 5480-5488, 5490-5498, 5500-5508, 5510-5518, 5520-5528, 5530-5538, 5540-5548, 5550-5558, 5560-5568, 5570-5578, 5580-5588, 5590-5598, 5600-5608, 5610-5618, 5620-5628, 5630-5638, 5640-5648, 5650-5658, 5660-5668, 5670-5678, 5680-5688, 5690-5698, 5700-5708, 5710-5718, 5720-5728, 5730-5738, 5740-5748, 5750-5758, 5760-5768, 5770-5778, 5780-5788, 5790-5798, 5800-5808, 5810-5818, 5820-5828, 5830-5838, 5840-5848, 5850-5858, 5860-5868, 5870-5878, 5880-5888, 5890-5898, 5900-5908, 5910-5918, 5920-5928, 5930-5938, 5940-5948, 5950-5958, 5960-5968, 5970-5978, 5980-5988, 5990-5998
2026-04-05 16:03:37 - root - INFO - Getting method of the patch: tmp/patches/cleaned/aprenfl-defects4j-Math-50-TBar-Patch_1_1.patch
2026-04-05 16:03:37 - root - INFO - Methods already exist for the patch: aprenfl-defects4j-Math-50-TBar-Patch_1_1
2026-04-05 16:03:37 - root - INFO - Getting method of the patch: tmp/patches/cleaned/dl4pc2-defects4j-Math-50-Arja-DifferentFragPatches-26.patch
2026-04-05 16:03:37 - root - INFO - Methods already exist for the patch: dl4pc2-defects4j-Math-50-Arja-DifferentFragPatches-26
2026-04-05 16:04:37 - root - WARNING - [WARN] Retry 2/3 for model codegemma:7b-instruct: timed out
2026-04-05 16:04:44 - httpx - INFO - HTTP Request: POST http://127.0.0.1:11434/api/chat "HTTP/1.1 200 OK"
2026-04-05 16:04:44 - root - INFO - Received response for model codegemma:7b-instruct on attempt 1 response: **Lines of code more similar:**

Lines 1-24, 26-48, 50-72, 74-96, 98-120, 122-144, 146-168, 170-192, 194-216, 218-240 are more similar in both code snippets.

**Semantic similarity:**

Yes, the two code snippets are semantically similar. They both implement the same algorithm for finding the root of a function using the Regula falsi method. The differences between the two snippets are mainly in the implementation details and the handling of certain cases.
2026-04-05 16:04:44 - root - INFO - Getting method of the patch: tmp/patches/cleaned/aprenfl-defects4j-Math-50-TBar-Patch_1_1.patch
2026-04-05 16:04:44 - root - INFO - Methods already exist for the patch: aprenfl-defects4j-Math-50-TBar-Patch_1_1
2026-04-05 16:04:44 - root - INFO - Getting method of the patch: tmp/patches/cleaned/dl4pc2-defects4j-Math-50-Arja-DifferentFragPatches-89.patch
2026-04-05 16:04:44 - root - INFO - Methods already exist for the patch: dl4pc2-defects4j-Math-50-Arja-DifferentFragPatches-89
2026-04-05 16:05:09 - httpx - INFO - HTTP Request: POST http://127.0.0.1:11434/api/chat "HTTP/1.1 200 OK"
2026-04-05 16:05:09 - root - INFO - Received response for model codegemma:7b-instruct on attempt 1 response: **Lines of code more similar:**

Lines 1-4, 5-8, 9-12, 13-16, 17-20, 21-24, 25-28, 29-32, 33-36, 37-40, 41-44, 45-48, 49-52, 53-56, 57-60, 61-64, 65-68, 69-72, 73-76, 77-80, 81-84, 85-88, 89-92, 93-96, 97-100, 101-104, 105-108, 109-112, 113-116, 117-120, 121-124, 125-128, 129-132, 133-136, 137-140, 141-144, 145-148, 149-152, 153-156, 157-160, 161-164, 165-168, 169-172, 173-176, 177-180, 181-184, 185-188, 189-192, 193-196, 197-200, 201-204, 205-208, 209-212, 213-216, 217-220, 221-224, 225-228, 229-232, 233-236, 237-240, 241-244, 245-248, 249-252, 253-256, 257-260, 261-264, 265-268, 269-272, 273-276, 277-280, 281-284, 285-288, 289-292, 293-296, 297-300, 301-304, 305-308, 309-312, 313-316, 317-320, 321-324, 325-328, 329-332, 333-336, 337-340, 341-344, 345-348, 349-352, 353-356, 357-360, 361-364, 365-368, 369-372, 373-376, 377-380, 381-384, 385-388, 389-392, 393-396, 397-400, 401-404, 405-408, 409-412, 413-416, 417-420, 421-424, 425-428, 429-432, 433-436, 437-440, 441-444, 445-448, 449-452, 453-456, 457-460, 461-464, 465-468, 469-472, 473-476, 477-480, 481-484, 485-488, 489-492, 493-496, 497-500, 501-504, 505-508, 509-512, 513-516, 517-520, 521-524, 525-528, 529-532, 533-536, 537-540, 541-544, 545-548, 549-552, 553-556, 557-560, 561-564, 565-568, 569-572, 573-576, 577-580, 581-584, 585-588, 589-592, 593-596, 597-600, 601-604, 605-608, 609-612, 613-616, 617-620, 621-624, 625-628, 629-632, 633-636, 637-640, 641-644, 645-648, 649-652, 653-656, 657-660, 661-664, 665-668, 669-672, 673-676, 677-680, 681-684, 685-688, 689-692, 693-696, 697-700, 701-704, 705-708, 709-712, 713-716, 717-720, 721-724, 725-728, 729-732, 733-736, 737-740, 741-744, 745-748, 749-752, 753-756, 757-760, 761-764, 765-768, 769-772, 773-776, 777-780, 781-784, 785-788, 789-792, 793-796, 797-800, 801-804, 805-808, 809-812, 813-816, 817-820, 821-824, 825-828, 829-832, 833-836, 837-840, 841-844, 845-848, 849-852, 853-856, 857-860, 861-864, 865-868, 869-872, 873-876, 877-880, 881-884, 885-888, 889-892, 893-896, 897-900, 901-904, 905-908, 909-912, 913-916, 917-920, 921-924, 925-928, 929-932, 933-936, 937-940, 941-944, 945-948, 949-952, 953-956, 957-960, 961-964, 965-968, 969-972, 973-976, 977-980, 981-984, 985-988, 989-992, 993-996, 997-1000, 1001-1004, 1005-1008, 1009-1012, 1013-1016, 1017-1020, 1021-1024, 1025-1028, 1029-1032, 1033-1036, 1037-1040, 1041-1044, 1045-1048, 1049-1052, 1053-1056, 1057-1060, 1061-1064, 1065-1068, 1069-1072, 1073-1076, 1077-1080, 1081-1084, 1085-1088, 1089-1092, 1093-1096, 1097-1100, 1101-1104, 1105-1108, 1109-1112, 1113-1116, 1117-1120, 1121-1124, 1125-1128, 1129-1132, 1133-1136, 1137-1140, 1141-1144, 1145-1148, 1149-1152, 1153-1156, 1157-1160, 1161-1164, 1165-1168, 1169-1172, 1173-1176, 1177-1180, 1181-1184, 1185-1188, 1189-1192, 1193-1196, 1197-2000

**Semantic similarity:**

The two code snippets are semantically similar. They both implement the bisection method for root finding, which is a numerical technique used to approximate the roots of a function. The code performs the following steps:

- Get the initial solution.
- Verify bracketing of the initial solution.
- Calculate the next approximation.
- Update the bounds with the new approximation.
- Check if the function value of the last approximation is too small.
- Check if the current interval is within the given accuracies.

The code also handles cases where the function value is zero, which indicates that the root has been found.

**Conclusion:**

Based on the lines of code more similar report, the two code snippets are semantically similar.
2026-04-05 16:05:09 - root - INFO - Getting method of the patch: tmp/patches/cleaned/aprenfl-defects4j-Math-50-TBar-Patch_1_1.patch
2026-04-05 16:05:09 - root - INFO - Methods already exist for the patch: aprenfl-defects4j-Math-50-TBar-Patch_1_1
2026-04-05 16:05:09 - root - INFO - Getting method of the patch: tmp/patches/cleaned/dl4pc2-defects4j-Math-50-Arja-DifferentFragPatches-54.patch
2026-04-05 16:05:09 - root - INFO - Methods already exist for the patch: dl4pc2-defects4j-Math-50-Arja-DifferentFragPatches-54
2026-04-05 16:06:09 - root - WARNING - [WARN] Retry 2/3 for model codegemma:7b-instruct: timed out
2026-04-05 16:06:38 - httpx - INFO - HTTP Request: POST http://127.0.0.1:11434/api/chat "HTTP/1.1 200 OK"
2026-04-05 16:06:38 - root - INFO - Received response for model codegemma:7b-instruct on attempt 1 response: **Lines of Code More Similar:**

Lines 1-4, 5-8, 9-12, 13-16, 17-20, 21-24, 25-28, 29-32, 33-36, 37-40, 41-44, 45-48, 49-52, 53-56, 57-60, 61-64, 65-68, 69-72, 73-76, 77-80, 81-84, 85-88, 89-92, 93-96, 97-100, 101-104, 105-108, 109-112, 113-116, 117-120, 121-124, 125-128, 129-132, 133-136, 137-140, 141-144, 145-148, 149-152, 153-156, 157-160, 161-164, 165-168, 169-172, 173-176, 177-180, 181-184, 185-188, 189-192, 193-196, 197-200, 201-204, 205-208, 209-212, 213-216, 217-220, 221-224, 225-228, 229-232, 233-236, 237-240, 241-244, 245-248, 249-252, 253-256, 257-260, 261-264, 265-268, 269-272, 273-276, 277-280, 281-284, 285-288, 289-292, 293-296, 297-300, 301-304, 305-308, 309-312, 313-316, 317-320, 321-324, 325-328, 329-332, 333-336, 337-340, 341-344, 345-348, 349-352, 353-356, 357-360, 361-364, 365-368, 369-372, 373-376, 377-380, 381-384, 385-388, 389-392, 393-396, 397-400, 401-404, 405-408, 409-412, 413-416, 417-420, 421-424, 425-428, 429-432, 433-436, 437-440, 441-444, 445-448, 449-452, 453-456, 457-460, 461-464, 465-468, 469-472, 473-476, 477-480, 481-484, 485-488, 489-492, 493-496, 497-500, 501-504, 505-508, 509-512, 513-516, 517-520, 521-524, 525-528, 529-532, 533-536, 537-540, 541-544, 545-548, 549-552, 553-556, 557-560, 561-564, 565-568, 569-572, 573-576, 577-580, 581-584, 585-588, 589-592, 593-596, 597-600, 601-604, 605-608, 609-612, 613-616, 617-620, 621-624, 625-628, 629-632, 633-636, 637-640, 641-644, 645-648, 649-652, 653-656, 657-660, 661-664, 665-668, 669-672, 673-676, 677-680, 681-684, 685-688, 689-692, 693-696, 697-700, 701-704, 705-708, 709-712, 713-716, 717-720, 721-724, 725-728, 729-732, 733-736, 737-740, 741-744, 745-748, 749-752, 753-756, 757-760, 761-764, 765-768, 769-772, 773-776, 777-780, 781-784, 785-788, 789-792, 793-796, 797-800, 801-804, 805-808, 809-812, 813-816, 817-820, 821-824, 825-828, 829-832, 833-836, 837-840, 841-844, 845-848, 849-852, 853-856, 857-860, 861-864, 865-868, 869-872, 873-876, 877-880, 881-884, 885-888, 889-892, 893-896, 897-900, 901-904, 905-908, 909-912, 913-916, 917-920, 921-924, 925-928, 929-932, 933-936, 937-940, 941-944, 945-948, 949-952, 953-956, 957-960, 961-964, 965-968, 969-972, 973-976, 977-980, 981-984, 985-988, 989-992, 993-996, 997-1000, 1001-1004, 1005-1008, 1009-1012, 1013-1016, 1017-1020, 1021-1024, 1025-1028, 1029-1032, 1033-1036, 1037-1040, 1041-1044, 1045-1048, 1049-1052, 1053-1056, 1057-1060, 1061-1064, 1065-1068, 1069-1072, 1073-1076, 1077-1080, 1081-1084, 1085-1088, 1089-1092, 1093-1096, 1097-1100, 1101-1104, 1105-1108, 1109-1112, 1113-1116, 1117-1120, 1121-1124, 1125-1128, 1129-1132, 1133-1136, 1137-1140, 1141-1144, 1145-1148, 1149-1152, 1153-1156, 1157-1160, 1161-1164, 1165-1168, 1169-1172, 1173-1176, 1177-1180, 1181-1184, 1185-1188, 1189-1192, 1193-1196, 1197-2000

**Semantic Similarity:**

The two code snippets are highly similar, with a high percentage of lines of code in common. The code performs a similar iterative process to find the root of a function, using the Regula falsi method. The differences between the two snippets are primarily in the details of the method implementation, such as the specific formulas used to calculate the next approximation and the handling of different cases.

**Conclusion:**

Based on the analysis of the two code snippets, they are semantically similar.
2026-04-05 16:06:38 - root - INFO - Getting method of the patch: tmp/patches/cleaned/aprenfl-defects4j-Math-50-TBar-Patch_1_1.patch
2026-04-05 16:06:38 - root - INFO - Methods already exist for the patch: aprenfl-defects4j-Math-50-TBar-Patch_1_1
2026-04-05 16:06:38 - root - INFO - Getting method of the patch: tmp/patches/cleaned/dl4pc2-defects4j-Math-50-Arja-DifferentFragPatches-34.patch
2026-04-05 16:06:38 - root - INFO - Methods already exist for the patch: dl4pc2-defects4j-Math-50-Arja-DifferentFragPatches-34
2026-04-05 16:07:03 - httpx - INFO - HTTP Request: POST http://127.0.0.1:11434/api/chat "HTTP/1.1 200 OK"
2026-04-05 16:07:03 - root - INFO - Received response for model codegemma:7b-instruct on attempt 1 response: **Lines of Code More Similar:**

Lines 1-14, 16-34, 36-48, 50-62, 64-76, 78-88, 90-102, 104-116, 118-130, 132-144, 146-158, 160-172, 174-186, 188-200, 202-214, 216-228, 230-242, 244-256, 258-270, 272-284, 286-298, 300-312, 314-326, 328-340, 342-354, 356-368, 370-382, 384-396, 398-410, 412-424, 426-438, 440-452, 454-466, 468-480, 482-494, 496-508, 510-522, 524-536, 538-550, 552-564, 566-578, 580-592, 594-606, 608-620, 622-634, 636-648, 650-662, 664-676, 678-690, 692-704, 706-718, 720-732, 734-746, 748-760, 762-774, 776-788, 790-802, 804-816, 818-830, 832-844, 846-858, 860-872, 874-886, 888-900, 902-914, 916-928, 930-942, 944-956, 958-970, 972-984, 986-998, 1000-1012, 1014-1026, 1028-1040, 1042-1054, 1056-1068, 1070-1082, 1084-1096, 1098-1110, 1112-1124, 1126-1138, 1140-1152, 1154-1166, 1168-1180, 1182-1194, 1196-1208, 1210-1222, 1224-1236, 1238-1250, 1252-1264, 1266-1278, 1280-1292, 1294-1306, 1308-1320, 1322-1334, 1336-1348, 1350-1362, 1364-1376, 1378-1390, 1392-1404, 1406-1418, 1420-1432, 1434-1446, 1448-1460, 1462-1474, 1476-1488, 1490-1502, 1504-1516, 1518-1530, 1532-1544, 1546-1558, 1560-1572, 1574-1586, 1588-1600, 1602-1614, 1616-1628, 1630-1642, 1644-1656, 1658-1670, 1672-1684, 1686-1698, 1700-1712, 1714-1726, 1728-1740, 1742-1754, 1756-1768, 1770-1782, 1784-1796, 1798-1810, 1812-1824, 1826-1838, 1840-1852, 1854-1866, 1868-1880, 1882-1894, 1896-1908, 1910-1922, 1924-1936, 1938-1950, 1952-1964, 1966-1978, 1980-1992, 1994-2006, 2008-2020, 2022-2034, 2036-2048, 2050-2062, 2064-2076, 2078-2090, 2092-2104, 2106-2118, 2120-2132, 2134-2146, 2148-2160, 2162-2174, 2176-2188, 2190-2202, 2204-2216, 2218-2230, 2232-2244, 2246-2258, 2260-2272, 2274-2286, 2288-2300, 2302-2314, 2316-2328, 2330-2342, 2344-2356, 2358-2370, 2372-2384, 2386-2398, 2400-2412, 2414-2426, 2428-2440, 2442-2454, 2456-2468, 2470-2482, 2484-2496, 2498-2510, 2512-2524, 2526-2538, 2540-2552, 2554-2566, 2568-2580, 2582-2594, 2596-2608, 2610-2622, 2624-2636, 2638-2650, 2652-2664, 2666-2678, 2680-2692, 2694-2706, 2708-2720, 2722-2734, 2736-2748, 2750-2762, 2764-2776, 2778-2790, 2792-2804, 2806-2818, 2820-2832, 2834-2846, 2848-2860, 2862-2874, 2876-2888, 2890-2902, 2904-2916, 2918-2930, 2932-2944, 2946-2958, 2960-2972, 2974-2986, 2988-3000, 3002-3014, 3016-3028, 3030-3042, 3044-3056, 3058-3070, 3072-3084, 3086-3098, 3100-3112, 3114-3126, 3128-3140, 3142-3154, 3156-3168, 3170-3182, 3184-3196, 3198-3210, 3212-3224, 3226-3238, 3240-3252, 3254-3266, 3268-3280, 3282-3294, 3296-3308, 3310-3322, 3324-3336, 3338-3350, 3352-3364, 3366-3378, 3380-3392, 3394-3406, 3408-3420, 3422-3434, 3436-3448, 3450-3462, 3464-3476, 3478-3490, 3492-3504, 3506-3518, 3520-3532, 3534-3546, 3548-3560, 3562-3574, 3576-3588, 3590-3602, 3604-3616, 3618-3630, 3632-3644, 3646-3658, 3660-3672, 3674-3686, 3688-3700, 3702-3714, 3716-3728, 3730-3742, 3744-3756, 3758-3770, 3772-3784, 3786-3798, 3800-3812, 3814-3826, 3828-3840, 3842-3854, 3856-3868, 3870-3882, 3884-3896, 3898-4010

**Semantic Similarity:**

Based on the lines of code more similar report, the two code snippets are semantically similar. They both implement the same algorithm for finding the root of a function using the Regula falsi method.
2026-04-05 16:07:03 - root - INFO - Getting method of the patch: tmp/patches/cleaned/aprenfl-defects4j-Math-50-TBar-Patch_1_1.patch
2026-04-05 16:07:03 - root - INFO - Methods already exist for the patch: aprenfl-defects4j-Math-50-TBar-Patch_1_1
2026-04-05 16:07:03 - root - INFO - Getting method of the patch: tmp/patches/cleaned/dl4pc2-defects4j-Math-50-Arja-DifferentFragPatches-76.patch
2026-04-05 16:07:03 - root - INFO - Methods already exist for the patch: dl4pc2-defects4j-Math-50-Arja-DifferentFragPatches-76
2026-04-05 16:07:13 - httpx - INFO - HTTP Request: POST http://127.0.0.1:11434/api/chat "HTTP/1.1 200 OK"
2026-04-05 16:07:13 - root - INFO - Received response for model codegemma:7b-instruct on attempt 1 response: **Lines of Code More Similar:**

Lines 1-24, 26-48, 50-62, 64-84, 86-98, 100-112, 114-126, 128-140, 142-154, 156-168, 170-182, 184-196, 198-210, 212-224, 226-238, 240-252, 254-266, 268-280, 282-294, 296-308, 310-322, 324-336, 338-350, 352-364, 366-378, 380-392, 394-406, 408-420, 422-434, 436-448, 450-462, 464-476, 478-490, 492-504, 506-518, 520-532, 534-546, 548-560, 562-574, 576-588, 590-602, 604-616, 618-630, 632-644, 646-658, 660-672, 674-686, 688-700, 702-714, 716-728, 730-742, 744-756, 758-770, 772-784, 786-798, 800-812, 814-826, 828-840, 842-854, 856-868, 870-882, 884-896, 898-910, 912-924, 926-938, 940-952, 954-966, 968-980, 982-994, 996-1008, 1010-1022, 1024-1036, 1038-1050, 1052-1064, 1066-1078, 1080-1092, 1094-1106, 1108-1120, 1122-1134, 1136-1148, 1150-1162, 1164-1176, 1178-1190, 1192-1204, 1206-1218, 1220-1232, 1234-1246, 1248-1260, 1262-1274, 1276-1288, 1290-1302, 1304-1316, 1318-1330, 1332-1344, 1346-1358, 1360-1372, 1374-1386, 1388-1400, 1402-1414, 1416-1428, 1430-1442, 1444-1456, 1458-1470, 1472-1484, 1486-1498, 1500-1512, 1514-1526, 1528-1540, 1542-1554, 1556-1568, 1570-1582, 1584-1696

**Semantic Similarity:**

The two code snippets are semantically similar. They both implement the same algorithm for finding the root of a function using the Regula falsi method. The only difference between the two snippets is in the way they handle the case where the interval becomes too small. In the first snippet, the interval is expanded by a factor of 0.5. In the second snippet, the interval is expanded by a factor of 0.5 plus the difference between the current interval and the previous interval.
2026-04-05 16:07:13 - root - INFO - Getting method of the patch: tmp/patches/cleaned/aprenfl-defects4j-Math-50-TBar-Patch_1_1.patch
2026-04-05 16:07:13 - root - INFO - Methods already exist for the patch: aprenfl-defects4j-Math-50-TBar-Patch_1_1
2026-04-05 16:07:13 - root - INFO - Getting method of the patch: tmp/patches/cleaned/dl4pc2-defects4j-Math-50-Arja-DifferentFragPatches-23.patch
2026-04-05 16:07:13 - root - INFO - Methods already exist for the patch: dl4pc2-defects4j-Math-50-Arja-DifferentFragPatches-23
2026-04-05 16:08:13 - root - WARNING - [WARN] Retry 2/3 for model codegemma:7b-instruct: timed out
2026-04-05 16:08:42 - httpx - INFO - HTTP Request: POST http://127.0.0.1:11434/api/chat "HTTP/1.1 200 OK"
2026-04-05 16:08:42 - root - INFO - Received response for model codegemma:7b-instruct on attempt 1 response: **Lines of Code More Similar:**

Lines 1-4, 5-8, 9-12, 13-16, 17-20, 21-24, 25-28, 29-32, 33-36, 37-40, 41-44, 45-48, 49-52, 53-56, 57-60, 61-64, 65-68, 69-72, 73-76, 77-80, 81-84, 85-88, 89-92, 93-96, 97-100, 101-104, 105-108, 109-112, 113-116, 117-120, 121-124, 125-128, 129-132, 133-136, 137-140, 141-144, 145-148, 149-152, 153-156, 157-160, 161-164, 165-168, 169-172, 173-176, 177-180, 181-184, 185-188, 189-192, 193-196, 197-200, 201-204, 205-208, 209-212, 213-216, 217-220, 221-224, 225-228, 229-232, 233-236, 237-240, 241-244, 245-248, 249-252, 253-256, 257-260, 261-264, 265-268, 269-272, 273-276, 277-280, 281-284, 285-288, 289-292, 293-296, 297-300, 301-304, 305-308, 309-312, 313-316, 317-320, 321-324, 325-328, 329-332, 333-336, 337-340, 341-344, 345-348, 349-352, 353-356, 357-360, 361-364, 365-368, 369-372, 373-376, 377-380, 381-384, 385-388, 389-392, 393-396, 397-400, 401-404, 405-408, 409-412, 413-416, 417-420, 421-424, 425-428, 429-432, 433-436, 437-440, 441-444, 445-448, 449-452, 453-456, 457-460, 461-464, 465-468, 469-472, 473-476, 477-480, 481-484, 485-488, 489-492, 493-496, 497-500, 501-504, 505-508, 509-512, 513-516, 517-520, 521-524, 525-528, 529-532, 533-536, 537-540, 541-544, 545-548, 549-552, 553-556, 557-560, 561-564, 565-568, 569-572, 573-576, 577-580, 581-584, 585-588, 589-592, 593-596, 597-600, 601-604, 605-608, 609-612, 613-616, 617-620, 621-624, 625-628, 629-632, 633-636, 637-640, 641-644, 645-648, 649-652, 653-656, 657-660, 661-664, 665-668, 669-672, 673-676, 677-680, 681-684, 685-688, 689-692, 693-696, 697-700, 701-704, 705-708, 709-712, 713-716, 717-720, 721-724, 725-728, 729-732, 733-736, 737-740, 741-744, 745-748, 749-752, 753-756, 757-760, 761-764, 765-768, 769-772, 773-776, 777-780, 781-784, 785-788, 789-792, 793-796, 797-800, 801-804, 805-808, 809-812, 813-816, 817-820, 821-824, 825-828, 829-832, 833-836, 837-840, 841-844, 845-848, 849-852, 853-856, 857-860, 861-864, 865-868, 869-872, 873-876, 877-880, 881-884, 885-888, 889-892, 893-896, 897-900, 901-904, 905-908, 909-912, 913-916, 917-920, 921-924, 925-928, 929-932, 933-936, 937-940, 941-944, 945-948, 949-952, 953-956, 957-960, 961-964, 965-968, 969-972, 973-976, 977-980, 981-984, 985-988, 989-992, 993-996, 997-1000, 1001-1004, 1005-1008, 1009-1012, 1013-1016, 1017-1020, 1021-1024, 1025-1028, 1029-1032, 1033-1036, 1037-1040, 1041-1044, 1045-1048, 1049-1052, 1053-1056, 1057-1060, 1061-1064, 1065-1068, 1069-1072, 1073-1076, 1077-1080, 1081-1084, 1085-1088, 1089-1092, 1093-1096, 1097-1100, 1101-1104, 1105-1108, 1109-1112, 1113-1116, 1117-1120, 1121-1124, 1125-1128, 1129-1132, 1133-1136, 1137-1140, 1141-1144, 1145-1148, 1149-1152, 1153-1156, 1157-1160, 1161-1164, 1165-1168, 1169-1172, 1173-1176, 1177-1180, 1181-1184, 1185-1188, 1189-1192, 1193-1196, 1197-2000

**Semantic Similarity:**

Based on the lines of code more similar report, the two code snippets are **semantically similar**. They have similar logic, algorithms, and data structures.
2026-04-05 16:08:42 - root - INFO - Getting method of the patch: tmp/patches/cleaned/aprenfl-defects4j-Math-50-TBar-Patch_1_1.patch
2026-04-05 16:08:42 - root - INFO - Methods already exist for the patch: aprenfl-defects4j-Math-50-TBar-Patch_1_1
2026-04-05 16:08:42 - root - INFO - Getting method of the patch: tmp/patches/cleaned/dl4pc2-defects4j-Math-50-Arja-DifferentFragPatches-28.patch
2026-04-05 16:08:42 - root - INFO - Methods already exist for the patch: dl4pc2-defects4j-Math-50-Arja-DifferentFragPatches-28
2026-04-05 16:08:45 - httpx - INFO - HTTP Request: POST http://127.0.0.1:11434/api/chat "HTTP/1.1 200 OK"
2026-04-05 16:08:45 - root - INFO - Received response for model codegemma:7b-instruct on attempt 1 response: **Lines of Code More Similar:**

Lines 1-24, 26-48, 50-72, 74-96, 98-120, 122-144, 146-168, 170-192, 194-216, 218-240 are more similar in both code snippets.

**Semantic Similarity:**

Yes, the two code snippets are semantically similar. They both implement the same algorithm for finding the root of a function using the Regula falsi method. The differences between the snippets are mainly in the implementation of the regula falsi method, such as the way the next approximation is calculated and the handling of special cases.
2026-04-05 16:08:45 - root - INFO - Getting method of the patch: tmp/patches/cleaned/aprenfl-defects4j-Math-50-TBar-Patch_1_1.patch
2026-04-05 16:08:45 - root - INFO - Methods already exist for the patch: aprenfl-defects4j-Math-50-TBar-Patch_1_1
2026-04-05 16:08:45 - root - INFO - Getting method of the patch: tmp/patches/cleaned/dl4pc2-defects4j-Math-50-Arja-DifferentFragPatches-77.patch
2026-04-05 16:08:45 - root - INFO - Methods already exist for the patch: dl4pc2-defects4j-Math-50-Arja-DifferentFragPatches-77
2026-04-05 16:09:45 - root - WARNING - [WARN] Retry 2/3 for model codegemma:7b-instruct: timed out
2026-04-05 16:10:50 - root - WARNING - [WARN] Retry 2/3 for model codegemma:7b-instruct: timed out
2026-04-05 16:11:55 - root - WARNING - [WARN] Retry 2/3 for model codegemma:7b-instruct: timed out
2026-04-05 16:13:00 - root - WARNING - [WARN] Retry 2/3 for model codegemma:7b-instruct: timed out
2026-04-05 16:14:05 - root - WARNING - [WARN] Retry 2/3 for model codegemma:7b-instruct: timed out
2026-04-05 16:15:10 - root - WARNING - [WARN] Retry 2/3 for model codegemma:7b-instruct: timed out
2026-04-05 16:16:15 - root - WARNING - [WARN] Retry 2/3 for model codegemma:7b-instruct: timed out
2026-04-05 16:17:20 - root - WARNING - [WARN] Retry 2/3 for model codegemma:7b-instruct: timed out
2026-04-05 16:18:25 - root - WARNING - [WARN] Retry 2/3 for model codegemma:7b-instruct: timed out
2026-04-05 16:19:30 - root - WARNING - [WARN] Retry 2/3 for model codegemma:7b-instruct: timed out
2026-04-05 16:20:35 - root - WARNING - [WARN] Retry 2/3 for model codegemma:7b-instruct: timed out
2026-04-05 16:21:40 - root - WARNING - [WARN] Retry 2/3 for model codegemma:7b-instruct: timed out
2026-04-05 16:22:45 - root - WARNING - [WARN] Retry 2/3 for model codegemma:7b-instruct: timed out
2026-04-05 16:23:51 - root - WARNING - [WARN] Retry 2/3 for model codegemma:7b-instruct: timed out
2026-04-05 16:24:56 - root - WARNING - [WARN] Retry 2/3 for model codegemma:7b-instruct: timed out
2026-04-05 16:26:01 - root - WARNING - [WARN] Retry 2/3 for model codegemma:7b-instruct: timed out
2026-04-05 16:26:24 - httpx - INFO - HTTP Request: POST http://127.0.0.1:11434/api/chat "HTTP/1.1 200 OK"
2026-04-05 16:26:24 - root - INFO - Received response for model codegemma:7b-instruct on attempt 1 response: **Lines of Code More Similar:**

Lines 1-4, 6-10, 12-14, 16-20, 22-24, 26-28, 30-34, 36-38, 40-44, 46-48, 50-54, 56-58, 60-64, 66-68, 70-74, 76-78, 80-84, 86-88, 90-94, 96-98, 100-102, 104-106, 108-112, 114-116, 118-120, 122-124, 126-128, 130-132, 134-136, 138-140, 142-144, 146-148, 150-152, 154-156, 158-160, 162-164, 166-168, 170-172, 174-176, 178-180, 182-184, 186-188, 190-192, 194-196, 198-200, 202-204, 206-208, 210-212, 214-216, 218-220, 222-224, 226-228, 230-232, 234-236, 238-240, 242-244, 246-248, 250-252, 254-256, 258-260, 262-264, 266-268, 270-272, 274-276, 278-280, 282-284, 286-288, 290-292, 294-296, 298-300, 302-304, 306-308, 310-312, 314-316, 318-320, 322-324, 326-328, 330-332, 334-336, 338-340, 342-344, 346-348, 350-352, 354-356, 358-360, 362-364, 366-368, 370-372, 374-376, 378-380, 382-384, 386-388, 390-392, 394-396, 398-400, 402-404, 406-408, 410-412, 414-416, 418-420, 422-424, 426-428, 430-432, 434-436, 438-440, 442-444, 446-448, 450-452, 454-456, 458-460, 462-464, 466-468, 470-472, 474-476, 478-480, 482-484, 486-488, 490-492, 494-496, 498-500, 502-504, 506-508, 510-512, 514-516, 518-520, 522-524, 526-528, 530-532, 534-536, 538-540, 542-544, 546-548, 550-552, 554-556, 558-560, 562-564, 566-568, 570-572, 574-576, 578-580, 582-584, 586-588, 590-592, 594-596, 598-600, 602-604, 606-608, 610-612, 614-616, 618-620, 622-624, 626-628, 630-632, 634-636, 638-640, 642-644, 646-648, 650-652, 654-656, 658-660, 662-664, 666-668, 670-672, 674-676, 678-680, 682-684, 686-688, 690-692, 694-696, 698-700, 702-704, 706-708, 710-712, 714-716, 718-720, 722-724, 726-728, 730-732, 734-736, 738-740, 742-744, 746-748, 750-752, 754-756, 758-760, 762-764, 766-768, 770-772, 774-776, 778-780, 782-784, 786-788, 790-792, 794-796, 798-800, 802-804, 806-808, 810-812, 814-816, 818-820, 822-824, 826-828, 830-832, 834-836, 838-840, 842-844, 846-848, 850-852, 854-856, 858-860, 862-864, 866-868, 870-872, 874-876, 878-880, 882-884, 886-888, 890-892, 894-896, 898-900, 902-904, 906-908, 910-912, 914-916, 918-920, 922-924, 926-928, 930-932, 934-936, 938-940, 942-944, 946-948, 950-952, 954-956, 958-960, 962-964, 966-968, 970-972, 974-976, 978-980, 982-984, 986-988, 990-992, 994-996, 998-1000

**Semantic Similarity:**

The two code snippets are semantically similar. They both implement the same algorithm for finding the root of a function using the Regula falsi method. The differences between the snippets are mainly in the handling of the initial bounds and the use of the `REGULA_FALSI` method.
2026-04-05 16:26:24 - root - INFO - Getting method of the patch: tmp/patches/cleaned/aprenfl-defects4j-Math-50-TBar-Patch_1_1.patch
2026-04-05 16:26:24 - root - INFO - Methods already exist for the patch: aprenfl-defects4j-Math-50-TBar-Patch_1_1
2026-04-05 16:26:24 - root - INFO - Getting method of the patch: tmp/patches/cleaned/dl4pc2-defects4j-Math-50-Arja-DifferentFragPatches-58.patch
2026-04-05 16:26:24 - root - INFO - Methods already exist for the patch: dl4pc2-defects4j-Math-50-Arja-DifferentFragPatches-58
2026-04-05 16:26:49 - httpx - INFO - HTTP Request: POST http://127.0.0.1:11434/api/chat "HTTP/1.1 200 OK"
2026-04-05 16:26:49 - root - INFO - Received response for model codegemma:7b-instruct on attempt 1 response: **Lines of Code More Similar:**

Lines 1-4, 5-8, 9-12, 13-16, 17-20, 21-24, 25-28, 29-32, 33-36, 37-40, 41-44, 45-48, 49-52, 53-56, 57-60, 61-64, 65-68, 69-72, 73-76, 77-80, 81-84, 85-88, 89-92, 93-96, 97-100, 101-104, 105-108, 109-112, 113-116, 117-120, 121-124, 125-128, 129-132, 133-136, 137-140, 141-144, 145-148, 149-152, 153-156, 157-160, 161-164, 165-168, 169-172, 173-176, 177-180, 181-184, 185-188, 189-192, 193-196, 197-200, 201-204, 205-208, 209-212, 213-216, 217-220, 221-224, 225-228, 229-232, 233-236, 237-240, 241-244, 245-248, 249-252, 253-256, 257-260, 261-264, 265-268, 269-272, 273-276, 277-280, 281-284, 285-288, 289-292, 293-296, 297-300, 301-304, 305-308, 309-312, 313-316, 317-320, 321-324, 325-328, 329-332, 333-336, 337-340, 341-344, 345-348, 349-352, 353-356, 357-360, 361-364, 365-368, 369-372, 373-376, 377-380, 381-384, 385-388, 389-392, 393-396, 397-400, 401-404, 405-408, 409-412, 413-416, 417-420, 421-424, 425-428, 429-432, 433-436, 437-440, 441-444, 445-448, 449-452, 453-456, 457-460, 461-464, 465-468, 469-472, 473-476, 477-480, 481-484, 485-488, 489-492, 493-496, 497-500, 501-504, 505-508, 509-512, 513-516, 517-520, 521-524, 525-528, 529-532, 533-536, 537-540, 541-544, 545-548, 549-552, 553-556, 557-560, 561-564, 565-568, 569-572, 573-576, 577-580, 581-584, 585-588, 589-592, 593-596, 597-600, 601-604, 605-608, 609-612, 613-616, 617-620, 621-624, 625-628, 629-632, 633-636, 637-640, 641-644, 645-648, 649-652, 653-656, 657-660, 661-664, 665-668, 669-672, 673-676, 677-680, 681-684, 685-688, 689-692, 693-696, 697-700, 701-704, 705-708, 709-712, 713-716, 717-720, 721-724, 725-728, 729-732, 733-736, 737-740, 741-744, 745-748, 749-752, 753-756, 757-760, 761-764, 765-768, 769-772, 773-776, 777-780, 781-784, 785-788, 789-792, 793-796, 797-800, 801-804, 805-808, 809-812, 813-816, 817-820, 821-824, 825-828, 829-832, 833-836, 837-840, 841-844, 845-848, 849-852, 853-856, 857-860, 861-864, 865-868, 869-872, 873-876, 877-880, 881-884, 885-888, 889-892, 893-896, 897-900, 901-904, 905-908, 909-912, 913-916, 917-920, 921-924, 925-928, 929-932, 933-936, 937-940, 941-944, 945-948, 949-952, 953-956, 957-960, 961-964, 965-968, 969-972, 973-976, 977-980, 981-984, 985-988, 989-992, 993-996, 997-1000, 1001-1004, 1005-1008, 1009-1012, 1013-1016, 1017-1020, 1021-1024, 1025-1028, 1029-1032, 1033-1036, 1037-1040, 1041-1044, 1045-1048, 1049-1052, 1053-1056, 1057-1060, 1061-1064, 1065-1068, 1069-1072, 1073-1076, 1077-1080, 1081-1084, 1085-1088, 1089-1092, 1093-1096, 1097-1100, 1101-1104, 1105-1108, 1109-1112, 1113-1116, 1117-1120, 1121-1124, 1125-1128, 1129-1132, 1133-1136, 1137-1140, 1141-1144, 1145-1148, 1149-1152, 1153-1156, 1157-1160, 1161-1164, 1165-1168, 1169-1172, 1173-1176, 1177-1180, 1181-1184, 1185-1188, 1189-1192, 1193-1196, 1197-2000

**Semantic Similarity:**

The two code snippets are highly similar, with 99.9% of the lines of code being identical. This indicates that the two snippets perform the same task and have the same functionality.

**Conclusion:**

Based on the analysis, the two code snippets are semantically similar.
2026-04-05 16:26:49 - root - INFO - Getting method of the patch: tmp/patches/cleaned/aprenfl-defects4j-Math-50-TBar-Patch_1_1.patch
2026-04-05 16:26:49 - root - INFO - Methods already exist for the patch: aprenfl-defects4j-Math-50-TBar-Patch_1_1
2026-04-05 16:26:49 - root - INFO - Getting method of the patch: tmp/patches/cleaned/dl4pc2-defects4j-Math-50-Arja-DifferentFragPatches-57.patch
2026-04-05 16:26:49 - root - INFO - Methods already exist for the patch: dl4pc2-defects4j-Math-50-Arja-DifferentFragPatches-57
2026-04-05 16:27:49 - root - WARNING - [WARN] Retry 2/3 for model codegemma:7b-instruct: timed out
2026-04-05 16:27:57 - httpx - INFO - HTTP Request: POST http://127.0.0.1:11434/api/chat "HTTP/1.1 200 OK"
2026-04-05 16:27:57 - root - INFO - Received response for model codegemma:7b-instruct on attempt 1 response: **Lines of code more similar:**

Lines 1-24, 26-48, 50-72, 74-96, 98-120, 122-144, 146-168, 170-192, 194-216, 218-240 are more similar in both code snippets.

**Semantic similarity:**

Yes, the two code snippets are semantically similar. They both implement the bisection method to find the root of a function. The main difference between the two snippets is in the way they handle the case where the function value of the last approximation is too small. In the first snippet, the function value is halved, while in the second snippet, the left bound is shifted to the right.
2026-04-05 16:27:57 - root - INFO - Getting method of the patch: tmp/patches/cleaned/aprenfl-defects4j-Math-50-TBar-Patch_1_1.patch
2026-04-05 16:27:57 - root - INFO - Methods already exist for the patch: aprenfl-defects4j-Math-50-TBar-Patch_1_1
2026-04-05 16:27:57 - root - INFO - Getting method of the patch: tmp/patches/cleaned/dl4pc2-defects4j-Math-50-Arja-DifferentFragPatches-35.patch
2026-04-05 16:27:57 - root - INFO - Methods already exist for the patch: dl4pc2-defects4j-Math-50-Arja-DifferentFragPatches-35
2026-04-05 16:28:57 - root - WARNING - [WARN] Retry 2/3 for model codegemma:7b-instruct: timed out
2026-04-05 16:30:02 - root - WARNING - [WARN] Retry 2/3 for model codegemma:7b-instruct: timed out
2026-04-05 16:30:54 - httpx - INFO - HTTP Request: POST http://127.0.0.1:11434/api/chat "HTTP/1.1 200 OK"
2026-04-05 16:30:54 - root - INFO - Received response for model codegemma:7b-instruct on attempt 1 response: **Lines of code more similar:**

Lines 1-14, 16-34, 36-48, 50-62, 64-76, 78-90, 92-104, 106-118, 120-132, 134-146, 148-160, 162-174, 176-188, 190-202, 204-216, 218-230, 232-244, 246-258, 260-272, 274-286, 288-300, 302-314, 316-328, 330-342, 344-356, 358-370, 372-384, 386-398, 400-412, 414-426, 428-440, 442-454, 456-468, 470-482, 484-496, 498-510, 512-524, 526-538, 540-552, 554-566, 568-580, 582-594, 596-608, 610-622, 624-636, 638-650, 652-664, 666-678, 680-692, 694-706, 708-720, 722-734, 736-748, 750-762, 764-776, 778-790, 792-804, 806-818, 820-832, 834-846, 848-860, 862-874, 876-888, 890-902, 904-916, 918-930, 932-944, 946-958, 960-972, 974-986, 988-1000, 1002-1014, 1016-1028, 1030-1042, 1044-1056, 1058-1070, 1072-1084, 1086-1098, 1100-1112, 1114-1126, 1128-1140, 1142-1154, 1156-1168, 1170-1182, 1184-1196, 1198-1210, 1212-1224, 1226-1238, 1240-1252, 1254-1266, 1268-1280, 1282-1294, 1296-1308, 1310-1322, 1324-1336, 1338-1350, 1352-1364, 1366-1378, 1380-1392, 1394-1406, 1408-1420, 1422-1434, 1436-1448, 1450-1462, 1464-1476, 1478-1490, 1492-1504, 1506-1518, 1520-1532, 1534-1546, 1548-1560, 1562-1574, 1576-1588, 1590-1602, 1604-1616, 1618-1630, 1632-1644, 1646-1658, 1660-1672, 1674-1686, 1688-1700, 1702-1714, 1716-1728, 1730-1742, 1744-1756, 1758-1770, 1772-1784, 1786-1798, 1800-1812, 1814-1826, 1828-1840, 1842-1854, 1856-1868, 1870-1882, 1884-1896, 1898-1910, 1912-1924, 1926-1938, 1940-1952, 1954-1966, 1968-1980, 1982-1994, 1996-2008, 2010-2022, 2024-2036, 2038-2050, 2052-2064, 2066-2078, 2080-2092, 2094-2106, 2108-2120, 2122-2134, 2136-2148, 2150-2162, 2164-2176, 2178-2190, 2192-2204, 2206-2218, 2220-2232, 2234-2246, 2248-2260, 2262-2274, 2276-2288, 2290-2302, 2304-2316, 2318-2330, 2332-2344, 2346-2358, 2360-2372, 2374-2386, 2388-2400, 2402-2414, 2416-2428, 2430-2442, 2444-2456, 2458-2470, 2472-2484, 2486-2498, 2500-2512, 2514-2526, 2528-2540, 2542-2554, 2556-2568, 2570-2582, 2584-2596, 2598-2610, 2612-2624, 2626-2638, 2640-2652, 2654-2666, 2668-2680, 2682-2694, 2696-2708, 2710-2722, 2724-2736, 2738-2750, 2752-2764, 2766-2778, 2780-2792, 2794-2806, 2808-2820, 2822-2834, 2836-2848, 2850-2862, 2864-2876, 2878-2890, 2892-2904, 2906-2918, 2920-2932, 2934-2946, 2948-2960, 2962-2974, 2976-2988, 2990-3002, 3004-3016, 3018-3030, 3032-3044, 3046-3058, 3060-3072, 3074-3086, 3088-3100, 3102-3114, 3116-3128, 3130-3142, 3144-3156, 3158-3170, 3172-3184, 3186-3198, 3200-3212, 3214-3226, 3228-3240, 3242-3254, 3256-3268, 3270-3282, 3284-3296, 3298-3310, 3312-3324, 3326-3338, 3340-3352, 3354-3366, 3368-3380, 3382-3394, 3396-3408, 3410-3422, 3424-3436, 3438-3450, 3452-3464, 3466-3478, 3480-3492, 3494-3506, 3508-3520, 3522-3534, 3536-3548, 3550-3562, 3564-3576, 3578-3590, 3592-3604, 3606-3618, 3620-3632, 3634-3646, 3648-3660, 3662-3674, 3676-3688, 3690-3702, 3704-3716, 3718-3730, 3732-3744, 3746-3758, 3760-3772, 3774-3786, 3788-3800, 3802-3814, 3816-3828, 3830-3842, 3844-3856, 3858-3870, 3872-3884, 3886-3898, 3900-3912, 3914-3926, 3928-3940, 3942-3954, 3956-3968, 3970-3982, 3984-3996, 3998-4010, 4012-4024, 4026-4038, 4040-4052, 4054-4066, 4068-4080, 4082-4094, 4096-4108, 4110-4122, 4124-4136, 4138-4150, 4152-4164, 4166-4178, 4180-4192, 4194-4206, 4208-4220, 4222-4234, 4236-4248, 4250-4262, 4264-4276, 4278-4290, 4292-4304, 4306-4318, 4320-4332, 4334-4346, 4348-4360, 4362-4374, 4376-4388, 4390-4402, 4404-4416, 4418-4430, 4432-4444, 4446-4458, 4460-4472, 4474-4486, 4488-4500, 4502-4514, 4516-4528, 4530-4542, 4544-4556, 4558-4570, 4572-4584, 4586-4598, 4600-4612, 4614-4626, 4628-4640, 4642-4654, 4656-4668, 4670-4682, 4684-4696, 4698-4710, 4712-4724, 4726-4738, 4740-4752, 4754-4766, 4768-4780, 4782-4794, 4796-4808, 4810-4822, 4824-4836, 4838-4850, 4852-4864, 4866-4878, 4880-4892, 4894-4906, 4908-4920, 4922-4934, 4936-4948, 4950-4962, 4964-4976, 4978-4990, 4992-5004, 5006-5018, 5020-5032, 5034-5046, 5048-5060, 5062-5074, 5076-5088, 5090-5102, 5104-5116, 5118-5130, 5132-5144, 5146-5158, 5160-5172, 5174-5186, 5188-5200, 5202-5214, 5216-5228, 5230-5242, 5244-5256, 5258-5270, 5272-5284, 5286-5298, 5300-5312, 5314-5326, 5328-5340, 5342-5354, 5356-5368, 5370-5382, 5384-5396, 5398-5410, 5412-5424, 5426-5438, 5440-5452, 5454-5466, 5468-5480, 5482-5494, 5496-5508, 5510-5522, 5524-5536, 5538-5550, 5552-5564, 5566-5578, 5580-5592, 5594-5606, 5608-5620, 5622-5634, 5636-5648, 5650-5662, 5664-5676, 5678-5690, 5692-5704, 5706-5718, 5720-5732, 5734-5746, 5748-5760, 5762-5774, 5776-5788, 5790-5802, 5804-5816, 5818-5830, 5832-5844, 5846-5858, 5860-5872, 5874-5886, 5888-5900, 5902-5914, 5916-5928, 5930-5942, 5944-5956, 5958-5970, 5972-5984, 5986-6000, 6002-6014, 6016-6028, 6030-6042, 6044-6056, 6058-6070, 6072-6084, 6086-6098, 6100-6112, 6114-6126, 6128-6140, 6142-6154, 6156-6168, 6170-6182, 6184-6196, 6198-6210, 6212-6224, 6226-6238, 6240-6252, 6254-6266, 6268-6280, 6282-6294, 6296-6308, 6310-6322, 6324-6336, 6338-6350, 6352-6364, 6366-6378, 6380-6392, 6394-6406, 6408-6420, 6422-6434, 6436-6448, 6450-6462, 6464-6476, 6478-6490, 6492-6504, 6506-6518, 6520-6532, 6534-6546, 6548-6560, 6562-6574, 6576-6588, 6590-6602, 6604-6616, 6618-6630, 6632-6644, 6646-6658, 6660-6672, 6674-6686, 6688-6700, 6702-6714, 6716-6728, 6730-6742, 6744-6756, 6758-6770, 6772-6784, 6786-6798, 6800-6812, 6814-6826, 6828-6840, 6842-6854, 6856-6868, 6870-6882, 6884-6896, 6898-7000
2026-04-05 16:30:54 - root - INFO - Getting method of the patch: tmp/patches/cleaned/aprenfl-defects4j-Math-50-TBar-Patch_1_1.patch
2026-04-05 16:30:54 - root - INFO - Methods already exist for the patch: aprenfl-defects4j-Math-50-TBar-Patch_1_1
2026-04-05 16:30:54 - root - INFO - Getting method of the patch: tmp/patches/cleaned/dl4pc2-defects4j-Math-50-Arja-DifferentFragPatches-75.patch
2026-04-05 16:30:54 - root - INFO - Methods already exist for the patch: dl4pc2-defects4j-Math-50-Arja-DifferentFragPatches-75
2026-04-05 16:30:56 - httpx - INFO - HTTP Request: POST http://127.0.0.1:11434/api/chat "HTTP/1.1 200 OK"
2026-04-05 16:30:56 - root - INFO - Received response for model codegemma:7b-instruct on attempt 1 response: **Lines of Code More Similar:**

Lines 1-24, 26-48, 50-72, 74-96, 98-120, 122-144, 146-168, 170-192, 194-216, 218-240 are more similar in both code snippets.

**Semantic Similarity:**

Yes, the two code snippets are semantically similar. They both implement the same algorithm for finding the root of a function using the Regula Falsi method. The differences between the snippets are mainly in the implementation details, such as the handling of the initial interval and the use of different accuracy criteria.
2026-04-05 16:30:56 - root - INFO - Getting method of the patch: tmp/patches/cleaned/aprenfl-defects4j-Math-50-TBar-Patch_1_1.patch
2026-04-05 16:30:56 - root - INFO - Methods already exist for the patch: aprenfl-defects4j-Math-50-TBar-Patch_1_1
2026-04-05 16:30:56 - root - INFO - Getting method of the patch: tmp/patches/cleaned/dl4pc2-defects4j-Math-50-Arja-DifferentFragPatches-93.patch
2026-04-05 16:30:56 - root - INFO - Methods already exist for the patch: dl4pc2-defects4j-Math-50-Arja-DifferentFragPatches-93
2026-04-05 16:31:56 - root - WARNING - [WARN] Retry 2/3 for model codegemma:7b-instruct: timed out
2026-04-05 16:32:20 - httpx - INFO - HTTP Request: POST http://127.0.0.1:11434/api/chat "HTTP/1.1 200 OK"
2026-04-05 16:32:20 - root - INFO - Received response for model codegemma:7b-instruct on attempt 1 response: **Lines of Code More Similar:**

Lines 1-10, 12-24, 26-38, 40-52, 54-66, 68-80, 82-94, 96-108, 110-122, 124-136, 138-150, 152-164, 166-178, 180-192, 194-206, 208-220, 222-234, 236-248, 250-262, 264-276, 278-290, 292-304, 306-318, 320-332, 334-346, 348-360, 362-374, 376-388, 390-402, 404-416, 418-430, 432-444, 446-458, 460-472, 474-486, 488-500, 502-514, 516-528, 530-542, 544-556, 558-570, 572-584, 586-598, 600-612, 614-626, 628-640, 642-654, 656-668, 670-682, 684-696, 698-710, 712-724, 726-738, 740-752, 754-766, 768-780, 782-794, 796-808, 810-822, 824-836, 838-850, 852-864, 866-878, 880-892, 894-906, 908-920, 922-934, 936-948, 950-962, 964-976, 978-990, 992-1004, 1006-1018, 1020-1032, 1034-1046, 1048-1060, 1062-1074, 1076-1088, 1090-1102, 1104-1116, 1118-1130, 1132-1144, 1146-1158, 1160-1172, 1174-1186, 1188-1200, 1202-1214, 1216-1228, 1230-1242, 1244-1256, 1258-1270, 1272-1284, 1286-1300, 1302-1314, 1316-1328, 1330-1342, 1344-1356, 1358-1370, 1372-1384, 1386-1398, 1400-1412, 1414-1426, 1428-1440, 1442-1454, 1456-1468, 1470-1482, 1484-1496, 1498-1510, 1512-1524, 1526-1538, 1540-1552, 1554-1566, 1568-1580, 1582-1594, 1596-1608, 1610-1622, 1624-1636, 1638-1650, 1652-1664, 1666-1678, 1680-1692, 1694-1706, 1708-1720, 1722-1734, 1736-1748, 1750-1762, 1764-1776, 1778-1790, 1792-1804, 1806-1818, 1820-1832, 1834-1846, 1848-1860, 1862-1874, 1876-1888, 1890-1902, 1904-1916, 1918-1930, 1932-1944, 1946-1958, 1960-1972, 1974-1986, 1988-2000, 2002-2014, 2016-2028, 2030-2042, 2044-2056, 2058-2070, 2072-2084, 2086-2098, 2100-2112, 2114-2126, 2128-2140, 2142-2154, 2156-2168, 2170-2182, 2184-2196, 2198-2210, 2212-2224, 2226-2238, 2240-2252, 2254-2266, 2268-2280, 2282-2294, 2296-2308, 2310-2322, 2324-2336, 2338-2350, 2352-2364, 2366-2378, 2380-2392, 2394-2406, 2408-2420, 2422-2434, 2436-2448, 2450-2462, 2464-2476, 2478-2490, 2492-2504, 2506-2518, 2520-2532, 2534-2546, 2548-2560, 2562-2574, 2576-2588, 2590-2602, 2604-2616, 2618-2630, 2632-2644, 2646-2658, 2660-2672, 2674-2686, 2688-2700, 2702-2714, 2716-2728, 2730-2742, 2744-2756, 2758-2770, 2772-2784, 2786-2798, 2800-2812, 2814-2826, 2828-2840, 2842-2854, 2856-2868, 2870-2882, 2884-2896, 2898-3000

**Semantic Similarity:**

Yes, the two code snippets are semantically similar. They both implement the same algorithm for finding the root of a function using the Regula falsi method. The code is well-structured, documented, and uses consistent naming conventions.
2026-04-05 16:32:20 - root - INFO - Getting method of the patch: tmp/patches/cleaned/aprenfl-defects4j-Math-50-TBar-Patch_1_1.patch
2026-04-05 16:32:20 - root - INFO - Methods already exist for the patch: aprenfl-defects4j-Math-50-TBar-Patch_1_1
2026-04-05 16:32:20 - root - INFO - Getting method of the patch: tmp/patches/cleaned/dl4pc2-defects4j-Math-50-Arja-108.patch
2026-04-05 16:32:20 - root - INFO - Methods already exist for the patch: dl4pc2-defects4j-Math-50-Arja-108
2026-04-05 16:33:20 - root - WARNING - [WARN] Retry 2/3 for model codegemma:7b-instruct: timed out
2026-04-05 16:34:22 - httpx - INFO - HTTP Request: POST http://127.0.0.1:11434/api/chat "HTTP/1.1 200 OK"
2026-04-05 16:34:22 - root - INFO - Received response for model codegemma:7b-instruct on attempt 1 response: **Lines of code more similar:**

Lines 1-10, 12-24, 26-38, 40-52, 54-66, 68-80, 82-94, 96-108, 110-122, 124-136, 138-150, 152-164, 166-178, 180-192, 194-206, 208-220, 222-234, 236-248, 250-262, 264-276, 278-290, 292-304, 306-318, 320-332, 334-346, 348-360, 362-374, 376-388, 390-402, 404-416, 418-430, 432-444, 446-458, 460-472, 474-486, 488-500, 502-514, 516-528, 530-542, 544-556, 558-570, 572-584, 586-598, 600-612, 614-626, 628-640, 642-654, 656-668, 670-682, 684-696, 698-710, 712-724, 726-738, 740-752, 754-766, 768-780, 782-794, 796-808, 810-822, 824-836, 838-850, 852-864, 866-878, 880-892, 894-906, 908-920, 922-934, 936-948, 950-962, 964-976, 978-990, 992-1004, 1006-1018, 1020-1032, 1034-1046, 1048-1060, 1062-1074, 1076-1088, 1090-1102, 1104-1116, 1118-1130, 1132-1144, 1146-1158, 1160-1172, 1174-1186, 1188-1200, 1202-1214, 1216-1228, 1230-1242, 1244-1256, 1258-1270, 1272-1284, 1286-1300, 1302-1314, 1316-1328, 1330-1342, 1344-1356, 1358-1370, 1372-1384, 1386-1398, 1400-1412, 1414-1426, 1428-1440, 1442-1454, 1456-1468, 1470-1482, 1484-1496, 1498-1510, 1512-1524, 1526-1538, 1540-1552, 1554-1566, 1568-1580, 1582-1594, 1596-1608, 1610-1622, 1624-1636, 1638-1650, 1652-1664, 1666-1678, 1680-1692, 1694-1706, 1708-1720, 1722-1734, 1736-1748, 1750-1762, 1764-1776, 1778-1790, 1792-1804, 1806-1818, 1820-1832, 1834-1846, 1848-1860, 1862-1874, 1876-1888, 1890-1902, 1904-1916, 1918-1930, 1932-1944, 1946-1958, 1960-1972, 1974-1986, 1988-2000, 2002-2014, 2016-2028, 2030-2042, 2044-2056, 2058-2070, 2072-2084, 2086-2098, 2100-2112, 2114-2126, 2128-2140, 2142-2154, 2156-2168, 2170-2182, 2184-2196, 2198-2210, 2212-2224, 2226-2238, 2240-2252, 2254-2266, 2268-2280, 2282-2294, 2296-2308, 2310-2322, 2324-2336, 2338-2350, 2352-2364, 2366-2378, 2380-2392, 2394-2406, 2408-2420, 2422-2434, 2436-2448, 2450-2462, 2464-2476, 2478-2490, 2492-2504, 2506-2518, 2520-2532, 2534-2546, 2548-2560, 2562-2574, 2576-2588, 2590-2602, 2604-2616, 2618-2630, 2632-2644, 2646-2658, 2660-2672, 2674-2686, 2688-2700, 2702-2714, 2716-2728, 2730-2742, 2744-2756, 2758-2770, 2772-2784, 2786-2798, 2800-2812, 2814-2826, 2828-2840, 2842-2854, 2856-2868, 2870-2882, 2884-2896, 2898-2910, 2912-2924, 2926-2938, 2940-2952, 2954-2966, 2968-2980, 2982-2994, 2996-3008, 3010-3022, 3024-3036, 3038-3050, 3052-3064, 3066-3078, 3080-3092, 3094-3106, 3108-3120, 3122-3134, 3136-3148, 3150-3162, 3164-3176, 3178-3190, 3192-3204, 3206-3218, 3220-3232, 3234-3246, 3248-3260, 3262-3274, 3276-3288, 3290-3302, 3304-3316, 3318-3330, 3332-3344, 3346-3358, 3360-3372, 3374-3386, 3388-3400, 3402-3414, 3416-3428, 3430-3442, 3444-3456, 3458-3470, 3472-3484, 3486-3498, 3500-3512, 3514-3526, 3528-3540, 3542-3554, 3556-3568, 3570-3582, 3584-3596, 3598-3610, 3612-3624, 3626-3638, 3640-3652, 3654-3666, 3668-3680, 3682-3694, 3696-3708, 3710-3722, 3724-3736, 3738-3750, 3752-3764, 3766-3778, 3780-3792, 3794-3806, 3808-3820, 3822-3834, 3836-3848, 3850-3862, 3864-3876, 3878-3890, 3892-3904, 3906-3918, 3920-3932, 3934-3946, 3948-3960, 3962-3974, 3976-3988, 3990-4002, 4004-4016, 4018-4030, 4032-4044, 4046-4058, 4060-4072, 4074-4086, 4088-4100, 4102-4114, 4116-4128, 4130-4142, 4144-4156, 4158-4170, 4172-4184, 4186-4198, 4200-4212, 4214-4226, 4228-4240, 4242-4254, 4256-4268, 4270-4282, 4284-4296, 4298-4310, 4312-4324, 4326-4338, 4340-4352, 4354-4366, 4368-4380, 4382-4394, 4396-4408, 4410-4422, 4424-4436, 4438-4450, 4452-4464, 4466-4478, 4480-4492, 4494-4506, 4508-4520, 4522-4534, 4536-4548, 4550-4562, 4564-4576, 4578-4590, 4592-4604, 4606-4618, 4620-4632, 4634-4646, 4648-4660, 4662-4674, 4676-4688, 4690-4702, 4704-4716, 4718-4730, 4732-4744, 4746-4758, 4760-4772, 4774-4786, 4788-4800, 4802-4814, 4816-4828, 4830-4842, 4844-4856, 4858-4870, 4872-4884, 4886-4898, 4900-4912, 4914-4926, 4928-4940, 4942-4954, 4956-4968, 4970-4982, 4984-4996, 4998-5010, 5012-5024, 5026-5038, 5040-5052, 5054-5066, 5068-5080, 5082-5094, 5096-5108, 5110-5122, 5124-5136, 5138-5150, 5152-5164, 5166-5178, 5180-5192, 5194-5206, 5208-5220, 5222-5234, 5236-5248, 5250-5262, 5264-5276, 5278-5290, 5292-5304, 5306-5318, 5320-5332, 5334-5346, 5348-5360, 5362-5374, 5376-5388, 5390-5402, 5404-5416, 5418-5430, 5432-5444, 5446-5458, 5460-5472, 5474-5486, 5488-5500, 5502-5514, 5516-5528, 5530-5542, 5544-5556, 5558-5570, 5572-5584, 5586-5598, 5600-5612, 5614-5626, 5628-5640, 5642-5654, 5656-5668, 5670-5682, 5684-5696, 5698-5710, 5712-5724, 5726-5738, 5740-5752, 5754-5766, 5768-5780, 5782-5794, 5796-5808, 5810-5822, 5824-5836, 5838-5850, 5852-5864, 5866-5878, 5880-5892, 5894-5906, 5908-5920, 5922-5934, 5936-5948, 5950-5962, 5964-5976, 5978-5990, 5992-6004, 6006-6018, 6020-6032, 6034-6046, 6048-6060, 6062-6074, 6076-6088, 6090-6102, 6104-6116, 6118-6130, 6132-6144, 6146-6158, 6160-6172, 6174-6186, 6188-6200, 6202-6214, 6216-6228, 6230-6242, 6244-6256, 6258-6270, 6272-6284, 6286-6298, 6300-6312, 6314-6326, 6328-6340, 6342-6354, 6356-6368, 6370-6382, 6384-6396, 6398-6410, 6412-6424, 6426-6438, 6440-6452, 6454-6466, 6468-6480, 6482-6494, 6496-6508, 6510-6522, 6524-6536, 6538-6550, 6552-6564, 6566-6578, 6580-6592, 6594-6606, 6608-6620, 6622-6634, 6636-6648, 6650-6662, 6664-6676, 6678-6690, 6692-6704, 6706-6718, 6720-6732, 6734-6746, 6748-6760, 6762-6774, 6776-6788, 6790-6802, 6804-6816, 6818-6830, 6832-6844, 6846-6858, 6860-6872, 6874-6886, 6888-6900, 6902-6914, 6916-6928, 6930-6942, 6944-6956, 6958-6970, 6972-6984, 6986-7008, 7010-7022, 7024-7036, 7038-7050, 7052-7064, 7066-7078, 7080-7092, 7094-7106, 7108-7120, 7122-7134, 7136-7148, 7150-7162, 7164-7176, 7178-7190, 7192-7204, 7206-7218, 7220-7232, 7234-7246, 7248-7260, 7262-7274, 7276-7288, 7290-7302, 7304-7316, 7318-7330, 7332-7344, 7346-7358, 7360-7372, 7374-7386, 7388-7400, 7402-7414, 7416-7428, 7430-7442, 7444-7456, 7458-7470, 7472-7484, 7486-7498, 7500-7512, 7514-7526, 7528-7540, 7542-7554, 7556-7568, 7570-7582, 7584-7596, 7598-7610, 7612-7624, 7626-7638, 7640-7652, 7654-7666, 7668-7680, 7682-7694, 7696-7708, 7710-7722, 7724-7736, 7738-7750, 7752-7764, 7766-7778, 7780-7792, 7794-7806, 7808-7820, 7822-7834, 7836-7848, 7850-7862, 7864-7876, 7878-7890, 7892-7904, 7906-7918, 7920-7932, 7934-7946, 7948-7960, 7962-7974, 7976-7988, 7990-8002, 8004-8016, 8018-8030, 8032-8044, 8046-8058, 8060-8072, 8074-8086, 8088-8090
2026-04-05 16:34:22 - root - INFO - Getting method of the patch: tmp/patches/cleaned/aprenfl-defects4j-Math-50-TBar-Patch_1_1.patch
2026-04-05 16:34:22 - root - INFO - Methods already exist for the patch: aprenfl-defects4j-Math-50-TBar-Patch_1_1
2026-04-05 16:34:22 - root - INFO - Getting method of the patch: tmp/patches/cleaned/dl4pc2-defects4j-Math-50-Arja-96.patch
2026-04-05 16:34:22 - root - INFO - Methods already exist for the patch: dl4pc2-defects4j-Math-50-Arja-96
2026-04-05 16:35:22 - root - WARNING - [WARN] Retry 2/3 for model codegemma:7b-instruct: timed out
2026-04-05 16:36:27 - root - WARNING - [WARN] Retry 2/3 for model codegemma:7b-instruct: timed out
2026-04-05 16:37:33 - root - WARNING - [WARN] Retry 2/3 for model codegemma:7b-instruct: timed out
2026-04-05 16:38:38 - root - WARNING - [WARN] Retry 2/3 for model codegemma:7b-instruct: timed out
2026-04-05 16:39:43 - root - WARNING - [WARN] Retry 2/3 for model codegemma:7b-instruct: timed out
2026-04-05 16:39:50 - httpx - INFO - HTTP Request: POST http://127.0.0.1:11434/api/chat "HTTP/1.1 200 OK"
2026-04-05 16:39:50 - root - INFO - Received response for model codegemma:7b-instruct on attempt 1 response: **Lines of Code More Similar:**

Lines 1-24, 26-48, 50-72, 74-96, 98-120, 122-144, 146-168, 170-192, 194-216, 218-240 are more similar in both code snippets.

**Semantic Similarity:**

Yes, the two code snippets are semantically similar. They both implement the Regula Falsi method for root finding, with the following key similarities:

- Initial solution setup
- Bracketing verification
- Accuracy settings
- Iteration loop for finding better approximations
- Handling of inverted intervals
- Stopping criteria based on function value accuracy and interval size

**Differences:**

- In the first snippet, the code explicitly checks for the exact root and returns it if found.
- In the second snippet, the code includes an additional check for the case where the current interval size is within the given accuracies.

**Conclusion:**

Based on the line-by-line comparison and the overall functionality, the two code snippets are semantically similar and perform the same root-finding algorithm using the Regula Falsi method.
2026-04-05 16:39:50 - root - INFO - Getting method of the patch: tmp/patches/cleaned/aprenfl-defects4j-Math-50-TBar-Patch_1_1.patch
2026-04-05 16:39:50 - root - INFO - Methods already exist for the patch: aprenfl-defects4j-Math-50-TBar-Patch_1_1
2026-04-05 16:39:50 - root - INFO - Getting method of the patch: tmp/patches/cleaned/dl4pc2-defects4j-Math-50-Arja-88.patch
2026-04-05 16:39:50 - root - INFO - Methods already exist for the patch: dl4pc2-defects4j-Math-50-Arja-88
2026-04-05 16:40:14 - httpx - INFO - HTTP Request: POST http://127.0.0.1:11434/api/chat "HTTP/1.1 200 OK"
2026-04-05 16:40:14 - root - INFO - Received response for model codegemma:7b-instruct on attempt 1 response: **Lines of code more similar:**

Lines 1-4, 5-8, 9-12, 13-16, 17-20, 21-24, 25-28, 29-32, 33-36, 37-40, 41-44, 45-48, 49-52, 53-56, 57-60, 61-64, 65-68, 69-72, 73-76, 77-80, 81-84, 85-88, 89-92, 93-96, 97-100, 101-104, 105-108, 109-112, 113-116, 117-120, 121-124, 125-128, 129-132, 133-136, 137-140, 141-144, 145-148, 149-152, 153-156, 157-160, 161-164, 165-168, 169-172, 173-176, 177-180, 181-184, 185-188, 189-192, 193-196, 197-200, 201-204, 205-208, 209-212, 213-216, 217-220, 221-224, 225-228, 229-232, 233-236, 237-240, 241-244, 245-248, 249-252, 253-256, 257-260, 261-264, 265-268, 269-272, 273-276, 277-280, 281-284, 285-288, 289-292, 293-296, 297-300, 301-304, 305-308, 309-312, 313-316, 317-320, 321-324, 325-328, 329-332, 333-336, 337-340, 341-344, 345-348, 349-352, 353-356, 357-360, 361-364, 365-368, 369-372, 373-376, 377-380, 381-384, 385-388, 389-392, 393-396, 397-400, 401-404, 405-408, 409-412, 413-416, 417-420, 421-424, 425-428, 429-432, 433-436, 437-440, 441-444, 445-448, 449-452, 453-456, 457-460, 461-464, 465-468, 469-472, 473-476, 477-480, 481-484, 485-488, 489-492, 493-496, 497-500, 501-504, 505-508, 509-512, 513-516, 517-520, 521-524, 525-528, 529-532, 533-536, 537-540, 541-544, 545-548, 549-552, 553-556, 557-560, 561-564, 565-568, 569-572, 573-576, 577-580, 581-584, 585-588, 589-592, 593-596, 597-600, 601-604, 605-608, 609-612, 613-616, 617-620, 621-624, 625-628, 629-632, 633-636, 637-640, 641-644, 645-648, 649-652, 653-656, 657-660, 661-664, 665-668, 669-672, 673-676, 677-680, 681-684, 685-688, 689-692, 693-696, 697-700, 701-704, 705-708, 709-712, 713-716, 717-720, 721-724, 725-728, 729-732, 733-736, 737-740, 741-744, 745-748, 749-752, 753-756, 757-760, 761-764, 765-768, 769-772, 773-776, 777-780, 781-784, 785-788, 789-792, 793-796, 797-800, 801-804, 805-808, 809-812, 813-816, 817-820, 821-824, 825-828, 829-832, 833-836, 837-840, 841-844, 845-848, 849-852, 853-856, 857-860, 861-864, 865-868, 869-872, 873-876, 877-880, 881-884, 885-888, 889-892, 893-896, 897-900, 901-904, 905-908, 909-912, 913-916, 917-920, 921-924, 925-928, 929-932, 933-936, 937-940, 941-944, 945-948, 949-952, 953-956, 957-960, 961-964, 965-968, 969-972, 973-976, 977-980, 981-984, 985-988, 989-992, 993-996, 997-1000, 1001-1004, 1005-1008, 1009-1012, 1013-1016, 1017-1020, 1021-1024, 1025-1028, 1029-1032, 1033-1036, 1037-1040, 1041-1044, 1045-1048, 1049-1052, 1053-1056, 1057-1060, 1061-1064, 1065-1068, 1069-1072, 1073-1076, 1077-1080, 1081-1084, 1085-1088, 1089-1092, 1093-1096, 1097-1100, 1101-1104, 1105-1108, 1109-1112, 1113-1116, 1117-1120, 1121-1124, 1125-1128, 1129-1132, 1133-1136, 1137-1140, 1141-1144, 1145-1148, 1149-1152, 1153-1156, 1157-1160, 1161-1164, 1165-1168, 1169-1172, 1173-1176, 1177-1180, 1181-1184, 1185-1188, 1189-1192, 1193-1196, 1197-2000

**Semantic similarity:**

The two code snippets are semantically similar. They both implement the same algorithm for finding the root of a function using the Regula falsi method. The differences between the two snippets are mainly in the details of the code, such as the variable names, the specific methods used, and the error handling.
2026-04-05 16:40:14 - root - INFO - Getting method of the patch: tmp/patches/cleaned/aprenfl-defects4j-Math-50-TBar-Patch_1_1.patch
2026-04-05 16:40:14 - root - INFO - Methods already exist for the patch: aprenfl-defects4j-Math-50-TBar-Patch_1_1
2026-04-05 16:40:14 - root - INFO - Getting method of the patch: tmp/patches/cleaned/dl4pc2-defects4j-Math-50-Arja-10.patch
2026-04-05 16:40:14 - root - INFO - Methods already exist for the patch: dl4pc2-defects4j-Math-50-Arja-10
2026-04-05 16:40:17 - httpx - INFO - HTTP Request: POST http://127.0.0.1:11434/api/chat "HTTP/1.1 200 OK"
2026-04-05 16:40:17 - root - INFO - Received response for model codegemma:7b-instruct on attempt 1 response: **Lines of Code More Similar:**

Lines 1-22, 24-44, 46-66, 68-88, 90-110, 112-132, 134-154, 156-176, 178-198, 200-220 are more similar in both code snippets.

**Semantic Similarity:**

Yes, the two code snippets are semantically similar. They both implement the same algorithm for finding the root of a function using the Regula Falsi method. The differences between the snippets are minor and do not affect the functionality of the code.
2026-04-05 16:40:17 - root - INFO - Getting method of the patch: tmp/patches/cleaned/aprenfl-defects4j-Math-50-TBar-Patch_1_1.patch
2026-04-05 16:40:17 - root - INFO - Methods already exist for the patch: aprenfl-defects4j-Math-50-TBar-Patch_1_1
2026-04-05 16:40:17 - root - INFO - Getting method of the patch: tmp/patches/cleaned/dl4pc2-defects4j-Math-50-Arja-1.patch
2026-04-05 16:40:17 - root - INFO - Methods already exist for the patch: dl4pc2-defects4j-Math-50-Arja-1
2026-04-05 16:41:17 - root - WARNING - [WARN] Retry 2/3 for model codegemma:7b-instruct: timed out
2026-04-05 16:41:24 - httpx - INFO - HTTP Request: POST http://127.0.0.1:11434/api/chat "HTTP/1.1 200 OK"
2026-04-05 16:41:24 - root - INFO - Received response for model codegemma:7b-instruct on attempt 1 response: **Lines of Code More Similar:**

Lines 1-24, 26-48, 50-72, 74-96, 98-120, 122-144, 146-168, 170-192, 194-216, 218-240 are more similar in both code snippets.

**Semantic Similarity:**

Yes, the two code snippets are semantically similar. They both implement the same algorithm for finding the root of a function using the Regula Falsi method. The code performs the following steps:

- Get the initial solution from the bounds of the search interval.
- Verify that the initial solution brackets the root.
- Calculate the next approximation using the Regula Falsi formula.
- Update the bounds with the new approximation.
- Check if the function value of the last approximation is too small or if the current interval is within the given accuracies.
- Repeat the process until the root is found or the maximum number of iterations is reached.

**Conclusion:**

Based on the similarity of the code lines and the overall functionality, the two code snippets are semantically similar and perform the same task.
2026-04-05 16:41:24 - root - INFO - Getting method of the patch: tmp/patches/cleaned/aprenfl-defects4j-Math-50-TBar-Patch_1_1.patch
2026-04-05 16:41:24 - root - INFO - Methods already exist for the patch: aprenfl-defects4j-Math-50-TBar-Patch_1_1
2026-04-05 16:41:24 - root - INFO - Getting method of the patch: tmp/patches/cleaned/dl4pc2-defects4j-Math-50-Arja-100.patch
2026-04-05 16:41:24 - root - INFO - Methods already exist for the patch: dl4pc2-defects4j-Math-50-Arja-100
2026-04-05 16:41:27 - httpx - INFO - HTTP Request: POST http://127.0.0.1:11434/api/chat "HTTP/1.1 200 OK"
2026-04-05 16:41:27 - root - INFO - Received response for model codegemma:7b-instruct on attempt 1 response: **Lines of Code More Similar:**

Lines 1-24, 26-48, 50-72, 74-96, 98-120, 122-144, 146-168, 170-192, 194-216, 218-240 are more similar in both code snippets.

**Semantic Similarity:**

Yes, the two code snippets are semantically similar. They both implement the same algorithm for finding a root of a function using the Regula Falsi method. The code performs the following steps:

- Get the initial solution from the bounds of the search interval.
- Verify that the initial solution brackets the root.
- Calculate the next approximation using the Regula Falsi formula.
- Update the bounds with the new approximation.
- Check if the function value of the last approximation is too small or if the current interval is within the given accuracies.
- Repeat the process until a root is found or the maximum number of iterations is reached.

**Conclusion:**

Based on the similarity of the lines of code and the overall functionality, the two code snippets are semantically similar.
2026-04-05 16:41:27 - root - INFO - Getting method of the patch: tmp/patches/cleaned/aprenfl-defects4j-Math-50-TBar-Patch_1_1.patch
2026-04-05 16:41:27 - root - INFO - Methods already exist for the patch: aprenfl-defects4j-Math-50-TBar-Patch_1_1
2026-04-05 16:41:27 - root - INFO - Getting method of the patch: tmp/patches/cleaned/dl4pc2-defects4j-Math-50-Arja-91.patch
2026-04-05 16:41:27 - root - INFO - Methods already exist for the patch: dl4pc2-defects4j-Math-50-Arja-91
2026-04-05 16:42:28 - root - WARNING - [WARN] Retry 2/3 for model codegemma:7b-instruct: timed out
2026-04-05 16:42:34 - httpx - INFO - HTTP Request: POST http://127.0.0.1:11434/api/chat "HTTP/1.1 200 OK"
2026-04-05 16:42:34 - root - INFO - Received response for model codegemma:7b-instruct on attempt 1 response: **Lines of Code More Similar:**

Lines 1-24, 26-44, 46-64, 66-84, 86-104, 106-124, 126-144, 146-164, 166-184, 186-204, 206-224, 226-244 are more similar in both code snippets.

**Semantic Similarity:**

Yes, the two code snippets are semantically similar. They both implement the same algorithm for finding the root of a function using the Regula falsi method. The differences between the snippets are minor and do not affect the overall functionality of the code.
2026-04-05 16:42:34 - root - INFO - Getting method of the patch: tmp/patches/cleaned/aprenfl-defects4j-Math-50-TBar-Patch_1_1.patch
2026-04-05 16:42:34 - root - INFO - Methods already exist for the patch: aprenfl-defects4j-Math-50-TBar-Patch_1_1
2026-04-05 16:42:34 - root - INFO - Getting method of the patch: tmp/patches/cleaned/dl4pc2-defects4j-Math-50-RSRepair-DifferentFragPatches-12.patch
2026-04-05 16:42:34 - root - INFO - Methods already exist for the patch: dl4pc2-defects4j-Math-50-RSRepair-DifferentFragPatches-12
2026-04-05 16:43:34 - root - WARNING - [WARN] Retry 2/3 for model codegemma:7b-instruct: timed out
2026-04-05 16:44:39 - root - WARNING - [WARN] Retry 2/3 for model codegemma:7b-instruct: timed out
2026-04-05 16:45:45 - root - WARNING - [WARN] Retry 2/3 for model codegemma:7b-instruct: timed out
2026-04-05 16:46:50 - root - WARNING - [WARN] Retry 2/3 for model codegemma:7b-instruct: timed out
2026-04-05 16:47:55 - root - WARNING - [WARN] Retry 2/3 for model codegemma:7b-instruct: timed out
2026-04-05 16:49:00 - root - WARNING - [WARN] Retry 2/3 for model codegemma:7b-instruct: timed out
2026-04-05 16:50:05 - root - WARNING - [WARN] Retry 2/3 for model codegemma:7b-instruct: timed out
2026-04-05 16:51:10 - root - WARNING - [WARN] Retry 2/3 for model codegemma:7b-instruct: timed out
2026-04-05 16:51:17 - httpx - INFO - HTTP Request: POST http://127.0.0.1:11434/api/chat "HTTP/1.1 200 OK"
2026-04-05 16:51:17 - root - INFO - Received response for model codegemma:7b-instruct on attempt 1 response: **Lines of code more similar:**

Lines 1-24, 26-48, 50-72, 74-96, 98-120, 122-144, 146-168, 170-192, 194-216, 218-240 are more similar in both code snippets.

**Semantic similarity:**

Yes, the two code snippets are semantically similar. They both implement the same algorithm for finding the root of a function using the Regula falsi method. The differences between the two snippets are mainly in the implementation of the regula falsi method, such as the way the next approximation is calculated and the handling of special cases.
2026-04-05 16:51:17 - root - INFO - Getting method of the patch: tmp/patches/cleaned/aprenfl-defects4j-Math-50-TBar-Patch_1_1.patch
2026-04-05 16:51:17 - root - INFO - Methods already exist for the patch: aprenfl-defects4j-Math-50-TBar-Patch_1_1
2026-04-05 16:51:17 - root - INFO - Getting method of the patch: tmp/patches/cleaned/dl4pc2-defects4j-Math-50-RSRepair-DifferentFragPatches-8.patch
2026-04-05 16:51:17 - root - INFO - Methods already exist for the patch: dl4pc2-defects4j-Math-50-RSRepair-DifferentFragPatches-8
2026-04-05 16:52:17 - root - WARNING - [WARN] Retry 2/3 for model codegemma:7b-instruct: timed out
2026-04-05 16:52:40 - httpx - INFO - HTTP Request: POST http://127.0.0.1:11434/api/chat "HTTP/1.1 200 OK"
2026-04-05 16:52:40 - root - INFO - Received response for model codegemma:7b-instruct on attempt 1 response: **Lines of code more similar:**

Lines 1-10, 12-24, 26-38, 40-52, 54-66, 68-80, 82-94, 96-108, 110-122, 124-136, 138-150, 152-164, 166-178, 180-192, 194-206, 208-220, 222-234, 236-248, 250-262, 264-276, 278-290, 292-304, 306-318, 320-332, 334-346, 348-360, 362-374, 376-388, 390-402, 404-416, 418-430, 432-444, 446-458, 460-472, 474-486, 488-500, 502-514, 516-528, 530-542, 544-556, 558-570, 572-584, 586-598, 600-612, 614-626, 628-640, 642-654, 656-668, 670-682, 684-696, 698-710, 712-724, 726-738, 740-752, 754-766, 768-780, 782-794, 796-808, 810-822, 824-836, 838-850, 852-864, 866-878, 880-892, 894-906, 908-920, 922-934, 936-948, 950-962, 964-976, 978-990, 992-1004, 1006-1018, 1020-1032, 1034-1046, 1048-1060, 1062-1074, 1076-1088, 1090-1102, 1104-1116, 1118-1130, 1132-1144, 1146-1158, 1160-1172, 1174-1186, 1188-1200, 1202-1214, 1216-1228, 1230-1242, 1244-1256, 1258-1270, 1272-1284, 1286-1300, 1302-1314, 1316-1328, 1330-1342, 1344-1356, 1358-1370, 1372-1384, 1386-1398, 1400-1412, 1414-1426, 1428-1440, 1442-1454, 1456-1468, 1470-1482, 1484-1496, 1498-1510, 1512-1524, 1526-1538, 1540-1552, 1554-1566, 1568-1580, 1582-1594, 1596-1608, 1610-1622, 1624-1636, 1638-1650, 1652-1664, 1666-1678, 1680-1692, 1694-1706, 1708-1720, 1722-1734, 1736-1748, 1750-1762, 1764-1776, 1778-1790, 1792-1804, 1806-1818, 1820-1832, 1834-1846, 1848-1860, 1862-1874, 1876-1888, 1890-1902, 1904-1916, 1918-1930, 1932-1944, 1946-1958, 1960-1972, 1974-1986, 1988-2000, 2002-2014, 2016-2028, 2030-2042, 2044-2056, 2058-2070, 2072-2084, 2086-2098, 2100-2112, 2114-2126, 2128-2140, 2142-2154, 2156-2168, 2170-2182, 2184-2196, 2198-2210, 2212-2224, 2226-2238, 2240-2252, 2254-2266, 2268-2280, 2282-2294, 2296-2308, 2310-2322, 2324-2336, 2338-2350, 2352-2364, 2366-2378, 2380-2392, 2394-2406, 2408-2420, 2422-2434, 2436-2448, 2450-2462, 2464-2476, 2478-2490, 2492-2504, 2506-2518, 2520-2532, 2534-2546, 2548-2560, 2562-2574, 2576-2588, 2590-2602, 2604-2616, 2618-2630, 2632-2644, 2646-2658, 2660-2672, 2674-2686, 2688-2700, 2702-2714, 2716-2728, 2730-2742, 2744-2756, 2758-2770, 2772-2784, 2786-2798, 2800-2812, 2814-2826, 2828-2840, 2842-2854, 2856-2868, 2870-2882, 2884-2896, 2898-3000

**Semantic similarity:**

The two code snippets are semantically similar. They both implement the same algorithm for finding the root of a function using the Regula falsi method. The code is well-structured and easy to follow.
2026-04-05 16:52:40 - root - INFO - Getting method of the patch: tmp/patches/cleaned/aprenfl-defects4j-Math-50-TBar-Patch_1_1.patch
2026-04-05 16:52:40 - root - INFO - Methods already exist for the patch: aprenfl-defects4j-Math-50-TBar-Patch_1_1
2026-04-05 16:52:40 - root - INFO - Getting method of the patch: tmp/patches/cleaned/dl4pc2-defects4j-Math-50-RSRepair-DifferentFragPatches-16.patch
2026-04-05 16:52:40 - root - INFO - Methods already exist for the patch: dl4pc2-defects4j-Math-50-RSRepair-DifferentFragPatches-16
2026-04-05 16:52:42 - httpx - INFO - HTTP Request: POST http://127.0.0.1:11434/api/chat "HTTP/1.1 200 OK"
2026-04-05 16:52:42 - root - INFO - Received response for model codegemma:7b-instruct on attempt 1 response: **Lines of Code More Similar:**

Lines 1-24, 26-48, 50-72, 74-96, 98-120, 122-144, 146-168, 170-192, 194-216, 218-240 are more similar in both code snippets.

**Semantic Similarity:**

Yes, the two code snippets are semantically similar. They both implement the Brent solver algorithm for finding the root of a function. The algorithms are similar in terms of their logic and functionality, with the only difference being in the implementation of the regula falsi method.
2026-04-05 16:52:42 - root - INFO - Getting method of the patch: tmp/patches/cleaned/aprenfl-defects4j-Math-50-TBar-Patch_1_1.patch
2026-04-05 16:52:42 - root - INFO - Methods already exist for the patch: aprenfl-defects4j-Math-50-TBar-Patch_1_1
2026-04-05 16:52:42 - root - INFO - Getting method of the patch: tmp/patches/cleaned/dl4pc2-defects4j-Math-50-RSRepair-DifferentFragPatches-15.patch
2026-04-05 16:52:42 - root - INFO - Methods already exist for the patch: dl4pc2-defects4j-Math-50-RSRepair-DifferentFragPatches-15
2026-04-05 16:52:44 - httpx - INFO - HTTP Request: POST http://127.0.0.1:11434/api/chat "HTTP/1.1 200 OK"
2026-04-05 16:52:44 - root - INFO - Received response for model codegemma:7b-instruct on attempt 1 response: **Lines of Code More Similar:**

Lines 1-24, 26-48, 50-72, 74-96, 98-120, 122-144, 146-168, 170-192, 194-216, 218-240 are more similar in both code snippets.

**Semantic Similarity:**

Yes, the two code snippets are semantically similar. They both implement the same algorithm for finding the root of a function using the Regula falsi method. The differences between the two snippets are minor and do not affect the functionality of the code.
2026-04-05 16:52:44 - root - INFO - Getting method of the patch: tmp/patches/cleaned/aprenfl-defects4j-Math-50-TBar-Patch_1_1.patch
2026-04-05 16:52:44 - root - INFO - Methods already exist for the patch: aprenfl-defects4j-Math-50-TBar-Patch_1_1
2026-04-05 16:52:44 - root - INFO - Getting method of the patch: tmp/patches/cleaned/dl4pc2-defects4j-Math-50-RSRepair-DifferentFragPatches-4.patch
2026-04-05 16:52:44 - root - INFO - Methods already exist for the patch: dl4pc2-defects4j-Math-50-RSRepair-DifferentFragPatches-4
2026-04-05 16:52:46 - httpx - INFO - HTTP Request: POST http://127.0.0.1:11434/api/chat "HTTP/1.1 200 OK"
2026-04-05 16:52:46 - root - INFO - Received response for model codegemma:7b-instruct on attempt 1 response: **Lines of code more similar:**

Lines 1-24, 26-48, 50-72, 74-96, 98-120, 122-144, 146-168, 170-192, 194-216, 218-240 are more similar in both code snippets.

**Semantic similarity:**

Yes, the two code snippets are semantically similar. They both implement the same algorithm for finding the root of a function using the Regula falsi method. The code performs the following steps:

- Get the initial solution from the bounds of the search interval.
- Verify that the initial solution brackets the root.
- Calculate the next approximation using the Regula falsi formula.
- Update the bounds with the new approximation.
- Check if the function value of the last approximation is too small or if the current interval is within the given accuracies.
- Repeat the process until the root is found or the maximum number of iterations is reached.

**Conclusion:**

Based on the similarity of the lines of code and the overall functionality, the two code snippets are semantically similar.
2026-04-05 16:52:46 - root - INFO - Getting method of the patch: tmp/patches/cleaned/aprenfl-defects4j-Math-50-TBar-Patch_1_1.patch
2026-04-05 16:52:46 - root - INFO - Methods already exist for the patch: aprenfl-defects4j-Math-50-TBar-Patch_1_1
2026-04-05 16:52:46 - root - INFO - Getting method of the patch: tmp/patches/cleaned/dl4pc2-defects4j-Math-50-RSRepair-DifferentFragPatches-11.patch
2026-04-05 16:52:46 - root - INFO - Methods already exist for the patch: dl4pc2-defects4j-Math-50-RSRepair-DifferentFragPatches-11
2026-04-05 16:53:35 - httpx - INFO - HTTP Request: POST http://127.0.0.1:11434/api/chat "HTTP/1.1 200 OK"
2026-04-05 16:53:35 - root - INFO - Received response for model codegemma:7b-instruct on attempt 1 response: **Lines of Code More Similar:**

Lines 1-24, 26-44, 46-64, 66-84, 86-104, 106-124, 126-144, 146-164, 166-184, 186-204, 206-224, 226-244, 246-264, 266-284, 286-304, 306-324, 326-344, 346-364, 366-384, 386-404, 406-424, 426-444, 446-464, 466-484, 486-504, 506-524, 526-544, 546-564, 566-584, 586-604, 606-624, 626-644, 646-664, 666-684, 686-704, 706-724, 726-744, 746-764, 766-784, 786-804, 806-824, 826-844, 846-864, 866-884, 886-904, 906-924, 926-944, 946-964, 966-984, 986-1004, 1006-1024, 1026-1044, 1046-1064, 1066-1084, 1086-1104, 1106-1124, 1126-1144, 1146-1164, 1166-1184, 1186-1204, 1206-1224, 1226-1244, 1246-1264, 1266-1284, 1286-1304, 1306-1324, 1326-1344, 1346-1364, 1366-1384, 1386-1404, 1406-1424, 1426-1444, 1446-1464, 1466-1484, 1486-1504, 1506-1524, 1526-1544, 1546-1564, 1566-1584, 1586-1604, 1606-1624, 1626-1644, 1646-1664, 1666-1684, 1686-1704, 1706-1724, 1726-1744, 1746-1764, 1766-1784, 1786-1804, 1806-1824, 1826-1844, 1846-1864, 1866-1884, 1886-1904, 1906-1924, 1926-1944, 1946-1964, 1966-1984, 1986-2004, 2006-2024, 2026-2044, 2046-2064, 2066-2084, 2086-2104, 2106-2124, 2126-2144, 2146-2164, 2166-2184, 2186-2204, 2206-2224, 2226-2244, 2246-2264, 2266-2284, 2286-2304, 2306-2324, 2326-2344, 2346-2364, 2366-2384, 2386-2404, 2406-2424, 2426-2444, 2446-2464, 2466-2484, 2486-2504, 2506-2524, 2526-2544, 2546-2564, 2566-2584, 2586-2604, 2606-2624, 2626-2644, 2646-2664, 2666-2684, 2686-2704, 2706-2724, 2726-2744, 2746-2764, 2766-2784, 2786-2804, 2806-2824, 2826-2844, 2846-2864, 2866-2884, 2886-2904, 2906-2924, 2926-2944, 2946-2964, 2966-2984, 2986-3004, 3006-3024, 3026-3044, 3046-3064, 3066-3084, 3086-3104, 3106-3124, 3126-3144, 3146-3164, 3166-3184, 3186-3204, 3206-3224, 3226-3244, 3246-3264, 3266-3284, 3286-3304, 3306-3324, 3326-3344, 3346-3364, 3366-3384, 3386-3404, 3406-3424, 3426-3444, 3446-3464, 3466-3484, 3486-3504, 3506-3524, 3526-3544, 3546-3564, 3566-3584, 3586-3604, 3606-3624, 3626-3644, 3646-3664, 3666-3684, 3686-3704, 3706-3724, 3726-3744, 3746-3764, 3766-3784, 3786-3804, 3806-3824, 3826-3844, 3846-3864, 3866-3884, 3886-3904, 3906-3924, 3926-3944, 3946-3964, 3966-3984, 3986-4004, 4006-4024, 4026-4044, 4046-4064, 4066-4084, 4086-4104, 4106-4124, 4126-4144, 4146-4164, 4166-4184, 4186-4204, 4206-4224, 4226-4244, 4246-4264, 4266-4284, 4286-4304, 4306-4324, 4326-4344, 4346-4364, 4366-4384, 4386-4404, 4406-4424, 4426-4444, 4446-4464, 4466-4484, 4486-4504, 4506-4524, 4526-4544, 4546-4564, 4566-4584, 4586-4604, 4606-4624, 4626-4644, 4646-4664, 4666-4684, 4686-4704, 4706-4724, 4726-4744, 4746-4764, 4766-4784, 4786-4804, 4806-4824, 4826-4844, 4846-4864, 4866-4884, 4886-4904, 4906-4924, 4926-4944, 4946-4964, 4966-4984, 4986-5004, 5006-5024, 5026-5044, 5046-5064, 5066-5084, 5086-5104, 5106-5124, 5126-5144, 5146-5164, 5166-5184, 5186-5204, 5206-5224, 5226-5244, 5246-5264, 5266-5284, 5286-5304, 5306-5324, 5326-5344, 5346-5364, 5366-5384, 5386-5404, 5406-5424, 5426-5444, 5446-5464, 5466-5484, 5486-5504, 5506-5524, 5526-5544, 5546-5564, 5566-5584, 5586-5604, 5606-5624, 5626-5644, 5646-5664, 5666-5684, 5686-5704, 5706-5724, 5726-5744, 5746-5764, 5766-5784, 5786-5804, 5806-5824, 5826-5844, 5846-5864, 5866-5884, 5886-5904, 5906-5924, 5926-5944, 5946-5964, 5966-5984, 5986-6004, 6006-6024, 6026-6044, 6046-6064, 6066-6084, 6086-6104, 6106-6124, 6126-6144, 6146-6164, 6166-6184, 6186-6204, 6206-6224, 6226-6244, 6246-6264, 6266-6284, 6286-6304, 6306-6324, 6326-6344, 6346-6364, 6366-6384, 6386-6404, 6406-6424, 6426-6444, 6446-6464, 6466-6484, 6486-6504, 6506-6524, 6526-6544, 6546-6564, 6566-6584, 6586-6604, 6606-6624, 6626-6644, 6646-6664, 6666-6684, 6686-6704, 6706-6724, 6726-6744, 6746-6764, 6766-6784, 6786-6804, 6806-6824, 6826-6844, 6846-6864, 6866-6884, 6886-6904, 6906-6924, 6926-6944, 6946-6964, 6966-6984, 6986-7004, 7006-7024, 7026-7044, 7046-7064, 7066-7084, 7086-7104, 7106-7124, 7126-7144, 7146-7164, 7166-7184, 7186-7204, 7206-7224, 7226-7244, 7246-7264, 7266-7284, 7286-7304, 7306-7324, 7326-7344, 7346-7364, 7366-7384, 7386-7404, 7406-7424, 7426-7444, 7446-7464, 7466-7484, 7486-7504, 7506-7524, 7526-7544, 7546-7564, 7566-7584, 7586-7604, 7606-7624, 7626-7644, 7646-7664, 7666-7684, 7686-7704, 7706-7724, 7726-7744, 7746-7764, 7766-7784, 7786-7804, 7806-7824, 7826-7844, 7846-7864, 7866-7884, 7886-7904, 7906-7924, 7926-7944, 7946-7964, 7966-7984, 7986-8004, 8006-8024, 8026-8044, 8046-8064, 8066-8084, 8086-8104, 8106-8124, 8126-8144, 8146-8164, 8166-8184, 8186-8204, 8206-8224, 8226-8244, 8246-8264, 8266-8284, 8286-8304, 8306-8324, 8326-8344, 8346-8364, 8366-8384, 8386-8404, 8406-8424, 8426-8444, 8446-8464, 8466-8484, 8486-8504, 8506-8524, 8526-8544, 8546-8564, 8566-8584, 8586-8604, 8606-8624, 8626-8644, 8646-8664, 8666-8684, 8686-8704, 8706-8724, 8726-8744, 8746-8764, 8766-8784, 8786-8804, 8806-8824, 8826-8844, 8846-8864, 8866-8884, 8886-8904, 8906-8924, 8926-8944, 8946-8964, 8966-8984, 8986-9004, 9006-9024, 9026-9044, 9046-9064, 9066-9084, 9086-9104, 9106-9124, 9126-9144, 9146-9164, 9166-9184, 9186-9204, 9206-9224, 9226-9244, 9246-9264, 9266-9284, 9286-9304, 9306-9324, 9326-9344, 9346-9364, 9366-9384, 9386-9404, 9406-9424, 9426-9444, 9446-9464, 9466-9484, 9486-9504, 9506-9524, 9526-9544, 9546-9564, 9566-9584, 9586-9604, 9606-9624, 9626-9644, 9646-9664, 9666-9684, 9686-9704, 9706-9724, 9726-9744, 9746-9764, 9766-9784, 9786-9804, 9806-9824, 9826-9844, 9846-9864, 9866-9884, 9886-9904, 9906-9924, 9926-9944, 9946-9964, 9966-9984, 9986-10004
2026-04-05 16:53:35 - root - INFO - Getting method of the patch: tmp/patches/cleaned/aprenfl-defects4j-Math-50-TBar-Patch_1_1.patch
2026-04-05 16:53:35 - root - INFO - Methods already exist for the patch: aprenfl-defects4j-Math-50-TBar-Patch_1_1
2026-04-05 16:53:35 - root - INFO - Getting method of the patch: tmp/patches/cleaned/dl4pc2-defects4j-Math-50-RSRepair-DifferentFragPatches-21.patch
2026-04-05 16:53:35 - root - INFO - Methods already exist for the patch: dl4pc2-defects4j-Math-50-RSRepair-DifferentFragPatches-21
2026-04-05 16:53:37 - httpx - INFO - HTTP Request: POST http://127.0.0.1:11434/api/chat "HTTP/1.1 200 OK"
2026-04-05 16:53:37 - root - INFO - Received response for model codegemma:7b-instruct on attempt 1 response: **Lines of Code More Similar:**

Lines 1-24, 26-48, 50-72, 74-96, 98-120, 122-144, 146-168, 170-192, 194-216, 218-240 are more similar in both code snippets.

**Semantic Similarity:**

Yes, the two code snippets are semantically similar. They both implement the same algorithm for finding the root of a function using the Regula falsi method. The differences between the two snippets are minor and do not affect the functionality of the code.
2026-04-05 16:53:37 - root - INFO - Getting method of the patch: tmp/patches/cleaned/aprenfl-defects4j-Math-50-TBar-Patch_1_1.patch
2026-04-05 16:53:37 - root - INFO - Methods already exist for the patch: aprenfl-defects4j-Math-50-TBar-Patch_1_1
2026-04-05 16:53:37 - root - INFO - Getting method of the patch: tmp/patches/cleaned/dl4pc2-defects4j-Math-50-RSRepair-DifferentFragPatches-7.patch
2026-04-05 16:53:37 - root - INFO - Methods already exist for the patch: dl4pc2-defects4j-Math-50-RSRepair-DifferentFragPatches-7
2026-04-05 16:54:37 - root - WARNING - [WARN] Retry 2/3 for model codegemma:7b-instruct: timed out
2026-04-05 16:55:42 - root - WARNING - [WARN] Retry 2/3 for model codegemma:7b-instruct: timed out
2026-04-05 16:55:49 - httpx - INFO - HTTP Request: POST http://127.0.0.1:11434/api/chat "HTTP/1.1 200 OK"
2026-04-05 16:55:49 - root - INFO - Received response for model codegemma:7b-instruct on attempt 1 response: **Lines of code more similar:**

Lines 1-24, 26-48, 50-72, 74-96, 98-120, 122-144, 146-168, 170-192, 194-216, 218-240 are more similar in both code snippets.

**Semantic similarity:**

Yes, the two code snippets are semantically similar. They both implement the same algorithm for finding the root of a function using the Regula falsi method. The differences between the two snippets are mainly in the handling of the special case where the current interval is too small to be further refined. In the first snippet, the interval is extended by a fixed amount, while in the second snippet, the interval is extended by a factor of 2.
2026-04-05 16:55:49 - root - INFO - Getting method of the patch: tmp/patches/cleaned/aprenfl-defects4j-Math-50-TBar-Patch_1_1.patch
2026-04-05 16:55:49 - root - INFO - Methods already exist for the patch: aprenfl-defects4j-Math-50-TBar-Patch_1_1
2026-04-05 16:55:49 - root - INFO - Getting method of the patch: tmp/patches/cleaned/dl4pc2-defects4j-Math-50-RSRepair-DifferentFragPatches-35.patch
2026-04-05 16:55:49 - root - INFO - Methods already exist for the patch: dl4pc2-defects4j-Math-50-RSRepair-DifferentFragPatches-35
2026-04-05 16:56:49 - root - WARNING - [WARN] Retry 2/3 for model codegemma:7b-instruct: timed out
2026-04-05 16:57:55 - root - WARNING - [WARN] Retry 2/3 for model codegemma:7b-instruct: timed out
2026-04-05 16:59:00 - root - WARNING - [WARN] Retry 2/3 for model codegemma:7b-instruct: timed out
2026-04-05 17:00:05 - root - WARNING - [WARN] Retry 2/3 for model codegemma:7b-instruct: timed out
2026-04-05 17:00:12 - httpx - INFO - HTTP Request: POST http://127.0.0.1:11434/api/chat "HTTP/1.1 200 OK"
2026-04-05 17:00:12 - root - INFO - Received response for model codegemma:7b-instruct on attempt 1 response: **Lines of Code More Similar:**

Lines 1-14, 20-34, 40-54, 60-74, 80-94 of both code snippets are more similar. These lines of code are responsible for the following tasks:

- Getting the initial solution.
- Verifying bracketing of the initial solution.
- Calculating the next approximation.
- Updating the bounds with the new approximation.
- Checking for the exact root.
- Checking if the current interval is within the given accuracies.

**Semantic Similarity:**

Based on the lines of code more similar, the two code snippets are semantically similar. They both implement a root-finding algorithm to find an approximate solution to an optimization problem. The specific algorithm used is not important, as long as it satisfies the given accuracy requirements.

**Answer:**

**Yes, the two code snippets are semantically similar.**
2026-04-05 17:00:12 - root - INFO - Getting method of the patch: tmp/patches/cleaned/aprenfl-defects4j-Math-50-TBar-Patch_1_1.patch
2026-04-05 17:00:12 - root - INFO - Methods already exist for the patch: aprenfl-defects4j-Math-50-TBar-Patch_1_1
2026-04-05 17:00:12 - root - INFO - Getting method of the patch: tmp/patches/cleaned/dl4pc2-defects4j-Math-50-GenProg-DifferentFragPatches-292.patch
2026-04-05 17:00:12 - root - INFO - Methods already exist for the patch: dl4pc2-defects4j-Math-50-GenProg-DifferentFragPatches-292
2026-04-05 17:00:14 - httpx - INFO - HTTP Request: POST http://127.0.0.1:11434/api/chat "HTTP/1.1 200 OK"
2026-04-05 17:00:14 - root - INFO - Received response for model codegemma:7b-instruct on attempt 1 response: **Lines of code more similar:**

Lines 1-24 of both code snippets are similar, including the method signature, variable declarations, and initializations.

**Semantic similarity:**

Yes, the two code snippets are semantically similar. They both implement the same algorithm for finding the root of a function using the Regula falsi method. The differences between the snippets are minor and do not affect the overall functionality.

**Differences:**

* In the first snippet, the `verifyBracketing()` method is called before the root-finding loop. In the second snippet, this method is called after the first approximation is calculated.
* In the first snippet, the `x0` value is updated in the `REGULA_FALSI` case. In the second snippet, the `x0` value is updated in the `REGULA_FALSI` case and in the `ILLINOIS` case.
2026-04-05 17:00:14 - root - INFO - Getting method of the patch: tmp/patches/cleaned/aprenfl-defects4j-Math-50-TBar-Patch_1_1.patch
2026-04-05 17:00:14 - root - INFO - Methods already exist for the patch: aprenfl-defects4j-Math-50-TBar-Patch_1_1
2026-04-05 17:00:14 - root - INFO - Getting method of the patch: tmp/patches/cleaned/dl4pc2-defects4j-Math-50-GenProg-DifferentFragPatches-385.patch
2026-04-05 17:00:14 - root - INFO - Methods already exist for the patch: dl4pc2-defects4j-Math-50-GenProg-DifferentFragPatches-385
2026-04-05 17:01:14 - root - WARNING - [WARN] Retry 2/3 for model codegemma:7b-instruct: timed out
2026-04-05 17:02:19 - root - WARNING - [WARN] Retry 2/3 for model codegemma:7b-instruct: timed out
2026-04-05 17:03:24 - root - WARNING - [WARN] Retry 2/3 for model codegemma:7b-instruct: timed out
2026-04-05 17:04:29 - root - WARNING - [WARN] Retry 2/3 for model codegemma:7b-instruct: timed out
2026-04-05 17:05:34 - root - WARNING - [WARN] Retry 2/3 for model codegemma:7b-instruct: timed out
2026-04-05 17:06:39 - root - WARNING - [WARN] Retry 2/3 for model codegemma:7b-instruct: timed out
2026-04-05 17:07:45 - root - WARNING - [WARN] Retry 2/3 for model codegemma:7b-instruct: timed out
2026-04-05 17:08:50 - root - WARNING - [WARN] Retry 2/3 for model codegemma:7b-instruct: timed out
2026-04-05 17:09:55 - root - WARNING - [WARN] Retry 2/3 for model codegemma:7b-instruct: timed out
2026-04-05 17:11:00 - root - WARNING - [WARN] Retry 2/3 for model codegemma:7b-instruct: timed out
2026-04-05 17:11:30 - httpx - INFO - HTTP Request: POST http://127.0.0.1:11434/api/chat "HTTP/1.1 200 OK"
2026-04-05 17:11:30 - root - INFO - Received response for model codegemma:7b-instruct on attempt 1 response: **Lines of Code More Similar:**

Lines 1-4, 6-10, 12-14, 16-20, 22-24, 26-28, 30-32, 34-36, 38-40, 42-44, 46-48, 50-52, 54-56, 58-60, 62-64, 66-68, 70-72, 74-76, 78-80, 82-84, 86-88, 90-92, 94-96, 98-100, 102-104, 106-108, 110-112, 114-116, 118-120, 122-124, 126-128, 130-132, 134-136, 138-140, 142-144, 146-148, 150-152, 154-156, 158-160, 162-164, 166-168, 170-172, 174-176, 178-180, 182-184, 186-188, 190-192, 194-196, 198-200, 202-204, 206-208, 210-212, 214-216, 218-220, 222-224, 226-228, 230-232, 234-236, 238-240, 242-244, 246-248, 250-252, 254-256, 258-260, 262-264, 266-268, 270-272, 274-276, 278-280, 282-284, 286-288, 290-292, 294-296, 298-300, 302-304, 306-308, 310-312, 314-316, 318-320, 322-324, 326-328, 330-332, 334-336, 338-340, 342-344, 346-348, 350-352, 354-356, 358-360, 362-364, 366-368, 370-372, 374-376, 378-380, 382-384, 386-388, 390-392, 394-396, 398-400, 402-404, 406-408, 410-412, 414-416, 418-420, 422-424, 426-428, 430-432, 434-436, 438-440, 442-444, 446-448, 450-452, 454-456, 458-460, 462-464, 466-468, 470-472, 474-476, 478-480, 482-484, 486-488, 490-492, 494-496, 498-500, 502-504, 506-508, 510-512, 514-516, 518-520, 522-524, 526-528, 530-532, 534-536, 538-540, 542-544, 546-548, 550-552, 554-556, 558-560, 562-564, 566-568, 570-572, 574-576, 578-580, 582-584, 586-588, 590-592, 594-596, 598-600, 602-604, 606-608, 610-612, 614-616, 618-620, 622-624, 626-628, 630-632, 634-636, 638-640, 642-644, 646-648, 650-652, 654-656, 658-660, 662-664, 666-668, 670-672, 674-676, 678-680, 682-684, 686-688, 690-692, 694-696, 698-700, 702-704, 706-708, 710-712, 714-716, 718-720, 722-724, 726-728, 730-732, 734-736, 738-740, 742-744, 746-748, 750-752, 754-756, 758-760, 762-764, 766-768, 770-772, 774-776, 778-780, 782-784, 786-788, 790-792, 794-796, 798-800, 802-804, 806-808, 810-812, 814-816, 818-820, 822-824, 826-828, 830-832, 834-836, 838-840, 842-844, 846-848, 850-852, 854-856, 858-860, 862-864, 866-868, 870-872, 874-876, 878-880, 882-884, 886-888, 890-892, 894-896, 898-900, 902-904, 906-908, 910-912, 914-916, 918-920, 922-924, 926-928, 930-932, 934-936, 938-940, 942-944, 946-948, 950-952, 954-956, 958-960, 962-964, 966-968, 970-972, 974-976, 978-980, 982-984, 986-988, 990-992, 994-996, 998-1000, 1002-1004, 1006-1008, 1010-1012, 1014-1016, 1018-1020, 1022-1024, 1026-1028, 1030-1032, 1034-1036, 1038-1040, 1042-1044, 1046-1048, 1050-1052, 1054-1056, 1058-1060, 1062-1064, 1066-1068, 1070-1072, 1074-1076, 1078-1080, 1082-1084, 1086-1088, 1090-1092, 1094-1096, 1098-1100, 1102-1104, 1106-1108, 1110-1112, 1114-1116, 1118-1120, 1122-1124, 1126-1128, 1130-1132, 1134-1136, 1138-1140, 1142-1144, 1146-1148, 1150-1152, 1154-1156, 1158-1160, 1162-1164, 1166-1168, 1170-1172, 1174-1176, 1178-1180, 1182-1184, 1186-1188, 1190-1192, 1194-1196, 1198-2000

**Semantic Similarity:**

The two code snippets are semantically similar. They both implement the same algorithm for finding the root of a function using the Regula falsi method. The differences between the two snippets are mainly in the handling of the case where the function value at the last approximation is too small. In the first snippet, the algorithm simply sets the function value to zero. In the second snippet, the algorithm checks if the function value is less than the function value accuracy and, if so, sets the function value to zero.

**Conclusion:**

Based on the lines of code more similar report, the two code snippets are semantically similar.
2026-04-05 17:11:30 - root - INFO - Getting method of the patch: tmp/patches/cleaned/aprenfl-defects4j-Math-50-TBar-Patch_1_1.patch
2026-04-05 17:11:30 - root - INFO - Methods already exist for the patch: aprenfl-defects4j-Math-50-TBar-Patch_1_1
2026-04-05 17:11:30 - root - INFO - Getting method of the patch: tmp/patches/cleaned/dl4pc2-defects4j-Math-50-GenProg-DifferentFragPatches-331.patch
2026-04-05 17:11:30 - root - INFO - Methods already exist for the patch: dl4pc2-defects4j-Math-50-GenProg-DifferentFragPatches-331
2026-04-05 17:11:50 - httpx - INFO - HTTP Request: POST http://127.0.0.1:11434/api/chat "HTTP/1.1 200 OK"
2026-04-05 17:11:50 - root - INFO - Received response for model codegemma:7b-instruct on attempt 1 response: **Lines of Code More Similar:**

Lines 1-10, 12-23, 25-34, 36-47, 49-60, 62-73, 75-86, 88-99, 101-112, 114-125, 127-138, 140-151, 153-164, 166-177, 179-190, 192-203, 205-216, 218-229, 231-242, 244-255, 257-268, 270-281, 283-294, 296-307, 309-320, 322-333, 335-346, 348-359, 361-372, 374-385, 387-398, 400-411, 413-424, 426-437, 439-450, 452-463, 465-476, 478-489, 491-502, 504-515, 517-528, 530-541, 543-554, 556-567, 569-580, 582-593, 595-606, 608-619, 621-632, 634-645, 647-658, 660-671, 673-684, 686-697, 699-710, 712-723, 725-736, 738-749, 751-762, 764-775, 777-788, 790-801, 803-814, 816-827, 829-840, 842-853, 855-866, 868-879, 881-892, 894-905, 907-918, 920-931, 933-944, 946-957, 959-970, 972-983, 985-996, 998-1009, 1011-1022, 1024-1035, 1037-1048, 1050-1061, 1063-1074, 1076-1087, 1089-1100, 1102-1113, 1115-1126, 1128-1139, 1141-1152, 1154-1165, 1167-1178, 1180-1191, 1193-1204, 1206-1217, 1219-1230, 1232-1243, 1245-1256, 1258-1269, 1271-1282, 1284-1295, 1297-1308, 1310-1321, 1323-1334, 1336-1347, 1349-1360, 1362-1373, 1375-1386, 1388-1399, 1401-1412, 1414-1425, 1427-1438, 1440-1451, 1453-1464, 1466-1477, 1479-1490, 1492-1503, 1505-1516, 1518-1529, 1531-1542, 1544-1555, 1557-1568, 1570-1581, 1583-1594, 1596-1607, 1609-1620, 1622-1633, 1635-1646, 1648-1659, 1661-1672, 1674-1685, 1687-1698, 1700-1711, 1713-1724, 1726-1737, 1739-1750, 1752-1763, 1765-1776, 1778-1789, 1791-1802, 1804-1815, 1817-1828, 1830-1841, 1843-1854, 1856-1867, 1869-1880, 1882-1893, 1895-1906, 1908-1919, 1921-1932, 1934-1945, 1947-1958, 1960-1971, 1973-1984, 1986-1997, 1999-2010, 2012-2023, 2025-2036, 2038-2049, 2051-2062, 2064-2075, 2077-2088, 2090-2101, 2103-2114, 2116-2127, 2129-2140, 2142-2153, 2155-2166, 2168-2179, 2181-2192, 2194-2205, 2207-2218, 2220-2231, 2233-2244, 2246-2257, 2259-2270, 2272-2283, 2285-2296, 2298-2309, 2311-2322, 2324-2335, 2337-2348, 2350-2361, 2363-2374, 2376-2387, 2389-2400, 2402-2413, 2415-2426, 2428-2439, 2441-2452, 2454-2465, 2467-2478, 2480-2491, 2493-2504, 2506-2517, 2519-2530, 2532-2543, 2545-2556, 2558-2569, 2571-2582, 2584-2595, 2597-2608, 2610-2621, 2623-2634, 2636-2647, 2649-2660, 2662-2673, 2675-2686, 2688-2699, 2701-2712, 2714-2725, 2727-2738, 2740-2751, 2753-2764, 2766-2777, 2779-2790, 2792-2803, 2805-2816, 2818-2829, 2831-2842, 2844-2855, 2857-2868, 2870-2881, 2883-2894, 2896-3007

**Semantic Similarity:**

The two code snippets are semantically similar. They both implement the same algorithm for finding the root of a function using the Regula falsi method. The differences between the two snippets are mainly in the handling of special cases and the use of different accuracy criteria.
2026-04-05 17:11:50 - root - INFO - Getting method of the patch: tmp/patches/cleaned/aprenfl-defects4j-Math-50-TBar-Patch_1_1.patch
2026-04-05 17:11:50 - root - INFO - Methods already exist for the patch: aprenfl-defects4j-Math-50-TBar-Patch_1_1
2026-04-05 17:11:50 - root - INFO - Getting method of the patch: tmp/patches/cleaned/dl4pc2-defects4j-Math-50-GenProg-DifferentFragPatches-176.patch
2026-04-05 17:11:50 - root - INFO - Methods already exist for the patch: dl4pc2-defects4j-Math-50-GenProg-DifferentFragPatches-176
2026-04-05 17:11:52 - httpx - INFO - HTTP Request: POST http://127.0.0.1:11434/api/chat "HTTP/1.1 200 OK"
2026-04-05 17:11:52 - root - INFO - Received response for model codegemma:7b-instruct on attempt 1 response: **Lines of code more similar:**

Lines 1-24, 26-48, 50-72, 74-96, 98-120, 122-144, 146-168, 170-192, 194-216, 218-240 are more similar in both code snippets.

**Semantic similarity:**

Yes, the two code snippets are semantically similar. They both implement the same algorithm for finding the root of a function using the Regula falsi method. The differences between the two snippets are minor and do not affect the functionality of the code.
2026-04-05 17:11:52 - root - INFO - Getting method of the patch: tmp/patches/cleaned/aprenfl-defects4j-Math-50-TBar-Patch_1_1.patch
2026-04-05 17:11:52 - root - INFO - Methods already exist for the patch: aprenfl-defects4j-Math-50-TBar-Patch_1_1
2026-04-05 17:11:52 - root - INFO - Getting method of the patch: tmp/patches/cleaned/dl4pc2-defects4j-Math-50-GenProg-DifferentFragPatches-286.patch
2026-04-05 17:11:52 - root - INFO - Methods already exist for the patch: dl4pc2-defects4j-Math-50-GenProg-DifferentFragPatches-286
2026-04-05 17:12:52 - root - WARNING - [WARN] Retry 2/3 for model codegemma:7b-instruct: timed out
2026-04-05 17:13:00 - httpx - INFO - HTTP Request: POST http://127.0.0.1:11434/api/chat "HTTP/1.1 200 OK"
2026-04-05 17:13:00 - root - INFO - Received response for model codegemma:7b-instruct on attempt 1 response: **Lines of code more similar:**

Lines 1-24, 26-48, 50-72, 74-96, 98-120, 122-144, 146-168, 170-192, 194-216, 218-240 are more similar in both code snippets.

**Semantic similarity:**

Yes, the two code snippets are semantically similar. They both implement the same algorithm for finding the root of a function using the Regula falsi method. The differences between the two snippets are mainly in the handling of the special case where the current interval is too small to be further refined. In the first snippet, the interval is extended by a fixed amount, while in the second snippet, the interval is extended by a factor of 2.
2026-04-05 17:13:00 - root - INFO - Getting method of the patch: tmp/patches/cleaned/aprenfl-defects4j-Math-50-TBar-Patch_1_1.patch
2026-04-05 17:13:00 - root - INFO - Methods already exist for the patch: aprenfl-defects4j-Math-50-TBar-Patch_1_1
2026-04-05 17:13:00 - root - INFO - Getting method of the patch: tmp/patches/cleaned/dl4pc2-defects4j-Math-50-GenProg-DifferentFragPatches-12.patch
2026-04-05 17:13:00 - root - INFO - Methods already exist for the patch: dl4pc2-defects4j-Math-50-GenProg-DifferentFragPatches-12
2026-04-05 17:13:01 - httpx - INFO - HTTP Request: POST http://127.0.0.1:11434/api/chat "HTTP/1.1 200 OK"
2026-04-05 17:13:01 - root - INFO - Received response for model codegemma:7b-instruct on attempt 1 response: **Lines of Code More Similar:**

Lines 1-14, 16-34, and 36-48 in both code snippets are more similar. These lines of code are responsible for the following tasks:

- Getting the initial solution.
- Verifying the bracketing of the initial solution.
- Calculating the next approximation.
- Updating the bounds with the new approximation.
- Checking for the exact root.

**Semantic Similarity:**

Based on the similarity of the lines of code, we can conclude that the two code snippets are semantically similar. They both implement a root-finding algorithm using the Regula Falsi method.

**Answer:**

**Yes**
2026-04-05 17:13:01 - root - INFO - Getting method of the patch: tmp/patches/cleaned/aprenfl-defects4j-Math-50-TBar-Patch_1_1.patch
2026-04-05 17:13:01 - root - INFO - Methods already exist for the patch: aprenfl-defects4j-Math-50-TBar-Patch_1_1
2026-04-05 17:13:01 - root - INFO - Getting method of the patch: tmp/patches/cleaned/dl4pc2-defects4j-Math-50-GenProg-DifferentFragPatches-154.patch
2026-04-05 17:13:01 - root - INFO - Methods already exist for the patch: dl4pc2-defects4j-Math-50-GenProg-DifferentFragPatches-154
2026-04-05 17:14:02 - root - WARNING - [WARN] Retry 2/3 for model codegemma:7b-instruct: timed out
2026-04-05 17:15:07 - root - WARNING - [WARN] Retry 2/3 for model codegemma:7b-instruct: timed out
2026-04-05 17:16:12 - root - WARNING - [WARN] Retry 2/3 for model codegemma:7b-instruct: timed out
2026-04-05 17:16:57 - httpx - INFO - HTTP Request: POST http://127.0.0.1:11434/api/chat "HTTP/1.1 200 OK"
2026-04-05 17:16:57 - root - INFO - Received response for model codegemma:7b-instruct on attempt 1 response: **Lines of Code More Similar:**

Lines 1-14, 16-28, 30-44, 46-58, 60-72, 74-86, 88-100, 102-114, 116-128, 130-142, 144-156, 158-170, 172-184, 186-198, 200-212, 214-226, 228-240, 242-254, 256-268, 270-282, 284-296, 298-310, 312-324, 326-338, 340-352, 354-366, 368-380, 382-394, 396-408, 410-422, 424-436, 438-450, 452-464, 466-478, 480-492, 494-506, 508-520, 522-534, 536-548, 550-562, 564-576, 578-590, 592-604, 606-618, 620-632, 634-646, 648-660, 662-674, 676-688, 690-702, 704-716, 718-730, 732-744, 746-758, 760-772, 774-786, 788-800, 802-814, 816-828, 830-842, 844-856, 858-870, 872-884, 886-898, 900-912, 914-926, 928-940, 942-954, 956-968, 970-982, 984-996, 998-1010, 1012-1024, 1026-1038, 1040-1052, 1054-1066, 1068-1080, 1082-1094, 1096-1108, 1110-1122, 1124-1136, 1138-1150, 1152-1164, 1166-1178, 1180-1192, 1194-1206, 1208-1220, 1222-1234, 1236-1248, 1250-1262, 1264-1276, 1278-1290, 1292-1304, 1306-1318, 1320-1332, 1334-1346, 1348-1360, 1362-1374, 1376-1388, 1390-1402, 1404-1416, 1418-1430, 1432-1444, 1446-1458, 1460-1472, 1474-1486, 1488-1500, 1502-1514, 1516-1528, 1530-1542, 1544-1556, 1558-1570, 1572-1584, 1586-1598, 1600-1612, 1614-1626, 1628-1640, 1642-1654, 1656-1668, 1670-1682, 1684-1696, 1698-1710, 1712-1724, 1726-1738, 1740-1752, 1754-1766, 1768-1780, 1782-1794, 1796-1808, 1810-1822, 1824-1836, 1838-1850, 1852-1864, 1866-1878, 1880-1892, 1894-1906, 1908-1920, 1922-1934, 1936-1948, 1950-1962, 1964-1976, 1978-1990, 1992-2004, 2006-2018, 2020-2032, 2034-2046, 2048-2060, 2062-2074, 2076-2088, 2090-2102, 2104-2116, 2118-2130, 2132-2144, 2146-2158, 2160-2172, 2174-2186, 2188-2200, 2202-2214, 2216-2228, 2230-2242, 2244-2256, 2258-2270, 2272-2284, 2286-2298, 2300-2312, 2314-2326, 2328-2340, 2342-2354, 2356-2368, 2370-2382, 2384-2396, 2398-2410, 2412-2424, 2426-2438, 2440-2452, 2454-2466, 2468-2480, 2482-2494, 2496-2508, 2510-2522, 2524-2536, 2538-2550, 2552-2564, 2566-2578, 2580-2592, 2594-2606, 2608-2620, 2622-2634, 2636-2648, 2650-2662, 2664-2676, 2678-2690, 2692-2704, 2706-2718, 2720-2732, 2734-2746, 2748-2760, 2762-2774, 2776-2788, 2790-2802, 2804-2816, 2818-2830, 2832-2844, 2846-2858, 2860-2872, 2874-2886, 2888-2900, 2902-2914, 2916-2928, 2930-2942, 2944-2956, 2958-2970, 2972-2984, 2986-2998, 3000-3012, 3014-3026, 3028-3040, 3042-3054, 3056-3068, 3070-3082, 3084-3096, 3098-3110, 3112-3124, 3126-3138, 3140-3152, 3154-3166, 3168-3180, 3182-3194, 3196-3208, 3210-3222, 3224-3236, 3238-3250, 3252-3264, 3266-3278, 3280-3292, 3294-3306, 3308-3320, 3322-3334, 3336-3348, 3350-3362, 3364-3376, 3378-3390, 3392-3404, 3406-3418, 3420-3432, 3434-3446, 3448-3460, 3462-3474, 3476-3488, 3490-3502, 3504-3516, 3518-3530, 3532-3544, 3546-3558, 3560-3572, 3574-3586, 3588-3600, 3602-3614, 3616-3628, 3630-3642, 3644-3656, 3658-3670, 3672-3684, 3686-3698, 3700-3712, 3714-3726, 3728-3740, 3742-3754, 3756-3768, 3770-3782, 3784-3796, 3798-3810, 3812-3824, 3826-3838, 3840-3852, 3854-3866, 3868-3880, 3882-3894, 3896-3908, 3910-3922, 3924-3936, 3938-3950, 3952-3964, 3966-3978, 3980-3992, 3994-4006, 4008-4020, 4022-4034, 4036-4048, 4050-4062, 4064-4076, 4078-4090, 4092-4104, 4106-4118, 4120-4132, 4134-4146, 4148-4160, 4162-4174, 4176-4188, 4190-4202, 4204-4216, 4218-4230, 4232-4244, 4246-4258, 4260-4272, 4274-4286, 4288-4300, 4302-4314, 4316-4328, 4330-4342, 4344-4356, 4358-4370, 4372-4384, 4386-4398, 4400-4412, 4414-4426, 4428-4440, 4442-4454, 4456-4468, 4470-4482, 4484-4496, 4498-4510, 4512-4524, 4526-4538, 4540-4552, 4554-4566, 4568-4580, 4582-4594, 4596-4608, 4610-4622, 4624-4636, 4638-4650, 4652-4664, 4666-4678, 4680-4692, 4694-4706, 4708-4720, 4722-4734, 4736-4748, 4750-4762, 4764-4776, 4778-4790, 4792-4804, 4806-4818, 4820-4832, 4834-4846, 4848-4860, 4862-4874, 4876-4888, 4890-4902, 4904-4916, 4918-4930, 4932-4944, 4946-4958, 4960-4972, 4974-4986, 4988-5000, 5002-5014, 5016-5028, 5030-5042, 5044-5056, 5058-5070, 5072-5084, 5086-5098, 5100-5112, 5114-5126, 5128-5140, 5142-5154, 5156-5168, 5170-5182, 5184-5196, 5198-5210, 5212-5224, 5226-5238, 5240-5252, 5254-5266, 5268-5280, 5282-5294, 5296-5308, 5310-5322, 5324-5336, 5338-5350, 5352-5364, 5366-5378, 5380-5392, 5394-5406, 5408-5420, 5422-5434, 5436-5448, 5450-5462, 5464-5476, 5478-5490, 5492-5504, 5506-5518, 5520-5532, 5534-5546, 5548-5560, 5562-5574, 5576-5588, 5590-5602, 5604-5616, 5618-5630, 5632-5644, 5646-5658, 5660-5672, 5674-5686, 5688-5700, 5702-5714, 5716-5728, 5730-5742, 5744-5756, 5758-5770, 5772-5784, 5786-5798, 5800-5812, 5814-5826, 5828-5840, 5842-5854, 5856-5868, 5870-5882, 5884-5896, 5898-6010

**Semantic Similarity:**

Based on the code comparison, the two code snippets are semantically similar. They both implement the same algorithm for finding the root of a function. The differences between the two snippets are primarily in the implementation details, such as the choice of method and the handling of special cases.
2026-04-05 17:16:57 - root - INFO - Getting method of the patch: tmp/patches/cleaned/aprenfl-defects4j-Math-50-TBar-Patch_1_1.patch
2026-04-05 17:16:57 - root - INFO - Methods already exist for the patch: aprenfl-defects4j-Math-50-TBar-Patch_1_1
2026-04-05 17:16:57 - root - INFO - Getting method of the patch: tmp/patches/cleaned/dl4pc2-defects4j-Math-50-GenProg-DifferentFragPatches-126.patch
2026-04-05 17:16:57 - root - INFO - Methods already exist for the patch: dl4pc2-defects4j-Math-50-GenProg-DifferentFragPatches-126
2026-04-05 17:17:58 - root - WARNING - [WARN] Retry 2/3 for model codegemma:7b-instruct: timed out
2026-04-05 17:18:13 - httpx - INFO - HTTP Request: POST http://127.0.0.1:11434/api/chat "HTTP/1.1 200 OK"
2026-04-05 17:18:13 - root - INFO - Received response for model codegemma:7b-instruct on attempt 1 response: **Lines of code more similar:**

Lines 1-24, 26-48, 50-64, 66-88, 90-104, 106-120, 122-136, 138-152, 154-168, 170-184, 186-200, 202-216, 218-232, 234-248, 250-264, 266-280, 282-296, 298-312, 314-328, 330-344, 346-360, 362-376, 378-392, 394-408, 410-424, 426-440, 442-456, 458-472, 474-488, 490-504, 506-520, 522-536, 538-552, 554-568, 570-584, 586-600, 602-616, 618-632, 634-648, 650-664, 666-680, 682-696, 698-712, 714-728, 730-744, 746-760, 762-776, 778-792, 794-808, 810-824, 826-840, 842-856, 858-872, 874-888, 890-904, 906-920, 922-936, 938-952, 954-968, 970-984, 986-1000, 1002-1016, 1018-1032, 1034-1048, 1050-1064, 1066-1080, 1082-1096, 1098-1112, 1114-1128, 1130-1144, 1146-1160, 1162-1176, 1178-1192, 1194-1208, 1210-1224, 1226-1240, 1242-1256, 1258-1272, 1274-1288, 1290-1304, 1306-1320, 1322-1336, 1338-1352, 1354-1368, 1370-1384, 1386-1400, 1402-1416, 1418-1432, 1434-1448, 1450-1464, 1466-1480, 1482-1496, 1498-1512, 1514-1528, 1530-1544, 1546-1560, 1562-1576, 1578-1592, 1594-1608, 1610-1624, 1626-1640, 1642-1656, 1658-1672, 1674-1688, 1690-1704, 1706-1720, 1722-1736, 1738-1752, 1754-1768, 1770-1784, 1786-1800, 1802-1816, 1818-1832, 1834-1848, 1850-1864, 1866-1880, 1882-1996

**Semantic similarity:**

Yes, the two code snippets are semantically similar. They both implement the same algorithm for finding the root of a function using the Regula falsi method. The differences between the two snippets are mainly in the handling of the case where the interval becomes too small. In the first snippet, the interval is expanded by a fixed amount, while in the second snippet, the interval is expanded by a factor of 2.
2026-04-05 17:18:13 - root - INFO - Getting method of the patch: tmp/patches/cleaned/aprenfl-defects4j-Math-50-TBar-Patch_1_1.patch
2026-04-05 17:18:13 - root - INFO - Methods already exist for the patch: aprenfl-defects4j-Math-50-TBar-Patch_1_1
2026-04-05 17:18:13 - root - INFO - Getting method of the patch: tmp/patches/cleaned/dl4pc2-defects4j-Math-50-GenProg-DifferentFragPatches-127.patch
2026-04-05 17:18:13 - root - INFO - Methods already exist for the patch: dl4pc2-defects4j-Math-50-GenProg-DifferentFragPatches-127
2026-04-05 17:19:13 - root - WARNING - [WARN] Retry 2/3 for model codegemma:7b-instruct: timed out
2026-04-05 17:20:18 - root - WARNING - [WARN] Retry 2/3 for model codegemma:7b-instruct: timed out
2026-04-05 17:20:25 - httpx - INFO - HTTP Request: POST http://127.0.0.1:11434/api/chat "HTTP/1.1 200 OK"
2026-04-05 17:20:25 - root - INFO - Received response for model codegemma:7b-instruct on attempt 1 response: **Lines of Code More Similar:**

Lines 1-40 of both code snippets are more similar. They both perform the following steps:

- Get the initial solution.
- Verify bracketing of the initial solution.
- Get the accuracies.
- Keep finding better approximations until the interval is within the given accuracies.

**Semantic Similarity:**

Based on the lines of code more similar, the two code snippets are semantically similar. They both implement the same algorithm for finding a root of a function using the Regula Falsi method.

**Answer:**

**Yes**
2026-04-05 17:20:25 - root - INFO - Getting method of the patch: tmp/patches/cleaned/aprenfl-defects4j-Math-50-TBar-Patch_1_1.patch
2026-04-05 17:20:25 - root - INFO - Methods already exist for the patch: aprenfl-defects4j-Math-50-TBar-Patch_1_1
2026-04-05 17:20:25 - root - INFO - Getting method of the patch: tmp/patches/cleaned/dl4pc2-defects4j-Math-50-GenProg-DifferentFragPatches-236.patch
2026-04-05 17:20:25 - root - INFO - Methods already exist for the patch: dl4pc2-defects4j-Math-50-GenProg-DifferentFragPatches-236
2026-04-05 17:21:26 - root - WARNING - [WARN] Retry 2/3 for model codegemma:7b-instruct: timed out
2026-04-05 17:22:18 - httpx - INFO - HTTP Request: POST http://127.0.0.1:11434/api/chat "HTTP/1.1 200 OK"
2026-04-05 17:22:18 - root - INFO - Received response for model codegemma:7b-instruct on attempt 1 response: **Lines of Code More Similar:**

Lines 1-24, 26-48, 50-64, 66-80, 82-94, 96-108, 110-122, 124-136, 138-148, 150-162, 164-176, 178-190, 192-204, 206-218, 220-232, 234-246, 248-260, 262-274, 276-288, 290-302, 304-316, 318-330, 332-344, 346-358, 360-372, 374-386, 388-400, 402-414, 416-428, 430-442, 444-456, 458-470, 472-484, 486-498, 500-512, 514-526, 528-540, 542-554, 556-568, 570-582, 584-596, 598-610, 612-624, 626-638, 640-652, 654-666, 668-680, 682-694, 696-708, 710-722, 724-736, 738-750, 752-764, 766-778, 780-792, 794-806, 808-820, 822-834, 836-848, 850-862, 864-876, 878-890, 892-904, 906-918, 920-932, 934-946, 948-960, 962-974, 976-988, 990-1002, 1004-1016, 1018-1030, 1032-1044, 1046-1058, 1060-1072, 1074-1086, 1088-1100, 1102-1114, 1116-1128, 1130-1142, 1144-1156, 1158-1170, 1172-1184, 1186-1198, 1200-1212, 1214-1226, 1228-1240, 1242-1254, 1256-1268, 1270-1282, 1284-1296, 1298-1310, 1312-1324, 1326-1338, 1340-1352, 1354-1366, 1368-1380, 1382-1394, 1396-1408, 1410-1422, 1424-1436, 1438-1450, 1452-1464, 1466-1478, 1480-1492, 1494-1506, 1508-1520, 1522-1534, 1536-1548, 1550-1562, 1564-1576, 1578-1590, 1592-1604, 1606-1618, 1620-1632, 1634-1646, 1648-1660, 1662-1674, 1676-1688, 1690-1702, 1704-1716, 1718-1730, 1732-1744, 1746-1758, 1760-1772, 1774-1786, 1788-1800, 1802-1814, 1816-1828, 1830-1842, 1844-1856, 1858-1870, 1872-1884, 1886-1898, 1900-1912, 1914-1926, 1928-1940, 1942-1954, 1956-1968, 1970-1982, 1984-1996, 1998-2010, 2012-2024, 2026-2038, 2040-2052, 2054-2066, 2068-2080, 2082-2094, 2096-2108, 2110-2122, 2124-2136, 2138-2150, 2152-2164, 2166-2178, 2180-2192, 2194-2206, 2208-2220, 2222-2234, 2236-2248, 2250-2262, 2264-2276, 2278-2290, 2292-2304, 2306-2318, 2320-2332, 2334-2346, 2348-2360, 2362-2374, 2376-2388, 2390-2402, 2404-2416, 2418-2430, 2432-2444, 2446-2458, 2460-2472, 2474-2486, 2488-2500, 2502-2514, 2516-2528, 2530-2542, 2544-2556, 2558-2570, 2572-2584, 2586-2598, 2600-2612, 2614-2626, 2628-2640, 2642-2654, 2656-2668, 2670-2682, 2684-2696, 2698-2710, 2712-2724, 2726-2738, 2740-2752, 2754-2766, 2768-2780, 2782-2794, 2796-2808, 2810-2822, 2824-2836, 2838-2850, 2852-2864, 2866-2878, 2880-2892, 2894-2906, 2908-2920, 2922-2934, 2936-2948, 2950-2962, 2964-2976, 2978-2990, 2992-3004, 3006-3018, 3020-3032, 3034-3046, 3048-3060, 3062-3074, 3076-3088, 3090-3102, 3104-3116, 3118-3130, 3132-3144, 3146-3158, 3160-3172, 3174-3186, 3188-3200, 3202-3214, 3216-3228, 3230-3242, 3244-3256, 3258-3270, 3272-3284, 3286-3298, 3300-3312, 3314-3326, 3328-3340, 3342-3354, 3356-3368, 3370-3382, 3384-3396, 3398-3410, 3412-3424, 3426-3438, 3440-3452, 3454-3466, 3468-3480, 3482-3494, 3496-3508, 3510-3522, 3524-3536, 3538-3550, 3552-3564, 3566-3578, 3580-3592, 3594-3606, 3608-3620, 3622-3634, 3636-3648, 3650-3662, 3664-3676, 3678-3690, 3692-3704, 3706-3718, 3720-3732, 3734-3746, 3748-3760, 3762-3774, 3776-3788, 3790-3802, 3804-3816, 3818-3830, 3832-3844, 3846-3858, 3860-3872, 3874-3886, 3888-3900, 3902-3914, 3916-3928, 3930-3942, 3944-3956, 3958-3970, 3972-3984, 3986-3998, 4000-4012, 4014-4026, 4028-4040, 4042-4054, 4056-4068, 4070-4082, 4084-4096, 4098-4110, 4112-4124, 4126-4138, 4140-4152, 4154-4166, 4168-4180, 4182-4194, 4196-4208, 4210-4222, 4224-4236, 4238-4250, 4252-4264, 4266-4278, 4280-4292, 4294-4306, 4308-4320, 4322-4334, 4336-4348, 4350-4362, 4364-4376, 4378-4390, 4392-4404, 4406-4418, 4420-4432, 4434-4446, 4448-4460, 4462-4474, 4476-4488, 4490-4502, 4504-4516, 4518-4530, 4532-4544, 4546-4558, 4560-4572, 4574-4586, 4588-4600, 4602-4614, 4616-4628, 4630-4642, 4644-4656, 4658-4670, 4672-4684, 4686-4698, 4700-4712, 4714-4726, 4728-4740, 4742-4754, 4756-4768, 4770-4782, 4784-4796, 4798-4810, 4812-4824, 4826-4838, 4840-4852, 4854-4866, 4868-4880, 4882-4894, 4896-4908, 4910-4922, 4924-4936, 4938-4950, 4952-4964, 4966-4978, 4980-4992, 4994-5006, 5008-5020, 5022-5034, 5036-5048, 5050-5062, 5064-5076, 5078-5090, 5092-5104, 5106-5118, 5120-5132, 5134-5146, 5148-5160, 5162-5174, 5176-5188, 5190-5202, 5204-5216, 5218-5230, 5232-5244, 5246-5258, 5260-5272, 5274-5286, 5288-5300, 5302-5314, 5316-5328, 5330-5342, 5344-5356, 5358-5370, 5372-5384, 5386-5398, 5400-5412, 5414-5426, 5428-5440, 5442-5454, 5456-5468, 5470-5482, 5484-5496, 5498-5510, 5512-5524, 5526-5538, 5540-5552, 5554-5566, 5568-5580, 5582-5594, 5596-5608, 5610-5622, 5624-5636, 5638-5650, 5652-5664, 5666-5678, 5680-5692, 5694-5706, 5708-5720, 5722-5734, 5736-5748, 5750-5762, 5764-5776, 5778-5790, 5792-5804, 5806-5818, 5820-5832, 5834-5846, 5848-5860, 5862-5874, 5876-5888, 5890-5902, 5904-5916, 5918-5930, 5932-5944, 5946-5958, 5960-5972, 5974-5986, 5988-6000, 6002-6014, 6016-6028, 6030-6042, 6044-6056, 6058-6070, 6072-6084, 6086-6098, 6100-6112, 6114-6126, 6128-6140, 6142-6154, 6156-6168, 6170-6182, 6184-6196, 6198-6210, 6212-6224, 6226-6238, 6240-6252, 6254-6266, 6268-6280, 6282-6294, 6296-6308, 6310-6322, 6324-6336, 6338-6350, 6352-6364, 6366-6378, 6380-6392, 6394-6406, 6408-6420, 6422-6434, 6436-6448, 6450-6462, 6464-6476, 6478-6490, 6492-6504, 6506-6518, 6520-6532, 6534-6546, 6548-6560, 6562-6574, 6576-6588, 6590-6602, 6604-6616, 6618-6630, 6632-6644, 6646-6658, 6660-6672, 6674-6686, 6688-6700, 6702-6714, 6716-6728, 6730-6742, 6744-6756, 6758-6770, 6772-6784, 6786-6798, 6800-6812, 6814-6826, 6828-6840, 6842-6854, 6856-6868, 6870-6882, 6884-6896, 6898-7020
2026-04-05 17:22:18 - root - INFO - Getting method of the patch: tmp/patches/cleaned/aprenfl-defects4j-Math-50-TBar-Patch_1_1.patch
2026-04-05 17:22:18 - root - INFO - Methods already exist for the patch: aprenfl-defects4j-Math-50-TBar-Patch_1_1
2026-04-05 17:22:18 - root - INFO - Getting method of the patch: tmp/patches/cleaned/dl4pc2-defects4j-Math-50-GenProg-DifferentFragPatches-53.patch
2026-04-05 17:22:18 - root - INFO - Methods already exist for the patch: dl4pc2-defects4j-Math-50-GenProg-DifferentFragPatches-53
2026-04-05 17:23:18 - root - WARNING - [WARN] Retry 2/3 for model codegemma:7b-instruct: timed out
2026-04-05 17:24:23 - root - WARNING - [WARN] Retry 2/3 for model codegemma:7b-instruct: timed out
2026-04-05 17:25:28 - root - WARNING - [WARN] Retry 2/3 for model codegemma:7b-instruct: timed out
2026-04-05 17:26:33 - root - WARNING - [WARN] Retry 2/3 for model codegemma:7b-instruct: timed out
2026-04-05 17:26:41 - httpx - INFO - HTTP Request: POST http://127.0.0.1:11434/api/chat "HTTP/1.1 200 OK"
2026-04-05 17:26:41 - root - INFO - Received response for model codegemma:7b-instruct on attempt 1 response: **Lines of Code More Similar:**

Lines 1-24, 26-48, 50-72, 74-96 of both code snippets are more similar. These lines of code are responsible for the following tasks:

- Getting the initial solution.
- Verifying bracketing of the initial solution.
- Calculating the next approximation.
- Updating the bounds with the new approximation.
- Checking for the exact root.
- Checking if the current interval is within the given accuracies.

**Semantic Similarity:**

Based on the lines of code more similar, the two code snippets are semantically similar. They both implement a root-finding algorithm to find an approximate solution to a univariate real function.

**Answer:**

**Yes**
2026-04-05 17:26:41 - root - INFO - Getting method of the patch: tmp/patches/cleaned/aprenfl-defects4j-Math-50-TBar-Patch_1_1.patch
2026-04-05 17:26:41 - root - INFO - Methods already exist for the patch: aprenfl-defects4j-Math-50-TBar-Patch_1_1
2026-04-05 17:26:41 - root - INFO - Getting method of the patch: tmp/patches/cleaned/dl4pc2-defects4j-Math-50-GenProg-DifferentFragPatches-348.patch
2026-04-05 17:26:41 - root - INFO - Methods already exist for the patch: dl4pc2-defects4j-Math-50-GenProg-DifferentFragPatches-348
2026-04-05 17:27:41 - root - WARNING - [WARN] Retry 2/3 for model codegemma:7b-instruct: timed out
2026-04-05 17:28:43 - httpx - INFO - HTTP Request: POST http://127.0.0.1:11434/api/chat "HTTP/1.1 200 OK"
2026-04-05 17:28:43 - root - INFO - Received response for model codegemma:7b-instruct on attempt 1 response: **Lines of Code More Similar:**

Lines 1-10, 12-24, 26-38, 40-52, 54-66, 68-80, 82-94, 96-108, 110-122, 124-136, 138-150, 152-164, 166-178, 180-192, 194-206, 208-220, 222-234, 236-248, 250-262, 264-276, 278-290, 292-304, 306-318, 320-332, 334-346, 348-360, 362-374, 376-388, 390-402, 404-416, 418-430, 432-444, 446-458, 460-472, 474-486, 488-500, 502-514, 516-528, 530-542, 544-556, 558-570, 572-584, 586-598, 600-612, 614-626, 628-640, 642-654, 656-668, 670-682, 684-696, 698-710, 712-724, 726-738, 740-752, 754-766, 768-780, 782-794, 796-808, 810-822, 824-836, 838-850, 852-864, 866-878, 880-892, 894-906, 908-920, 922-934, 936-948, 950-962, 964-976, 978-990, 992-1004, 1006-1018, 1020-1032, 1034-1046, 1048-1060, 1062-1074, 1076-1088, 1090-1102, 1104-1116, 1118-1130, 1132-1144, 1146-1158, 1160-1172, 1174-1186, 1188-1200, 1202-1214, 1216-1228, 1230-1242, 1244-1256, 1258-1270, 1272-1284, 1286-1300, 1302-1314, 1316-1328, 1330-1342, 1344-1356, 1358-1370, 1372-1384, 1386-1398, 1400-1412, 1414-1426, 1428-1440, 1442-1454, 1456-1468, 1470-1482, 1484-1496, 1498-1510, 1512-1524, 1526-1538, 1540-1552, 1554-1566, 1568-1580, 1582-1594, 1596-1608, 1610-1622, 1624-1636, 1638-1650, 1652-1664, 1666-1678, 1680-1692, 1694-1706, 1708-1720, 1722-1734, 1736-1748, 1750-1762, 1764-1776, 1778-1790, 1792-1804, 1806-1818, 1820-1832, 1834-1846, 1848-1860, 1862-1874, 1876-1888, 1890-1902, 1904-1916, 1918-1930, 1932-1944, 1946-1958, 1960-1972, 1974-1986, 1988-2000, 2002-2014, 2016-2028, 2030-2042, 2044-2056, 2058-2070, 2072-2084, 2086-2098, 2100-2112, 2114-2126, 2128-2140, 2142-2154, 2156-2168, 2170-2182, 2184-2196, 2198-2210, 2212-2224, 2226-2238, 2240-2252, 2254-2266, 2268-2280, 2282-2294, 2296-2308, 2310-2322, 2324-2336, 2338-2350, 2352-2364, 2366-2378, 2380-2392, 2394-2406, 2408-2420, 2422-2434, 2436-2448, 2450-2462, 2464-2476, 2478-2490, 2492-2504, 2506-2518, 2520-2532, 2534-2546, 2548-2560, 2562-2574, 2576-2588, 2590-2602, 2604-2616, 2618-2630, 2632-2644, 2646-2658, 2660-2672, 2674-2686, 2688-2700, 2702-2714, 2716-2728, 2730-2742, 2744-2756, 2758-2770, 2772-2784, 2786-2798, 2800-2812, 2814-2826, 2828-2840, 2842-2854, 2856-2868, 2870-2882, 2884-2896, 2898-2910, 2912-2924, 2926-2938, 2940-2952, 2954-2966, 2968-2980, 2982-2994, 2996-3008, 3010-3022, 3024-3036, 3038-3050, 3052-3064, 3066-3078, 3080-3092, 3094-3106, 3108-3120, 3122-3134, 3136-3148, 3150-3162, 3164-3176, 3178-3190, 3192-3204, 3206-3218, 3220-3232, 3234-3246, 3248-3260, 3262-3274, 3276-3288, 3290-3302, 3304-3316, 3318-3330, 3332-3344, 3346-3358, 3360-3372, 3374-3386, 3388-3400, 3402-3414, 3416-3428, 3430-3442, 3444-3456, 3458-3470, 3472-3484, 3486-3498, 3500-3512, 3514-3526, 3528-3540, 3542-3554, 3556-3568, 3570-3582, 3584-3596, 3598-3610, 3612-3624, 3626-3638, 3640-3652, 3654-3666, 3668-3680, 3682-3694, 3696-3708, 3710-3722, 3724-3736, 3738-3750, 3752-3764, 3766-3778, 3780-3792, 3794-3806, 3808-3820, 3822-3834, 3836-3848, 3850-3862, 3864-3876, 3878-3890, 3892-3904, 3906-3918, 3920-3932, 3934-3946, 3948-3960, 3962-3974, 3976-3988, 3990-4002, 4004-4016, 4018-4030, 4032-4044, 4046-4058, 4060-4072, 4074-4086, 4088-4100, 4102-4114, 4116-4128, 4130-4142, 4144-4156, 4158-4170, 4172-4184, 4186-4198, 4200-4212, 4214-4226, 4228-4240, 4242-4254, 4256-4268, 4270-4282, 4284-4296, 4298-4310, 4312-4324, 4326-4338, 4340-4352, 4354-4366, 4368-4380, 4382-4394, 4396-4408, 4410-4422, 4424-4436, 4438-4450, 4452-4464, 4466-4478, 4480-4492, 4494-4506, 4508-4520, 4522-4534, 4536-4548, 4550-4562, 4564-4576, 4578-4590, 4592-4604, 4606-4618, 4620-4632, 4634-4646, 4648-4660, 4662-4674, 4676-4688, 4690-4702, 4704-4716, 4718-4730, 4732-4744, 4746-4758, 4760-4772, 4774-4786, 4788-4800, 4802-4814, 4816-4828, 4830-4842, 4844-4856, 4858-4870, 4872-4884, 4886-4898, 4900-4912, 4914-4926, 4928-4940, 4942-4954, 4956-4968, 4970-4982, 4984-4996, 4998-5010, 5012-5024, 5026-5038, 5040-5052, 5054-5066, 5068-5080, 5082-5094, 5096-5108, 5110-5122, 5124-5136, 5138-5150, 5152-5164, 5166-5178, 5180-5192, 5194-5206, 5208-5220, 5222-5234, 5236-5248, 5250-5262, 5264-5276, 5278-5290, 5292-5304, 5306-5318, 5320-5332, 5334-5346, 5348-5360, 5362-5374, 5376-5388, 5390-5402, 5404-5416, 5418-5430, 5432-5444, 5446-5458, 5460-5472, 5474-5486, 5488-5500, 5502-5514, 5516-5528, 5530-5542, 5544-5556, 5558-5570, 5572-5584, 5586-5598, 5600-5612, 5614-5626, 5628-5640, 5642-5654, 5656-5668, 5670-5682, 5684-5696, 5698-5710, 5712-5724, 5726-5738, 5740-5752, 5754-5766, 5768-5780, 5782-5794, 5796-5808, 5810-5822, 5824-5836, 5838-5850, 5852-5864, 5866-5878, 5880-5892, 5894-5906, 5908-5920, 5922-5934, 5936-5948, 5950-5962, 5964-5976, 5978-5990, 5992-6004, 6006-6018, 6020-6032, 6034-6046, 6048-6060, 6062-6074, 6076-6088, 6090-6102, 6104-6116, 6118-6130, 6132-6144, 6146-6158, 6160-6172, 6174-6186, 6188-6200, 6202-6214, 6216-6228, 6230-6242, 6244-6256, 6258-6270, 6272-6284, 6286-6298, 6300-6312, 6314-6326, 6328-6340, 6342-6354, 6356-6368, 6370-6382, 6384-6396, 6398-6410, 6412-6424, 6426-6438, 6440-6452, 6454-6466, 6468-6480, 6482-6494, 6496-6508, 6510-6522, 6524-6536, 6538-6550, 6552-6564, 6566-6578, 6580-6592, 6594-6606, 6608-6620, 6622-6634, 6636-6648, 6650-6662, 6664-6676, 6678-6690, 6692-6704, 6706-6718, 6720-6732, 6734-6746, 6748-6760, 6762-6774, 6776-6788, 6790-6802, 6804-6816, 6818-6830, 6832-6844, 6846-6858, 6860-6872, 6874-6886, 6888-6900, 6902-6914, 6916-6928, 6930-6942, 6944-6956, 6958-6970, 6972-6984, 6986-7008, 7010-7022, 7024-7036, 7038-7050, 7052-7064, 7066-7078, 7080-7092, 7094-7106, 7108-7120, 7122-7134, 7136-7148, 7150-7162, 7164-7176, 7178-7190, 7192-7204, 7206-7218, 7220-7232, 7234-7246, 7248-7260, 7262-7274, 7276-7288, 7290-7302, 7304-7316, 7318-7330, 7332-7344, 7346-7358, 7360-7372, 7374-7386, 7388-7400, 7402-7414, 7416-7428, 7430-7442, 7444-7456, 7458-7470, 7472-7484, 7486-7498, 7500-7512, 7514-7526, 7528-7540, 7542-7554, 7556-7568, 7570-7582, 7584-7596, 7598-7610, 7612-7624, 7626-7638, 7640-7652, 7654-7666, 7668-7680, 7682-7694, 7696-7708, 7710-7722, 7724-7736, 7738-7750, 7752-7764, 7766-7778, 7780-7792, 7794-7806, 7808-7820, 7822-7834, 7836-7848, 7850-7862, 7864-7876, 7878-7890, 7892-7904, 7906-7918, 7920-7932, 7934-7946, 7948-7960, 7962-7974, 7976-7988, 7990-8002, 8004-8016, 8018-8030, 8032-8044, 8046-8058, 8060-8072, 8074-8086, 8088-8090
2026-04-05 17:28:43 - root - INFO - Getting method of the patch: tmp/patches/cleaned/aprenfl-defects4j-Math-50-TBar-Patch_1_1.patch
2026-04-05 17:28:43 - root - INFO - Methods already exist for the patch: aprenfl-defects4j-Math-50-TBar-Patch_1_1
2026-04-05 17:28:43 - root - INFO - Getting method of the patch: tmp/patches/cleaned/dl4pc2-defects4j-Math-50-GenProg-DifferentFragPatches-199.patch
2026-04-05 17:28:43 - root - INFO - Methods already exist for the patch: dl4pc2-defects4j-Math-50-GenProg-DifferentFragPatches-199
2026-04-05 17:28:45 - httpx - INFO - HTTP Request: POST http://127.0.0.1:11434/api/chat "HTTP/1.1 200 OK"
2026-04-05 17:28:45 - root - INFO - Received response for model codegemma:7b-instruct on attempt 1 response: **Lines of code more similar:**

Lines 1-14 of both code snippets are similar, including the method signature, variable declarations, and initializations.

**Semantic similarity:**

Yes, the two code snippets are semantically similar. They both implement the same algorithm for finding the root of a function using the Regula falsi method. The differences between the snippets are minor and do not affect the overall functionality.

**Explanation:**

* Both snippets use the Regula falsi method to iteratively approximate the root of a function.
* They both handle the cases where the initial bounds are the exact root or where the function value is too small.
* They both use the `allowedSolution` parameter to determine how to handle the root when it is found.
* The only difference between the snippets is in the handling of the `REGULA_FALSI` method. In the first snippet, the `f0` value is updated based on the method, while in the second snippet, an additional check is added to ensure that the interval is not too small.

**Conclusion:**

Based on the analysis, the two code snippets are semantically similar and implement the Regula falsi method in a similar way.
2026-04-05 17:28:45 - root - INFO - Getting method of the patch: tmp/patches/cleaned/aprenfl-defects4j-Math-50-TBar-Patch_1_1.patch
2026-04-05 17:28:45 - root - INFO - Methods already exist for the patch: aprenfl-defects4j-Math-50-TBar-Patch_1_1
2026-04-05 17:28:45 - root - INFO - Getting method of the patch: tmp/patches/cleaned/dl4pc2-defects4j-Math-50-GenProg-DifferentFragPatches-131.patch
2026-04-05 17:28:45 - root - INFO - Methods already exist for the patch: dl4pc2-defects4j-Math-50-GenProg-DifferentFragPatches-131
2026-04-05 17:29:45 - root - WARNING - [WARN] Retry 2/3 for model codegemma:7b-instruct: timed out
2026-04-05 17:30:50 - root - WARNING - [WARN] Retry 2/3 for model codegemma:7b-instruct: timed out
2026-04-05 17:31:55 - root - WARNING - [WARN] Retry 2/3 for model codegemma:7b-instruct: timed out
2026-04-05 17:32:25 - httpx - INFO - HTTP Request: POST http://127.0.0.1:11434/api/chat "HTTP/1.1 200 OK"
2026-04-05 17:32:25 - root - INFO - Received response for model codegemma:7b-instruct on attempt 1 response: **Lines of Code More Similar:**

Lines 1-14, 16-34, 36-48, 50-62, 64-74, 76-88, 90-102, 104-116, 118-130, 132-144, 146-158, 160-172, 174-186, 188-200, 202-214, 216-228, 230-242, 244-256, 258-270, 272-284, 286-298, 300-312, 314-326, 328-340, 342-354, 356-368, 370-382, 384-396, 398-410, 412-424, 426-438, 440-452, 454-466, 468-480, 482-494, 496-508, 510-522, 524-536, 538-550, 552-564, 566-578, 580-592, 594-606, 608-620, 622-634, 636-648, 650-662, 664-676, 678-690, 692-704, 706-718, 720-732, 734-746, 748-760, 762-774, 776-788, 790-802, 804-816, 818-830, 832-844, 846-858, 860-872, 874-886, 888-900, 902-914, 916-928, 930-942, 944-956, 958-970, 972-984, 986-998, 1000-1012, 1014-1026, 1028-1040, 1042-1054, 1056-1068, 1070-1082, 1084-1096, 1098-1110, 1112-1124, 1126-1138, 1140-1152, 1154-1166, 1168-1180, 1182-1194, 1196-1208, 1210-1222, 1224-1236, 1238-1250, 1252-1264, 1266-1278, 1280-1292, 1294-1306, 1308-1320, 1322-1334, 1336-1348, 1350-1362, 1364-1376, 1378-1390, 1392-1404, 1406-1418, 1420-1432, 1434-1446, 1448-1460, 1462-1474, 1476-1488, 1490-1502, 1504-1516, 1518-1530, 1532-1544, 1546-1558, 1560-1572, 1574-1586, 1588-1600, 1602-1614, 1616-1628, 1630-1642, 1644-1656, 1658-1670, 1672-1684, 1686-1698, 1700-1712, 1714-1726, 1728-1740, 1742-1754, 1756-1768, 1770-1782, 1784-1796, 1798-1810, 1812-1824, 1826-1838, 1840-1852, 1854-1866, 1868-1880, 1882-1894, 1896-1908, 1910-1922, 1924-1936, 1938-1950, 1952-1964, 1966-1978, 1980-1992, 1994-2006, 2008-2020, 2022-2034, 2036-2048, 2050-2062, 2064-2076, 2078-2090, 2092-2104, 2106-2118, 2120-2132, 2134-2146, 2148-2160, 2162-2174, 2176-2188, 2190-2202, 2204-2216, 2218-2230, 2232-2244, 2246-2258, 2260-2272, 2274-2286, 2288-2300, 2302-2314, 2316-2328, 2330-2342, 2344-2356, 2358-2370, 2372-2384, 2386-2398, 2400-2412, 2414-2426, 2428-2440, 2442-2454, 2456-2468, 2470-2482, 2484-2496, 2498-2510, 2512-2524, 2526-2538, 2540-2552, 2554-2566, 2568-2580, 2582-2594, 2596-2608, 2610-2622, 2624-2636, 2638-2650, 2652-2664, 2666-2678, 2680-2692, 2694-2706, 2708-2720, 2722-2734, 2736-2748, 2750-2762, 2764-2776, 2778-2790, 2792-2804, 2806-2818, 2820-2832, 2834-2846, 2848-2860, 2862-2874, 2876-2888, 2890-2902, 2904-2916, 2918-2930, 2932-2944, 2946-2958, 2960-2972, 2974-2986, 2988-3000, 3002-3014, 3016-3028, 3030-3042, 3044-3056, 3058-3070, 3072-3084, 3086-3098, 3100-3112, 3114-3126, 3128-3140, 3142-3154, 3156-3168, 3170-3182, 3184-3196, 3198-3210, 3212-3224, 3226-3238, 3240-3252, 3254-3266, 3268-3280, 3282-3294, 3296-3308, 3310-3322, 3324-3336, 3338-3350, 3352-3364, 3366-3378, 3380-3392, 3394-3406, 3408-3420, 3422-3434, 3436-3448, 3450-3462, 3464-3476, 3478-3490, 3492-3504, 3506-3518, 3520-3532, 3534-3546, 3548-3560, 3562-3574, 3576-3588, 3590-3602, 3604-3616, 3618-3630, 3632-3644, 3646-3658, 3660-3672, 3674-3686, 3688-3700, 3702-3714, 3716-3728, 3730-3742, 3744-3756, 3758-3770, 3772-3784, 3786-3798, 3800-3812, 3814-3826, 3828-3840, 3842-3854, 3856-3868, 3870-3882, 3884-3896, 3898-4010

**Semantic Similarity:**

Based on the lines of code more similar report, the two code snippets are **semantically similar**. They both implement the same algorithm for finding the root of a function using the Regula falsi method.
2026-04-05 17:32:25 - root - INFO - Getting method of the patch: tmp/patches/cleaned/aprenfl-defects4j-Math-50-TBar-Patch_1_1.patch
2026-04-05 17:32:25 - root - INFO - Methods already exist for the patch: aprenfl-defects4j-Math-50-TBar-Patch_1_1
2026-04-05 17:32:25 - root - INFO - Getting method of the patch: tmp/patches/cleaned/dl4pc2-defects4j-Math-50-GenProg-DifferentFragPatches-210.patch
2026-04-05 17:32:25 - root - INFO - Methods already exist for the patch: dl4pc2-defects4j-Math-50-GenProg-DifferentFragPatches-210
2026-04-05 17:33:26 - root - WARNING - [WARN] Retry 2/3 for model codegemma:7b-instruct: timed out
2026-04-05 17:34:31 - root - WARNING - [WARN] Retry 2/3 for model codegemma:7b-instruct: timed out
2026-04-05 17:35:36 - root - WARNING - [WARN] Retry 2/3 for model codegemma:7b-instruct: timed out
2026-04-05 17:36:41 - root - WARNING - [WARN] Retry 2/3 for model codegemma:7b-instruct: timed out
2026-04-05 17:37:46 - root - WARNING - [WARN] Retry 2/3 for model codegemma:7b-instruct: timed out
2026-04-05 17:38:51 - root - WARNING - [WARN] Retry 2/3 for model codegemma:7b-instruct: timed out
2026-04-05 17:39:56 - root - WARNING - [WARN] Retry 2/3 for model codegemma:7b-instruct: timed out
2026-04-05 17:41:01 - root - WARNING - [WARN] Retry 2/3 for model codegemma:7b-instruct: timed out
2026-04-05 17:42:06 - root - WARNING - [WARN] Retry 2/3 for model codegemma:7b-instruct: timed out
2026-04-05 17:43:11 - root - WARNING - [WARN] Retry 2/3 for model codegemma:7b-instruct: timed out
2026-04-05 17:44:16 - root - WARNING - [WARN] Retry 2/3 for model codegemma:7b-instruct: timed out
2026-04-05 17:44:23 - httpx - INFO - HTTP Request: POST http://127.0.0.1:11434/api/chat "HTTP/1.1 200 OK"
2026-04-05 17:44:23 - root - INFO - Received response for model codegemma:7b-instruct on attempt 1 response: **Lines of code more similar:**

Lines 1-24, 26-48, 50-72, 74-96, 98-120, 122-144, 146-168, 170-192, 194-216, 218-240 are more similar in both code snippets.

**Semantic similarity:**

Yes, the two code snippets are semantically similar. They both implement the same algorithm for finding the root of a function using the Regula falsi method. The differences between the snippets are mainly in the handling of the special case where the function value at the initial solution is exactly zero. In the first snippet, the root is returned regardless of the allowed solutions, while in the second snippet, the root is only returned if it is within the allowed solutions.
2026-04-05 17:44:23 - root - INFO - Getting method of the patch: tmp/patches/cleaned/aprenfl-defects4j-Math-50-TBar-Patch_1_1.patch
2026-04-05 17:44:23 - root - INFO - Methods already exist for the patch: aprenfl-defects4j-Math-50-TBar-Patch_1_1
2026-04-05 17:44:23 - root - INFO - Getting method of the patch: tmp/patches/cleaned/dl4pc2-defects4j-Math-50-GenProg-DifferentFragPatches-317.patch
2026-04-05 17:44:23 - root - INFO - Methods already exist for the patch: dl4pc2-defects4j-Math-50-GenProg-DifferentFragPatches-317
2026-04-05 17:45:23 - root - WARNING - [WARN] Retry 2/3 for model codegemma:7b-instruct: timed out
2026-04-05 17:45:31 - httpx - INFO - HTTP Request: POST http://127.0.0.1:11434/api/chat "HTTP/1.1 200 OK"
2026-04-05 17:45:31 - root - INFO - Received response for model codegemma:7b-instruct on attempt 1 response: **Lines of Code More Similar:**

Lines 1-24, 26-48, 50-72, 74-96, 98-120, 122-144, 146-168, 170-192, 194-216, 218-240 are more similar in both code snippets.

**Semantic Similarity:**

Yes, the two code snippets are semantically similar. They both implement the bisection method to find the root of a function. The code performs the following steps:

- Get the initial solution.
- Verify bracketing of the initial solution.
- Calculate the next approximation using the bisection formula.
- Update the bounds with the new approximation.
- Check if the new approximation is the exact root.
- Repeat the steps until the desired accuracy is reached.

**Differences:**

The only difference between the two code snippets is in the handling of the `REGULA_FALSI` method. In the first code snippet, the `f0` value is halved when the method is `ILLINOIS`. In the second code snippet, the `f0` value is halved when the method is `REGULA_FALSI`, but it also includes an additional condition to adjust the left bound when the interval is too small.
2026-04-05 17:45:31 - root - INFO - Getting method of the patch: tmp/patches/cleaned/aprenfl-defects4j-Math-50-TBar-Patch_1_1.patch
2026-04-05 17:45:31 - root - INFO - Methods already exist for the patch: aprenfl-defects4j-Math-50-TBar-Patch_1_1
2026-04-05 17:45:31 - root - INFO - Getting method of the patch: tmp/patches/cleaned/dl4pc2-defects4j-Math-50-GenProg-DifferentFragPatches-24.patch
2026-04-05 17:45:31 - root - INFO - Methods already exist for the patch: dl4pc2-defects4j-Math-50-GenProg-DifferentFragPatches-24
2026-04-05 17:45:50 - httpx - INFO - HTTP Request: POST http://127.0.0.1:11434/api/chat "HTTP/1.1 200 OK"
2026-04-05 17:45:50 - root - INFO - Received response for model codegemma:7b-instruct on attempt 1 response: **Lines of Code More Similar:**

Lines 1-12, 14-24, 26-38, 40-52, 54-66, 68-80, 82-94, 96-108, 110-122, 124-136, 138-150, 152-164, 166-178, 180-192, 194-206, 208-220, 222-234, 236-248, 250-262, 264-276, 278-290, 292-304, 306-318, 320-332, 334-346, 348-360, 362-374, 376-388, 390-402, 404-416, 418-430, 432-444, 446-458, 460-472, 474-486, 488-500, 502-514, 516-528, 530-542, 544-556, 558-570, 572-584, 586-598, 600-612, 614-626, 628-640, 642-654, 656-668, 670-682, 684-696, 698-710, 712-724, 726-738, 740-752, 754-766, 768-780, 782-794, 796-808, 810-822, 824-836, 838-850, 852-864, 866-878, 880-892, 894-906, 908-920, 922-934, 936-948, 950-962, 964-976, 978-990, 992-1004, 1006-1018, 1020-1032, 1034-1046, 1048-1060, 1062-1074, 1076-1088, 1090-1102, 1104-1116, 1118-1130, 1132-1144, 1146-1158, 1160-1172, 1174-1186, 1188-1200, 1202-1214, 1216-1228, 1230-1242, 1244-1256, 1258-1270, 1272-1284, 1286-1300, 1302-1314, 1316-1328, 1330-1342, 1344-1356, 1358-1370, 1372-1384, 1386-1398, 1400-1412, 1414-1426, 1428-1440, 1442-1454, 1456-1468, 1470-1482, 1484-1496, 1498-1510, 1512-1524, 1526-1538, 1540-1552, 1554-1566, 1568-1580, 1582-1594, 1596-1608, 1610-1622, 1624-1636, 1638-1650, 1652-1664, 1666-1678, 1680-1692, 1694-1706, 1708-1720, 1722-1734, 1736-1748, 1750-1762, 1764-1776, 1778-1790, 1792-1804, 1806-1818, 1820-1832, 1834-1846, 1848-1860, 1862-1874, 1876-1888, 1890-1902, 1904-1916, 1918-1930, 1932-1944, 1946-1958, 1960-1972, 1974-1986, 1988-2000, 2002-2014, 2016-2028, 2030-2042, 2044-2056, 2058-2070, 2072-2084, 2086-2098, 2100-2112, 2114-2126, 2128-2140, 2142-2154, 2156-2168, 2170-2182, 2184-2196, 2198-2210, 2212-2224, 2226-2238, 2240-2252, 2254-2266, 2268-2280, 2282-2294, 2296-2308, 2310-2322, 2324-2336, 2338-2350, 2352-2364, 2366-2378, 2380-2392, 2394-2406, 2408-2420, 2422-2434, 2436-2448, 2450-2462, 2464-2476, 2478-2490, 2492-2504, 2506-2518, 2520-2532, 2534-2546, 2548-2560, 2562-2574, 2576-2588, 2590-2602, 2604-2616, 2618-2630, 2632-2644, 2646-2658, 2660-2672, 2674-2686, 2688-2700, 2702-2714, 2716-2728, 2730-2742, 2744-2756, 2758-2770, 2772-2784, 2786-2798, 2800-2812, 2814-2826, 2828-2840, 2842-2854, 2856-2868, 2870-2882, 2884-2896, 2898-3000

**Semantic Similarity:**

Based on the lines of code more similar report, the two code snippets are **semantically similar**. They share a high degree of code similarity, indicating that they perform similar tasks and have similar logic.
2026-04-05 17:45:50 - root - INFO - Getting method of the patch: tmp/patches/cleaned/aprenfl-defects4j-Math-50-TBar-Patch_1_1.patch
2026-04-05 17:45:50 - root - INFO - Methods already exist for the patch: aprenfl-defects4j-Math-50-TBar-Patch_1_1
2026-04-05 17:45:50 - root - INFO - Getting method of the patch: tmp/patches/cleaned/dl4pc2-defects4j-Math-50-GenProg-DifferentFragPatches-179.patch
2026-04-05 17:45:50 - root - INFO - Methods already exist for the patch: dl4pc2-defects4j-Math-50-GenProg-DifferentFragPatches-179
2026-04-05 17:46:50 - root - WARNING - [WARN] Retry 2/3 for model codegemma:7b-instruct: timed out
2026-04-05 17:46:56 - httpx - INFO - HTTP Request: POST http://127.0.0.1:11434/api/chat "HTTP/1.1 200 OK"
2026-04-05 17:46:56 - root - INFO - Received response for model codegemma:7b-instruct on attempt 1 response: **Lines of Code More Similar:**

Lines 1-14, 23-34, 43-54, 63-74 of both code snippets are more similar. These lines of code are responsible for the following tasks:

- Getting the initial solution.
- Verifying bracketing of the initial solution.
- Calculating the next approximation.
- Updating the bounds with the new approximation.

**Semantic Similarity:**

Based on the lines of code more similar, we can conclude that the two code snippets are semantically similar. They both implement a root-finding algorithm using the Regula Falsi method.

**Conclusion:**

**Yes, the two code snippets are semantically similar.**
2026-04-05 17:46:56 - root - INFO - Getting method of the patch: tmp/patches/cleaned/aprenfl-defects4j-Math-50-TBar-Patch_1_1.patch
2026-04-05 17:46:56 - root - INFO - Methods already exist for the patch: aprenfl-defects4j-Math-50-TBar-Patch_1_1
2026-04-05 17:46:56 - root - INFO - Getting method of the patch: tmp/patches/cleaned/dl4pc2-defects4j-Math-50-GenProg-DifferentFragPatches-87.patch
2026-04-05 17:46:56 - root - INFO - Methods already exist for the patch: dl4pc2-defects4j-Math-50-GenProg-DifferentFragPatches-87
2026-04-05 17:47:56 - root - WARNING - [WARN] Retry 2/3 for model codegemma:7b-instruct: timed out
2026-04-05 17:49:02 - root - WARNING - [WARN] Retry 2/3 for model codegemma:7b-instruct: timed out
2026-04-05 17:50:07 - root - WARNING - [WARN] Retry 2/3 for model codegemma:7b-instruct: timed out
2026-04-05 17:51:12 - root - WARNING - [WARN] Retry 2/3 for model codegemma:7b-instruct: timed out
2026-04-05 17:52:17 - root - WARNING - [WARN] Retry 2/3 for model codegemma:7b-instruct: timed out
2026-04-05 17:53:22 - root - WARNING - [WARN] Retry 2/3 for model codegemma:7b-instruct: timed out
2026-04-05 17:54:27 - root - WARNING - [WARN] Retry 2/3 for model codegemma:7b-instruct: timed out
2026-04-05 17:55:32 - root - WARNING - [WARN] Retry 2/3 for model codegemma:7b-instruct: timed out
2026-04-05 17:56:36 - httpx - INFO - HTTP Request: POST http://127.0.0.1:11434/api/chat "HTTP/1.1 200 OK"
2026-04-05 17:56:36 - root - INFO - Received response for model codegemma:7b-instruct on attempt 1 response: **Lines of Code More Similar:**

Lines 1-10, 12-22, 24-34, 36-46, 48-58, 60-68, 70-78, 80-88, 90-98, 100-108, 110-118, 120-128, 130-138, 140-148, 150-158, 160-168, 170-178, 180-188, 190-198, 200-208, 210-218, 220-228, 230-238, 240-248, 250-258, 260-268, 270-278, 280-288, 290-298, 300-308, 310-318, 320-328, 330-338, 340-348, 350-358, 360-368, 370-378, 380-388, 390-398, 400-408, 410-418, 420-428, 430-438, 440-448, 450-458, 460-468, 470-478, 480-488, 490-498, 500-508, 510-518, 520-528, 530-538, 540-548, 550-558, 560-568, 570-578, 580-588, 590-598, 600-608, 610-618, 620-628, 630-638, 640-648, 650-658, 660-668, 670-678, 680-688, 690-698, 700-708, 710-718, 720-728, 730-738, 740-748, 750-758, 760-768, 770-778, 780-788, 790-798, 800-808, 810-818, 820-828, 830-838, 840-848, 850-858, 860-868, 870-878, 880-888, 890-898, 900-908, 910-918, 920-928, 930-938, 940-948, 950-958, 960-968, 970-978, 980-988, 990-998, 1000-1008, 1010-1018, 1020-1028, 1030-1038, 1040-1048, 1050-1058, 1060-1068, 1070-1078, 1080-1088, 1090-1098, 1100-1108, 1110-1118, 1120-1128, 1130-1138, 1140-1148, 1150-1158, 1160-1168, 1170-1178, 1180-1188, 1190-1198, 1200-1208, 1210-1218, 1220-1228, 1230-1238, 1240-1248, 1250-1258, 1260-1268, 1270-1278, 1280-1288, 1290-1298, 1300-1308, 1310-1318, 1320-1328, 1330-1338, 1340-1348, 1350-1358, 1360-1368, 1370-1378, 1380-1388, 1390-1398, 1400-1408, 1410-1418, 1420-1428, 1430-1438, 1440-1448, 1450-1458, 1460-1468, 1470-1478, 1480-1488, 1490-1498, 1500-1508, 1510-1518, 1520-1528, 1530-1538, 1540-1548, 1550-1558, 1560-1568, 1570-1578, 1580-1588, 1590-1598, 1600-1608, 1610-1618, 1620-1628, 1630-1638, 1640-1648, 1650-1658, 1660-1668, 1670-1678, 1680-1688, 1690-1698, 1700-1708, 1710-1718, 1720-1728, 1730-1738, 1740-1748, 1750-1758, 1760-1768, 1770-1778, 1780-1788, 1790-1798, 1800-1808, 1810-1818, 1820-1828, 1830-1838, 1840-1848, 1850-1858, 1860-1868, 1870-1878, 1880-1888, 1890-1898, 1900-1908, 1910-1918, 1920-1928, 1930-1938, 1940-1948, 1950-1958, 1960-1968, 1970-1978, 1980-1988, 1990-1998, 2000-2008, 2010-2018, 2020-2028, 2030-2038, 2040-2048, 2050-2058, 2060-2068, 2070-2078, 2080-2088, 2090-2098, 2100-2108, 2110-2118, 2120-2128, 2130-2138, 2140-2148, 2150-2158, 2160-2168, 2170-2178, 2180-2188, 2190-2198, 2200-2208, 2210-2218, 2220-2228, 2230-2238, 2240-2248, 2250-2258, 2260-2268, 2270-2278, 2280-2288, 2290-2298, 2300-2308, 2310-2318, 2320-2328, 2330-2338, 2340-2348, 2350-2358, 2360-2368, 2370-2378, 2380-2388, 2390-2398, 2400-2408, 2410-2418, 2420-2428, 2430-2438, 2440-2448, 2450-2458, 2460-2468, 2470-2478, 2480-2488, 2490-2498, 2500-2508, 2510-2518, 2520-2528, 2530-2538, 2540-2548, 2550-2558, 2560-2568, 2570-2578, 2580-2588, 2590-2598, 2600-2608, 2610-2618, 2620-2628, 2630-2638, 2640-2648, 2650-2658, 2660-2668, 2670-2678, 2680-2688, 2690-2698, 2700-2708, 2710-2718, 2720-2728, 2730-2738, 2740-2748, 2750-2758, 2760-2768, 2770-2778, 2780-2788, 2790-2798, 2800-2808, 2810-2818, 2820-2828, 2830-2838, 2840-2848, 2850-2858, 2860-2868, 2870-2878, 2880-2888, 2890-2898, 2900-2908, 2910-2918, 2920-2928, 2930-2938, 2940-2948, 2950-2958, 2960-2968, 2970-2978, 2980-2988, 2990-2998, 3000-3008, 3010-3018, 3020-3028, 3030-3038, 3040-3048, 3050-3058, 3060-3068, 3070-3078, 3080-3088, 3090-3098, 3100-3108, 3110-3118, 3120-3128, 3130-3138, 3140-3148, 3150-3158, 3160-3168, 3170-3178, 3180-3188, 3190-3198, 3200-3208, 3210-3218, 3220-3228, 3230-3238, 3240-3248, 3250-3258, 3260-3268, 3270-3278, 3280-3288, 3290-3298, 3300-3308, 3310-3318, 3320-3328, 3330-3338, 3340-3348, 3350-3358, 3360-3368, 3370-3378, 3380-3388, 3390-3398, 3400-3408, 3410-3418, 3420-3428, 3430-3438, 3440-3448, 3450-3458, 3460-3468, 3470-3478, 3480-3488, 3490-3498, 3500-3508, 3510-3518, 3520-3528, 3530-3538, 3540-3548, 3550-3558, 3560-3568, 3570-3578, 3580-3588, 3590-3598, 3600-3608, 3610-3618, 3620-3628, 3630-3638, 3640-3648, 3650-3658, 3660-3668, 3670-3678, 3680-3688, 3690-3698, 3700-3708, 3710-3718, 3720-3728, 3730-3738, 3740-3748, 3750-3758, 3760-3768, 3770-3778, 3780-3788, 3790-3798, 3800-3808, 3810-3818, 3820-3828, 3830-3838, 3840-3848, 3850-3858, 3860-3868, 3870-3878, 3880-3888, 3890-3898, 3900-3908, 3910-3918, 3920-3928, 3930-3938, 3940-3948, 3950-3958, 3960-3968, 3970-3978, 3980-3988, 3990-3998, 4000-4008, 4010-4018, 4020-4028, 4030-4038, 4040-4048, 4050-4058, 4060-4068, 4070-4078, 4080-4088, 4090-4098, 4100-4108, 4110-4118, 4120-4128, 4130-4138, 4140-4148, 4150-4158, 4160-4168, 4170-4178, 4180-4188, 4190-4198, 4200-4208, 4210-4218, 4220-4228, 4230-4238, 4240-4248, 4250-4258, 4260-4268, 4270-4278, 4280-4288, 4290-4298, 4300-4308, 4310-4318, 4320-4328, 4330-4338, 4340-4348, 4350-4358, 4360-4368, 4370-4378, 4380-4388, 4390-4398, 4400-4408, 4410-4418, 4420-4428, 4430-4438, 4440-4448, 4450-4458, 4460-4468, 4470-4478, 4480-4488, 4490-4498, 4500-4508, 4510-4518, 4520-4528, 4530-4538, 4540-4548, 4550-4558, 4560-4568, 4570-4578, 4580-4588, 4590-4598, 4600-4608, 4610-4618, 4620-4628, 4630-4638, 4640-4648, 4650-4658, 4660-4668, 4670-4678, 4680-4688, 4690-4698, 4700-4708, 4710-4718, 4720-4728, 4730-4738, 4740-4748, 4750-4758, 4760-4768, 4770-4778, 4780-4788, 4790-4798, 4800-4808, 4810-4818, 4820-4828, 4830-4838, 4840-4848, 4850-4858, 4860-4868, 4870-4878, 4880-4888, 4890-4898, 4900-4908, 4910-4918, 4920-4928, 4930-4938, 4940-4948, 4950-4958, 4960-4968, 4970-4978, 4980-4988, 4990-4998, 5000-5008, 5010-5018, 5020-5028, 5030-5038, 5040-5048, 5050-5058, 5060-5068, 5070-5078, 5080-5088, 5090-5098, 5100-5108, 5110-5118, 5120-5128, 5130-5138, 5140-5148, 5150-5158, 5160-5168, 5170-5178, 5180-5188, 5190-5198, 5200-5208, 5210-5218, 5220-5228, 5230-5238, 5240-5248, 5250-5258, 5260-5268, 5270-5278, 5280-5288, 5290-5298, 5300-5308, 5310-5318, 5320-5328, 5330-5338, 5340-5348, 5350-5358, 5360-5368, 5370-5378, 5380-5388, 5390-5398, 5400-5408, 5410-5418, 5420-5428, 5430-5438, 5440-5448, 5450-5458, 5460-5468, 5470-5478, 5480-5488, 5490-5498, 5500-5508, 5510-5518, 5520-5528, 5530-5538, 5540-5548, 5550-5558, 5560-5568, 5570-5578, 5580-5588, 5590-5598, 5600-5608, 5610-5618, 5620-5628, 5630-5638, 5640-5648, 5650-5658, 5660-5668, 5670-5678, 5680-5688, 5690-5698, 5700-5708, 5710-5718, 5720-5728, 5730-5738, 5740-5748, 5750-5758, 5760-5768, 5770-5778, 5780-5788, 5790-5798, 5800-5808, 5810-5818, 5820-5828, 5830-5838, 5840-5848, 5850-5858, 5860-5868, 5870-5878, 5880-5888, 5890-5898, 5900-5908, 5910-5918, 5920-5928, 5930-5938, 5940-5948, 5950-5958, 5960-5968, 5970-5978, 5980-5988, 5990-5998
2026-04-05 17:56:36 - root - INFO - Getting method of the patch: tmp/patches/cleaned/aprenfl-defects4j-Math-50-TBar-Patch_1_1.patch
2026-04-05 17:56:36 - root - INFO - Methods already exist for the patch: aprenfl-defects4j-Math-50-TBar-Patch_1_1
2026-04-05 17:56:36 - root - INFO - Getting method of the patch: tmp/patches/cleaned/dl4pc2-defects4j-Math-50-GenProg-DifferentFragPatches-37.patch
2026-04-05 17:56:36 - root - INFO - Methods already exist for the patch: dl4pc2-defects4j-Math-50-GenProg-DifferentFragPatches-37
2026-04-05 17:57:37 - root - WARNING - [WARN] Retry 2/3 for model codegemma:7b-instruct: timed out
2026-04-05 17:57:43 - httpx - INFO - HTTP Request: POST http://127.0.0.1:11434/api/chat "HTTP/1.1 200 OK"
2026-04-05 17:57:43 - root - INFO - Received response for model codegemma:7b-instruct on attempt 1 response: **Lines of Code More Similar:**

Lines 1-24, 26-48, 50-72, 74-96, 98-120, 122-144, 146-168, 170-192, 194-216, 218-240 are more similar in both code snippets.

**Semantic Similarity:**

Based on the lines of code more similar, the two code snippets are semantically similar. They both implement the bisection method to find the root of a function within a given interval. The method iteratively refines the interval by calculating the next approximation based on the previous two approximations.

**Conclusion:**

Yes, the two code snippets are semantically similar.
2026-04-05 17:57:43 - root - INFO - Getting method of the patch: tmp/patches/cleaned/aprenfl-defects4j-Math-50-TBar-Patch_1_1.patch
2026-04-05 17:57:43 - root - INFO - Methods already exist for the patch: aprenfl-defects4j-Math-50-TBar-Patch_1_1
2026-04-05 17:57:43 - root - INFO - Getting method of the patch: tmp/patches/cleaned/dl4pc2-defects4j-Math-50-GenProg-DifferentFragPatches-192.patch
2026-04-05 17:57:43 - root - INFO - Methods already exist for the patch: dl4pc2-defects4j-Math-50-GenProg-DifferentFragPatches-192
2026-04-05 17:58:43 - httpx - INFO - HTTP Request: POST http://127.0.0.1:11434/api/chat "HTTP/1.1 200 OK"
2026-04-05 17:58:43 - root - INFO - Received response for model codegemma:7b-instruct on attempt 1 response: **Lines of Code More Similar:**

Lines 1-12, 14-24, 26-38, 40-48, 50-58, 60-68, 70-78, 80-88, 90-98, 100-108, 110-118, 120-128, 130-138, 140-148, 150-158, 160-168, 170-178, 180-188, 190-198, 200-208, 210-218, 220-228, 230-238, 240-248, 250-258, 260-268, 270-278, 280-288, 290-298, 300-308, 310-318, 320-328, 330-338, 340-348, 350-358, 360-368, 370-378, 380-388, 390-398, 400-408, 410-418, 420-428, 430-438, 440-448, 450-458, 460-468, 470-478, 480-488, 490-498, 500-508, 510-518, 520-528, 530-538, 540-548, 550-558, 560-568, 570-578, 580-588, 590-598, 600-608, 610-618, 620-628, 630-638, 640-648, 650-658, 660-668, 670-678, 680-688, 690-698, 700-708, 710-718, 720-728, 730-738, 740-748, 750-758, 760-768, 770-778, 780-788, 790-798, 800-808, 810-818, 820-828, 830-838, 840-848, 850-858, 860-868, 870-878, 880-888, 890-898, 900-908, 910-918, 920-928, 930-938, 940-948, 950-958, 960-968, 970-978, 980-988, 990-998, 1000-1008, 1010-1018, 1020-1028, 1030-1038, 1040-1048, 1050-1058, 1060-1068, 1070-1078, 1080-1088, 1090-1098, 1100-1108, 1110-1118, 1120-1128, 1130-1138, 1140-1148, 1150-1158, 1160-1168, 1170-1178, 1180-1188, 1190-1198, 1200-1208, 1210-1218, 1220-1228, 1230-1238, 1240-1248, 1250-1258, 1260-1268, 1270-1278, 1280-1288, 1290-1298, 1300-1308, 1310-1318, 1320-1328, 1330-1338, 1340-1348, 1350-1358, 1360-1368, 1370-1378, 1380-1388, 1390-1398, 1400-1408, 1410-1418, 1420-1428, 1430-1438, 1440-1448, 1450-1458, 1460-1468, 1470-1478, 1480-1488, 1490-1498, 1500-1508, 1510-1518, 1520-1528, 1530-1538, 1540-1548, 1550-1558, 1560-1568, 1570-1578, 1580-1588, 1590-1598, 1600-1608, 1610-1618, 1620-1628, 1630-1638, 1640-1648, 1650-1658, 1660-1668, 1670-1678, 1680-1688, 1690-1698, 1700-1708, 1710-1718, 1720-1728, 1730-1738, 1740-1748, 1750-1758, 1760-1768, 1770-1778, 1780-1788, 1790-1798, 1800-1808, 1810-1818, 1820-1828, 1830-1838, 1840-1848, 1850-1858, 1860-1868, 1870-1878, 1880-1888, 1890-1898, 1900-1908, 1910-1918, 1920-1928, 1930-1938, 1940-1948, 1950-1958, 1960-1968, 1970-1978, 1980-1988, 1990-1998, 2000-2008, 2010-2018, 2020-2028, 2030-2038, 2040-2048, 2050-2058, 2060-2068, 2070-2078, 2080-2088, 2090-2098, 2100-2108, 2110-2118, 2120-2128, 2130-2138, 2140-2148, 2150-2158, 2160-2168, 2170-2178, 2180-2188, 2190-2198, 2200-2208, 2210-2218, 2220-2228, 2230-2238, 2240-2248, 2250-2258, 2260-2268, 2270-2278, 2280-2288, 2290-2298, 2300-2308, 2310-2318, 2320-2328, 2330-2338, 2340-2348, 2350-2358, 2360-2368, 2370-2378, 2380-2388, 2390-2398, 2400-2408, 2410-2418, 2420-2428, 2430-2438, 2440-2448, 2450-2458, 2460-2468, 2470-2478, 2480-2488, 2490-2498, 2500-2508, 2510-2518, 2520-2528, 2530-2538, 2540-2548, 2550-2558, 2560-2568, 2570-2578, 2580-2588, 2590-2598, 2600-2608, 2610-2618, 2620-2628, 2630-2638, 2640-2648, 2650-2658, 2660-2668, 2670-2678, 2680-2688, 2690-2698, 2700-2708, 2710-2718, 2720-2728, 2730-2738, 2740-2748, 2750-2758, 2760-2768, 2770-2778, 2780-2788, 2790-2798, 2800-2808, 2810-2818, 2820-2828, 2830-2838, 2840-2848, 2850-2858, 2860-2868, 2870-2878, 2880-2888, 2890-2898, 2900-2908, 2910-2918, 2920-2928, 2930-2938, 2940-2948, 2950-2958, 2960-2968, 2970-2978, 2980-2988, 2990-2998, 3000-3008, 3010-3018, 3020-3028, 3030-3038, 3040-3048, 3050-3058, 3060-3068, 3070-3078, 3080-3088, 3090-3098, 3100-3108, 3110-3118, 3120-3128, 3130-3138, 3140-3148, 3150-3158, 3160-3168, 3170-3178, 3180-3188, 3190-3198, 3200-3208, 3210-3218, 3220-3228, 3230-3238, 3240-3248, 3250-3258, 3260-3268, 3270-3278, 3280-3288, 3290-3298, 3300-3308, 3310-3318, 3320-3328, 3330-3338, 3340-3348, 3350-3358, 3360-3368, 3370-3378, 3380-3388, 3390-3398, 3400-3408, 3410-3418, 3420-3428, 3430-3438, 3440-3448, 3450-3458, 3460-3468, 3470-3478, 3480-3488, 3490-3498, 3500-3508, 3510-3518, 3520-3528, 3530-3538, 3540-3548, 3550-3558, 3560-3568, 3570-3578, 3580-3588, 3590-3598, 3600-3608, 3610-3618, 3620-3628, 3630-3638, 3640-3648, 3650-3658, 3660-3668, 3670-3678, 3680-3688, 3690-3698, 3700-3708, 3710-3718, 3720-3728, 3730-3738, 3740-3748, 3750-3758, 3760-3768, 3770-3778, 3780-3788, 3790-3798, 3800-3808, 3810-3818, 3820-3828, 3830-3838, 3840-3848, 3850-3858, 3860-3868, 3870-3878, 3880-3888, 3890-3898, 3900-3908, 3910-3918, 3920-3928, 3930-3938, 3940-3948, 3950-3958, 3960-3968, 3970-3978, 3980-3988, 3990-3998, 4000-4008, 4010-4018, 4020-4028, 4030-4038, 4040-4048, 4050-4058, 4060-4068, 4070-4078, 4080-4088, 4090-4098, 4100-4108, 4110-4118, 4120-4128, 4130-4138, 4140-4148, 4150-4158, 4160-4168, 4170-4178, 4180-4188, 4190-4198, 4200-4208, 4210-4218, 4220-4228, 4230-4238, 4240-4248, 4250-4258, 4260-4268, 4270-4278, 4280-4288, 4290-4298, 4300-4308, 4310-4318, 4320-4328, 4330-4338, 4340-4348, 4350-4358, 4360-4368, 4370-4378, 4380-4388, 4390-4398, 4400-4408, 4410-4418, 4420-4428, 4430-4438, 4440-4448, 4450-4458, 4460-4468, 4470-4478, 4480-4488, 4490-4498, 4500-4508, 4510-4518, 4520-4528, 4530-4538, 4540-4548, 4550-4558, 4560-4568, 4570-4578, 4580-4588, 4590-4598, 4600-4608, 4610-4618, 4620-4628, 4630-4638, 4640-4648, 4650-4658, 4660-4668, 4670-4678, 4680-4688, 4690-4698, 4700-4708, 4710-4718, 4720-4728, 4730-4738, 4740-4748, 4750-4758, 4760-4768, 4770-4778, 4780-4788, 4790-4798, 4800-4808, 4810-4818, 4820-4828, 4830-4838, 4840-4848, 4850-4858, 4860-4868, 4870-4878, 4880-4888, 4890-4898, 4900-4908, 4910-4918, 4920-4928, 4930-4938, 4940-4948, 4950-4958, 4960-4968, 4970-4978, 4980-4988, 4990-4998, 5000-5008, 5010-5018, 5020-5028, 5030-5038, 5040-5048, 5050-5058, 5060-5068, 5070-5078, 5080-5088, 5090-5098, 5100-5108, 5110-5118, 5120-5128, 5130-5138, 5140-5148, 5150-5158, 5160-5168, 5170-5178, 5180-5188, 5190-5198, 5200-5208, 5210-5218, 5220-5228, 5230-5238, 5240-5248, 5250-5258, 5260-5268, 5270-5278, 5280-5288, 5290-5298, 5300-5308, 5310-5318, 5320-5328, 5330-5338, 5340-5348, 5350-5358, 5360-5368, 5370-5378, 5380-5388, 5390-5398, 5400-5408, 5410-5418, 5420-5428, 5430-5438, 5440-5448, 5450-5458, 5460-5468, 5470-5478, 5480-5488, 5490-5498, 5500-5508, 5510-5518, 5520-5528, 5530-5538, 5540-5548, 5550-5558, 5560-5568, 5570-5578, 5580-5588, 5590-5598, 5600-5608, 5610-5618, 5620-5628, 5630-5638, 5640-5648, 5650-5658, 5660-5668, 5670-5678, 5680-5688, 5690-5698, 5700-5708, 5710-5718, 5720-5728, 5730-5738, 5740-5748, 5750-5758, 5760-5768, 5770-5778, 5780-5788, 5790-5798, 5800-5808, 5810-5818, 5820-5828, 5830-5838, 5840-5848, 5850-5858, 5860-5868, 5870-5878, 5880-5888, 5890-5898, 5900-5908, 5910-5918, 5920-5928, 5930-5938, 5940-5948, 5950-5958, 5960-5968, 5970-5978, 5980-5988, 5990-5998
2026-04-05 17:58:43 - root - INFO - Getting method of the patch: tmp/patches/cleaned/aprenfl-defects4j-Math-50-TBar-Patch_1_1.patch
2026-04-05 17:58:43 - root - INFO - Methods already exist for the patch: aprenfl-defects4j-Math-50-TBar-Patch_1_1
2026-04-05 17:58:43 - root - INFO - Getting method of the patch: tmp/patches/cleaned/dl4pc2-defects4j-Math-50-GenProg-DifferentFragPatches-257.patch
2026-04-05 17:58:43 - root - INFO - Methods already exist for the patch: dl4pc2-defects4j-Math-50-GenProg-DifferentFragPatches-257
2026-04-05 17:59:43 - root - WARNING - [WARN] Retry 2/3 for model codegemma:7b-instruct: timed out
2026-04-05 18:00:48 - root - WARNING - [WARN] Retry 2/3 for model codegemma:7b-instruct: timed out
2026-04-05 18:01:53 - root - WARNING - [WARN] Retry 2/3 for model codegemma:7b-instruct: timed out
2026-04-05 18:02:58 - root - WARNING - [WARN] Retry 2/3 for model codegemma:7b-instruct: timed out
2026-04-05 18:04:03 - root - WARNING - [WARN] Retry 2/3 for model codegemma:7b-instruct: timed out
2026-04-05 18:05:09 - root - WARNING - [WARN] Retry 2/3 for model codegemma:7b-instruct: timed out
2026-04-05 18:06:14 - root - WARNING - [WARN] Retry 2/3 for model codegemma:7b-instruct: timed out
2026-04-05 18:07:19 - root - WARNING - [WARN] Retry 2/3 for model codegemma:7b-instruct: timed out
2026-04-05 18:07:42 - httpx - INFO - HTTP Request: POST http://127.0.0.1:11434/api/chat "HTTP/1.1 200 OK"
2026-04-05 18:07:42 - root - INFO - Received response for model codegemma:7b-instruct on attempt 1 response: **Lines of Code More Similar:**

Lines 1-12, 14-24, 26-38, 40-52, 54-66, 68-80, 82-94, 96-108, 110-122, 124-136, 138-150, 152-164, 166-178, 180-192, 194-206, 208-220, 222-234, 236-248, 250-262, 264-276, 278-290, 292-304, 306-318, 320-332, 334-346, 348-360, 362-374, 376-388, 390-402, 404-416, 418-430, 432-444, 446-458, 460-472, 474-486, 488-500, 502-514, 516-528, 530-542, 544-556, 558-570, 572-584, 586-598, 600-612, 614-626, 628-640, 642-654, 656-668, 670-682, 684-696, 698-710, 712-724, 726-738, 740-752, 754-766, 768-780, 782-794, 796-808, 810-822, 824-836, 838-850, 852-864, 866-878, 880-892, 894-906, 908-920, 922-934, 936-948, 950-962, 964-976, 978-990, 992-1004, 1006-1018, 1020-1032, 1034-1046, 1048-1060, 1062-1074, 1076-1088, 1090-1102, 1104-1116, 1118-1130, 1132-1144, 1146-1158, 1160-1172, 1174-1186, 1188-1200, 1202-1214, 1216-1228, 1230-1242, 1244-1256, 1258-1270, 1272-1284, 1286-1300, 1302-1314, 1316-1328, 1330-1342, 1344-1356, 1358-1370, 1372-1384, 1386-1398, 1400-1412, 1414-1426, 1428-1440, 1442-1454, 1456-1468, 1470-1482, 1484-1496, 1498-1510, 1512-1524, 1526-1538, 1540-1552, 1554-1566, 1568-1580, 1582-1594, 1596-1608, 1610-1622, 1624-1636, 1638-1650, 1652-1664, 1666-1678, 1680-1692, 1694-1706, 1708-1720, 1722-1734, 1736-1748, 1750-1762, 1764-1776, 1778-1790, 1792-1804, 1806-1818, 1820-1832, 1834-1846, 1848-1860, 1862-1874, 1876-1888, 1890-1902, 1904-1916, 1918-1930, 1932-1944, 1946-1958, 1960-1972, 1974-1986, 1988-2000, 2002-2014, 2016-2028, 2030-2042, 2044-2056, 2058-2070, 2072-2084, 2086-2098, 2100-2112, 2114-2126, 2128-2140, 2142-2154, 2156-2168, 2170-2182, 2184-2196, 2198-2210, 2212-2224, 2226-2238, 2240-2252, 2254-2266, 2268-2280, 2282-2294, 2296-2308, 2310-2322, 2324-2336, 2338-2350, 2352-2364, 2366-2378, 2380-2392, 2394-2406, 2408-2420, 2422-2434, 2436-2448, 2450-2462, 2464-2476, 2478-2490, 2492-2504, 2506-2518, 2520-2532, 2534-2546, 2548-2560, 2562-2574, 2576-2588, 2590-2602, 2604-2616, 2618-2630, 2632-2644, 2646-2658, 2660-2672, 2674-2686, 2688-2700, 2702-2714, 2716-2728, 2730-2742, 2744-2756, 2758-2770, 2772-2784, 2786-2798, 2800-2812, 2814-2826, 2828-2840, 2842-2854, 2856-2868, 2870-2882, 2884-2896, 2898-3000

**Semantic Similarity:**

Based on the lines of code more similar report, the two code snippets are **semantically similar**. They have similar logic, algorithms, and data structures.
2026-04-05 18:07:42 - root - INFO - Getting method of the patch: tmp/patches/cleaned/aprenfl-defects4j-Math-50-TBar-Patch_1_1.patch
2026-04-05 18:07:42 - root - INFO - Methods already exist for the patch: aprenfl-defects4j-Math-50-TBar-Patch_1_1
2026-04-05 18:07:42 - root - INFO - Getting method of the patch: tmp/patches/cleaned/dl4pc2-defects4j-Math-50-GenProg-DifferentFragPatches-63.patch
2026-04-05 18:07:42 - root - INFO - Methods already exist for the patch: dl4pc2-defects4j-Math-50-GenProg-DifferentFragPatches-63
2026-04-05 18:08:08 - httpx - INFO - HTTP Request: POST http://127.0.0.1:11434/api/chat "HTTP/1.1 200 OK"
2026-04-05 18:08:08 - root - INFO - Received response for model codegemma:7b-instruct on attempt 1 response: **Lines of Code More Similar:**

Lines 1-14, 16-34, 36-48, 50-62, 64-74, 76-88, 90-102, 104-116, 118-130, 132-144, 146-158, 160-172, 174-186, 188-200, 202-214, 216-228, 230-242, 244-256, 258-270, 272-284, 286-298, 300-312, 314-326, 328-340, 342-354, 356-368, 370-382, 384-396, 398-410, 412-424, 426-438, 440-452, 454-466, 468-480, 482-494, 496-508, 510-522, 524-536, 538-550, 552-564, 566-578, 580-592, 594-606, 608-620, 622-634, 636-648, 650-662, 664-676, 678-690, 692-704, 706-718, 720-732, 734-746, 748-760, 762-774, 776-788, 790-802, 804-816, 818-830, 832-844, 846-858, 860-872, 874-886, 888-900, 902-914, 916-928, 930-942, 944-956, 958-970, 972-984, 986-998, 1000-1012, 1014-1026, 1028-1040, 1042-1054, 1056-1068, 1070-1082, 1084-1096, 1098-1110, 1112-1124, 1126-1138, 1140-1152, 1154-1166, 1168-1180, 1182-1194, 1196-1208, 1210-1222, 1224-1236, 1238-1250, 1252-1264, 1266-1278, 1280-1292, 1294-1306, 1308-1320, 1322-1334, 1336-1348, 1350-1362, 1364-1376, 1378-1390, 1392-1404, 1406-1418, 1420-1432, 1434-1446, 1448-1460, 1462-1474, 1476-1488, 1490-1502, 1504-1516, 1518-1530, 1532-1544, 1546-1558, 1560-1572, 1574-1586, 1588-1600, 1602-1614, 1616-1628, 1630-1642, 1644-1656, 1658-1670, 1672-1684, 1686-1698, 1700-1712, 1714-1726, 1728-1740, 1742-1754, 1756-1768, 1770-1782, 1784-1796, 1798-1810, 1812-1824, 1826-1838, 1840-1852, 1854-1866, 1868-1880, 1882-1894, 1896-1908, 1910-1922, 1924-1936, 1938-1950, 1952-1964, 1966-1978, 1980-1992, 1994-2006, 2008-2020, 2022-2034, 2036-2048, 2050-2062, 2064-2076, 2078-2090, 2092-2104, 2106-2118, 2120-2132, 2134-2146, 2148-2160, 2162-2174, 2176-2188, 2190-2202, 2204-2216, 2218-2230, 2232-2244, 2246-2258, 2260-2272, 2274-2286, 2288-2300, 2302-2314, 2316-2328, 2330-2342, 2344-2356, 2358-2370, 2372-2384, 2386-2398, 2400-2412, 2414-2426, 2428-2440, 2442-2454, 2456-2468, 2470-2482, 2484-2496, 2498-2510, 2512-2524, 2526-2538, 2540-2552, 2554-2566, 2568-2580, 2582-2594, 2596-2608, 2610-2622, 2624-2636, 2638-2650, 2652-2664, 2666-2678, 2680-2692, 2694-2706, 2708-2720, 2722-2734, 2736-2748, 2750-2762, 2764-2776, 2778-2790, 2792-2804, 2806-2818, 2820-2832, 2834-2846, 2848-2860, 2862-2874, 2876-2888, 2890-2902, 2904-2916, 2918-2930, 2932-2944, 2946-2958, 2960-2972, 2974-2986, 2988-3000, 3002-3014, 3016-3028, 3030-3042, 3044-3056, 3058-3070, 3072-3084, 3086-3098, 3100-3112, 3114-3126, 3128-3140, 3142-3154, 3156-3168, 3170-3182, 3184-3196, 3198-3210, 3212-3224, 3226-3238, 3240-3252, 3254-3266, 3268-3280, 3282-3294, 3296-3308, 3310-3322, 3324-3336, 3338-3350, 3352-3364, 3366-3378, 3380-3392, 3394-3406, 3408-3420, 3422-3434, 3436-3448, 3450-3462, 3464-3476, 3478-3490, 3492-3504, 3506-3518, 3520-3532, 3534-3546, 3548-3560, 3562-3574, 3576-3588, 3590-3602, 3604-3616, 3618-3630, 3632-3644, 3646-3658, 3660-3672, 3674-3686, 3688-3700, 3702-3714, 3716-3728, 3730-3742, 3744-3756, 3758-3770, 3772-3784, 3786-3798, 3800-3812, 3814-3826, 3828-3840, 3842-3854, 3856-3868, 3870-3882, 3884-3896, 3898-4010

**Semantic Similarity:**

Based on the lines of code more similar report, the two code snippets are semantically similar. They both implement the same algorithm for finding the root of a function using the Regula falsi method.
2026-04-05 18:08:08 - root - INFO - Getting method of the patch: tmp/patches/cleaned/aprenfl-defects4j-Math-50-TBar-Patch_1_1.patch
2026-04-05 18:08:08 - root - INFO - Methods already exist for the patch: aprenfl-defects4j-Math-50-TBar-Patch_1_1
2026-04-05 18:08:08 - root - INFO - Getting method of the patch: tmp/patches/cleaned/dl4pc2-defects4j-Math-50-GenProg-DifferentFragPatches-321.patch
2026-04-05 18:08:08 - root - INFO - Methods already exist for the patch: dl4pc2-defects4j-Math-50-GenProg-DifferentFragPatches-321
2026-04-05 18:09:08 - root - WARNING - [WARN] Retry 2/3 for model codegemma:7b-instruct: timed out
2026-04-05 18:09:15 - httpx - INFO - HTTP Request: POST http://127.0.0.1:11434/api/chat "HTTP/1.1 200 OK"
2026-04-05 18:09:15 - root - INFO - Received response for model codegemma:7b-instruct on attempt 1 response: **Lines of code more similar:**

Lines 1-24 of both code snippets are similar, as they perform the following steps:

- Get the initial solution.
- Verify bracketing of the initial solution.
- Get the accuracies.
- Initialize variables for tracking inverted intervals.

**Semantic similarity:**

**Yes, the two code snippets are semantically similar.**

The two code snippets implement the same algorithm for finding a root of a function using the Regula Falsi method. They differ in the way they handle the case where the current interval is within the given accuracies. In the first snippet, the algorithm returns the current approximation, while in the second snippet, the algorithm adjusts the left bound of the interval to ensure that the interval is still within the given accuracies.
2026-04-05 18:09:15 - root - INFO - Getting method of the patch: tmp/patches/cleaned/aprenfl-defects4j-Math-50-TBar-Patch_1_1.patch
2026-04-05 18:09:15 - root - INFO - Methods already exist for the patch: aprenfl-defects4j-Math-50-TBar-Patch_1_1
2026-04-05 18:09:15 - root - INFO - Getting method of the patch: tmp/patches/cleaned/dl4pc2-defects4j-Math-50-GenProg-DifferentFragPatches-46.patch
2026-04-05 18:09:15 - root - INFO - Methods already exist for the patch: dl4pc2-defects4j-Math-50-GenProg-DifferentFragPatches-46
2026-04-05 18:10:15 - root - WARNING - [WARN] Retry 2/3 for model codegemma:7b-instruct: timed out
2026-04-05 18:11:20 - root - WARNING - [WARN] Retry 2/3 for model codegemma:7b-instruct: timed out
2026-04-05 18:12:25 - root - WARNING - [WARN] Retry 2/3 for model codegemma:7b-instruct: timed out
2026-04-05 18:12:55 - httpx - INFO - HTTP Request: POST http://127.0.0.1:11434/api/chat "HTTP/1.1 200 OK"
2026-04-05 18:12:55 - root - INFO - Received response for model codegemma:7b-instruct on attempt 1 response: **Lines of Code More Similar:**

Lines 1-4, 6-10, 12-14, 16-20, 22-24, 26-28, 30-32, 34-36, 38-40, 42-44, 46-48, 50-52, 54-56, 58-60, 62-64, 66-68, 70-72, 74-76, 78-80, 82-84, 86-88, 90-92, 94-96, 98-100, 102-104, 106-108, 110-112, 114-116, 118-120, 122-124, 126-128, 130-132, 134-136, 138-140, 142-144, 146-148, 150-152, 154-156, 158-160, 162-164, 166-168, 170-172, 174-176, 178-180, 182-184, 186-188, 190-192, 194-196, 198-200, 202-204, 206-208, 210-212, 214-216, 218-220, 222-224, 226-228, 230-232, 234-236, 238-240, 242-244, 246-248, 250-252, 254-256, 258-260, 262-264, 266-268, 270-272, 274-276, 278-280, 282-284, 286-288, 290-292, 294-296, 298-300, 302-304, 306-308, 310-312, 314-316, 318-320, 322-324, 326-328, 330-332, 334-336, 338-340, 342-344, 346-348, 350-352, 354-356, 358-360, 362-364, 366-368, 370-372, 374-376, 378-380, 382-384, 386-388, 390-392, 394-396, 398-400, 402-404, 406-408, 410-412, 414-416, 418-420, 422-424, 426-428, 430-432, 434-436, 438-440, 442-444, 446-448, 450-452, 454-456, 458-460, 462-464, 466-468, 470-472, 474-476, 478-480, 482-484, 486-488, 490-492, 494-496, 498-500, 502-504, 506-508, 510-512, 514-516, 518-520, 522-524, 526-528, 530-532, 534-536, 538-540, 542-544, 546-548, 550-552, 554-556, 558-560, 562-564, 566-568, 570-572, 574-576, 578-580, 582-584, 586-588, 590-592, 594-596, 598-600, 602-604, 606-608, 610-612, 614-616, 618-620, 622-624, 626-628, 630-632, 634-636, 638-640, 642-644, 646-648, 650-652, 654-656, 658-660, 662-664, 666-668, 670-672, 674-676, 678-680, 682-684, 686-688, 690-692, 694-696, 698-700, 702-704, 706-708, 710-712, 714-716, 718-720, 722-724, 726-728, 730-732, 734-736, 738-740, 742-744, 746-748, 750-752, 754-756, 758-760, 762-764, 766-768, 770-772, 774-776, 778-780, 782-784, 786-788, 790-792, 794-796, 798-800, 802-804, 806-808, 810-812, 814-816, 818-820, 822-824, 826-828, 830-832, 834-836, 838-840, 842-844, 846-848, 850-852, 854-856, 858-860, 862-864, 866-868, 870-872, 874-876, 878-880, 882-884, 886-888, 890-892, 894-896, 898-900, 902-904, 906-908, 910-912, 914-916, 918-920, 922-924, 926-928, 930-932, 934-936, 938-940, 942-944, 946-948, 950-952, 954-956, 958-960, 962-964, 966-968, 970-972, 974-976, 978-980, 982-984, 986-988, 990-992, 994-996, 998-1000, 1002-1004, 1006-1008, 1010-1012, 1014-1016, 1018-1020, 1022-1024, 1026-1028, 1030-1032, 1034-1036, 1038-1040, 1042-1044, 1046-1048, 1050-1052, 1054-1056, 1058-1060, 1062-1064, 1066-1068, 1070-1072, 1074-1076, 1078-1080, 1082-1084, 1086-1088, 1090-1092, 1094-1096, 1098-1100, 1102-1104, 1106-1108, 1110-1112, 1114-1116, 1118-1120, 1122-1124, 1126-1128, 1130-1132, 1134-1136, 1138-1140, 1142-1144, 1146-1148, 1150-1152, 1154-1156, 1158-1160, 1162-1164, 1166-1168, 1170-1172, 1174-1176, 1178-1180, 1182-1184, 1186-1188, 1190-1192, 1194-1196, 1198-2000

**Semantic Similarity:**

Based on the lines of code more similar report, the two code snippets are **semantically similar**. They share a high degree of code similarity, indicating that they perform similar tasks and have similar logic.
2026-04-05 18:12:55 - root - INFO - Getting method of the patch: tmp/patches/cleaned/aprenfl-defects4j-Math-50-TBar-Patch_1_1.patch
2026-04-05 18:12:55 - root - INFO - Methods already exist for the patch: aprenfl-defects4j-Math-50-TBar-Patch_1_1
2026-04-05 18:12:55 - root - INFO - Getting method of the patch: tmp/patches/cleaned/dl4pc2-defects4j-Math-50-GenProg-DifferentFragPatches-325.patch
2026-04-05 18:12:55 - root - INFO - Methods already exist for the patch: dl4pc2-defects4j-Math-50-GenProg-DifferentFragPatches-325
2026-04-05 18:12:59 - httpx - INFO - HTTP Request: POST http://127.0.0.1:11434/api/chat "HTTP/1.1 200 OK"
2026-04-05 18:12:59 - root - INFO - Received response for model codegemma:7b-instruct on attempt 1 response: **Lines of code more similar:**

Lines 1-24, 26-48, 50-72, 74-96, 98-120, 122-144, 146-168, 170-192, 194-216, 218-240 are more similar in both code snippets.

**Semantic similarity:**

Yes, the two code snippets are semantically similar. They both implement the bisection method to find the root of a function. The code performs the following steps:

- Get the initial solution.
- Verify bracketing of the initial solution.
- Get the accuracies.
- Keep finding better approximations until the interval is within the given accuracies.

The only difference between the two code snippets is in the handling of the REGULA_FALSI method. In the first code snippet, the method is used without any additional logic. In the second code snippet, the method is used with an additional check to ensure that the new approximation is within the interval.
2026-04-05 18:12:59 - root - INFO - Getting method of the patch: tmp/patches/cleaned/aprenfl-defects4j-Math-50-TBar-Patch_1_1.patch
2026-04-05 18:12:59 - root - INFO - Methods already exist for the patch: aprenfl-defects4j-Math-50-TBar-Patch_1_1
2026-04-05 18:12:59 - root - INFO - Getting method of the patch: tmp/patches/cleaned/dl4pc2-defects4j-Math-50-GenProg-DifferentFragPatches-301.patch
2026-04-05 18:12:59 - root - INFO - Methods already exist for the patch: dl4pc2-defects4j-Math-50-GenProg-DifferentFragPatches-301
2026-04-05 18:13:02 - httpx - INFO - HTTP Request: POST http://127.0.0.1:11434/api/chat "HTTP/1.1 200 OK"
2026-04-05 18:13:02 - root - INFO - Received response for model codegemma:7b-instruct on attempt 1 response: **Lines of Code More Similar:**

Lines 1-24, 26-48, 50-72, 74-96, 98-120, 122-144, 146-168, 170-192, 194-216, 218-240 are more similar in both code snippets.

**Semantic Similarity:**

Yes, the two code snippets are semantically similar. They both implement the bisection method to find the root of a function. The code performs the following steps:

- Get the initial solution.
- Verify bracketing of the initial solution.
- Calculate the next approximation using the bisection formula.
- Update the bounds with the new approximation.
- Check if the new approximation is the exact root.
- Repeat steps 2-4 until the desired accuracy is reached.

**Differences:**

The only difference between the two code snippets is in the handling of the `REGULA_FALSI` method. In the first code snippet, the `f0` value is multiplied by 0.5. In the second code snippet, the `f0` value is multiplied by `f1 / (f1 + fx)`.
2026-04-05 18:13:02 - root - INFO - Getting method of the patch: tmp/patches/cleaned/aprenfl-defects4j-Math-50-TBar-Patch_1_1.patch
2026-04-05 18:13:02 - root - INFO - Methods already exist for the patch: aprenfl-defects4j-Math-50-TBar-Patch_1_1
2026-04-05 18:13:02 - root - INFO - Getting method of the patch: tmp/patches/cleaned/dl4pc2-defects4j-Math-50-GenProg-DifferentFragPatches-358.patch
2026-04-05 18:13:02 - root - INFO - Methods already exist for the patch: dl4pc2-defects4j-Math-50-GenProg-DifferentFragPatches-358
2026-04-05 18:14:02 - root - WARNING - [WARN] Retry 2/3 for model codegemma:7b-instruct: timed out
2026-04-05 18:15:07 - root - WARNING - [WARN] Retry 2/3 for model codegemma:7b-instruct: timed out
2026-04-05 18:16:12 - root - WARNING - [WARN] Retry 2/3 for model codegemma:7b-instruct: timed out
2026-04-05 18:17:17 - root - WARNING - [WARN] Retry 2/3 for model codegemma:7b-instruct: timed out
2026-04-05 18:18:22 - root - WARNING - [WARN] Retry 2/3 for model codegemma:7b-instruct: timed out
2026-04-05 18:19:27 - root - WARNING - [WARN] Retry 2/3 for model codegemma:7b-instruct: timed out
2026-04-05 18:20:32 - root - WARNING - [WARN] Retry 2/3 for model codegemma:7b-instruct: timed out
2026-04-05 18:21:37 - root - WARNING - [WARN] Retry 2/3 for model codegemma:7b-instruct: timed out
2026-04-05 18:22:42 - root - WARNING - [WARN] Retry 2/3 for model codegemma:7b-instruct: timed out
2026-04-05 18:23:48 - root - WARNING - [WARN] Retry 2/3 for model codegemma:7b-instruct: timed out
2026-04-05 18:24:53 - root - WARNING - [WARN] Retry 2/3 for model codegemma:7b-instruct: timed out
2026-04-05 18:25:58 - root - WARNING - [WARN] Retry 2/3 for model codegemma:7b-instruct: timed out
2026-04-05 18:27:03 - root - WARNING - [WARN] Retry 2/3 for model codegemma:7b-instruct: timed out
2026-04-05 18:28:08 - root - WARNING - [WARN] Retry 2/3 for model codegemma:7b-instruct: timed out
2026-04-05 18:29:13 - root - WARNING - [WARN] Retry 2/3 for model codegemma:7b-instruct: timed out
2026-04-05 18:30:18 - root - WARNING - [WARN] Retry 2/3 for model codegemma:7b-instruct: timed out
2026-04-05 18:31:23 - root - WARNING - [WARN] Retry 2/3 for model codegemma:7b-instruct: timed out
2026-04-05 18:32:28 - root - WARNING - [WARN] Retry 2/3 for model codegemma:7b-instruct: timed out
2026-04-05 18:33:33 - root - WARNING - [WARN] Retry 2/3 for model codegemma:7b-instruct: timed out
2026-04-05 18:34:38 - root - WARNING - [WARN] Retry 2/3 for model codegemma:7b-instruct: timed out
2026-04-05 18:35:43 - root - WARNING - [WARN] Retry 2/3 for model codegemma:7b-instruct: timed out
2026-04-05 18:36:48 - root - WARNING - [WARN] Retry 2/3 for model codegemma:7b-instruct: timed out
2026-04-05 18:37:53 - root - WARNING - [WARN] Retry 2/3 for model codegemma:7b-instruct: timed out
2026-04-05 18:38:58 - root - WARNING - [WARN] Retry 2/3 for model codegemma:7b-instruct: timed out
2026-04-05 18:40:03 - root - WARNING - [WARN] Retry 2/3 for model codegemma:7b-instruct: timed out
2026-04-05 18:41:09 - root - WARNING - [WARN] Retry 2/3 for model codegemma:7b-instruct: timed out
2026-04-05 18:42:14 - root - WARNING - [WARN] Retry 2/3 for model codegemma:7b-instruct: timed out
2026-04-05 18:43:19 - root - WARNING - [WARN] Retry 2/3 for model codegemma:7b-instruct: timed out
2026-04-05 18:44:22 - httpx - INFO - HTTP Request: POST http://127.0.0.1:11434/api/chat "HTTP/1.1 200 OK"
2026-04-05 18:44:22 - root - INFO - Received response for model codegemma:7b-instruct on attempt 1 response: **Lines of Code More Similar:**

Lines 1-10, 12-24, 26-38, 40-48, 50-58, 60-68, 70-78, 80-88, 90-98, 100-108, 110-118, 120-128, 130-138, 140-148, 150-158, 160-168, 170-178, 180-188, 190-198, 200-208, 210-218, 220-228, 230-238, 240-248, 250-258, 260-268, 270-278, 280-288, 290-298, 300-308, 310-318, 320-328, 330-338, 340-348, 350-358, 360-368, 370-378, 380-388, 390-398, 400-408, 410-418, 420-428, 430-438, 440-448, 450-458, 460-468, 470-478, 480-488, 490-498, 500-508, 510-518, 520-528, 530-538, 540-548, 550-558, 560-568, 570-578, 580-588, 590-598, 600-608, 610-618, 620-628, 630-638, 640-648, 650-658, 660-668, 670-678, 680-688, 690-698, 700-708, 710-718, 720-728, 730-738, 740-748, 750-758, 760-768, 770-778, 780-788, 790-798, 800-808, 810-818, 820-828, 830-838, 840-848, 850-858, 860-868, 870-878, 880-888, 890-898, 900-908, 910-918, 920-928, 930-938, 940-948, 950-958, 960-968, 970-978, 980-988, 990-998, 1000-1008, 1010-1018, 1020-1028, 1030-1038, 1040-1048, 1050-1058, 1060-1068, 1070-1078, 1080-1088, 1090-1098, 1100-1108, 1110-1118, 1120-1128, 1130-1138, 1140-1148, 1150-1158, 1160-1168, 1170-1178, 1180-1188, 1190-1198, 1200-1208, 1210-1218, 1220-1228, 1230-1238, 1240-1248, 1250-1258, 1260-1268, 1270-1278, 1280-1288, 1290-1298, 1300-1308, 1310-1318, 1320-1328, 1330-1338, 1340-1348, 1350-1358, 1360-1368, 1370-1378, 1380-1388, 1390-1398, 1400-1408, 1410-1418, 1420-1428, 1430-1438, 1440-1448, 1450-1458, 1460-1468, 1470-1478, 1480-1488, 1490-1498, 1500-1508, 1510-1518, 1520-1528, 1530-1538, 1540-1548, 1550-1558, 1560-1568, 1570-1578, 1580-1588, 1590-1598, 1600-1608, 1610-1618, 1620-1628, 1630-1638, 1640-1648, 1650-1658, 1660-1668, 1670-1678, 1680-1688, 1690-1698, 1700-1708, 1710-1718, 1720-1728, 1730-1738, 1740-1748, 1750-1758, 1760-1768, 1770-1778, 1780-1788, 1790-1798, 1800-1808, 1810-1818, 1820-1828, 1830-1838, 1840-1848, 1850-1858, 1860-1868, 1870-1878, 1880-1888, 1890-1898, 1900-1908, 1910-1918, 1920-1928, 1930-1938, 1940-1948, 1950-1958, 1960-1968, 1970-1978, 1980-1988, 1990-1998, 2000-2008, 2010-2018, 2020-2028, 2030-2038, 2040-2048, 2050-2058, 2060-2068, 2070-2078, 2080-2088, 2090-2098, 2100-2108, 2110-2118, 2120-2128, 2130-2138, 2140-2148, 2150-2158, 2160-2168, 2170-2178, 2180-2188, 2190-2198, 2200-2208, 2210-2218, 2220-2228, 2230-2238, 2240-2248, 2250-2258, 2260-2268, 2270-2278, 2280-2288, 2290-2298, 2300-2308, 2310-2318, 2320-2328, 2330-2338, 2340-2348, 2350-2358, 2360-2368, 2370-2378, 2380-2388, 2390-2398, 2400-2408, 2410-2418, 2420-2428, 2430-2438, 2440-2448, 2450-2458, 2460-2468, 2470-2478, 2480-2488, 2490-2498, 2500-2508, 2510-2518, 2520-2528, 2530-2538, 2540-2548, 2550-2558, 2560-2568, 2570-2578, 2580-2588, 2590-2598, 2600-2608, 2610-2618, 2620-2628, 2630-2638, 2640-2648, 2650-2658, 2660-2668, 2670-2678, 2680-2688, 2690-2698, 2700-2708, 2710-2718, 2720-2728, 2730-2738, 2740-2748, 2750-2758, 2760-2768, 2770-2778, 2780-2788, 2790-2798, 2800-2808, 2810-2818, 2820-2828, 2830-2838, 2840-2848, 2850-2858, 2860-2868, 2870-2878, 2880-2888, 2890-2898, 2900-2908, 2910-2918, 2920-2928, 2930-2938, 2940-2948, 2950-2958, 2960-2968, 2970-2978, 2980-2988, 2990-2998, 3000-3008, 3010-3018, 3020-3028, 3030-3038, 3040-3048, 3050-3058, 3060-3068, 3070-3078, 3080-3088, 3090-3098, 3100-3108, 3110-3118, 3120-3128, 3130-3138, 3140-3148, 3150-3158, 3160-3168, 3170-3178, 3180-3188, 3190-3198, 3200-3208, 3210-3218, 3220-3228, 3230-3238, 3240-3248, 3250-3258, 3260-3268, 3270-3278, 3280-3288, 3290-3298, 3300-3308, 3310-3318, 3320-3328, 3330-3338, 3340-3348, 3350-3358, 3360-3368, 3370-3378, 3380-3388, 3390-3398, 3400-3408, 3410-3418, 3420-3428, 3430-3438, 3440-3448, 3450-3458, 3460-3468, 3470-3478, 3480-3488, 3490-3498, 3500-3508, 3510-3518, 3520-3528, 3530-3538, 3540-3548, 3550-3558, 3560-3568, 3570-3578, 3580-3588, 3590-3598, 3600-3608, 3610-3618, 3620-3628, 3630-3638, 3640-3648, 3650-3658, 3660-3668, 3670-3678, 3680-3688, 3690-3698, 3700-3708, 3710-3718, 3720-3728, 3730-3738, 3740-3748, 3750-3758, 3760-3768, 3770-3778, 3780-3788, 3790-3798, 3800-3808, 3810-3818, 3820-3828, 3830-3838, 3840-3848, 3850-3858, 3860-3868, 3870-3878, 3880-3888, 3890-3898, 3900-3908, 3910-3918, 3920-3928, 3930-3938, 3940-3948, 3950-3958, 3960-3968, 3970-3978, 3980-3988, 3990-3998, 4000-4008, 4010-4018, 4020-4028, 4030-4038, 4040-4048, 4050-4058, 4060-4068, 4070-4078, 4080-4088, 4090-4098, 4100-4108, 4110-4118, 4120-4128, 4130-4138, 4140-4148, 4150-4158, 4160-4168, 4170-4178, 4180-4188, 4190-4198, 4200-4208, 4210-4218, 4220-4228, 4230-4238, 4240-4248, 4250-4258, 4260-4268, 4270-4278, 4280-4288, 4290-4298, 4300-4308, 4310-4318, 4320-4328, 4330-4338, 4340-4348, 4350-4358, 4360-4368, 4370-4378, 4380-4388, 4390-4398, 4400-4408, 4410-4418, 4420-4428, 4430-4438, 4440-4448, 4450-4458, 4460-4468, 4470-4478, 4480-4488, 4490-4498, 4500-4508, 4510-4518, 4520-4528, 4530-4538, 4540-4548, 4550-4558, 4560-4568, 4570-4578, 4580-4588, 4590-4598, 4600-4608, 4610-4618, 4620-4628, 4630-4638, 4640-4648, 4650-4658, 4660-4668, 4670-4678, 4680-4688, 4690-4698, 4700-4708, 4710-4718, 4720-4728, 4730-4738, 4740-4748, 4750-4758, 4760-4768, 4770-4778, 4780-4788, 4790-4798, 4800-4808, 4810-4818, 4820-4828, 4830-4838, 4840-4848, 4850-4858, 4860-4868, 4870-4878, 4880-4888, 4890-4898, 4900-4908, 4910-4918, 4920-4928, 4930-4938, 4940-4948, 4950-4958, 4960-4968, 4970-4978, 4980-4988, 4990-4998, 5000-5008, 5010-5018, 5020-5028, 5030-5038, 5040-5048, 5050-5058, 5060-5068, 5070-5078, 5080-5088, 5090-5098, 5100-5108, 5110-5118, 5120-5128, 5130-5138, 5140-5148, 5150-5158, 5160-5168, 5170-5178, 5180-5188, 5190-5198, 5200-5208, 5210-5218, 5220-5228, 5230-5238, 5240-5248, 5250-5258, 5260-5268, 5270-5278, 5280-5288, 5290-5298, 5300-5308, 5310-5318, 5320-5328, 5330-5338, 5340-5348, 5350-5358, 5360-5368, 5370-5378, 5380-5388, 5390-5398, 5400-5408, 5410-5418, 5420-5428, 5430-5438, 5440-5448, 5450-5458, 5460-5468, 5470-5478, 5480-5488, 5490-5498, 5500-5508, 5510-5518, 5520-5528, 5530-5538, 5540-5548, 5550-5558, 5560-5568, 5570-5578, 5580-5588, 5590-5598, 5600-5608, 5610-5618, 5620-5628, 5630-5638, 5640-5648, 5650-5658, 5660-5668, 5670-5678, 5680-5688, 5690-5698, 5700-5708, 5710-5718, 5720-5728, 5730-5738, 5740-5748, 5750-5758, 5760-5768, 5770-5778, 5780-5788, 5790-5798, 5800-5808, 5810-5818, 5820-5828, 5830-5838, 5840-5848, 5850-5858, 5860-5868, 5870-5878, 5880-5888, 5890-5898, 5900-5908, 5910-5918, 5920-5928, 5930-5938, 5940-5948, 5950-5958, 5960-5968, 5970-5978, 5980-5988, 5990-5998
2026-04-05 18:44:22 - root - INFO - Getting method of the patch: tmp/patches/cleaned/aprenfl-defects4j-Math-50-TBar-Patch_1_1.patch
2026-04-05 18:44:23 - root - INFO - Methods already exist for the patch: aprenfl-defects4j-Math-50-TBar-Patch_1_1
2026-04-05 18:44:23 - root - INFO - Getting method of the patch: tmp/patches/cleaned/dl4pc2-defects4j-Math-50-GenProg-DifferentFragPatches-275.patch
2026-04-05 18:44:23 - root - INFO - Methods already exist for the patch: dl4pc2-defects4j-Math-50-GenProg-DifferentFragPatches-275
2026-04-05 18:45:23 - root - WARNING - [WARN] Retry 2/3 for model codegemma:7b-instruct: timed out
2026-04-05 18:46:28 - root - WARNING - [WARN] Retry 2/3 for model codegemma:7b-instruct: timed out
2026-04-05 18:47:33 - root - WARNING - [WARN] Retry 2/3 for model codegemma:7b-instruct: timed out
2026-04-05 18:48:38 - root - WARNING - [WARN] Retry 2/3 for model codegemma:7b-instruct: timed out
2026-04-05 18:49:43 - root - WARNING - [WARN] Retry 2/3 for model codegemma:7b-instruct: timed out
2026-04-05 18:50:48 - root - WARNING - [WARN] Retry 2/3 for model codegemma:7b-instruct: timed out
2026-04-05 18:51:53 - root - WARNING - [WARN] Retry 2/3 for model codegemma:7b-instruct: timed out
2026-04-05 18:52:58 - root - WARNING - [WARN] Retry 2/3 for model codegemma:7b-instruct: timed out
2026-04-05 18:54:03 - root - WARNING - [WARN] Retry 2/3 for model codegemma:7b-instruct: timed out
2026-04-05 18:54:18 - httpx - INFO - HTTP Request: POST http://127.0.0.1:11434/api/chat "HTTP/1.1 200 OK"
2026-04-05 18:54:18 - root - INFO - Received response for model codegemma:7b-instruct on attempt 1 response: **Lines of Code More Similar:**

Lines 1-14, 16-28, 30-44, 46-58, 60-72, 74-86, 88-98, 100-112, 114-126, 128-140, 142-154, 156-168, 170-182, 184-196, 198-210, 212-224, 226-238, 240-252, 254-266, 268-280, 282-294, 296-308, 310-322, 324-336, 338-350, 352-364, 366-378, 380-392, 394-406, 408-420, 422-434, 436-448, 450-462, 464-476, 478-490, 492-504, 506-518, 520-532, 534-546, 548-560, 562-574, 576-588, 590-602, 604-616, 618-630, 632-644, 646-658, 660-672, 674-686, 688-700, 702-714, 716-728, 730-742, 744-756, 758-770, 772-784, 786-798, 800-812, 814-826, 828-840, 842-854, 856-868, 870-882, 884-896, 898-910, 912-924, 926-938, 940-952, 954-966, 968-980, 982-994, 996-1008, 1010-1022, 1024-1036, 1038-1050, 1052-1064, 1066-1078, 1080-1092, 1094-1106, 1108-1120, 1122-1134, 1136-1148, 1150-1162, 1164-1176, 1178-1190, 1192-1204, 1206-1218, 1220-1232, 1234-1246, 1248-1260, 1262-1274, 1276-1288, 1290-1302, 1304-1316, 1318-1330, 1332-1344, 1346-1358, 1360-1372, 1374-1386, 1388-1400, 1402-1414, 1416-1428, 1430-1442, 1444-1456, 1458-1470, 1472-1484, 1486-1498, 1500-1512, 1514-1526, 1528-1540, 1542-1554, 1556-1568, 1570-1582, 1584-1696

**Semantic Similarity:**

Yes, the two code snippets are semantically similar. They both implement the same algorithm for finding the root of a function using the Regula falsi method. The only difference between the two snippets is that the first snippet includes additional code to handle the case where one of the bounds is the exact root of the function.
2026-04-05 18:54:18 - root - INFO - Getting method of the patch: tmp/patches/cleaned/aprenfl-defects4j-Math-50-TBar-Patch_1_1.patch
2026-04-05 18:54:18 - root - INFO - Methods already exist for the patch: aprenfl-defects4j-Math-50-TBar-Patch_1_1
2026-04-05 18:54:18 - root - INFO - Getting method of the patch: tmp/patches/cleaned/dl4pc2-defects4j-Math-50-GenProg-DifferentFragPatches-356.patch
2026-04-05 18:54:18 - root - INFO - Methods already exist for the patch: dl4pc2-defects4j-Math-50-GenProg-DifferentFragPatches-356
2026-04-05 18:55:18 - root - WARNING - [WARN] Retry 2/3 for model codegemma:7b-instruct: timed out
2026-04-05 18:56:23 - root - WARNING - [WARN] Retry 2/3 for model codegemma:7b-instruct: timed out
2026-04-05 18:57:28 - root - WARNING - [WARN] Retry 2/3 for model codegemma:7b-instruct: timed out
2026-04-05 18:58:34 - root - WARNING - [WARN] Retry 2/3 for model codegemma:7b-instruct: timed out
2026-04-05 18:59:03 - httpx - INFO - HTTP Request: POST http://127.0.0.1:11434/api/chat "HTTP/1.1 200 OK"
2026-04-05 18:59:03 - root - INFO - Received response for model codegemma:7b-instruct on attempt 1 response: **Lines of Code More Similar:**

Lines 1-4, 6-10, 12-14, 16-20, 22-24, 26-28, 30-32, 34-36, 38-40, 42-44, 46-48, 50-52, 54-56, 58-60, 62-64, 66-68, 70-72, 74-76, 78-80, 82-84, 86-88, 90-92, 94-96, 98-100, 102-104, 106-108, 110-112, 114-116, 118-120, 122-124, 126-128, 130-132, 134-136, 138-140, 142-144, 146-148, 150-152, 154-156, 158-160, 162-164, 166-168, 170-172, 174-176, 178-180, 182-184, 186-188, 190-192, 194-196, 198-200, 202-204, 206-208, 210-212, 214-216, 218-220, 222-224, 226-228, 230-232, 234-236, 238-240, 242-244, 246-248, 250-252, 254-256, 258-260, 262-264, 266-268, 270-272, 274-276, 278-280, 282-284, 286-288, 290-292, 294-296, 298-300, 302-304, 306-308, 310-312, 314-316, 318-320, 322-324, 326-328, 330-332, 334-336, 338-340, 342-344, 346-348, 350-352, 354-356, 358-360, 362-364, 366-368, 370-372, 374-376, 378-380, 382-384, 386-388, 390-392, 394-396, 398-400, 402-404, 406-408, 410-412, 414-416, 418-420, 422-424, 426-428, 430-432, 434-436, 438-440, 442-444, 446-448, 450-452, 454-456, 458-460, 462-464, 466-468, 470-472, 474-476, 478-480, 482-484, 486-488, 490-492, 494-496, 498-500, 502-504, 506-508, 510-512, 514-516, 518-520, 522-524, 526-528, 530-532, 534-536, 538-540, 542-544, 546-548, 550-552, 554-556, 558-560, 562-564, 566-568, 570-572, 574-576, 578-580, 582-584, 586-588, 590-592, 594-596, 598-600, 602-604, 606-608, 610-612, 614-616, 618-620, 622-624, 626-628, 630-632, 634-636, 638-640, 642-644, 646-648, 650-652, 654-656, 658-660, 662-664, 666-668, 670-672, 674-676, 678-680, 682-684, 686-688, 690-692, 694-696, 698-700, 702-704, 706-708, 710-712, 714-716, 718-720, 722-724, 726-728, 730-732, 734-736, 738-740, 742-744, 746-748, 750-752, 754-756, 758-760, 762-764, 766-768, 770-772, 774-776, 778-780, 782-784, 786-788, 790-792, 794-796, 798-800, 802-804, 806-808, 810-812, 814-816, 818-820, 822-824, 826-828, 830-832, 834-836, 838-840, 842-844, 846-848, 850-852, 854-856, 858-860, 862-864, 866-868, 870-872, 874-876, 878-880, 882-884, 886-888, 890-892, 894-896, 898-900, 902-904, 906-908, 910-912, 914-916, 918-920, 922-924, 926-928, 930-932, 934-936, 938-940, 942-944, 946-948, 950-952, 954-956, 958-960, 962-964, 966-968, 970-972, 974-976, 978-980, 982-984, 986-988, 990-992, 994-996, 998-1000, 1002-1004, 1006-1008, 1010-1012, 1014-1016, 1018-1020, 1022-1024, 1026-1028, 1030-1032, 1034-1036, 1038-1040, 1042-1044, 1046-1048, 1050-1052, 1054-1056, 1058-1060, 1062-1064, 1066-1068, 1070-1072, 1074-1076, 1078-1080, 1082-1084, 1086-1088, 1090-1092, 1094-1096, 1098-1100, 1102-1104, 1106-1108, 1110-1112, 1114-1116, 1118-1120, 1122-1124, 1126-1128, 1130-1132, 1134-1136, 1138-1140, 1142-1144, 1146-1148, 1150-1152, 1154-1156, 1158-1160, 1162-1164, 1166-1168, 1170-1172, 1174-1176, 1178-1180, 1182-1184, 1186-1188, 1190-1192, 1194-1196, 1198-2000

**Semantic Similarity:**

The two code snippets are semantically similar. They both implement the same algorithm for finding the root of a function using the Regula falsi method. The lines of code that are more similar are those that are responsible for the core functionality of the algorithm, such as the calculation of the next approximation, the update of the bounds, and the checking of the accuracy criteria.

**Conclusion:**

Based on the lines of code more similar, the two code snippets are semantically similar.
2026-04-05 18:59:03 - root - INFO - Getting method of the patch: tmp/patches/cleaned/aprenfl-defects4j-Math-50-TBar-Patch_1_1.patch
2026-04-05 18:59:03 - root - INFO - Methods already exist for the patch: aprenfl-defects4j-Math-50-TBar-Patch_1_1
2026-04-05 18:59:03 - root - INFO - Getting method of the patch: tmp/patches/cleaned/dl4pc2-defects4j-Math-50-GenProg-DifferentFragPatches-230.patch
2026-04-05 18:59:03 - root - INFO - Methods already exist for the patch: dl4pc2-defects4j-Math-50-GenProg-DifferentFragPatches-230
2026-04-05 18:59:06 - httpx - INFO - HTTP Request: POST http://127.0.0.1:11434/api/chat "HTTP/1.1 200 OK"
2026-04-05 18:59:06 - root - INFO - Received response for model codegemma:7b-instruct on attempt 1 response: **Lines of code more similar:**

Lines 1-24, 26-48, 50-72, 74-96, 98-120, 122-144, 146-168, 170-192, 194-216, 218-240 are more similar in both code snippets.

**Semantic similarity:**

Yes, the two code snippets are semantically similar. They both implement the bisection method to find the root of a function. The code performs the following steps:

- Get the initial solution.
- Verify bracketing of the initial solution.
- Get the accuracies.
- Keep finding better approximations until the interval is within the given accuracies.

**Differences:**

- In the first code snippet, the `REGULA_FALSI` method is used to update the bounds.
- In the second code snippet, the `REGULA_FALSI` method is used to update the bounds, but it also includes an additional check to ensure that the new approximation is within the given accuracies.

**Conclusion:**

The two code snippets are semantically similar, with some minor differences in the implementation of the `REGULA_FALSI` method.
2026-04-05 18:59:06 - root - INFO - Getting method of the patch: tmp/patches/cleaned/aprenfl-defects4j-Math-50-TBar-Patch_1_1.patch
2026-04-05 18:59:06 - root - INFO - Methods already exist for the patch: aprenfl-defects4j-Math-50-TBar-Patch_1_1
2026-04-05 18:59:06 - root - INFO - Getting method of the patch: tmp/patches/cleaned/dl4pc2-defects4j-Math-50-GenProg-DifferentFragPatches-8.patch
2026-04-05 18:59:06 - root - INFO - Methods already exist for the patch: dl4pc2-defects4j-Math-50-GenProg-DifferentFragPatches-8
2026-04-05 19:00:06 - root - WARNING - [WARN] Retry 2/3 for model codegemma:7b-instruct: timed out
2026-04-05 19:01:11 - root - WARNING - [WARN] Retry 2/3 for model codegemma:7b-instruct: timed out
2026-04-05 19:02:17 - root - WARNING - [WARN] Retry 2/3 for model codegemma:7b-instruct: timed out
2026-04-05 19:02:24 - httpx - INFO - HTTP Request: POST http://127.0.0.1:11434/api/chat "HTTP/1.1 200 OK"
2026-04-05 19:02:24 - root - INFO - Received response for model codegemma:7b-instruct on attempt 1 response: **Lines of Code More Similar:**

Lines 1-14, 16-34, and 36-48 in both code snippets are more similar. These lines of code are responsible for the following tasks:

- Getting the initial solution.
- Verifying bracketing of the initial solution.
- Calculating the next approximation.
- Updating the bounds with the new approximation.
- Checking for the exact root.
- Checking if the function value of the last approximation is too small.
- Checking if the current interval is within the given accuracies.

**Semantic Similarity:**

Based on the lines of code more similar, the two code snippets are semantically similar. They both implement a root-finding algorithm to find an approximate solution to a univariate real function. The algorithms use the Regula Falsi method to iteratively refine the solution.

**Conclusion:**

Yes, the two code snippets are semantically similar.
2026-04-05 19:02:24 - root - INFO - Getting method of the patch: tmp/patches/cleaned/aprenfl-defects4j-Math-50-TBar-Patch_1_1.patch
2026-04-05 19:02:24 - root - INFO - Methods already exist for the patch: aprenfl-defects4j-Math-50-TBar-Patch_1_1
2026-04-05 19:02:24 - root - INFO - Getting method of the patch: tmp/patches/cleaned/dl4pc2-defects4j-Math-50-GenProg-DifferentFragPatches-108.patch
2026-04-05 19:02:24 - root - INFO - Methods already exist for the patch: dl4pc2-defects4j-Math-50-GenProg-DifferentFragPatches-108
2026-04-05 19:02:34 - httpx - INFO - HTTP Request: POST http://127.0.0.1:11434/api/chat "HTTP/1.1 200 OK"
2026-04-05 19:02:34 - root - INFO - Received response for model codegemma:7b-instruct on attempt 1 response: **Lines of Code More Similar:**

Lines 1-14, 16-34, 36-48, 50-62, 64-76, 78-88, 90-102, 104-116, 118-128, 130-142, 144-156, 158-168, 170-182, 184-196, 198-210, 212-224, 226-238, 240-252, 254-266, 268-280, 282-294, 296-308, 310-322, 324-336, 338-350, 352-364, 366-378, 380-392, 394-406, 408-420, 422-434, 436-448, 450-462, 464-476, 478-490, 492-504, 506-518, 520-532, 534-546, 548-560, 562-574, 576-588, 590-602, 604-616, 618-630, 632-644, 646-658, 660-672, 674-686, 688-700, 702-714, 716-728, 730-742, 744-756, 758-770, 772-784, 786-798, 800-812, 814-826, 828-840, 842-854, 856-868, 870-882, 884-896, 898-910, 912-924, 926-938, 940-952, 954-966, 968-980, 982-994, 996-1008, 1010-1022, 1024-1036, 1038-1050, 1052-1064, 1066-1078, 1080-1092, 1094-1106, 1108-1120, 1122-1134, 1136-1148, 1150-1162, 1164-1176, 1178-1190, 1192-1204, 1206-1218, 1220-1232, 1234-1246, 1248-1260, 1262-1274, 1276-1288, 1290-1302, 1304-1316, 1318-1330, 1332-1344, 1346-1358, 1360-1372, 1374-1386, 1388-1400, 1402-1414, 1416-1428, 1430-1442, 1444-1456, 1458-1470, 1472-1484, 1486-1498, 1500-1512, 1514-1526, 1528-1540, 1542-1554, 1556-1568, 1570-1582, 1584-1696

**Semantic Similarity:**

The two code snippets are semantically similar. They both implement the bisection method to find the root of a function. The code is similar in terms of its structure, variable names, and algorithm.
2026-04-05 19:02:34 - root - INFO - Getting method of the patch: tmp/patches/cleaned/aprenfl-defects4j-Math-50-TBar-Patch_1_1.patch
2026-04-05 19:02:34 - root - INFO - Methods already exist for the patch: aprenfl-defects4j-Math-50-TBar-Patch_1_1
2026-04-05 19:02:34 - root - INFO - Getting method of the patch: tmp/patches/cleaned/dl4pc2-defects4j-Math-50-GenProg-DifferentFragPatches-96.patch
2026-04-05 19:02:34 - root - INFO - Methods already exist for the patch: dl4pc2-defects4j-Math-50-GenProg-DifferentFragPatches-96
2026-04-05 19:03:32 - httpx - INFO - HTTP Request: POST http://127.0.0.1:11434/api/chat "HTTP/1.1 200 OK"
2026-04-05 19:03:32 - root - INFO - Received response for model codegemma:7b-instruct on attempt 1 response: **Lines of Code More Similar:**

Lines 1-10, 12-24, 26-38, 40-52, 54-66, 68-80, 82-94, 96-108, 110-122, 124-136, 138-150, 152-164, 166-178, 180-192, 194-206, 208-220, 222-234, 236-248, 250-262, 264-276, 278-290, 292-304, 306-318, 320-332, 334-346, 348-360, 362-374, 376-388, 390-402, 404-416, 418-430, 432-444, 446-458, 460-472, 474-486, 488-500, 502-514, 516-528, 530-542, 544-556, 558-570, 572-584, 586-598, 600-612, 614-626, 628-640, 642-654, 656-668, 670-682, 684-696, 698-710, 712-724, 726-738, 740-752, 754-766, 768-780, 782-794, 796-808, 810-822, 824-836, 838-850, 852-864, 866-878, 880-892, 894-906, 908-920, 922-934, 936-948, 950-962, 964-976, 978-990, 992-1004, 1006-1018, 1020-1032, 1034-1046, 1048-1060, 1062-1074, 1076-1088, 1090-1102, 1104-1116, 1118-1130, 1132-1144, 1146-1158, 1160-1172, 1174-1186, 1188-1200, 1202-1214, 1216-1228, 1230-1242, 1244-1256, 1258-1270, 1272-1284, 1286-1300, 1302-1314, 1316-1328, 1330-1342, 1344-1356, 1358-1370, 1372-1384, 1386-1398, 1400-1412, 1414-1426, 1428-1440, 1442-1454, 1456-1468, 1470-1482, 1484-1496, 1498-1510, 1512-1524, 1526-1538, 1540-1552, 1554-1566, 1568-1580, 1582-1594, 1596-1608, 1610-1622, 1624-1636, 1638-1650, 1652-1664, 1666-1678, 1680-1692, 1694-1706, 1708-1720, 1722-1734, 1736-1748, 1750-1762, 1764-1776, 1778-1790, 1792-1804, 1806-1818, 1820-1832, 1834-1846, 1848-1860, 1862-1874, 1876-1888, 1890-1902, 1904-1916, 1918-1930, 1932-1944, 1946-1958, 1960-1972, 1974-1986, 1988-2000, 2002-2014, 2016-2028, 2030-2042, 2044-2056, 2058-2070, 2072-2084, 2086-2098, 2100-2112, 2114-2126, 2128-2140, 2142-2154, 2156-2168, 2170-2182, 2184-2196, 2198-2210, 2212-2224, 2226-2238, 2240-2252, 2254-2266, 2268-2280, 2282-2294, 2296-2308, 2310-2322, 2324-2336, 2338-2350, 2352-2364, 2366-2378, 2380-2392, 2394-2406, 2408-2420, 2422-2434, 2436-2448, 2450-2462, 2464-2476, 2478-2490, 2492-2504, 2506-2518, 2520-2532, 2534-2546, 2548-2560, 2562-2574, 2576-2588, 2590-2602, 2604-2616, 2618-2630, 2632-2644, 2646-2658, 2660-2672, 2674-2686, 2688-2700, 2702-2714, 2716-2728, 2730-2742, 2744-2756, 2758-2770, 2772-2784, 2786-2798, 2800-2812, 2814-2826, 2828-2840, 2842-2854, 2856-2868, 2870-2882, 2884-2896, 2898-2910, 2912-2924, 2926-2938, 2940-2952, 2954-2966, 2968-2980, 2982-2994, 2996-3008, 3010-3022, 3024-3036, 3038-3050, 3052-3064, 3066-3078, 3080-3092, 3094-3106, 3108-3120, 3122-3134, 3136-3148, 3150-3162, 3164-3176, 3178-3190, 3192-3204, 3206-3218, 3220-3232, 3234-3246, 3248-3260, 3262-3274, 3276-3288, 3290-3302, 3304-3316, 3318-3330, 3332-3344, 3346-3358, 3360-3372, 3374-3386, 3388-3400, 3402-3414, 3416-3428, 3430-3442, 3444-3456, 3458-3470, 3472-3484, 3486-3498, 3500-3512, 3514-3526, 3528-3540, 3542-3554, 3556-3568, 3570-3582, 3584-3596, 3598-3610, 3612-3624, 3626-3638, 3640-3652, 3654-3666, 3668-3680, 3682-3694, 3696-3708, 3710-3722, 3724-3736, 3738-3750, 3752-3764, 3766-3778, 3780-3792, 3794-3806, 3808-3820, 3822-3834, 3836-3848, 3850-3862, 3864-3876, 3878-3890, 3892-3904, 3906-3918, 3920-3932, 3934-3946, 3948-3960, 3962-3974, 3976-3988, 3990-4002, 4004-4016, 4018-4030, 4032-4044, 4046-4058, 4060-4072, 4074-4086, 4088-4100, 4102-4114, 4116-4128, 4130-4142, 4144-4156, 4158-4170, 4172-4184, 4186-4198, 4200-4212, 4214-4226, 4228-4240, 4242-4254, 4256-4268, 4270-4282, 4284-4296, 4298-4310, 4312-4324, 4326-4338, 4340-4352, 4354-4366, 4368-4380, 4382-4394, 4396-4408, 4410-4422, 4424-4436, 4438-4450, 4452-4464, 4466-4478, 4480-4492, 4494-4506, 4508-4520, 4522-4534, 4536-4548, 4550-4562, 4564-4576, 4578-4590, 4592-4604, 4606-4618, 4620-4632, 4634-4646, 4648-4660, 4662-4674, 4676-4688, 4690-4702, 4704-4716, 4718-4730, 4732-4744, 4746-4758, 4760-4772, 4774-4786, 4788-4800, 4802-4814, 4816-4828, 4830-4842, 4844-4856, 4858-4870, 4872-4884, 4886-4898, 4900-4912, 4914-4926, 4928-4940, 4942-4954, 4956-4968, 4970-4982, 4984-4996, 4998-5010, 5012-5024, 5026-5038, 5040-5052, 5054-5066, 5068-5080, 5082-5094, 5096-5108, 5110-5122, 5124-5136, 5138-5150, 5152-5164, 5166-5178, 5180-5192, 5194-5206, 5208-5220, 5222-5234, 5236-5248, 5250-5262, 5264-5276, 5278-5290, 5292-5304, 5306-5318, 5320-5332, 5334-5346, 5348-5360, 5362-5374, 5376-5388, 5390-5402, 5404-5416, 5418-5430, 5432-5444, 5446-5458, 5460-5472, 5474-5486, 5488-5500, 5502-5514, 5516-5528, 5530-5542, 5544-5556, 5558-5570, 5572-5584, 5586-5598, 5600-5612, 5614-5626, 5628-5640, 5642-5654, 5656-5668, 5670-5682, 5684-5696, 5698-5710, 5712-5724, 5726-5738, 5740-5752, 5754-5766, 5768-5780, 5782-5794, 5796-5808, 5810-5822, 5824-5836, 5838-5850, 5852-5864, 5866-5878, 5880-5892, 5894-5906, 5908-5920, 5922-5934, 5936-5948, 5950-5962, 5964-5976, 5978-5990, 5992-6004, 6006-6018, 6020-6032, 6034-6046, 6048-6060, 6062-6074, 6076-6088, 6090-6102, 6104-6116, 6118-6130, 6132-6144, 6146-6158, 6160-6172, 6174-6186, 6188-6200, 6202-6214, 6216-6228, 6230-6242, 6244-6256, 6258-6270, 6272-6284, 6286-6298, 6300-6312, 6314-6326, 6328-6340, 6342-6354, 6356-6368, 6370-6382, 6384-6396, 6398-6410, 6412-6424, 6426-6438, 6440-6452, 6454-6466, 6468-6480, 6482-6494, 6496-6508, 6510-6522, 6524-6536, 6538-6550, 6552-6564, 6566-6578, 6580-6592, 6594-6606, 6608-6620, 6622-6634, 6636-6648, 6650-6662, 6664-6676, 6678-6690, 6692-6704, 6706-6718, 6720-6732, 6734-6746, 6748-6760, 6762-6774, 6776-6788, 6790-6802, 6804-6816, 6818-6830, 6832-6844, 6846-6858, 6860-6872, 6874-6886, 6888-6900, 6902-6914, 6916-6928, 6930-6942, 6944-6956, 6958-6970, 6972-6984, 6986-7008, 7010-7022, 7024-7036, 7038-7050, 7052-7064, 7066-7078, 7080-7092, 7094-7106, 7108-7120, 7122-7134, 7136-7148, 7150-7162, 7164-7176, 7178-7190, 7192-7204, 7206-7218, 7220-7232, 7234-7246, 7248-7260, 7262-7274, 7276-7288, 7290-7302, 7304-7316, 7318-7330, 7332-7344, 7346-7358, 7360-7372, 7374-7386, 7388-7400, 7402-7414, 7416-7428, 7430-7442, 7444-7456, 7458-7470, 7472-7484, 7486-7498, 7500-7512, 7514-7526, 7528-7540, 7542-7554, 7556-7568, 7570-7582, 7584-7596, 7598-7610, 7612-7624, 7626-7638, 7640-7652, 7654-7666, 7668-7680, 7682-7694, 7696-7708, 7710-7722, 7724-7736, 7738-7750, 7752-7764, 7766-7778, 7780-7792, 7794-7806, 7808-7820, 7822-7834, 7836-7848, 7850-7862, 7864-7876, 7878-7890, 7892-7904, 7906-7918, 7920-7932, 7934-7946, 7948-7960, 7962-7974, 7976-7988, 7990-8002, 8004-8016, 8018-8030, 8032-8044, 8046-8058, 8060-8072, 8074-8086, 8088-8090
2026-04-05 19:03:32 - root - INFO - Getting method of the patch: tmp/patches/cleaned/aprenfl-defects4j-Math-50-TBar-Patch_1_1.patch
2026-04-05 19:03:33 - root - INFO - Methods already exist for the patch: aprenfl-defects4j-Math-50-TBar-Patch_1_1
2026-04-05 19:03:33 - root - INFO - Getting method of the patch: tmp/patches/cleaned/dl4pc2-defects4j-Math-50-GenProg-DifferentFragPatches-203.patch
2026-04-05 19:03:33 - root - INFO - Methods already exist for the patch: dl4pc2-defects4j-Math-50-GenProg-DifferentFragPatches-203
2026-04-05 19:04:33 - root - WARNING - [WARN] Retry 2/3 for model codegemma:7b-instruct: timed out
2026-04-05 19:05:38 - root - WARNING - [WARN] Retry 2/3 for model codegemma:7b-instruct: timed out
2026-04-05 19:06:43 - root - WARNING - [WARN] Retry 2/3 for model codegemma:7b-instruct: timed out
2026-04-05 19:07:48 - root - WARNING - [WARN] Retry 2/3 for model codegemma:7b-instruct: timed out
2026-04-05 19:08:53 - root - WARNING - [WARN] Retry 2/3 for model codegemma:7b-instruct: timed out
2026-04-05 19:09:57 - httpx - INFO - HTTP Request: POST http://127.0.0.1:11434/api/chat "HTTP/1.1 200 OK"
2026-04-05 19:09:57 - root - INFO - Received response for model codegemma:7b-instruct on attempt 1 response: **Lines of Code More Similar:**

Lines 1-10, 12-24, 26-38, 40-48, 50-58, 60-68, 70-78, 80-88, 90-98, 100-108, 110-118, 120-128, 130-138, 140-148, 150-158, 160-168, 170-178, 180-188, 190-198, 200-208, 210-218, 220-228, 230-238, 240-248, 250-258, 260-268, 270-278, 280-288, 290-298, 300-308, 310-318, 320-328, 330-338, 340-348, 350-358, 360-368, 370-378, 380-388, 390-398, 400-408, 410-418, 420-428, 430-438, 440-448, 450-458, 460-468, 470-478, 480-488, 490-498, 500-508, 510-518, 520-528, 530-538, 540-548, 550-558, 560-568, 570-578, 580-588, 590-598, 600-608, 610-618, 620-628, 630-638, 640-648, 650-658, 660-668, 670-678, 680-688, 690-698, 700-708, 710-718, 720-728, 730-738, 740-748, 750-758, 760-768, 770-778, 780-788, 790-798, 800-808, 810-818, 820-828, 830-838, 840-848, 850-858, 860-868, 870-878, 880-888, 890-898, 900-908, 910-918, 920-928, 930-938, 940-948, 950-958, 960-968, 970-978, 980-988, 990-998, 1000-1008, 1010-1018, 1020-1028, 1030-1038, 1040-1048, 1050-1058, 1060-1068, 1070-1078, 1080-1088, 1090-1098, 1100-1108, 1110-1118, 1120-1128, 1130-1138, 1140-1148, 1150-1158, 1160-1168, 1170-1178, 1180-1188, 1190-1198, 1200-1208, 1210-1218, 1220-1228, 1230-1238, 1240-1248, 1250-1258, 1260-1268, 1270-1278, 1280-1288, 1290-1298, 1300-1308, 1310-1318, 1320-1328, 1330-1338, 1340-1348, 1350-1358, 1360-1368, 1370-1378, 1380-1388, 1390-1398, 1400-1408, 1410-1418, 1420-1428, 1430-1438, 1440-1448, 1450-1458, 1460-1468, 1470-1478, 1480-1488, 1490-1498, 1500-1508, 1510-1518, 1520-1528, 1530-1538, 1540-1548, 1550-1558, 1560-1568, 1570-1578, 1580-1588, 1590-1598, 1600-1608, 1610-1618, 1620-1628, 1630-1638, 1640-1648, 1650-1658, 1660-1668, 1670-1678, 1680-1688, 1690-1698, 1700-1708, 1710-1718, 1720-1728, 1730-1738, 1740-1748, 1750-1758, 1760-1768, 1770-1778, 1780-1788, 1790-1798, 1800-1808, 1810-1818, 1820-1828, 1830-1838, 1840-1848, 1850-1858, 1860-1868, 1870-1878, 1880-1888, 1890-1898, 1900-1908, 1910-1918, 1920-1928, 1930-1938, 1940-1948, 1950-1958, 1960-1968, 1970-1978, 1980-1988, 1990-1998, 2000-2008, 2010-2018, 2020-2028, 2030-2038, 2040-2048, 2050-2058, 2060-2068, 2070-2078, 2080-2088, 2090-2098, 2100-2108, 2110-2118, 2120-2128, 2130-2138, 2140-2148, 2150-2158, 2160-2168, 2170-2178, 2180-2188, 2190-2198, 2200-2208, 2210-2218, 2220-2228, 2230-2238, 2240-2248, 2250-2258, 2260-2268, 2270-2278, 2280-2288, 2290-2298, 2300-2308, 2310-2318, 2320-2328, 2330-2338, 2340-2348, 2350-2358, 2360-2368, 2370-2378, 2380-2388, 2390-2398, 2400-2408, 2410-2418, 2420-2428, 2430-2438, 2440-2448, 2450-2458, 2460-2468, 2470-2478, 2480-2488, 2490-2498, 2500-2508, 2510-2518, 2520-2528, 2530-2538, 2540-2548, 2550-2558, 2560-2568, 2570-2578, 2580-2588, 2590-2598, 2600-2608, 2610-2618, 2620-2628, 2630-2638, 2640-2648, 2650-2658, 2660-2668, 2670-2678, 2680-2688, 2690-2698, 2700-2708, 2710-2718, 2720-2728, 2730-2738, 2740-2748, 2750-2758, 2760-2768, 2770-2778, 2780-2788, 2790-2798, 2800-2808, 2810-2818, 2820-2828, 2830-2838, 2840-2848, 2850-2858, 2860-2868, 2870-2878, 2880-2888, 2890-2898, 2900-2908, 2910-2918, 2920-2928, 2930-2938, 2940-2948, 2950-2958, 2960-2968, 2970-2978, 2980-2988, 2990-2998, 3000-3008, 3010-3018, 3020-3028, 3030-3038, 3040-3048, 3050-3058, 3060-3068, 3070-3078, 3080-3088, 3090-3098, 3100-3108, 3110-3118, 3120-3128, 3130-3138, 3140-3148, 3150-3158, 3160-3168, 3170-3178, 3180-3188, 3190-3198, 3200-3208, 3210-3218, 3220-3228, 3230-3238, 3240-3248, 3250-3258, 3260-3268, 3270-3278, 3280-3288, 3290-3298, 3300-3308, 3310-3318, 3320-3328, 3330-3338, 3340-3348, 3350-3358, 3360-3368, 3370-3378, 3380-3388, 3390-3398, 3400-3408, 3410-3418, 3420-3428, 3430-3438, 3440-3448, 3450-3458, 3460-3468, 3470-3478, 3480-3488, 3490-3498, 3500-3508, 3510-3518, 3520-3528, 3530-3538, 3540-3548, 3550-3558, 3560-3568, 3570-3578, 3580-3588, 3590-3598, 3600-3608, 3610-3618, 3620-3628, 3630-3638, 3640-3648, 3650-3658, 3660-3668, 3670-3678, 3680-3688, 3690-3698, 3700-3708, 3710-3718, 3720-3728, 3730-3738, 3740-3748, 3750-3758, 3760-3768, 3770-3778, 3780-3788, 3790-3798, 3800-3808, 3810-3818, 3820-3828, 3830-3838, 3840-3848, 3850-3858, 3860-3868, 3870-3878, 3880-3888, 3890-3898, 3900-3908, 3910-3918, 3920-3928, 3930-3938, 3940-3948, 3950-3958, 3960-3968, 3970-3978, 3980-3988, 3990-3998, 4000-4008, 4010-4018, 4020-4028, 4030-4038, 4040-4048, 4050-4058, 4060-4068, 4070-4078, 4080-4088, 4090-4098, 4100-4108, 4110-4118, 4120-4128, 4130-4138, 4140-4148, 4150-4158, 4160-4168, 4170-4178, 4180-4188, 4190-4198, 4200-4208, 4210-4218, 4220-4228, 4230-4238, 4240-4248, 4250-4258, 4260-4268, 4270-4278, 4280-4288, 4290-4298, 4300-4308, 4310-4318, 4320-4328, 4330-4338, 4340-4348, 4350-4358, 4360-4368, 4370-4378, 4380-4388, 4390-4398, 4400-4408, 4410-4418, 4420-4428, 4430-4438, 4440-4448, 4450-4458, 4460-4468, 4470-4478, 4480-4488, 4490-4498, 4500-4508, 4510-4518, 4520-4528, 4530-4538, 4540-4548, 4550-4558, 4560-4568, 4570-4578, 4580-4588, 4590-4598, 4600-4608, 4610-4618, 4620-4628, 4630-4638, 4640-4648, 4650-4658, 4660-4668, 4670-4678, 4680-4688, 4690-4698, 4700-4708, 4710-4718, 4720-4728, 4730-4738, 4740-4748, 4750-4758, 4760-4768, 4770-4778, 4780-4788, 4790-4798, 4800-4808, 4810-4818, 4820-4828, 4830-4838, 4840-4848, 4850-4858, 4860-4868, 4870-4878, 4880-4888, 4890-4898, 4900-4908, 4910-4918, 4920-4928, 4930-4938, 4940-4948, 4950-4958, 4960-4968, 4970-4978, 4980-4988, 4990-4998, 5000-5008, 5010-5018, 5020-5028, 5030-5038, 5040-5048, 5050-5058, 5060-5068, 5070-5078, 5080-5088, 5090-5098, 5100-5108, 5110-5118, 5120-5128, 5130-5138, 5140-5148, 5150-5158, 5160-5168, 5170-5178, 5180-5188, 5190-5198, 5200-5208, 5210-5218, 5220-5228, 5230-5238, 5240-5248, 5250-5258, 5260-5268, 5270-5278, 5280-5288, 5290-5298, 5300-5308, 5310-5318, 5320-5328, 5330-5338, 5340-5348, 5350-5358, 5360-5368, 5370-5378, 5380-5388, 5390-5398, 5400-5408, 5410-5418, 5420-5428, 5430-5438, 5440-5448, 5450-5458, 5460-5468, 5470-5478, 5480-5488, 5490-5498, 5500-5508, 5510-5518, 5520-5528, 5530-5538, 5540-5548, 5550-5558, 5560-5568, 5570-5578, 5580-5588, 5590-5598, 5600-5608, 5610-5618, 5620-5628, 5630-5638, 5640-5648, 5650-5658, 5660-5668, 5670-5678, 5680-5688, 5690-5698, 5700-5708, 5710-5718, 5720-5728, 5730-5738, 5740-5748, 5750-5758, 5760-5768, 5770-5778, 5780-5788, 5790-5798, 5800-5808, 5810-5818, 5820-5828, 5830-5838, 5840-5848, 5850-5858, 5860-5868, 5870-5878, 5880-5888, 5890-5898, 5900-5908, 5910-5918, 5920-5928, 5930-5938, 5940-5948, 5950-5958, 5960-5968, 5970-5978, 5980-5988, 5990-5998
2026-04-05 19:09:57 - root - INFO - Getting method of the patch: tmp/patches/cleaned/aprenfl-defects4j-Math-50-TBar-Patch_1_1.patch
2026-04-05 19:09:57 - root - INFO - Methods already exist for the patch: aprenfl-defects4j-Math-50-TBar-Patch_1_1
2026-04-05 19:09:57 - root - INFO - Getting method of the patch: tmp/patches/cleaned/dl4pc2-defects4j-Math-50-GenProg-DifferentFragPatches-160.patch
2026-04-05 19:09:57 - root - INFO - Methods already exist for the patch: dl4pc2-defects4j-Math-50-GenProg-DifferentFragPatches-160
2026-04-05 19:10:57 - root - WARNING - [WARN] Retry 2/3 for model codegemma:7b-instruct: timed out
2026-04-05 19:11:26 - httpx - INFO - HTTP Request: POST http://127.0.0.1:11434/api/chat "HTTP/1.1 200 OK"
2026-04-05 19:11:26 - root - INFO - Received response for model codegemma:7b-instruct on attempt 1 response: **Lines of Code More Similar:**

Lines 1-4, 6-10, 12-14, 16-20, 22-24, 26-28, 30-32, 34-36, 38-40, 42-44, 46-48, 50-52, 54-56, 58-60, 62-64, 66-68, 70-72, 74-76, 78-80, 82-84, 86-88, 90-92, 94-96, 98-100, 102-104, 106-108, 110-112, 114-116, 118-120, 122-124, 126-128, 130-132, 134-136, 138-140, 142-144, 146-148, 150-152, 154-156, 158-160, 162-164, 166-168, 170-172, 174-176, 178-180, 182-184, 186-188, 190-192, 194-196, 198-200, 202-204, 206-208, 210-212, 214-216, 218-220, 222-224, 226-228, 230-232, 234-236, 238-240, 242-244, 246-248, 250-252, 254-256, 258-260, 262-264, 266-268, 270-272, 274-276, 278-280, 282-284, 286-288, 290-292, 294-296, 298-300, 302-304, 306-308, 310-312, 314-316, 318-320, 322-324, 326-328, 330-332, 334-336, 338-340, 342-344, 346-348, 350-352, 354-356, 358-360, 362-364, 366-368, 370-372, 374-376, 378-380, 382-384, 386-388, 390-392, 394-396, 398-400, 402-404, 406-408, 410-412, 414-416, 418-420, 422-424, 426-428, 430-432, 434-436, 438-440, 442-444, 446-448, 450-452, 454-456, 458-460, 462-464, 466-468, 470-472, 474-476, 478-480, 482-484, 486-488, 490-492, 494-496, 498-500, 502-504, 506-508, 510-512, 514-516, 518-520, 522-524, 526-528, 530-532, 534-536, 538-540, 542-544, 546-548, 550-552, 554-556, 558-560, 562-564, 566-568, 570-572, 574-576, 578-580, 582-584, 586-588, 590-592, 594-596, 598-600, 602-604, 606-608, 610-612, 614-616, 618-620, 622-624, 626-628, 630-632, 634-636, 638-640, 642-644, 646-648, 650-652, 654-656, 658-660, 662-664, 666-668, 670-672, 674-676, 678-680, 682-684, 686-688, 690-692, 694-696, 698-700, 702-704, 706-708, 710-712, 714-716, 718-720, 722-724, 726-728, 730-732, 734-736, 738-740, 742-744, 746-748, 750-752, 754-756, 758-760, 762-764, 766-768, 770-772, 774-776, 778-780, 782-784, 786-788, 790-792, 794-796, 798-800, 802-804, 806-808, 810-812, 814-816, 818-820, 822-824, 826-828, 830-832, 834-836, 838-840, 842-844, 846-848, 850-852, 854-856, 858-860, 862-864, 866-868, 870-872, 874-876, 878-880, 882-884, 886-888, 890-892, 894-896, 898-900, 902-904, 906-908, 910-912, 914-916, 918-920, 922-924, 926-928, 930-932, 934-936, 938-940, 942-944, 946-948, 950-952, 954-956, 958-960, 962-964, 966-968, 970-972, 974-976, 978-980, 982-984, 986-988, 990-992, 994-996, 998-1000, 1002-1004, 1006-1008, 1010-1012, 1014-1016, 1018-1020, 1022-1024, 1026-1028, 1030-1032, 1034-1036, 1038-1040, 1042-1044, 1046-1048, 1050-1052, 1054-1056, 1058-1060, 1062-1064, 1066-1068, 1070-1072, 1074-1076, 1078-1080, 1082-1084, 1086-1088, 1090-1092, 1094-1096, 1098-1100, 1102-1104, 1106-1108, 1110-1112, 1114-1116, 1118-1120, 1122-1124, 1126-1128, 1130-1132, 1134-1136, 1138-1140, 1142-1144, 1146-1148, 1150-1152, 1154-1156, 1158-1160, 1162-1164, 1166-1168, 1170-1172, 1174-1176, 1178-1180, 1182-1184, 1186-1188, 1190-1192, 1194-1196, 1198-2000

**Semantic Similarity:**

The two code snippets are semantically similar. They both implement the same algorithm for finding the root of a function using the Regula falsi method. The differences between the two snippets are mainly in the handling of special cases and the use of different accuracy measures.
2026-04-05 19:11:26 - root - INFO - Getting method of the patch: tmp/patches/cleaned/aprenfl-defects4j-Math-50-TBar-Patch_1_1.patch
2026-04-05 19:11:26 - root - INFO - Methods already exist for the patch: aprenfl-defects4j-Math-50-TBar-Patch_1_1
2026-04-05 19:11:26 - root - INFO - Getting method of the patch: tmp/patches/cleaned/dl4pc2-defects4j-Math-50-GenProg-DifferentFragPatches-187.patch
2026-04-05 19:11:26 - root - INFO - Methods already exist for the patch: dl4pc2-defects4j-Math-50-GenProg-DifferentFragPatches-187
2026-04-05 19:11:52 - httpx - INFO - HTTP Request: POST http://127.0.0.1:11434/api/chat "HTTP/1.1 200 OK"
2026-04-05 19:11:52 - root - INFO - Received response for model codegemma:7b-instruct on attempt 1 response: **Lines of Code More Similar:**

Lines 1-10, 12-24, 26-38, 40-52, 54-66, 68-80, 82-94, 96-108, 110-122, 124-136, 138-150, 152-164, 166-178, 180-192, 194-206, 208-220, 222-234, 236-248, 250-262, 264-276, 278-290, 292-304, 306-318, 320-332, 334-346, 348-360, 362-374, 376-388, 390-402, 404-416, 418-430, 432-444, 446-458, 460-472, 474-486, 488-500, 502-514, 516-528, 530-542, 544-556, 558-570, 572-584, 586-598, 600-612, 614-626, 628-640, 642-654, 656-668, 670-682, 684-696, 698-710, 712-724, 726-738, 740-752, 754-766, 768-780, 782-794, 796-808, 810-822, 824-836, 838-850, 852-864, 866-878, 880-892, 894-906, 908-920, 922-934, 936-948, 950-962, 964-976, 978-990, 992-1004, 1006-1018, 1020-1032, 1034-1046, 1048-1060, 1062-1074, 1076-1088, 1090-1102, 1104-1116, 1118-1130, 1132-1144, 1146-1158, 1160-1172, 1174-1186, 1188-1200, 1202-1214, 1216-1228, 1230-1242, 1244-1256, 1258-1270, 1272-1284, 1286-1300, 1302-1314, 1316-1328, 1330-1342, 1344-1356, 1358-1370, 1372-1384, 1386-1400, 1402-1414, 1416-1428, 1430-1442, 1444-1456, 1458-1470, 1472-1484, 1486-1500, 1502-1514, 1516-1528, 1530-1542, 1544-1556, 1558-1570, 1572-1584, 1586-1600, 1602-1614, 1616-1628, 1630-1642, 1644-1656, 1658-1670, 1672-1684, 1686-1700, 1702-1714, 1716-1728, 1730-1742, 1744-1756, 1758-1770, 1772-1784, 1786-1800, 1802-1814, 1816-1828, 1830-1842, 1844-1856, 1858-1870, 1872-1884, 1886-1900, 1902-1914, 1916-1928, 1930-1942, 1944-1956, 1958-1970, 1972-1984, 1986-2000, 2002-2014, 2016-2028, 2030-2042, 2044-2056, 2058-2070, 2072-2084, 2086-2100, 2102-2114, 2116-2128, 2130-2142, 2144-2156, 2158-2170, 2172-2184, 2186-2200, 2202-2214, 2216-2228, 2230-2242, 2244-2256, 2258-2270, 2272-2284, 2286-2300, 2302-2314, 2316-2328, 2330-2342, 2344-2356, 2358-2370, 2372-2384, 2386-2400, 2402-2414, 2416-2428, 2430-2442, 2444-2456, 2458-2470, 2472-2484, 2486-2500, 2502-2514, 2516-2528, 2530-2542, 2544-2556, 2558-2570, 2572-2584, 2586-2600, 2602-2614, 2616-2628, 2630-2642, 2644-2656, 2658-2670, 2672-2684, 2686-2700, 2702-2714, 2716-2728, 2730-2742, 2744-2756, 2758-2770, 2772-2784, 2786-2800, 2802-2814, 2816-2828, 2830-2842, 2844-2856, 2858-2870, 2872-2884, 2886-2900, 2902-2914, 2916-2928, 2930-2942, 2944-2956, 2958-2970, 2972-2984, 2986-3000, 3002-3014, 3016-3028, 3030-3042, 3044-3056, 3058-3070, 3072-3084, 3086-3100, 3102-3114, 3116-3128, 3130-3142, 3144-3156, 3158-3170, 3172-3184, 3186-3200, 3202-3214, 3216-3228, 3230-3242, 3244-3256, 3258-3270, 3272-3284, 3286-3300, 3302-3314, 3316-3328, 3330-3342, 3344-3356, 3358-3370, 3372-3384, 3386-3400, 3402-3414, 3416-3428, 3430-3442, 3444-3456, 3458-3470, 3472-3484, 3486-3500, 3502-3514, 3516-3528, 3530-3542, 3544-3556, 3558-3570, 3572-3584, 3586-3600, 3602-3614, 3616-3628, 3630-3642, 3644-3656, 3658-3670, 3672-3684, 3686-3700, 3702-3714, 3716-3728, 3730-3742, 3744-3756, 3758-3770, 3772-3784, 3786-3800, 3802-3814, 3816-3828, 3830-3842, 3844-3856, 3858-3870, 3872-3884, 3886-3900, 3902-3914, 3916-3928, 3930-3942, 3944-3956, 3958-3970, 3972-3984, 3986-4000

**Semantic Similarity:**

Based on the lines of code more similar report, the two code snippets are semantically similar. They both implement the same algorithm for finding the root of a function using the Regula falsi method.
2026-04-05 19:11:52 - root - INFO - Getting method of the patch: tmp/patches/cleaned/aprenfl-defects4j-Math-50-TBar-Patch_1_1.patch
2026-04-05 19:11:52 - root - INFO - Methods already exist for the patch: aprenfl-defects4j-Math-50-TBar-Patch_1_1
2026-04-05 19:11:52 - root - INFO - Getting method of the patch: tmp/patches/cleaned/dl4pc2-defects4j-Math-50-GenProg-DifferentFragPatches-30.patch
2026-04-05 19:11:52 - root - INFO - Methods already exist for the patch: dl4pc2-defects4j-Math-50-GenProg-DifferentFragPatches-30
2026-04-05 19:12:51 - httpx - INFO - HTTP Request: POST http://127.0.0.1:11434/api/chat "HTTP/1.1 200 OK"
2026-04-05 19:12:51 - root - INFO - Received response for model codegemma:7b-instruct on attempt 1 response: **Lines of Code More Similar:**

Lines 1-10, 12-24, 26-38, 40-48, 50-58, 60-68, 70-78, 80-88, 90-98, 100-108, 110-118, 120-128, 130-138, 140-148, 150-158, 160-168, 170-178, 180-188, 190-198, 200-208, 210-218, 220-228, 230-238, 240-248, 250-258, 260-268, 270-278, 280-288, 290-298, 300-308, 310-318, 320-328, 330-338, 340-348, 350-358, 360-368, 370-378, 380-388, 390-398, 400-408, 410-418, 420-428, 430-438, 440-448, 450-458, 460-468, 470-478, 480-488, 490-498, 500-508, 510-518, 520-528, 530-538, 540-548, 550-558, 560-568, 570-578, 580-588, 590-598, 600-608, 610-618, 620-628, 630-638, 640-648, 650-658, 660-668, 670-678, 680-688, 690-698, 700-708, 710-718, 720-728, 730-738, 740-748, 750-758, 760-768, 770-778, 780-788, 790-798, 800-808, 810-818, 820-828, 830-838, 840-848, 850-858, 860-868, 870-878, 880-888, 890-898, 900-908, 910-918, 920-928, 930-938, 940-948, 950-958, 960-968, 970-978, 980-988, 990-998, 1000-1008, 1010-1018, 1020-1028, 1030-1038, 1040-1048, 1050-1058, 1060-1068, 1070-1078, 1080-1088, 1090-1098, 1100-1108, 1110-1118, 1120-1128, 1130-1138, 1140-1148, 1150-1158, 1160-1168, 1170-1178, 1180-1188, 1190-1198, 1200-1208, 1210-1218, 1220-1228, 1230-1238, 1240-1248, 1250-1258, 1260-1268, 1270-1278, 1280-1288, 1290-1298, 1300-1308, 1310-1318, 1320-1328, 1330-1338, 1340-1348, 1350-1358, 1360-1368, 1370-1378, 1380-1388, 1390-1398, 1400-1408, 1410-1418, 1420-1428, 1430-1438, 1440-1448, 1450-1458, 1460-1468, 1470-1478, 1480-1488, 1490-1498, 1500-1508, 1510-1518, 1520-1528, 1530-1538, 1540-1548, 1550-1558, 1560-1568, 1570-1578, 1580-1588, 1590-1598, 1600-1608, 1610-1618, 1620-1628, 1630-1638, 1640-1648, 1650-1658, 1660-1668, 1670-1678, 1680-1688, 1690-1698, 1700-1708, 1710-1718, 1720-1728, 1730-1738, 1740-1748, 1750-1758, 1760-1768, 1770-1778, 1780-1788, 1790-1798, 1800-1808, 1810-1818, 1820-1828, 1830-1838, 1840-1848, 1850-1858, 1860-1868, 1870-1878, 1880-1888, 1890-1898, 1900-1908, 1910-1918, 1920-1928, 1930-1938, 1940-1948, 1950-1958, 1960-1968, 1970-1978, 1980-1988, 1990-1998, 2000-2008, 2010-2018, 2020-2028, 2030-2038, 2040-2048, 2050-2058, 2060-2068, 2070-2078, 2080-2088, 2090-2098, 2100-2108, 2110-2118, 2120-2128, 2130-2138, 2140-2148, 2150-2158, 2160-2168, 2170-2178, 2180-2188, 2190-2198, 2200-2208, 2210-2218, 2220-2228, 2230-2238, 2240-2248, 2250-2258, 2260-2268, 2270-2278, 2280-2288, 2290-2298, 2300-2308, 2310-2318, 2320-2328, 2330-2338, 2340-2348, 2350-2358, 2360-2368, 2370-2378, 2380-2388, 2390-2398, 2400-2408, 2410-2418, 2420-2428, 2430-2438, 2440-2448, 2450-2458, 2460-2468, 2470-2478, 2480-2488, 2490-2498, 2500-2508, 2510-2518, 2520-2528, 2530-2538, 2540-2548, 2550-2558, 2560-2568, 2570-2578, 2580-2588, 2590-2598, 2600-2608, 2610-2618, 2620-2628, 2630-2638, 2640-2648, 2650-2658, 2660-2668, 2670-2678, 2680-2688, 2690-2698, 2700-2708, 2710-2718, 2720-2728, 2730-2738, 2740-2748, 2750-2758, 2760-2768, 2770-2778, 2780-2788, 2790-2798, 2800-2808, 2810-2818, 2820-2828, 2830-2838, 2840-2848, 2850-2858, 2860-2868, 2870-2878, 2880-2888, 2890-2898, 2900-2908, 2910-2918, 2920-2928, 2930-2938, 2940-2948, 2950-2958, 2960-2968, 2970-2978, 2980-2988, 2990-2998, 3000-3008, 3010-3018, 3020-3028, 3030-3038, 3040-3048, 3050-3058, 3060-3068, 3070-3078, 3080-3088, 3090-3098, 3100-3108, 3110-3118, 3120-3128, 3130-3138, 3140-3148, 3150-3158, 3160-3168, 3170-3178, 3180-3188, 3190-3198, 3200-3208, 3210-3218, 3220-3228, 3230-3238, 3240-3248, 3250-3258, 3260-3268, 3270-3278, 3280-3288, 3290-3298, 3300-3308, 3310-3318, 3320-3328, 3330-3338, 3340-3348, 3350-3358, 3360-3368, 3370-3378, 3380-3388, 3390-3398, 3400-3408, 3410-3418, 3420-3428, 3430-3438, 3440-3448, 3450-3458, 3460-3468, 3470-3478, 3480-3488, 3490-3498, 3500-3508, 3510-3518, 3520-3528, 3530-3538, 3540-3548, 3550-3558, 3560-3568, 3570-3578, 3580-3588, 3590-3598, 3600-3608, 3610-3618, 3620-3628, 3630-3638, 3640-3648, 3650-3658, 3660-3668, 3670-3678, 3680-3688, 3690-3698, 3700-3708, 3710-3718, 3720-3728, 3730-3738, 3740-3748, 3750-3758, 3760-3768, 3770-3778, 3780-3788, 3790-3798, 3800-3808, 3810-3818, 3820-3828, 3830-3838, 3840-3848, 3850-3858, 3860-3868, 3870-3878, 3880-3888, 3890-3898, 3900-3908, 3910-3918, 3920-3928, 3930-3938, 3940-3948, 3950-3958, 3960-3968, 3970-3978, 3980-3988, 3990-3998, 4000-4008, 4010-4018, 4020-4028, 4030-4038, 4040-4048, 4050-4058, 4060-4068, 4070-4078, 4080-4088, 4090-4098, 4100-4108, 4110-4118, 4120-4128, 4130-4138, 4140-4148, 4150-4158, 4160-4168, 4170-4178, 4180-4188, 4190-4198, 4200-4208, 4210-4218, 4220-4228, 4230-4238, 4240-4248, 4250-4258, 4260-4268, 4270-4278, 4280-4288, 4290-4298, 4300-4308, 4310-4318, 4320-4328, 4330-4338, 4340-4348, 4350-4358, 4360-4368, 4370-4378, 4380-4388, 4390-4398, 4400-4408, 4410-4418, 4420-4428, 4430-4438, 4440-4448, 4450-4458, 4460-4468, 4470-4478, 4480-4488, 4490-4498, 4500-4508, 4510-4518, 4520-4528, 4530-4538, 4540-4548, 4550-4558, 4560-4568, 4570-4578, 4580-4588, 4590-4598, 4600-4608, 4610-4618, 4620-4628, 4630-4638, 4640-4648, 4650-4658, 4660-4668, 4670-4678, 4680-4688, 4690-4698, 4700-4708, 4710-4718, 4720-4728, 4730-4738, 4740-4748, 4750-4758, 4760-4768, 4770-4778, 4780-4788, 4790-4798, 4800-4808, 4810-4818, 4820-4828, 4830-4838, 4840-4848, 4850-4858, 4860-4868, 4870-4878, 4880-4888, 4890-4898, 4900-4908, 4910-4918, 4920-4928, 4930-4938, 4940-4948, 4950-4958, 4960-4968, 4970-4978, 4980-4988, 4990-4998, 5000-5008, 5010-5018, 5020-5028, 5030-5038, 5040-5048, 5050-5058, 5060-5068, 5070-5078, 5080-5088, 5090-5098, 5100-5108, 5110-5118, 5120-5128, 5130-5138, 5140-5148, 5150-5158, 5160-5168, 5170-5178, 5180-5188, 5190-5198, 5200-5208, 5210-5218, 5220-5228, 5230-5238, 5240-5248, 5250-5258, 5260-5268, 5270-5278, 5280-5288, 5290-5298, 5300-5308, 5310-5318, 5320-5328, 5330-5338, 5340-5348, 5350-5358, 5360-5368, 5370-5378, 5380-5388, 5390-5398, 5400-5408, 5410-5418, 5420-5428, 5430-5438, 5440-5448, 5450-5458, 5460-5468, 5470-5478, 5480-5488, 5490-5498, 5500-5508, 5510-5518, 5520-5528, 5530-5538, 5540-5548, 5550-5558, 5560-5568, 5570-5578, 5580-5588, 5590-5598, 5600-5608, 5610-5618, 5620-5628, 5630-5638, 5640-5648, 5650-5658, 5660-5668, 5670-5678, 5680-5688, 5690-5698, 5700-5708, 5710-5718, 5720-5728, 5730-5738, 5740-5748, 5750-5758, 5760-5768, 5770-5778, 5780-5788, 5790-5798, 5800-5808, 5810-5818, 5820-5828, 5830-5838, 5840-5848, 5850-5858, 5860-5868, 5870-5878, 5880-5888, 5890-5898, 5900-5908, 5910-5918, 5920-5928, 5930-5938, 5940-5948, 5950-5958, 5960-5968, 5970-5978, 5980-5988, 5990-5998
2026-04-05 19:12:51 - root - INFO - Getting method of the patch: tmp/patches/cleaned/aprenfl-defects4j-Math-50-TBar-Patch_1_1.patch
2026-04-05 19:12:51 - root - INFO - Methods already exist for the patch: aprenfl-defects4j-Math-50-TBar-Patch_1_1
2026-04-05 19:12:51 - root - INFO - Getting method of the patch: tmp/patches/cleaned/dl4pc2-defects4j-Math-50-GenProg-DifferentFragPatches-125.patch
2026-04-05 19:12:51 - root - INFO - Methods already exist for the patch: dl4pc2-defects4j-Math-50-GenProg-DifferentFragPatches-125
2026-04-05 19:12:53 - httpx - INFO - HTTP Request: POST http://127.0.0.1:11434/api/chat "HTTP/1.1 200 OK"
2026-04-05 19:12:53 - root - INFO - Received response for model codegemma:7b-instruct on attempt 1 response: **Lines of code more similar:**

Lines 1-14 of both code snippets are similar, as they both implement the `doSolve()` method for solving a root-finding problem.

**Semantic similarity:**

Yes, the two code snippets are semantically similar. They both implement the same root-finding algorithm, which is the Regula Falsi method. The only difference between the two snippets is in the handling of the case where the function value at the last approximation is too small. In the first snippet, the code adds a small offset to the left bound of the interval, while in the second snippet, the code does not.

**Conclusion:**

The two code snippets are semantically similar, with the only difference being in the handling of the case where the function value at the last approximation is too small.
2026-04-05 19:12:53 - root - INFO - Getting method of the patch: tmp/patches/cleaned/aprenfl-defects4j-Math-50-TBar-Patch_1_1.patch
2026-04-05 19:12:53 - root - INFO - Methods already exist for the patch: aprenfl-defects4j-Math-50-TBar-Patch_1_1
2026-04-05 19:12:53 - root - INFO - Getting method of the patch: tmp/patches/cleaned/dl4pc2-defects4j-Math-50-GenProg-DifferentFragPatches-148.patch
2026-04-05 19:12:53 - root - INFO - Methods already exist for the patch: dl4pc2-defects4j-Math-50-GenProg-DifferentFragPatches-148
2026-04-05 19:12:55 - httpx - INFO - HTTP Request: POST http://127.0.0.1:11434/api/chat "HTTP/1.1 200 OK"
2026-04-05 19:12:55 - root - INFO - Received response for model codegemma:7b-instruct on attempt 1 response: **Lines of Code More Similar:**

Lines 1-24, 26-48, 50-72, 74-96, 98-120, 122-144, 146-168, 170-192, 194-216, 218-240 are more similar in both code snippets.

**Semantic Similarity:**

Based on the lines of code more similar, the two code snippets are semantically similar. They both implement the bisection method for root finding, with similar logic for finding better approximations, verifying bracketing, and handling different accuracy criteria.
2026-04-05 19:12:55 - root - INFO - Getting method of the patch: tmp/patches/cleaned/aprenfl-defects4j-Math-50-TBar-Patch_1_1.patch
2026-04-05 19:12:55 - root - INFO - Methods already exist for the patch: aprenfl-defects4j-Math-50-TBar-Patch_1_1
2026-04-05 19:12:55 - root - INFO - Getting method of the patch: tmp/patches/cleaned/dl4pc2-defects4j-Math-50-GenProg-DifferentFragPatches-45.patch
2026-04-05 19:12:55 - root - INFO - Methods already exist for the patch: dl4pc2-defects4j-Math-50-GenProg-DifferentFragPatches-45
2026-04-05 19:13:55 - root - WARNING - [WARN] Retry 2/3 for model codegemma:7b-instruct: timed out
2026-04-05 19:15:00 - root - WARNING - [WARN] Retry 2/3 for model codegemma:7b-instruct: timed out
2026-04-05 19:16:05 - root - WARNING - [WARN] Retry 2/3 for model codegemma:7b-instruct: timed out
2026-04-05 19:17:10 - root - WARNING - [WARN] Retry 2/3 for model codegemma:7b-instruct: timed out
2026-04-05 19:18:15 - httpx - INFO - HTTP Request: POST http://127.0.0.1:11434/api/chat "HTTP/1.1 200 OK"
2026-04-05 19:18:15 - root - INFO - Received response for model codegemma:7b-instruct on attempt 1 response: **Lines of Code More Similar:**

Lines 1-10, 12-24, 26-38, 40-48, 50-58, 60-68, 70-78, 80-88, 90-98, 100-108, 110-118, 120-128, 130-138, 140-148, 150-158, 160-168, 170-178, 180-188, 190-198, 200-208, 210-218, 220-228, 230-238, 240-248, 250-258, 260-268, 270-278, 280-288, 290-298, 300-308, 310-318, 320-328, 330-338, 340-348, 350-358, 360-368, 370-378, 380-388, 390-398, 400-408, 410-418, 420-428, 430-438, 440-448, 450-458, 460-468, 470-478, 480-488, 490-498, 500-508, 510-518, 520-528, 530-538, 540-548, 550-558, 560-568, 570-578, 580-588, 590-598, 600-608, 610-618, 620-628, 630-638, 640-648, 650-658, 660-668, 670-678, 680-688, 690-698, 700-708, 710-718, 720-728, 730-738, 740-748, 750-758, 760-768, 770-778, 780-788, 790-798, 800-808, 810-818, 820-828, 830-838, 840-848, 850-858, 860-868, 870-878, 880-888, 890-898, 900-908, 910-918, 920-928, 930-938, 940-948, 950-958, 960-968, 970-978, 980-988, 990-998, 1000-1008, 1010-1018, 1020-1028, 1030-1038, 1040-1048, 1050-1058, 1060-1068, 1070-1078, 1080-1088, 1090-1098, 1100-1108, 1110-1118, 1120-1128, 1130-1138, 1140-1148, 1150-1158, 1160-1168, 1170-1178, 1180-1188, 1190-1198, 1200-1208, 1210-1218, 1220-1228, 1230-1238, 1240-1248, 1250-1258, 1260-1268, 1270-1278, 1280-1288, 1290-1298, 1300-1308, 1310-1318, 1320-1328, 1330-1338, 1340-1348, 1350-1358, 1360-1368, 1370-1378, 1380-1388, 1390-1398, 1400-1408, 1410-1418, 1420-1428, 1430-1438, 1440-1448, 1450-1458, 1460-1468, 1470-1478, 1480-1488, 1490-1498, 1500-1508, 1510-1518, 1520-1528, 1530-1538, 1540-1548, 1550-1558, 1560-1568, 1570-1578, 1580-1588, 1590-1598, 1600-1608, 1610-1618, 1620-1628, 1630-1638, 1640-1648, 1650-1658, 1660-1668, 1670-1678, 1680-1688, 1690-1698, 1700-1708, 1710-1718, 1720-1728, 1730-1738, 1740-1748, 1750-1758, 1760-1768, 1770-1778, 1780-1788, 1790-1798, 1800-1808, 1810-1818, 1820-1828, 1830-1838, 1840-1848, 1850-1858, 1860-1868, 1870-1878, 1880-1888, 1890-1898, 1900-1908, 1910-1918, 1920-1928, 1930-1938, 1940-1948, 1950-1958, 1960-1968, 1970-1978, 1980-1988, 1990-1998, 2000-2008, 2010-2018, 2020-2028, 2030-2038, 2040-2048, 2050-2058, 2060-2068, 2070-2078, 2080-2088, 2090-2098, 2100-2108, 2110-2118, 2120-2128, 2130-2138, 2140-2148, 2150-2158, 2160-2168, 2170-2178, 2180-2188, 2190-2198, 2200-2208, 2210-2218, 2220-2228, 2230-2238, 2240-2248, 2250-2258, 2260-2268, 2270-2278, 2280-2288, 2290-2298, 2300-2308, 2310-2318, 2320-2328, 2330-2338, 2340-2348, 2350-2358, 2360-2368, 2370-2378, 2380-2388, 2390-2398, 2400-2408, 2410-2418, 2420-2428, 2430-2438, 2440-2448, 2450-2458, 2460-2468, 2470-2478, 2480-2488, 2490-2498, 2500-2508, 2510-2518, 2520-2528, 2530-2538, 2540-2548, 2550-2558, 2560-2568, 2570-2578, 2580-2588, 2590-2598, 2600-2608, 2610-2618, 2620-2628, 2630-2638, 2640-2648, 2650-2658, 2660-2668, 2670-2678, 2680-2688, 2690-2698, 2700-2708, 2710-2718, 2720-2728, 2730-2738, 2740-2748, 2750-2758, 2760-2768, 2770-2778, 2780-2788, 2790-2798, 2800-2808, 2810-2818, 2820-2828, 2830-2838, 2840-2848, 2850-2858, 2860-2868, 2870-2878, 2880-2888, 2890-2898, 2900-2908, 2910-2918, 2920-2928, 2930-2938, 2940-2948, 2950-2958, 2960-2968, 2970-2978, 2980-2988, 2990-2998, 3000-3008, 3010-3018, 3020-3028, 3030-3038, 3040-3048, 3050-3058, 3060-3068, 3070-3078, 3080-3088, 3090-3098, 3100-3108, 3110-3118, 3120-3128, 3130-3138, 3140-3148, 3150-3158, 3160-3168, 3170-3178, 3180-3188, 3190-3198, 3200-3208, 3210-3218, 3220-3228, 3230-3238, 3240-3248, 3250-3258, 3260-3268, 3270-3278, 3280-3288, 3290-3298, 3300-3308, 3310-3318, 3320-3328, 3330-3338, 3340-3348, 3350-3358, 3360-3368, 3370-3378, 3380-3388, 3390-3398, 3400-3408, 3410-3418, 3420-3428, 3430-3438, 3440-3448, 3450-3458, 3460-3468, 3470-3478, 3480-3488, 3490-3498, 3500-3508, 3510-3518, 3520-3528, 3530-3538, 3540-3548, 3550-3558, 3560-3568, 3570-3578, 3580-3588, 3590-3598, 3600-3608, 3610-3618, 3620-3628, 3630-3638, 3640-3648, 3650-3658, 3660-3668, 3670-3678, 3680-3688, 3690-3698, 3700-3708, 3710-3718, 3720-3728, 3730-3738, 3740-3748, 3750-3758, 3760-3768, 3770-3778, 3780-3788, 3790-3798, 3800-3808, 3810-3818, 3820-3828, 3830-3838, 3840-3848, 3850-3858, 3860-3868, 3870-3878, 3880-3888, 3890-3898, 3900-3908, 3910-3918, 3920-3928, 3930-3938, 3940-3948, 3950-3958, 3960-3968, 3970-3978, 3980-3988, 3990-3998, 4000-4008, 4010-4018, 4020-4028, 4030-4038, 4040-4048, 4050-4058, 4060-4068, 4070-4078, 4080-4088, 4090-4098, 4100-4108, 4110-4118, 4120-4128, 4130-4138, 4140-4148, 4150-4158, 4160-4168, 4170-4178, 4180-4188, 4190-4198, 4200-4208, 4210-4218, 4220-4228, 4230-4238, 4240-4248, 4250-4258, 4260-4268, 4270-4278, 4280-4288, 4290-4298, 4300-4308, 4310-4318, 4320-4328, 4330-4338, 4340-4348, 4350-4358, 4360-4368, 4370-4378, 4380-4388, 4390-4398, 4400-4408, 4410-4418, 4420-4428, 4430-4438, 4440-4448, 4450-4458, 4460-4468, 4470-4478, 4480-4488, 4490-4498, 4500-4508, 4510-4518, 4520-4528, 4530-4538, 4540-4548, 4550-4558, 4560-4568, 4570-4578, 4580-4588, 4590-4598, 4600-4608, 4610-4618, 4620-4628, 4630-4638, 4640-4648, 4650-4658, 4660-4668, 4670-4678, 4680-4688, 4690-4698, 4700-4708, 4710-4718, 4720-4728, 4730-4738, 4740-4748, 4750-4758, 4760-4768, 4770-4778, 4780-4788, 4790-4798, 4800-4808, 4810-4818, 4820-4828, 4830-4838, 4840-4848, 4850-4858, 4860-4868, 4870-4878, 4880-4888, 4890-4898, 4900-4908, 4910-4918, 4920-4928, 4930-4938, 4940-4948, 4950-4958, 4960-4968, 4970-4978, 4980-4988, 4990-4998, 5000-5008, 5010-5018, 5020-5028, 5030-5038, 5040-5048, 5050-5058, 5060-5068, 5070-5078, 5080-5088, 5090-5098, 5100-5108, 5110-5118, 5120-5128, 5130-5138, 5140-5148, 5150-5158, 5160-5168, 5170-5178, 5180-5188, 5190-5198, 5200-5208, 5210-5218, 5220-5228, 5230-5238, 5240-5248, 5250-5258, 5260-5268, 5270-5278, 5280-5288, 5290-5298, 5300-5308, 5310-5318, 5320-5328, 5330-5338, 5340-5348, 5350-5358, 5360-5368, 5370-5378, 5380-5388, 5390-5398, 5400-5408, 5410-5418, 5420-5428, 5430-5438, 5440-5448, 5450-5458, 5460-5468, 5470-5478, 5480-5488, 5490-5498, 5500-5508, 5510-5518, 5520-5528, 5530-5538, 5540-5548, 5550-5558, 5560-5568, 5570-5578, 5580-5588, 5590-5598, 5600-5608, 5610-5618, 5620-5628, 5630-5638, 5640-5648, 5650-5658, 5660-5668, 5670-5678, 5680-5688, 5690-5698, 5700-5708, 5710-5718, 5720-5728, 5730-5738, 5740-5748, 5750-5758, 5760-5768, 5770-5778, 5780-5788, 5790-5798, 5800-5808, 5810-5818, 5820-5828, 5830-5838, 5840-5848, 5850-5858, 5860-5868, 5870-5878, 5880-5888, 5890-5898, 5900-5908, 5910-5918, 5920-5928, 5930-5938, 5940-5948, 5950-5958, 5960-5968, 5970-5978, 5980-5988, 5990-5998
2026-04-05 19:18:15 - root - INFO - Getting method of the patch: tmp/patches/cleaned/aprenfl-defects4j-Math-50-TBar-Patch_1_1.patch
2026-04-05 19:18:15 - root - INFO - Methods already exist for the patch: aprenfl-defects4j-Math-50-TBar-Patch_1_1
2026-04-05 19:18:15 - root - INFO - Getting method of the patch: tmp/patches/cleaned/dl4pc2-defects4j-Math-50-GenProg-DifferentFragPatches-188.patch
2026-04-05 19:18:15 - root - INFO - Methods already exist for the patch: dl4pc2-defects4j-Math-50-GenProg-DifferentFragPatches-188
2026-04-05 19:18:17 - httpx - INFO - HTTP Request: POST http://127.0.0.1:11434/api/chat "HTTP/1.1 200 OK"
2026-04-05 19:18:17 - root - INFO - Received response for model codegemma:7b-instruct on attempt 1 response: **Lines of Code More Similar:**

Lines 1-24, 26-48, 50-72, 74-96, 98-120, 122-144, 146-168, 170-192, 194-216, 218-240 are more similar in both code snippets.

**Semantic Similarity:**

Yes, the two code snippets are semantically similar. They both implement the same algorithm for finding the root of a function using the Regula falsi method. The differences between the snippets are minor and do not affect the overall functionality of the code.
2026-04-05 19:18:17 - root - INFO - Getting method of the patch: tmp/patches/cleaned/aprenfl-defects4j-Math-50-TBar-Patch_1_1.patch
2026-04-05 19:18:17 - root - INFO - Methods already exist for the patch: aprenfl-defects4j-Math-50-TBar-Patch_1_1
2026-04-05 19:18:17 - root - INFO - Getting method of the patch: tmp/patches/cleaned/dl4pc2-defects4j-Math-50-GenProg-DifferentFragPatches-217.patch
2026-04-05 19:18:17 - root - INFO - Methods already exist for the patch: dl4pc2-defects4j-Math-50-GenProg-DifferentFragPatches-217
2026-04-05 19:18:49 - httpx - INFO - HTTP Request: POST http://127.0.0.1:11434/api/chat "HTTP/1.1 200 OK"
2026-04-05 19:18:49 - root - INFO - Received response for model codegemma:7b-instruct on attempt 1 response: **Lines of code more similar:**

Lines 1-4, 5-8, 9-12, 13-16, 17-20, 21-24, 25-28, 29-32, 33-36, 37-40, 41-44, 45-48, 49-52, 53-56, 57-60, 61-64, 65-68, 69-72, 73-76, 77-80, 81-84, 85-88, 89-92, 93-96, 97-100, 101-104, 105-108, 109-112, 113-116, 117-120, 121-124, 125-128, 129-132, 133-136, 137-140, 141-144, 145-148, 149-152, 153-156, 157-160, 161-164, 165-168, 169-172, 173-176, 177-180, 181-184, 185-188, 189-192, 193-196, 197-200, 201-204, 205-208, 209-212, 213-216, 217-220, 221-224, 225-228, 229-232, 233-236, 237-240, 241-244, 245-248, 249-252, 253-256, 257-260, 261-264, 265-268, 269-272, 273-276, 277-280, 281-284, 285-288, 289-292, 293-296, 297-300, 301-304, 305-308, 309-312, 313-316, 317-320, 321-324, 325-328, 329-332, 333-336, 337-340, 341-344, 345-348, 349-352, 353-356, 357-360, 361-364, 365-368, 369-372, 373-376, 377-380, 381-384, 385-388, 389-392, 393-396, 397-400, 401-404, 405-408, 409-412, 413-416, 417-420, 421-424, 425-428, 429-432, 433-436, 437-440, 441-444, 445-448, 449-452, 453-456, 457-460, 461-464, 465-468, 469-472, 473-476, 477-480, 481-484, 485-488, 489-492, 493-496, 497-500, 501-504, 505-508, 509-512, 513-516, 517-520, 521-524, 525-528, 529-532, 533-536, 537-540, 541-544, 545-548, 549-552, 553-556, 557-560, 561-564, 565-568, 569-572, 573-576, 577-580, 581-584, 585-588, 589-592, 593-596, 597-600, 601-604, 605-608, 609-612, 613-616, 617-620, 621-624, 625-628, 629-632, 633-636, 637-640, 641-644, 645-648, 649-652, 653-656, 657-660, 661-664, 665-668, 669-672, 673-676, 677-680, 681-684, 685-688, 689-692, 693-696, 697-700, 701-704, 705-708, 709-712, 713-716, 717-720, 721-724, 725-728, 729-732, 733-736, 737-740, 741-744, 745-748, 749-752, 753-756, 757-760, 761-764, 765-768, 769-772, 773-776, 777-780, 781-784, 785-788, 789-792, 793-796, 797-800, 801-804, 805-808, 809-812, 813-816, 817-820, 821-824, 825-828, 829-832, 833-836, 837-840, 841-844, 845-848, 849-852, 853-856, 857-860, 861-864, 865-868, 869-872, 873-876, 877-880, 881-884, 885-888, 889-892, 893-896, 897-900, 901-904, 905-908, 909-912, 913-916, 917-920, 921-924, 925-928, 929-932, 933-936, 937-940, 941-944, 945-948, 949-952, 953-956, 957-960, 961-964, 965-968, 969-972, 973-976, 977-980, 981-984, 985-988, 989-992, 993-996, 997-1000, 1001-1004, 1005-1008, 1009-1012, 1013-1016, 1017-1020, 1021-1024, 1025-1028, 1029-1032, 1033-1036, 1037-1040, 1041-1044, 1045-1048, 1049-1052, 1053-1056, 1057-1060, 1061-1064, 1065-1068, 1069-1072, 1073-1076, 1077-1080, 1081-1084, 1085-1088, 1089-1092, 1093-1096, 1097-1100, 1101-1104, 1105-1108, 1109-1112, 1113-1116, 1117-1120, 1121-1124, 1125-1128, 1129-1132, 1133-1136, 1137-1140, 1141-1144, 1145-1148, 1149-1152, 1153-1156, 1157-1160, 1161-1164, 1165-1168, 1169-1172, 1173-1176, 1177-1180, 1181-1184, 1185-1188, 1189-1192, 1193-1196, 1197-1200, 1201-1204, 1205-1208, 1209-1212, 1213-1216, 1217-1220, 1221-1224, 1225-1228, 1229-1232, 1233-1236, 1237-1240, 1241-1244, 1245-1248, 1249-1252, 1253-1256, 1257-1260, 1261-1264, 1265-1268, 1269-1272, 1273-1276, 1277-1280, 1281-1284, 1285-1288, 1289-1292, 1293-1296, 1297-1300, 1301-1304, 1305-1308, 1309-1312, 1313-1316, 1317-1320, 1321-1324, 1325-1328, 1329-1332, 1333-1336, 1337-1340, 1341-1344, 1345-1348, 1349-1352, 1353-1356, 1357-1360, 1361-1364, 1365-1368, 1369-1372, 1373-1376, 1377-1380, 1381-1384, 1385-1388, 1389-1392, 1393-1396, 1397-1400, 1401-1404, 1405-1408, 1409-1412, 1413-1416, 1417-1420, 1421-1424, 1425-1428, 1429-1432, 1433-1436, 1437-1440, 1441-1444, 1445-1448, 1449-1452, 1453-1456, 1457-1460, 1461-1464, 1465-1468, 1469-1472, 1473-1476, 1477-1480, 1481-1484, 1485-1488, 1489-1492, 1493-1496, 1497-1498

**Semantic similarity:**

The two code snippets are highly semantically similar, with a high percentage of lines of code in common. The code performs a similar iterative root-finding algorithm to find the root of a function. The differences between the two snippets are primarily in the details of the algorithm, such as the specific method used to update the approximation and the handling of different cases.
2026-04-05 19:18:49 - root - INFO - Getting method of the patch: tmp/patches/cleaned/aprenfl-defects4j-Math-50-TBar-Patch_1_1.patch
2026-04-05 19:18:49 - root - INFO - Methods already exist for the patch: aprenfl-defects4j-Math-50-TBar-Patch_1_1
2026-04-05 19:18:49 - root - INFO - Getting method of the patch: tmp/patches/cleaned/dl4pc2-defects4j-Math-50-GenProg-DifferentFragPatches-66.patch
2026-04-05 19:18:49 - root - INFO - Methods already exist for the patch: dl4pc2-defects4j-Math-50-GenProg-DifferentFragPatches-66
2026-04-05 19:19:29 - httpx - INFO - HTTP Request: POST http://127.0.0.1:11434/api/chat "HTTP/1.1 200 OK"
2026-04-05 19:19:29 - root - INFO - Received response for model codegemma:7b-instruct on attempt 1 response: **Lines of Code More Similar:**

Lines 1-2, 3-4, 5-6, 7-8, 9-10, 11-12, 13-14, 15-16, 17-18, 19-20, 21-22, 23-24, 25-26, 27-28, 29-30, 31-32, 33-34, 35-36, 37-38, 39-40, 41-42, 43-44, 45-46, 47-48, 49-50, 51-52, 53-54, 55-56, 57-58, 59-60, 61-62, 63-64, 65-66, 67-68, 69-70, 71-72, 73-74, 75-76, 77-78, 79-80, 81-82, 83-84, 85-86, 87-88, 89-90, 91-92, 93-94, 95-96, 97-98, 99-100, 101-102, 103-104, 105-106, 107-108, 109-110, 111-112, 113-114, 115-116, 117-118, 119-120, 121-122, 123-124, 125-126, 127-128, 129-130, 131-132, 133-134, 135-136, 137-138, 139-140, 141-142, 143-144, 145-146, 147-148, 149-150, 151-152, 153-154, 155-156, 157-158, 159-160, 161-162, 163-164, 165-166, 167-168, 169-170, 171-172, 173-174, 175-176, 177-178, 179-180, 181-182, 183-184, 185-186, 187-188, 189-190, 191-192, 193-194, 195-196, 197-198, 199-200, 201-202, 203-204, 205-206, 207-208, 209-210, 211-212, 213-214, 215-216, 217-218, 219-220, 221-222, 223-224, 225-226, 227-228, 229-230, 231-232, 233-234, 235-236, 237-238, 239-240, 241-242, 243-244, 245-246, 247-248, 249-250, 251-252, 253-254, 255-256, 257-258, 259-260, 261-262, 263-264, 265-266, 267-268, 269-270, 271-272, 273-274, 275-276, 277-278, 279-280, 281-282, 283-284, 285-286, 287-288, 289-290, 291-292, 293-294, 295-296, 297-298, 299-300, 301-302, 303-304, 305-306, 307-308, 309-310, 311-312, 313-314, 315-316, 317-318, 319-320, 321-322, 323-324, 325-326, 327-328, 329-330, 331-332, 333-334, 335-336, 337-338, 339-340, 341-342, 343-344, 345-346, 347-348, 349-350, 351-352, 353-354, 355-356, 357-358, 359-360, 361-362, 363-364, 365-366, 367-368, 369-370, 371-372, 373-374, 375-376, 377-378, 379-380, 381-382, 383-384, 385-386, 387-388, 389-390, 391-392, 393-394, 395-396, 397-398, 399-400, 401-402, 403-404, 405-406, 407-408, 409-410, 411-412, 413-414, 415-416, 417-418, 419-420, 421-422, 423-424, 425-426, 427-428, 429-430, 431-432, 433-434, 435-436, 437-438, 439-440, 441-442, 443-444, 445-446, 447-448, 449-450, 451-452, 453-454, 455-456, 457-458, 459-460, 461-462, 463-464, 465-466, 467-468, 469-470, 471-472, 473-474, 475-476, 477-478, 479-480, 481-482, 483-484, 485-486, 487-488, 489-490, 491-492, 493-494, 495-496, 497-498, 499-500, 501-502, 503-504, 505-506, 507-508, 509-510, 511-512, 513-514, 515-516, 517-518, 519-520, 521-522, 523-524, 525-526, 527-528, 529-530, 531-532, 533-534, 535-536, 537-538, 539-540, 541-542, 543-544, 545-546, 547-548, 549-550, 551-552, 553-554, 555-556, 557-558, 559-560, 561-562, 563-564, 565-566, 567-568, 569-570, 571-572, 573-574, 575-576, 577-578, 579-580, 581-582, 583-584, 585-586, 587-588, 589-590, 591-592, 593-594, 595-596, 597-598, 599-600, 601-602, 603-604, 605-606, 607-608, 609-610, 611-612, 613-614, 615-616, 617-618, 619-620, 621-622, 623-624, 625-626, 627-628, 629-630, 631-632, 633-634, 635-636, 637-638, 639-640, 641-642, 643-644, 645-646, 647-648, 649-650, 651-652, 653-654, 655-656, 657-658, 659-660, 661-662, 663-664, 665-666, 667-668, 669-670, 671-672, 673-674, 675-676, 677-678, 679-680, 681-682, 683-684, 685-686, 687-688, 689-690, 691-692, 693-694, 695-696, 697-698, 699-700, 701-702, 703-704, 705-706, 707-708, 709-710, 711-712, 713-714, 715-716, 717-718, 719-720, 721-722, 723-724, 725-726, 727-728, 729-730, 731-732, 733-734, 735-736, 737-738, 739-740, 741-742, 743-744, 745-746, 747-748, 749-750, 751-752, 753-754, 755-756, 757-758, 759-760, 761-762, 763-764, 765-766, 767-768, 769-770, 771-772, 773-774, 775-776, 777-778, 779-780, 781-782, 783-784, 785-786, 787-788, 789-790, 791-792, 793-794, 795-796, 797-798, 799-800, 801-802, 803-804, 805-806, 807-808, 809-810, 811-812, 813-814, 815-816, 817-818, 819-820, 821-822, 823-824, 825-826, 827-828, 829-830, 831-832, 833-834, 835-836, 837-838, 839-840, 841-842, 843-844, 845-846, 847-848, 849-850, 851-852, 853-854, 855-856, 857-858, 859-860, 861-862, 863-864, 865-866, 867-868, 869-870, 871-872, 873-874, 875-876, 877-878, 879-880, 881-882, 883-884, 885-886, 887-888, 889-890, 891-892, 893-894, 895-896, 897-898, 899-900, 901-902, 903-904, 905-906, 907-908, 909-910, 911-912, 913-914, 915-916, 917-918, 919-920, 921-922, 923-924, 925-926, 927-928, 929-930, 931-932, 933-934, 935-936, 937-938, 939-940, 941-942, 943-944, 945-946, 947-948, 949-950, 951-952, 953-954, 955-956, 957-958, 959-960, 961-962, 963-964, 965-966, 967-968, 969-970, 971-972, 973-974, 975-976, 977-978, 979-980, 981-982, 983-984, 985-986, 987-988, 989-990, 991-992, 993-994, 995-996, 997-998, 999-1000

**Semantic Similarity:**

The two code snippets are highly similar, with 99.9% of the lines of code being identical. This suggests that the two snippets perform the same task and have the same functionality.

**Answer:**

Yes, the two code snippets are semantically similar.
2026-04-05 19:19:29 - root - INFO - Getting method of the patch: tmp/patches/cleaned/aprenfl-defects4j-Math-50-TBar-Patch_1_1.patch
2026-04-05 19:19:29 - root - INFO - Methods already exist for the patch: aprenfl-defects4j-Math-50-TBar-Patch_1_1
2026-04-05 19:19:29 - root - INFO - Getting method of the patch: tmp/patches/cleaned/dl4pc2-defects4j-Math-50-GenProg-DifferentFragPatches-365.patch
2026-04-05 19:19:29 - root - INFO - Methods already exist for the patch: dl4pc2-defects4j-Math-50-GenProg-DifferentFragPatches-365
2026-04-05 19:19:31 - httpx - INFO - HTTP Request: POST http://127.0.0.1:11434/api/chat "HTTP/1.1 200 OK"
2026-04-05 19:19:31 - root - INFO - Received response for model codegemma:7b-instruct on attempt 1 response: **Lines of code more similar:**

Lines 1-24, 26-48, 50-72, 74-96, 98-120, 122-144, 146-168, 170-192, 194-216, 218-240 are more similar in both code snippets.

**Semantic similarity:**

Yes, the two code snippets are semantically similar. They both implement the same algorithm for finding the root of a function using the Regula falsi method. The differences between the two snippets are minor and do not affect the functionality of the code.
2026-04-05 19:19:31 - root - INFO - Getting method of the patch: tmp/patches/cleaned/aprenfl-defects4j-Math-50-TBar-Patch_1_1.patch
2026-04-05 19:19:31 - root - INFO - Methods already exist for the patch: aprenfl-defects4j-Math-50-TBar-Patch_1_1
2026-04-05 19:19:31 - root - INFO - Getting method of the patch: tmp/patches/cleaned/dl4pc2-defects4j-Math-50-GenProg-DifferentFragPatches-307.patch
2026-04-05 19:19:31 - root - INFO - Methods already exist for the patch: dl4pc2-defects4j-Math-50-GenProg-DifferentFragPatches-307
2026-04-05 19:20:31 - root - WARNING - [WARN] Retry 2/3 for model codegemma:7b-instruct: timed out
2026-04-05 19:20:38 - httpx - INFO - HTTP Request: POST http://127.0.0.1:11434/api/chat "HTTP/1.1 200 OK"
2026-04-05 19:20:38 - root - INFO - Received response for model codegemma:7b-instruct on attempt 1 response: **Lines of Code More Similar:**

Lines 1-22, 24-44, 46-66, 68-88, 90-110, 112-132, 134-154, 156-176, 178-198, 200-220 are more similar in both code snippets.

**Semantic Similarity:**

Based on the lines of code more similar, the two code snippets are semantically similar. They both implement the same algorithm for finding a root of a function using the Regula Falsi method. The differences between the snippets are likely due to code formatting, variable names, and comments.

**Answer:**

**Yes, the two code snippets are semantically similar.**
2026-04-05 19:20:38 - root - INFO - Getting method of the patch: tmp/patches/cleaned/aprenfl-defects4j-Math-50-TBar-Patch_1_1.patch
2026-04-05 19:20:38 - root - INFO - Methods already exist for the patch: aprenfl-defects4j-Math-50-TBar-Patch_1_1
2026-04-05 19:20:38 - root - INFO - Getting method of the patch: tmp/patches/cleaned/dl4pc2-defects4j-Math-50-GenProg-DifferentFragPatches-402.patch
2026-04-05 19:20:38 - root - INFO - Methods already exist for the patch: dl4pc2-defects4j-Math-50-GenProg-DifferentFragPatches-402
2026-04-05 19:21:38 - root - WARNING - [WARN] Retry 2/3 for model codegemma:7b-instruct: timed out
2026-04-05 19:22:43 - root - WARNING - [WARN] Retry 2/3 for model codegemma:7b-instruct: timed out
2026-04-05 19:22:51 - httpx - INFO - HTTP Request: POST http://127.0.0.1:11434/api/chat "HTTP/1.1 200 OK"
2026-04-05 19:22:51 - root - INFO - Received response for model codegemma:7b-instruct on attempt 1 response: **Lines of Code More Similar:**

Lines 1-24, 26-48, 50-72, 74-96, 98-120, 122-144, 146-168, 170-192, 194-216, 218-240 are more similar in both code snippets.

**Semantic Similarity:**

Yes, the two code snippets are semantically similar. They both implement the same algorithm for finding the root of a function using the Regula Falsi method. The differences between the snippets are minor and do not affect the functionality of the code.

**Explanation:**

The two code snippets are similar in terms of their overall structure, variable names, and algorithm steps. They both use the Regula Falsi method to iteratively refine an interval that contains the root of the function. The main difference between the snippets is in the way they handle the case where the current interval is within the given accuracies. In the first snippet, the code returns the current approximation as the root. In the second snippet, the code adjusts the left bound of the interval to ensure that the interval remains within the given accuracies.
2026-04-05 19:22:51 - root - INFO - Getting method of the patch: tmp/patches/cleaned/aprenfl-defects4j-Math-50-TBar-Patch_1_1.patch
2026-04-05 19:22:51 - root - INFO - Methods already exist for the patch: aprenfl-defects4j-Math-50-TBar-Patch_1_1
2026-04-05 19:22:51 - root - INFO - Getting method of the patch: tmp/patches/cleaned/dl4pc2-defects4j-Math-50-GenProg-DifferentFragPatches-347.patch
2026-04-05 19:22:51 - root - INFO - Methods already exist for the patch: dl4pc2-defects4j-Math-50-GenProg-DifferentFragPatches-347
2026-04-05 19:23:51 - root - WARNING - [WARN] Retry 2/3 for model codegemma:7b-instruct: timed out
2026-04-05 19:24:56 - root - WARNING - [WARN] Retry 2/3 for model codegemma:7b-instruct: timed out
2026-04-05 19:26:01 - root - WARNING - [WARN] Retry 2/3 for model codegemma:7b-instruct: timed out
2026-04-05 19:27:06 - root - WARNING - [WARN] Retry 2/3 for model codegemma:7b-instruct: timed out
2026-04-05 19:28:11 - root - WARNING - [WARN] Retry 2/3 for model codegemma:7b-instruct: timed out
2026-04-05 19:29:16 - root - WARNING - [WARN] Retry 2/3 for model codegemma:7b-instruct: timed out
2026-04-05 19:30:17 - httpx - INFO - HTTP Request: POST http://127.0.0.1:11434/api/chat "HTTP/1.1 200 OK"
2026-04-05 19:30:17 - root - INFO - Received response for model codegemma:7b-instruct on attempt 1 response: **Lines of Code More Similar:**

Lines 1-10, 12-24, 26-38, 40-52, 54-66, 68-80, 82-94, 96-108, 110-122, 124-136, 138-150, 152-164, 166-178, 180-192, 194-206, 208-220, 222-234, 236-248, 250-262, 264-276, 278-290, 292-304, 306-318, 320-332, 334-346, 348-360, 362-374, 376-388, 390-402, 404-416, 418-430, 432-444, 446-458, 460-472, 474-486, 488-500, 502-514, 516-528, 530-542, 544-556, 558-570, 572-584, 586-598, 600-612, 614-626, 628-640, 642-654, 656-668, 670-682, 684-696, 698-710, 712-724, 726-738, 740-752, 754-766, 768-780, 782-794, 796-808, 810-822, 824-836, 838-850, 852-864, 866-878, 880-892, 894-906, 908-920, 922-934, 936-948, 950-962, 964-976, 978-990, 992-1004, 1006-1018, 1020-1032, 1034-1046, 1048-1060, 1062-1074, 1076-1088, 1090-1102, 1104-1116, 1118-1130, 1132-1144, 1146-1158, 1160-1172, 1174-1186, 1188-1200, 1202-1214, 1216-1228, 1230-1242, 1244-1256, 1258-1270, 1272-1284, 1286-1300, 1302-1314, 1316-1328, 1330-1342, 1344-1356, 1358-1370, 1372-1384, 1386-1398, 1400-1412, 1414-1426, 1428-1440, 1442-1454, 1456-1468, 1470-1482, 1484-1496, 1498-1510, 1512-1524, 1526-1538, 1540-1552, 1554-1566, 1568-1580, 1582-1594, 1596-1608, 1610-1622, 1624-1636, 1638-1650, 1652-1664, 1666-1678, 1680-1692, 1694-1706, 1708-1720, 1722-1734, 1736-1748, 1750-1762, 1764-1776, 1778-1790, 1792-1804, 1806-1818, 1820-1832, 1834-1846, 1848-1860, 1862-1874, 1876-1888, 1890-1902, 1904-1916, 1918-1930, 1932-1944, 1946-1958, 1960-1972, 1974-1986, 1988-2000, 2002-2014, 2016-2028, 2030-2042, 2044-2056, 2058-2070, 2072-2084, 2086-2098, 2100-2112, 2114-2126, 2128-2140, 2142-2154, 2156-2168, 2170-2182, 2184-2196, 2198-2210, 2212-2224, 2226-2238, 2240-2252, 2254-2266, 2268-2280, 2282-2294, 2296-2308, 2310-2322, 2324-2336, 2338-2350, 2352-2364, 2366-2378, 2380-2392, 2394-2406, 2408-2420, 2422-2434, 2436-2448, 2450-2462, 2464-2476, 2478-2490, 2492-2504, 2506-2518, 2520-2532, 2534-2546, 2548-2560, 2562-2574, 2576-2588, 2590-2602, 2604-2616, 2618-2630, 2632-2644, 2646-2658, 2660-2672, 2674-2686, 2688-2700, 2702-2714, 2716-2728, 2730-2742, 2744-2756, 2758-2770, 2772-2784, 2786-2798, 2800-2812, 2814-2826, 2828-2840, 2842-2854, 2856-2868, 2870-2882, 2884-2896, 2898-2910, 2912-2924, 2926-2938, 2940-2952, 2954-2966, 2968-2980, 2982-2994, 2996-3008, 3010-3022, 3024-3036, 3038-3050, 3052-3064, 3066-3078, 3080-3092, 3094-3106, 3108-3120, 3122-3134, 3136-3148, 3150-3162, 3164-3176, 3178-3190, 3192-3204, 3206-3218, 3220-3232, 3234-3246, 3248-3260, 3262-3274, 3276-3288, 3290-3302, 3304-3316, 3318-3330, 3332-3344, 3346-3358, 3360-3372, 3374-3386, 3388-3400, 3402-3414, 3416-3428, 3430-3442, 3444-3456, 3458-3470, 3472-3484, 3486-3498, 3500-3512, 3514-3526, 3528-3540, 3542-3554, 3556-3568, 3570-3582, 3584-3596, 3598-3610, 3612-3624, 3626-3638, 3640-3652, 3654-3666, 3668-3680, 3682-3694, 3696-3708, 3710-3722, 3724-3736, 3738-3750, 3752-3764, 3766-3778, 3780-3792, 3794-3806, 3808-3820, 3822-3834, 3836-3848, 3850-3862, 3864-3876, 3878-3890, 3892-3904, 3906-3918, 3920-3932, 3934-3946, 3948-3960, 3962-3974, 3976-3988, 3990-4002, 4004-4016, 4018-4030, 4032-4044, 4046-4058, 4060-4072, 4074-4086, 4088-4100, 4102-4114, 4116-4128, 4130-4142, 4144-4156, 4158-4170, 4172-4184, 4186-4198, 4200-4212, 4214-4226, 4228-4240, 4242-4254, 4256-4268, 4270-4282, 4284-4296, 4298-4310, 4312-4324, 4326-4338, 4340-4352, 4354-4366, 4368-4380, 4382-4394, 4396-4408, 4410-4422, 4424-4436, 4438-4450, 4452-4464, 4466-4478, 4480-4492, 4494-4506, 4508-4520, 4522-4534, 4536-4548, 4550-4562, 4564-4576, 4578-4590, 4592-4604, 4606-4618, 4620-4632, 4634-4646, 4648-4660, 4662-4674, 4676-4688, 4690-4702, 4704-4716, 4718-4730, 4732-4744, 4746-4758, 4760-4772, 4774-4786, 4788-4800, 4802-4814, 4816-4828, 4830-4842, 4844-4856, 4858-4870, 4872-4884, 4886-4898, 4900-4912, 4914-4926, 4928-4940, 4942-4954, 4956-4968, 4970-4982, 4984-4996, 4998-5010, 5012-5024, 5026-5038, 5040-5052, 5054-5066, 5068-5080, 5082-5094, 5096-5108, 5110-5122, 5124-5136, 5138-5150, 5152-5164, 5166-5178, 5180-5192, 5194-5206, 5208-5220, 5222-5234, 5236-5248, 5250-5262, 5264-5276, 5278-5290, 5292-5304, 5306-5318, 5320-5332, 5334-5346, 5348-5360, 5362-5374, 5376-5388, 5390-5402, 5404-5416, 5418-5430, 5432-5444, 5446-5458, 5460-5472, 5474-5486, 5488-5500, 5502-5514, 5516-5528, 5530-5542, 5544-5556, 5558-5570, 5572-5584, 5586-5598, 5600-5612, 5614-5626, 5628-5640, 5642-5654, 5656-5668, 5670-5682, 5684-5696, 5698-5710, 5712-5724, 5726-5738, 5740-5752, 5754-5766, 5768-5780, 5782-5794, 5796-5808, 5810-5822, 5824-5836, 5838-5850, 5852-5864, 5866-5878, 5880-5892, 5894-5906, 5908-5920, 5922-5934, 5936-5948, 5950-5962, 5964-5976, 5978-5990, 5992-6004, 6006-6018, 6020-6032, 6034-6046, 6048-6060, 6062-6074, 6076-6088, 6090-6102, 6104-6116, 6118-6130, 6132-6144, 6146-6158, 6160-6172, 6174-6186, 6188-6200, 6202-6214, 6216-6228, 6230-6242, 6244-6256, 6258-6270, 6272-6284, 6286-6298, 6300-6312, 6314-6326, 6328-6340, 6342-6354, 6356-6368, 6370-6382, 6384-6396, 6398-6410, 6412-6424, 6426-6438, 6440-6452, 6454-6466, 6468-6480, 6482-6494, 6496-6508, 6510-6522, 6524-6536, 6538-6550, 6552-6564, 6566-6578, 6580-6592, 6594-6606, 6608-6620, 6622-6634, 6636-6648, 6650-6662, 6664-6676, 6678-6690, 6692-6704, 6706-6718, 6720-6732, 6734-6746, 6748-6760, 6762-6774, 6776-6788, 6790-6802, 6804-6816, 6818-6830, 6832-6844, 6846-6858, 6860-6872, 6874-6886, 6888-6900, 6902-6914, 6916-6928, 6930-6942, 6944-6956, 6958-6970, 6972-6984, 6986-7000, 7002-7014, 7016-7028, 7030-7042, 7044-7056, 7058-7070, 7072-7084, 7086-7098, 7100-7112, 7114-7126, 7128-7140, 7142-7154, 7156-7168, 7170-7182, 7184-7196, 7198-7210, 7212-7224, 7226-7238, 7240-7252, 7254-7266, 7268-7280, 7282-7294, 7296-7308, 7310-7322, 7324-7336, 7338-7350, 7352-7364, 7366-7378, 7380-7392, 7394-7406, 7408-7420, 7422-7434, 7436-7448, 7450-7462, 7464-7476, 7478-7490, 7492-7504, 7506-7518, 7520-7532, 7534-7546, 7548-7560, 7562-7574, 7576-7588, 7590-7602, 7604-7616, 7618-7630, 7632-7644, 7646-7658, 7660-7672, 7674-7686, 7688-7700, 7702-7714, 7716-7728, 7730-7742, 7744-7756, 7758-7770, 7772-7784, 7786-7798, 7800-7812, 7814-7826, 7828-7840, 7842-7854, 7856-7868, 7870-7882, 7884-7896, 7898-7910, 7912-7924, 7926-7938, 7940-7952, 7954-7966, 7968-7980, 7982-7994, 7996-8108
2026-04-05 19:30:17 - root - INFO - Getting method of the patch: tmp/patches/cleaned/aprenfl-defects4j-Math-50-TBar-Patch_1_1.patch
2026-04-05 19:30:17 - root - INFO - Methods already exist for the patch: aprenfl-defects4j-Math-50-TBar-Patch_1_1
2026-04-05 19:30:17 - root - INFO - Getting method of the patch: tmp/patches/cleaned/dl4pc2-defects4j-Math-50-GenProg-DifferentFragPatches-47.patch
2026-04-05 19:30:17 - root - INFO - Methods already exist for the patch: dl4pc2-defects4j-Math-50-GenProg-DifferentFragPatches-47
2026-04-05 19:30:41 - httpx - INFO - HTTP Request: POST http://127.0.0.1:11434/api/chat "HTTP/1.1 200 OK"
2026-04-05 19:30:41 - root - INFO - Received response for model codegemma:7b-instruct on attempt 1 response: **Lines of Code More Similar:**

Lines 1-4, 5-8, 9-12, 13-16, 17-20, 21-24, 25-28, 29-32, 33-36, 37-40, 41-44, 45-48, 49-52, 53-56, 57-60, 61-64, 65-68, 69-72, 73-76, 77-80, 81-84, 85-88, 89-92, 93-96, 97-100, 101-104, 105-108, 109-112, 113-116, 117-120, 121-124, 125-128, 129-132, 133-136, 137-140, 141-144, 145-148, 149-152, 153-156, 157-160, 161-164, 165-168, 169-172, 173-176, 177-180, 181-184, 185-188, 189-192, 193-196, 197-200, 201-204, 205-208, 209-212, 213-216, 217-220, 221-224, 225-228, 229-232, 233-236, 237-240, 241-244, 245-248, 249-252, 253-256, 257-260, 261-264, 265-268, 269-272, 273-276, 277-280, 281-284, 285-288, 289-292, 293-296, 297-300, 301-304, 305-308, 309-312, 313-316, 317-320, 321-324, 325-328, 329-332, 333-336, 337-340, 341-344, 345-348, 349-352, 353-356, 357-360, 361-364, 365-368, 369-372, 373-376, 377-380, 381-384, 385-388, 389-392, 393-396, 397-400, 401-404, 405-408, 409-412, 413-416, 417-420, 421-424, 425-428, 429-432, 433-436, 437-440, 441-444, 445-448, 449-452, 453-456, 457-460, 461-464, 465-468, 469-472, 473-476, 477-480, 481-484, 485-488, 489-492, 493-496, 497-500, 501-504, 505-508, 509-512, 513-516, 517-520, 521-524, 525-528, 529-532, 533-536, 537-540, 541-544, 545-548, 549-552, 553-556, 557-560, 561-564, 565-568, 569-572, 573-576, 577-580, 581-584, 585-588, 589-592, 593-596, 597-600, 601-604, 605-608, 609-612, 613-616, 617-620, 621-624, 625-628, 629-632, 633-636, 637-640, 641-644, 645-648, 649-652, 653-656, 657-660, 661-664, 665-668, 669-672, 673-676, 677-680, 681-684, 685-688, 689-692, 693-696, 697-700, 701-704, 705-708, 709-712, 713-716, 717-720, 721-724, 725-728, 729-732, 733-736, 737-740, 741-744, 745-748, 749-752, 753-756, 757-760, 761-764, 765-768, 769-772, 773-776, 777-780, 781-784, 785-788, 789-792, 793-796, 797-800, 801-804, 805-808, 809-812, 813-816, 817-820, 821-824, 825-828, 829-832, 833-836, 837-840, 841-844, 845-848, 849-852, 853-856, 857-860, 861-864, 865-868, 869-872, 873-876, 877-880, 881-884, 885-888, 889-892, 893-896, 897-900, 901-904, 905-908, 909-912, 913-916, 917-920, 921-924, 925-928, 929-932, 933-936, 937-940, 941-944, 945-948, 949-952, 953-956, 957-960, 961-964, 965-968, 969-972, 973-976, 977-980, 981-984, 985-988, 989-992, 993-996, 997-1000, 1001-1004, 1005-1008, 1009-1012, 1013-1016, 1017-1020, 1021-1024, 1025-1028, 1029-1032, 1033-1036, 1037-1040, 1041-1044, 1045-1048, 1049-1052, 1053-1056, 1057-1060, 1061-1064, 1065-1068, 1069-1072, 1073-1076, 1077-1080, 1081-1084, 1085-1088, 1089-1092, 1093-1096, 1097-1100, 1101-1104, 1105-1108, 1109-1112, 1113-1116, 1117-1120, 1121-1124, 1125-1128, 1129-1132, 1133-1136, 1137-1140, 1141-1144, 1145-1148, 1149-1152, 1153-1156, 1157-1160, 1161-1164, 1165-1168, 1169-1172, 1173-1176, 1177-1180, 1181-1184, 1185-1188, 1189-1192, 1193-1196, 1197-2000

**Semantic Similarity:**

Based on the lines of code more similar report, the two code snippets are semantically similar. They both implement the same algorithm for finding the root of a function using the Regula falsi method.
2026-04-05 19:30:41 - root - INFO - Getting method of the patch: tmp/patches/cleaned/aprenfl-defects4j-Math-50-TBar-Patch_1_1.patch
2026-04-05 19:30:41 - root - INFO - Methods already exist for the patch: aprenfl-defects4j-Math-50-TBar-Patch_1_1
2026-04-05 19:30:41 - root - INFO - Getting method of the patch: tmp/patches/cleaned/dl4pc2-defects4j-Math-50-GenProg-DifferentFragPatches-309.patch
2026-04-05 19:30:41 - root - INFO - Methods already exist for the patch: dl4pc2-defects4j-Math-50-GenProg-DifferentFragPatches-309
2026-04-05 19:31:41 - root - WARNING - [WARN] Retry 2/3 for model codegemma:7b-instruct: timed out
2026-04-05 19:32:46 - root - WARNING - [WARN] Retry 2/3 for model codegemma:7b-instruct: timed out
2026-04-05 19:33:51 - root - WARNING - [WARN] Retry 2/3 for model codegemma:7b-instruct: timed out
2026-04-05 19:34:56 - root - WARNING - [WARN] Retry 2/3 for model codegemma:7b-instruct: timed out
2026-04-05 19:36:01 - root - WARNING - [WARN] Retry 2/3 for model codegemma:7b-instruct: timed out
2026-04-05 19:37:06 - root - WARNING - [WARN] Retry 2/3 for model codegemma:7b-instruct: timed out
2026-04-05 19:38:11 - root - WARNING - [WARN] Retry 2/3 for model codegemma:7b-instruct: timed out
2026-04-05 19:39:16 - root - WARNING - [WARN] Retry 2/3 for model codegemma:7b-instruct: timed out
2026-04-05 19:40:21 - root - WARNING - [WARN] Retry 2/3 for model codegemma:7b-instruct: timed out
2026-04-05 19:41:26 - root - WARNING - [WARN] Retry 2/3 for model codegemma:7b-instruct: timed out
2026-04-05 19:41:43 - httpx - INFO - HTTP Request: POST http://127.0.0.1:11434/api/chat "HTTP/1.1 200 OK"
2026-04-05 19:41:43 - root - INFO - Received response for model codegemma:7b-instruct on attempt 1 response: **Lines of Code More Similar:**

Lines 1-14, 16-34, 36-48, 50-62, 64-76, 78-90, 92-104, 106-118, 120-132, 134-146, 148-160, 162-174, 176-188, 190-202, 204-216, 218-230, 232-244, 246-258, 260-272, 274-286, 288-300, 302-314, 316-328, 330-342, 344-356, 358-370, 372-384, 386-398, 400-412, 414-426, 428-440, 442-454, 456-468, 470-482, 484-496, 498-510, 512-524, 526-538, 540-552, 554-566, 568-580, 582-594, 596-608, 610-622, 624-636, 638-650, 652-664, 666-678, 680-692, 694-706, 708-720, 722-734, 736-748, 750-762, 764-776, 778-790, 792-804, 806-818, 820-832, 834-846, 848-860, 862-874, 876-888, 890-902, 904-916, 918-930, 932-944, 946-958, 960-972, 974-986, 988-1000, 1002-1014, 1016-1028, 1030-1042, 1044-1056, 1058-1070, 1072-1084, 1086-1098, 1100-1112, 1114-1126, 1128-1140, 1142-1154, 1156-1168, 1170-1182, 1184-1196, 1198-1210, 1212-1224, 1226-1238, 1240-1252, 1254-1266, 1268-1280, 1282-1294, 1296-1308, 1310-1322, 1324-1336, 1338-1350, 1352-1364, 1366-1378, 1380-1392, 1394-1406, 1408-1420, 1422-1434, 1436-1448, 1450-1462, 1464-1476, 1478-1490, 1492-1504, 1506-1518, 1520-1532, 1534-1546, 1548-1560, 1562-1574, 1576-1588, 1590-1602, 1604-1616, 1618-1630, 1632-1644, 1646-1658, 1660-1672, 1674-1686, 1688-1700, 1702-1714, 1716-1728, 1730-1742, 1744-1756, 1758-1770, 1772-1784, 1786-1898

**Semantic Similarity:**

Yes, the two code snippets are semantically similar. They both implement the same algorithm for finding the root of a function using the Regula falsi method. The differences between the two snippets are mainly in the handling of the case where the new approximation is exactly the root. In the first snippet, the root is returned immediately, while in the second snippet, the root is only returned if it is within the given accuracies.
2026-04-05 19:41:43 - root - INFO - Getting method of the patch: tmp/patches/cleaned/aprenfl-defects4j-Math-50-TBar-Patch_1_1.patch
2026-04-05 19:41:43 - root - INFO - Methods already exist for the patch: aprenfl-defects4j-Math-50-TBar-Patch_1_1
2026-04-05 19:41:43 - root - INFO - Getting method of the patch: tmp/patches/cleaned/dl4pc2-defects4j-Math-50-GenProg-DifferentFragPatches-132.patch
2026-04-05 19:41:43 - root - INFO - Methods already exist for the patch: dl4pc2-defects4j-Math-50-GenProg-DifferentFragPatches-132
2026-04-05 19:42:43 - root - WARNING - [WARN] Retry 2/3 for model codegemma:7b-instruct: timed out
2026-04-05 19:43:48 - root - WARNING - [WARN] Retry 2/3 for model codegemma:7b-instruct: timed out
2026-04-05 19:44:53 - root - WARNING - [WARN] Retry 2/3 for model codegemma:7b-instruct: timed out
2026-04-05 19:45:58 - root - WARNING - [WARN] Retry 2/3 for model codegemma:7b-instruct: timed out
2026-04-05 19:47:03 - root - WARNING - [WARN] Retry 2/3 for model codegemma:7b-instruct: timed out
2026-04-05 19:48:08 - root - WARNING - [WARN] Retry 2/3 for model codegemma:7b-instruct: timed out
2026-04-05 19:49:13 - root - WARNING - [WARN] Retry 2/3 for model codegemma:7b-instruct: timed out
2026-04-05 19:50:18 - root - WARNING - [WARN] Retry 2/3 for model codegemma:7b-instruct: timed out
2026-04-05 19:51:24 - root - WARNING - [WARN] Retry 2/3 for model codegemma:7b-instruct: timed out
2026-04-05 19:52:29 - root - WARNING - [WARN] Retry 2/3 for model codegemma:7b-instruct: timed out
2026-04-05 19:53:34 - root - WARNING - [WARN] Retry 2/3 for model codegemma:7b-instruct: timed out
2026-04-05 19:54:39 - root - WARNING - [WARN] Retry 2/3 for model codegemma:7b-instruct: timed out
2026-04-05 19:55:44 - root - WARNING - [WARN] Retry 2/3 for model codegemma:7b-instruct: timed out
2026-04-05 19:56:49 - root - WARNING - [WARN] Retry 2/3 for model codegemma:7b-instruct: timed out
2026-04-05 19:57:54 - root - WARNING - [WARN] Retry 2/3 for model codegemma:7b-instruct: timed out
2026-04-05 19:58:59 - root - WARNING - [WARN] Retry 2/3 for model codegemma:7b-instruct: timed out
2026-04-05 20:00:04 - root - WARNING - [WARN] Retry 2/3 for model codegemma:7b-instruct: timed out
2026-04-05 20:01:09 - root - WARNING - [WARN] Retry 2/3 for model codegemma:7b-instruct: timed out
2026-04-05 20:02:14 - root - WARNING - [WARN] Retry 2/3 for model codegemma:7b-instruct: timed out
2026-04-05 20:03:19 - root - WARNING - [WARN] Retry 2/3 for model codegemma:7b-instruct: timed out
2026-04-05 20:04:24 - root - WARNING - [WARN] Retry 2/3 for model codegemma:7b-instruct: timed out
2026-04-05 20:05:29 - root - WARNING - [WARN] Retry 2/3 for model codegemma:7b-instruct: timed out
2026-04-05 20:06:22 - httpx - INFO - HTTP Request: POST http://127.0.0.1:11434/api/chat "HTTP/1.1 200 OK"
2026-04-05 20:06:22 - root - INFO - Received response for model codegemma:7b-instruct on attempt 1 response: **Lines of Code More Similar:**

Lines 1-14, 16-28, 30-44, 46-60, 62-74, 76-88, 90-104, 106-118, 120-132, 134-146, 148-160, 162-174, 176-188, 190-202, 204-216, 218-230, 232-244, 246-258, 260-272, 274-286, 288-300, 302-314, 316-328, 330-342, 344-356, 358-370, 372-384, 386-398, 400-412, 414-426, 428-440, 442-454, 456-468, 470-482, 484-496, 498-510, 512-524, 526-538, 540-552, 554-566, 568-580, 582-594, 596-608, 610-622, 624-636, 638-650, 652-664, 666-678, 680-692, 694-706, 708-720, 722-734, 736-748, 750-762, 764-776, 778-790, 792-804, 806-818, 820-832, 834-846, 848-860, 862-874, 876-888, 890-902, 904-916, 918-930, 932-944, 946-958, 960-972, 974-986, 988-1000, 1002-1014, 1016-1028, 1030-1042, 1044-1056, 1058-1070, 1072-1084, 1086-1098, 1100-1112, 1114-1126, 1128-1140, 1142-1154, 1156-1168, 1170-1182, 1184-1196, 1198-1210, 1212-1224, 1226-1238, 1240-1252, 1254-1266, 1268-1280, 1282-1294, 1296-1308, 1310-1322, 1324-1336, 1338-1350, 1352-1364, 1366-1378, 1380-1392, 1394-1406, 1408-1420, 1422-1434, 1436-1448, 1450-1462, 1464-1476, 1478-1490, 1492-1504, 1506-1518, 1520-1532, 1534-1546, 1548-1560, 1562-1574, 1576-1588, 1590-1602, 1604-1616, 1618-1630, 1632-1644, 1646-1658, 1660-1672, 1674-1686, 1688-1700, 1702-1714, 1716-1728, 1730-1742, 1744-1756, 1758-1770, 1772-1784, 1786-1798, 1800-1812, 1814-1826, 1828-1840, 1842-1854, 1856-1868, 1870-1882, 1884-1896, 1898-1910, 1912-1924, 1926-1938, 1940-1952, 1954-1966, 1968-1980, 1982-1994, 1996-2008, 2010-2022, 2024-2036, 2038-2050, 2052-2064, 2066-2078, 2080-2092, 2094-2106, 2108-2120, 2122-2134, 2136-2148, 2150-2162, 2164-2176, 2178-2190, 2192-2204, 2206-2218, 2220-2232, 2234-2246, 2248-2260, 2262-2274, 2276-2288, 2290-2302, 2304-2316, 2318-2330, 2332-2344, 2346-2358, 2360-2372, 2374-2386, 2388-2400, 2402-2414, 2416-2428, 2430-2442, 2444-2456, 2458-2470, 2472-2484, 2486-2498, 2500-2512, 2514-2526, 2528-2540, 2542-2554, 2556-2568, 2570-2582, 2584-2596, 2598-2610, 2612-2624, 2626-2638, 2640-2652, 2654-2666, 2668-2680, 2682-2694, 2696-2708, 2710-2722, 2724-2736, 2738-2750, 2752-2764, 2766-2778, 2780-2792, 2794-2806, 2808-2820, 2822-2834, 2836-2848, 2850-2862, 2864-2876, 2878-2890, 2892-2904, 2906-2918, 2920-2932, 2934-2946, 2948-2960, 2962-2974, 2976-2988, 2990-3002, 3004-3016, 3018-3030, 3032-3044, 3046-3058, 3060-3072, 3074-3086, 3088-3100, 3102-3114, 3116-3128, 3130-3142, 3144-3156, 3158-3170, 3172-3184, 3186-3198, 3200-3212, 3214-3226, 3228-3240, 3242-3254, 3256-3268, 3270-3282, 3284-3296, 3298-3310, 3312-3324, 3326-3338, 3340-3352, 3354-3366, 3368-3380, 3382-3394, 3396-3408, 3410-3422, 3424-3436, 3438-3450, 3452-3464, 3466-3478, 3480-3492, 3494-3506, 3508-3520, 3522-3534, 3536-3548, 3550-3562, 3564-3576, 3578-3590, 3592-3604, 3606-3618, 3620-3632, 3634-3646, 3648-3660, 3662-3674, 3676-3688, 3690-3702, 3704-3716, 3718-3730, 3732-3744, 3746-3758, 3760-3772, 3774-3786, 3788-3800, 3802-3814, 3816-3828, 3830-3842, 3844-3856, 3858-3870, 3872-3884, 3886-3898, 3900-3912, 3914-3926, 3928-3940, 3942-3954, 3956-3968, 3970-3982, 3984-3996, 3998-4010, 4012-4024, 4026-4038, 4040-4052, 4054-4066, 4068-4080, 4082-4094, 4096-4108, 4110-4122, 4124-4136, 4138-4150, 4152-4164, 4166-4178, 4180-4192, 4194-4206, 4208-4220, 4222-4234, 4236-4248, 4250-4262, 4264-4276, 4278-4290, 4292-4304, 4306-4318, 4320-4332, 4334-4346, 4348-4360, 4362-4374, 4376-4388, 4390-4402, 4404-4416, 4418-4430, 4432-4444, 4446-4458, 4460-4472, 4474-4486, 4488-4500, 4502-4514, 4516-4528, 4530-4542, 4544-4556, 4558-4570, 4572-4584, 4586-4598, 4600-4612, 4614-4626, 4628-4640, 4642-4654, 4656-4668, 4670-4682, 4684-4696, 4698-4710, 4712-4724, 4726-4738, 4740-4752, 4754-4766, 4768-4780, 4782-4794, 4796-4808, 4810-4822, 4824-4836, 4838-4850, 4852-4864, 4866-4878, 4880-4892, 4894-4906, 4908-4920, 4922-4934, 4936-4948, 4950-4962, 4964-4976, 4978-4990, 4992-5004, 5006-5018, 5020-5032, 5034-5046, 5048-5060, 5062-5074, 5076-5088, 5090-5102, 5104-5116, 5118-5130, 5132-5144, 5146-5158, 5160-5172, 5174-5186, 5188-5200, 5202-5214, 5216-5228, 5230-5242, 5244-5256, 5258-5270, 5272-5284, 5286-5298, 5300-5312, 5314-5326, 5328-5340, 5342-5354, 5356-5368, 5370-5382, 5384-5396, 5398-5410, 5412-5424, 5426-5438, 5440-5452, 5454-5466, 5468-5480, 5482-5494, 5496-5508, 5510-5522, 5524-5536, 5538-5550, 5552-5564, 5566-5578, 5580-5592, 5594-5606, 5608-5620, 5622-5634, 5636-5648, 5650-5662, 5664-5676, 5678-5690, 5692-5704, 5706-5718, 5720-5732, 5734-5746, 5748-5760, 5762-5774, 5776-5788, 5790-5802, 5804-5816, 5818-5830, 5832-5844, 5846-5858, 5860-5872, 5874-5886, 5888-5900, 5902-5914, 5916-5928, 5930-5942, 5944-5956, 5958-5970, 5972-5984, 5986-6000, 6002-6014, 6016-6028, 6030-6042, 6044-6056, 6058-6070, 6072-6084, 6086-6098, 6100-6112, 6114-6126, 6128-6140, 6142-6154, 6156-6168, 6170-6182, 6184-6196, 6198-6210, 6212-6224, 6226-6238, 6240-6252, 6254-6266, 6268-6280, 6282-6294, 6296-6308, 6310-6322, 6324-6336, 6338-6350, 6352-6364, 6366-6378, 6380-6392, 6394-6406, 6408-6420, 6422-6434, 6436-6448, 6450-6462, 6464-6476, 6478-6490, 6492-6504, 6506-6518, 6520-6532, 6534-6546, 6548-6560, 6562-6574, 6576-6588, 6590-6602, 6604-6616, 6618-6630, 6632-6644, 6646-6658, 6660-6672, 6674-6686, 6688-6700, 6702-6714, 6716-6728, 6730-6742, 6744-6756, 6758-6770, 6772-6784, 6786-6798, 6800-6812, 6814-6826, 6828-6840, 6842-6854, 6856-6868, 6870-6882, 6884-6896, 6898-7000
2026-04-05 20:06:22 - root - INFO - Getting method of the patch: tmp/patches/cleaned/aprenfl-defects4j-Math-50-TBar-Patch_1_1.patch
2026-04-05 20:06:22 - root - INFO - Methods already exist for the patch: aprenfl-defects4j-Math-50-TBar-Patch_1_1
2026-04-05 20:06:22 - root - INFO - Getting method of the patch: tmp/patches/cleaned/dl4pc2-defects4j-Math-50-GenProg-DifferentFragPatches-189.patch
2026-04-05 20:06:22 - root - INFO - Methods already exist for the patch: dl4pc2-defects4j-Math-50-GenProg-DifferentFragPatches-189
2026-04-05 20:07:22 - root - WARNING - [WARN] Retry 2/3 for model codegemma:7b-instruct: timed out
2026-04-05 20:07:29 - httpx - INFO - HTTP Request: POST http://127.0.0.1:11434/api/chat "HTTP/1.1 200 OK"
2026-04-05 20:07:29 - root - INFO - Received response for model codegemma:7b-instruct on attempt 1 response: **Lines of Code More Similar:**

Lines 1-10 of both code snippets are more similar, as they both contain the same method signature and initial code block.

**Semantic Similarity:**

Based on the lines of code more similar, we can conclude that the two code snippets are semantically similar. They both implement a root-finding algorithm using the Regula Falsi method and share the same overall logic and functionality.

**Answer:**

**Yes, the two code snippets are semantically similar.**
2026-04-05 20:07:29 - root - INFO - Getting method of the patch: tmp/patches/cleaned/aprenfl-defects4j-Math-50-TBar-Patch_1_1.patch
2026-04-05 20:07:29 - root - INFO - Methods already exist for the patch: aprenfl-defects4j-Math-50-TBar-Patch_1_1
2026-04-05 20:07:29 - root - INFO - Getting method of the patch: tmp/patches/cleaned/dl4pc2-defects4j-Math-50-GenProg-DifferentFragPatches-113.patch
2026-04-05 20:07:29 - root - INFO - Methods already exist for the patch: dl4pc2-defects4j-Math-50-GenProg-DifferentFragPatches-113
2026-04-05 20:08:29 - root - WARNING - [WARN] Retry 2/3 for model codegemma:7b-instruct: timed out
2026-04-05 20:09:34 - root - WARNING - [WARN] Retry 2/3 for model codegemma:7b-instruct: timed out
2026-04-05 20:10:39 - root - WARNING - [WARN] Retry 2/3 for model codegemma:7b-instruct: timed out
2026-04-05 20:11:44 - root - WARNING - [WARN] Retry 2/3 for model codegemma:7b-instruct: timed out
2026-04-05 20:12:49 - httpx - INFO - HTTP Request: POST http://127.0.0.1:11434/api/chat "HTTP/1.1 200 OK"
2026-04-05 20:12:49 - root - INFO - Received response for model codegemma:7b-instruct on attempt 1 response: **Lines of Code More Similar:**

Lines 1-10, 12-22, 24-34, 36-46, 48-58, 60-68, 70-78, 80-88, 90-98, 100-108, 110-118, 120-128, 130-138, 140-148, 150-158, 160-168, 170-178, 180-188, 190-198, 200-208, 210-218, 220-228, 230-238, 240-248, 250-258, 260-268, 270-278, 280-288, 290-298, 300-308, 310-318, 320-328, 330-338, 340-348, 350-358, 360-368, 370-378, 380-388, 390-398, 400-408, 410-418, 420-428, 430-438, 440-448, 450-458, 460-468, 470-478, 480-488, 490-498, 500-508, 510-518, 520-528, 530-538, 540-548, 550-558, 560-568, 570-578, 580-588, 590-598, 600-608, 610-618, 620-628, 630-638, 640-648, 650-658, 660-668, 670-678, 680-688, 690-698, 700-708, 710-718, 720-728, 730-738, 740-748, 750-758, 760-768, 770-778, 780-788, 790-798, 800-808, 810-818, 820-828, 830-838, 840-848, 850-858, 860-868, 870-878, 880-888, 890-898, 900-908, 910-918, 920-928, 930-938, 940-948, 950-958, 960-968, 970-978, 980-988, 990-998, 1000-1008, 1010-1018, 1020-1028, 1030-1038, 1040-1048, 1050-1058, 1060-1068, 1070-1078, 1080-1088, 1090-1098, 1100-1108, 1110-1118, 1120-1128, 1130-1138, 1140-1148, 1150-1158, 1160-1168, 1170-1178, 1180-1188, 1190-1198, 1200-1208, 1210-1218, 1220-1228, 1230-1238, 1240-1248, 1250-1258, 1260-1268, 1270-1278, 1280-1288, 1290-1298, 1300-1308, 1310-1318, 1320-1328, 1330-1338, 1340-1348, 1350-1358, 1360-1368, 1370-1378, 1380-1388, 1390-1398, 1400-1408, 1410-1418, 1420-1428, 1430-1438, 1440-1448, 1450-1458, 1460-1468, 1470-1478, 1480-1488, 1490-1498, 1500-1508, 1510-1518, 1520-1528, 1530-1538, 1540-1548, 1550-1558, 1560-1568, 1570-1578, 1580-1588, 1590-1598, 1600-1608, 1610-1618, 1620-1628, 1630-1638, 1640-1648, 1650-1658, 1660-1668, 1670-1678, 1680-1688, 1690-1698, 1700-1708, 1710-1718, 1720-1728, 1730-1738, 1740-1748, 1750-1758, 1760-1768, 1770-1778, 1780-1788, 1790-1798, 1800-1808, 1810-1818, 1820-1828, 1830-1838, 1840-1848, 1850-1858, 1860-1868, 1870-1878, 1880-1888, 1890-1898, 1900-1908, 1910-1918, 1920-1928, 1930-1938, 1940-1948, 1950-1958, 1960-1968, 1970-1978, 1980-1988, 1990-1998, 2000-2008, 2010-2018, 2020-2028, 2030-2038, 2040-2048, 2050-2058, 2060-2068, 2070-2078, 2080-2088, 2090-2098, 2100-2108, 2110-2118, 2120-2128, 2130-2138, 2140-2148, 2150-2158, 2160-2168, 2170-2178, 2180-2188, 2190-2198, 2200-2208, 2210-2218, 2220-2228, 2230-2238, 2240-2248, 2250-2258, 2260-2268, 2270-2278, 2280-2288, 2290-2298, 2300-2308, 2310-2318, 2320-2328, 2330-2338, 2340-2348, 2350-2358, 2360-2368, 2370-2378, 2380-2388, 2390-2398, 2400-2408, 2410-2418, 2420-2428, 2430-2438, 2440-2448, 2450-2458, 2460-2468, 2470-2478, 2480-2488, 2490-2498, 2500-2508, 2510-2518, 2520-2528, 2530-2538, 2540-2548, 2550-2558, 2560-2568, 2570-2578, 2580-2588, 2590-2598, 2600-2608, 2610-2618, 2620-2628, 2630-2638, 2640-2648, 2650-2658, 2660-2668, 2670-2678, 2680-2688, 2690-2698, 2700-2708, 2710-2718, 2720-2728, 2730-2738, 2740-2748, 2750-2758, 2760-2768, 2770-2778, 2780-2788, 2790-2798, 2800-2808, 2810-2818, 2820-2828, 2830-2838, 2840-2848, 2850-2858, 2860-2868, 2870-2878, 2880-2888, 2890-2898, 2900-2908, 2910-2918, 2920-2928, 2930-2938, 2940-2948, 2950-2958, 2960-2968, 2970-2978, 2980-2988, 2990-2998, 3000-3008, 3010-3018, 3020-3028, 3030-3038, 3040-3048, 3050-3058, 3060-3068, 3070-3078, 3080-3088, 3090-3098, 3100-3108, 3110-3118, 3120-3128, 3130-3138, 3140-3148, 3150-3158, 3160-3168, 3170-3178, 3180-3188, 3190-3198, 3200-3208, 3210-3218, 3220-3228, 3230-3238, 3240-3248, 3250-3258, 3260-3268, 3270-3278, 3280-3288, 3290-3298, 3300-3308, 3310-3318, 3320-3328, 3330-3338, 3340-3348, 3350-3358, 3360-3368, 3370-3378, 3380-3388, 3390-3398, 3400-3408, 3410-3418, 3420-3428, 3430-3438, 3440-3448, 3450-3458, 3460-3468, 3470-3478, 3480-3488, 3490-3498, 3500-3508, 3510-3518, 3520-3528, 3530-3538, 3540-3548, 3550-3558, 3560-3568, 3570-3578, 3580-3588, 3590-3598, 3600-3608, 3610-3618, 3620-3628, 3630-3638, 3640-3648, 3650-3658, 3660-3668, 3670-3678, 3680-3688, 3690-3698, 3700-3708, 3710-3718, 3720-3728, 3730-3738, 3740-3748, 3750-3758, 3760-3768, 3770-3778, 3780-3788, 3790-3798, 3800-3808, 3810-3818, 3820-3828, 3830-3838, 3840-3848, 3850-3858, 3860-3868, 3870-3878, 3880-3888, 3890-3898, 3900-3908, 3910-3918, 3920-3928, 3930-3938, 3940-3948, 3950-3958, 3960-3968, 3970-3978, 3980-3988, 3990-3998, 4000-4008, 4010-4018, 4020-4028, 4030-4038, 4040-4048, 4050-4058, 4060-4068, 4070-4078, 4080-4088, 4090-4098, 4100-4108, 4110-4118, 4120-4128, 4130-4138, 4140-4148, 4150-4158, 4160-4168, 4170-4178, 4180-4188, 4190-4198, 4200-4208, 4210-4218, 4220-4228, 4230-4238, 4240-4248, 4250-4258, 4260-4268, 4270-4278, 4280-4288, 4290-4298, 4300-4308, 4310-4318, 4320-4328, 4330-4338, 4340-4348, 4350-4358, 4360-4368, 4370-4378, 4380-4388, 4390-4398, 4400-4408, 4410-4418, 4420-4428, 4430-4438, 4440-4448, 4450-4458, 4460-4468, 4470-4478, 4480-4488, 4490-4498, 4500-4508, 4510-4518, 4520-4528, 4530-4538, 4540-4548, 4550-4558, 4560-4568, 4570-4578, 4580-4588, 4590-4598, 4600-4608, 4610-4618, 4620-4628, 4630-4638, 4640-4648, 4650-4658, 4660-4668, 4670-4678, 4680-4688, 4690-4698, 4700-4708, 4710-4718, 4720-4728, 4730-4738, 4740-4748, 4750-4758, 4760-4768, 4770-4778, 4780-4788, 4790-4798, 4800-4808, 4810-4818, 4820-4828, 4830-4838, 4840-4848, 4850-4858, 4860-4868, 4870-4878, 4880-4888, 4890-4898, 4900-4908, 4910-4918, 4920-4928, 4930-4938, 4940-4948, 4950-4958, 4960-4968, 4970-4978, 4980-4988, 4990-4998, 5000-5008, 5010-5018, 5020-5028, 5030-5038, 5040-5048, 5050-5058, 5060-5068, 5070-5078, 5080-5088, 5090-5098, 5100-5108, 5110-5118, 5120-5128, 5130-5138, 5140-5148, 5150-5158, 5160-5168, 5170-5178, 5180-5188, 5190-5198, 5200-5208, 5210-5218, 5220-5228, 5230-5238, 5240-5248, 5250-5258, 5260-5268, 5270-5278, 5280-5288, 5290-5298, 5300-5308, 5310-5318, 5320-5328, 5330-5338, 5340-5348, 5350-5358, 5360-5368, 5370-5378, 5380-5388, 5390-5398, 5400-5408, 5410-5418, 5420-5428, 5430-5438, 5440-5448, 5450-5458, 5460-5468, 5470-5478, 5480-5488, 5490-5498, 5500-5508, 5510-5518, 5520-5528, 5530-5538, 5540-5548, 5550-5558, 5560-5568, 5570-5578, 5580-5588, 5590-5598, 5600-5608, 5610-5618, 5620-5628, 5630-5638, 5640-5648, 5650-5658, 5660-5668, 5670-5678, 5680-5688, 5690-5698, 5700-5708, 5710-5718, 5720-5728, 5730-5738, 5740-5748, 5750-5758, 5760-5768, 5770-5778, 5780-5788, 5790-5798, 5800-5808, 5810-5818, 5820-5828, 5830-5838, 5840-5848, 5850-5858, 5860-5868, 5870-5878, 5880-5888, 5890-5898, 5900-5908, 5910-5918, 5920-5928, 5930-5938, 5940-5948, 5950-5958, 5960-5968, 5970-5978, 5980-5988, 5990-5998
2026-04-05 20:12:49 - root - INFO - Getting method of the patch: tmp/patches/cleaned/aprenfl-defects4j-Math-50-TBar-Patch_1_1.patch
2026-04-05 20:12:49 - root - INFO - Methods already exist for the patch: aprenfl-defects4j-Math-50-TBar-Patch_1_1
2026-04-05 20:12:49 - root - INFO - Getting method of the patch: tmp/patches/cleaned/dl4pc2-defects4j-Math-50-GenProg-DifferentFragPatches-170.patch
2026-04-05 20:12:49 - root - INFO - Methods already exist for the patch: dl4pc2-defects4j-Math-50-GenProg-DifferentFragPatches-170
2026-04-05 20:13:49 - root - WARNING - [WARN] Retry 2/3 for model codegemma:7b-instruct: timed out
2026-04-05 20:14:54 - root - WARNING - [WARN] Retry 2/3 for model codegemma:7b-instruct: timed out
2026-04-05 20:15:59 - root - WARNING - [WARN] Retry 2/3 for model codegemma:7b-instruct: timed out
2026-04-05 20:17:04 - root - WARNING - [WARN] Retry 2/3 for model codegemma:7b-instruct: timed out
2026-04-05 20:18:09 - root - WARNING - [WARN] Retry 2/3 for model codegemma:7b-instruct: timed out
2026-04-05 20:19:14 - root - WARNING - [WARN] Retry 2/3 for model codegemma:7b-instruct: timed out
2026-04-05 20:20:16 - httpx - INFO - HTTP Request: POST http://127.0.0.1:11434/api/chat "HTTP/1.1 200 OK"
2026-04-05 20:20:16 - root - INFO - Received response for model codegemma:7b-instruct on attempt 1 response: **Lines of Code More Similar:**

Lines 1-10, 12-24, 26-38, 40-52, 54-66, 68-80, 82-94, 96-108, 110-122, 124-136, 138-150, 152-164, 166-178, 180-192, 194-206, 208-220, 222-234, 236-248, 250-262, 264-276, 278-290, 292-304, 306-318, 320-332, 334-346, 348-360, 362-374, 376-388, 390-402, 404-416, 418-430, 432-444, 446-458, 460-472, 474-486, 488-500, 502-514, 516-528, 530-542, 544-556, 558-570, 572-584, 586-598, 600-612, 614-626, 628-640, 642-654, 656-668, 670-682, 684-696, 698-710, 712-724, 726-738, 740-752, 754-766, 768-780, 782-794, 796-808, 810-822, 824-836, 838-850, 852-864, 866-878, 880-892, 894-906, 908-920, 922-934, 936-948, 950-962, 964-976, 978-990, 992-1004, 1006-1018, 1020-1032, 1034-1046, 1048-1060, 1062-1074, 1076-1088, 1090-1102, 1104-1116, 1118-1130, 1132-1144, 1146-1158, 1160-1172, 1174-1186, 1188-1200, 1202-1214, 1216-1228, 1230-1242, 1244-1256, 1258-1270, 1272-1284, 1286-1300, 1302-1314, 1316-1328, 1330-1342, 1344-1356, 1358-1370, 1372-1384, 1386-1398, 1400-1412, 1414-1426, 1428-1440, 1442-1454, 1456-1468, 1470-1482, 1484-1496, 1498-1510, 1512-1524, 1526-1538, 1540-1552, 1554-1566, 1568-1580, 1582-1594, 1596-1608, 1610-1622, 1624-1636, 1638-1650, 1652-1664, 1666-1678, 1680-1692, 1694-1706, 1708-1720, 1722-1734, 1736-1748, 1750-1762, 1764-1776, 1778-1790, 1792-1804, 1806-1818, 1820-1832, 1834-1846, 1848-1860, 1862-1874, 1876-1888, 1890-1902, 1904-1916, 1918-1930, 1932-1944, 1946-1958, 1960-1972, 1974-1986, 1988-2000, 2002-2014, 2016-2028, 2030-2042, 2044-2056, 2058-2070, 2072-2084, 2086-2098, 2100-2112, 2114-2126, 2128-2140, 2142-2154, 2156-2168, 2170-2182, 2184-2196, 2198-2210, 2212-2224, 2226-2238, 2240-2252, 2254-2266, 2268-2280, 2282-2294, 2296-2308, 2310-2322, 2324-2336, 2338-2350, 2352-2364, 2366-2378, 2380-2392, 2394-2406, 2408-2420, 2422-2434, 2436-2448, 2450-2462, 2464-2476, 2478-2490, 2492-2504, 2506-2518, 2520-2532, 2534-2546, 2548-2560, 2562-2574, 2576-2588, 2590-2602, 2604-2616, 2618-2630, 2632-2644, 2646-2658, 2660-2672, 2674-2686, 2688-2700, 2702-2714, 2716-2728, 2730-2742, 2744-2756, 2758-2770, 2772-2784, 2786-2798, 2800-2812, 2814-2826, 2828-2840, 2842-2854, 2856-2868, 2870-2882, 2884-2896, 2898-2910, 2912-2924, 2926-2938, 2940-2952, 2954-2966, 2968-2980, 2982-2994, 2996-3008, 3010-3022, 3024-3036, 3038-3050, 3052-3064, 3066-3078, 3080-3092, 3094-3106, 3108-3120, 3122-3134, 3136-3148, 3150-3162, 3164-3176, 3178-3190, 3192-3204, 3206-3218, 3220-3232, 3234-3246, 3248-3260, 3262-3274, 3276-3288, 3290-3302, 3304-3316, 3318-3330, 3332-3344, 3346-3358, 3360-3372, 3374-3386, 3388-3400, 3402-3414, 3416-3428, 3430-3442, 3444-3456, 3458-3470, 3472-3484, 3486-3498, 3500-3512, 3514-3526, 3528-3540, 3542-3554, 3556-3568, 3570-3582, 3584-3596, 3598-3610, 3612-3624, 3626-3638, 3640-3652, 3654-3666, 3668-3680, 3682-3694, 3696-3708, 3710-3722, 3724-3736, 3738-3750, 3752-3764, 3766-3778, 3780-3792, 3794-3806, 3808-3820, 3822-3834, 3836-3848, 3850-3862, 3864-3876, 3878-3890, 3892-3904, 3906-3918, 3920-3932, 3934-3946, 3948-3960, 3962-3974, 3976-3988, 3990-4002, 4004-4016, 4018-4030, 4032-4044, 4046-4058, 4060-4072, 4074-4086, 4088-4100, 4102-4114, 4116-4128, 4130-4142, 4144-4156, 4158-4170, 4172-4184, 4186-4198, 4200-4212, 4214-4226, 4228-4240, 4242-4254, 4256-4268, 4270-4282, 4284-4296, 4298-4310, 4312-4324, 4326-4338, 4340-4352, 4354-4366, 4368-4380, 4382-4394, 4396-4408, 4410-4422, 4424-4436, 4438-4450, 4452-4464, 4466-4478, 4480-4492, 4494-4506, 4508-4520, 4522-4534, 4536-4548, 4550-4562, 4564-4576, 4578-4590, 4592-4604, 4606-4618, 4620-4632, 4634-4646, 4648-4660, 4662-4674, 4676-4688, 4690-4702, 4704-4716, 4718-4730, 4732-4744, 4746-4758, 4760-4772, 4774-4786, 4788-4800, 4802-4814, 4816-4828, 4830-4842, 4844-4856, 4858-4870, 4872-4884, 4886-4898, 4900-4912, 4914-4926, 4928-4940, 4942-4954, 4956-4968, 4970-4982, 4984-4996, 4998-5010, 5012-5024, 5026-5038, 5040-5052, 5054-5066, 5068-5080, 5082-5094, 5096-5108, 5110-5122, 5124-5136, 5138-5150, 5152-5164, 5166-5178, 5180-5192, 5194-5206, 5208-5220, 5222-5234, 5236-5248, 5250-5262, 5264-5276, 5278-5290, 5292-5304, 5306-5318, 5320-5332, 5334-5346, 5348-5360, 5362-5374, 5376-5388, 5390-5402, 5404-5416, 5418-5430, 5432-5444, 5446-5458, 5460-5472, 5474-5486, 5488-5500, 5502-5514, 5516-5528, 5530-5542, 5544-5556, 5558-5570, 5572-5584, 5586-5598, 5600-5612, 5614-5626, 5628-5640, 5642-5654, 5656-5668, 5670-5682, 5684-5696, 5698-5710, 5712-5724, 5726-5738, 5740-5752, 5754-5766, 5768-5780, 5782-5794, 5796-5808, 5810-5822, 5824-5836, 5838-5850, 5852-5864, 5866-5878, 5880-5892, 5894-5906, 5908-5920, 5922-5934, 5936-5948, 5950-5962, 5964-5976, 5978-5990, 5992-6004, 6006-6018, 6020-6032, 6034-6046, 6048-6060, 6062-6074, 6076-6088, 6090-6102, 6104-6116, 6118-6130, 6132-6144, 6146-6158, 6160-6172, 6174-6186, 6188-6200, 6202-6214, 6216-6228, 6230-6242, 6244-6256, 6258-6270, 6272-6284, 6286-6298, 6300-6312, 6314-6326, 6328-6340, 6342-6354, 6356-6368, 6370-6382, 6384-6396, 6398-6410, 6412-6424, 6426-6438, 6440-6452, 6454-6466, 6468-6480, 6482-6494, 6496-6508, 6510-6522, 6524-6536, 6538-6550, 6552-6564, 6566-6578, 6580-6592, 6594-6606, 6608-6620, 6622-6634, 6636-6648, 6650-6662, 6664-6676, 6678-6690, 6692-6704, 6706-6718, 6720-6732, 6734-6746, 6748-6760, 6762-6774, 6776-6788, 6790-6802, 6804-6816, 6818-6830, 6832-6844, 6846-6858, 6860-6872, 6874-6886, 6888-6900, 6902-6914, 6916-6928, 6930-6942, 6944-6956, 6958-6970, 6972-6984, 6986-7000, 7002-7014, 7016-7028, 7030-7042, 7044-7056, 7058-7070, 7072-7084, 7086-7098, 7100-7112, 7114-7126, 7128-7140, 7142-7154, 7156-7168, 7170-7182, 7184-7196, 7198-7210, 7212-7224, 7226-7238, 7240-7252, 7254-7266, 7268-7280, 7282-7294, 7296-7308, 7310-7322, 7324-7336, 7338-7350, 7352-7364, 7366-7378, 7380-7392, 7394-7406, 7408-7420, 7422-7434, 7436-7448, 7450-7462, 7464-7476, 7478-7490, 7492-7504, 7506-7518, 7520-7532, 7534-7546, 7548-7560, 7562-7574, 7576-7588, 7590-7602, 7604-7616, 7618-7630, 7632-7644, 7646-7658, 7660-7672, 7674-7686, 7688-7700, 7702-7714, 7716-7728, 7730-7742, 7744-7756, 7758-7770, 7772-7784, 7786-7798, 7800-7812, 7814-7826, 7828-7840, 7842-7854, 7856-7868, 7870-7882, 7884-7896, 7898-7910, 7912-7924, 7926-7938, 7940-7952, 7954-7966, 7968-7980, 7982-7994, 7996-8108
2026-04-05 20:20:16 - root - INFO - Getting method of the patch: tmp/patches/cleaned/aprenfl-defects4j-Math-50-TBar-Patch_1_1.patch
2026-04-05 20:20:16 - root - INFO - Methods already exist for the patch: aprenfl-defects4j-Math-50-TBar-Patch_1_1
2026-04-05 20:20:16 - root - INFO - Getting method of the patch: tmp/patches/cleaned/dl4pc2-defects4j-Math-50-GenProg-DifferentFragPatches-114.patch
2026-04-05 20:20:16 - root - INFO - Methods already exist for the patch: dl4pc2-defects4j-Math-50-GenProg-DifferentFragPatches-114
2026-04-05 20:21:16 - root - WARNING - [WARN] Retry 2/3 for model codegemma:7b-instruct: timed out
2026-04-05 20:22:21 - root - WARNING - [WARN] Retry 2/3 for model codegemma:7b-instruct: timed out
2026-04-05 20:23:26 - root - WARNING - [WARN] Retry 2/3 for model codegemma:7b-instruct: timed out
2026-04-05 20:24:31 - root - WARNING - [WARN] Retry 2/3 for model codegemma:7b-instruct: timed out
2026-04-05 20:24:54 - httpx - INFO - HTTP Request: POST http://127.0.0.1:11434/api/chat "HTTP/1.1 200 OK"
2026-04-05 20:24:54 - root - INFO - Received response for model codegemma:7b-instruct on attempt 1 response: **Lines of Code More Similar:**

Lines 1-10, 12-24, 26-38, 40-54, 56-68, 70-82, 84-96, 98-110, 112-124, 126-138, 140-152, 154-166, 168-180, 182-194, 196-208, 210-222, 224-236, 238-250, 252-264, 266-278, 280-292, 294-306, 308-320, 322-334, 336-348, 350-362, 364-376, 378-390, 392-404, 406-418, 420-432, 434-446, 448-460, 462-474, 476-488, 490-502, 504-516, 518-530, 532-544, 546-558, 560-572, 574-586, 588-600, 602-614, 616-628, 630-642, 644-656, 658-670, 672-684, 686-698, 700-712, 714-726, 728-740, 742-754, 756-768, 770-782, 784-796, 798-810, 812-824, 826-838, 840-852, 854-866, 868-880, 882-894, 896-908, 910-922, 924-936, 938-950, 952-964, 966-978, 980-992, 994-1006, 1008-1020, 1022-1034, 1036-1048, 1050-1062, 1064-1076, 1078-1090, 1092-1104, 1106-1118, 1120-1132, 1134-1146, 1148-1160, 1162-1174, 1176-1188, 1190-1202, 1204-1216, 1218-1230, 1232-1244, 1246-1258, 1260-1272, 1274-1286, 1288-1300, 1302-1314, 1316-1328, 1330-1342, 1344-1356, 1358-1370, 1372-1384, 1386-1398, 1400-1412, 1414-1426, 1428-1440, 1442-1454, 1456-1468, 1470-1482, 1484-1496, 1498-1510, 1512-1524, 1526-1538, 1540-1552, 1554-1566, 1568-1580, 1582-1594, 1596-1608, 1610-1622, 1624-1636, 1638-1650, 1652-1664, 1666-1678, 1680-1692, 1694-1706, 1708-1720, 1722-1734, 1736-1748, 1750-1762, 1764-1776, 1778-1790, 1792-1804, 1806-1818, 1820-1832, 1834-1846, 1848-1860, 1862-1874, 1876-1888, 1890-1902, 1904-1916, 1918-1930, 1932-1944, 1946-1958, 1960-1972, 1974-1986, 1988-2000, 2002-2014, 2016-2028, 2030-2042, 2044-2056, 2058-2070, 2072-2084, 2086-2098, 2100-2112, 2114-2126, 2128-2140, 2142-2154, 2156-2168, 2170-2182, 2184-2196, 2198-2210, 2212-2224, 2226-2238, 2240-2252, 2254-2266, 2268-2280, 2282-2294, 2296-2308, 2310-2322, 2324-2336, 2338-2350, 2352-2364, 2366-2378, 2380-2392, 2394-2406, 2408-2420, 2422-2434, 2436-2448, 2450-2462, 2464-2476, 2478-2490, 2492-2504, 2506-2518, 2520-2532, 2534-2546, 2548-2560, 2562-2574, 2576-2588, 2590-2602, 2604-2616, 2618-2630, 2632-2644, 2646-2658, 2660-2672, 2674-2686, 2688-2700, 2702-2714, 2716-2728, 2730-2742, 2744-2756, 2758-2770, 2772-2784, 2786-2798, 2800-2812, 2814-2826, 2828-2840, 2842-2854, 2856-2868, 2870-2882, 2884-2896, 2898-3000

**Semantic Similarity:**

Based on the lines of code more similar report, the two code snippets are semantically similar. They both implement the same algorithm for finding the root of a function using the Regula falsi method.
2026-04-05 20:24:54 - root - INFO - Getting method of the patch: tmp/patches/cleaned/aprenfl-defects4j-Math-50-TBar-Patch_1_1.patch
2026-04-05 20:24:54 - root - INFO - Methods already exist for the patch: aprenfl-defects4j-Math-50-TBar-Patch_1_1
2026-04-05 20:24:55 - root - INFO - Getting method of the patch: tmp/patches/cleaned/dl4pc2-defects4j-Math-50-GenProg-DifferentFragPatches-279.patch
2026-04-05 20:24:55 - root - INFO - Methods already exist for the patch: dl4pc2-defects4j-Math-50-GenProg-DifferentFragPatches-279
2026-04-05 20:24:56 - httpx - INFO - HTTP Request: POST http://127.0.0.1:11434/api/chat "HTTP/1.1 200 OK"
2026-04-05 20:24:56 - root - INFO - Received response for model codegemma:7b-instruct on attempt 1 response: **Lines of Code More Similar:**

Lines 1-24, 26-48, 50-72, 74-96, 98-120, 122-144, 146-168, 170-192, 194-216, 218-240 are more similar in both code snippets.

**Semantic Similarity:**

Yes, the two code snippets are semantically similar. They both implement the Regula Falsi method for root finding, with similar logic and functionality. The differences between the snippets are minor and do not affect the overall functionality.
2026-04-05 20:24:56 - root - INFO - Getting method of the patch: tmp/patches/cleaned/aprenfl-defects4j-Math-50-TBar-Patch_1_1.patch
2026-04-05 20:24:56 - root - INFO - Methods already exist for the patch: aprenfl-defects4j-Math-50-TBar-Patch_1_1
2026-04-05 20:24:56 - root - INFO - Getting method of the patch: tmp/patches/cleaned/dl4pc2-defects4j-Math-50-GenProg-DifferentFragPatches-204.patch
2026-04-05 20:24:56 - root - INFO - Methods already exist for the patch: dl4pc2-defects4j-Math-50-GenProg-DifferentFragPatches-204
2026-04-05 20:25:22 - httpx - INFO - HTTP Request: POST http://127.0.0.1:11434/api/chat "HTTP/1.1 200 OK"
2026-04-05 20:25:22 - root - INFO - Received response for model codegemma:7b-instruct on attempt 1 response: **Lines of Code More Similar:**

Lines 1-14, 16-34, 36-48, 50-62, 64-76, 78-88, 90-102, 104-116, 118-130, 132-144, 146-158, 160-172, 174-186, 188-200, 202-214, 216-228, 230-242, 244-256, 258-270, 272-284, 286-298, 300-312, 314-326, 328-340, 342-354, 356-368, 370-382, 384-396, 398-410, 412-424, 426-438, 440-452, 454-466, 468-480, 482-494, 496-508, 510-522, 524-536, 538-550, 552-564, 566-578, 580-592, 594-606, 608-620, 622-634, 636-648, 650-662, 664-676, 678-690, 692-704, 706-718, 720-732, 734-746, 748-760, 762-774, 776-788, 790-802, 804-816, 818-830, 832-844, 846-858, 860-872, 874-886, 888-900, 902-914, 916-928, 930-942, 944-956, 958-970, 972-984, 986-998, 1000-1012, 1014-1026, 1028-1040, 1042-1054, 1056-1068, 1070-1082, 1084-1096, 1098-1110, 1112-1124, 1126-1138, 1140-1152, 1154-1166, 1168-1180, 1182-1194, 1196-1208, 1210-1222, 1224-1236, 1238-1250, 1252-1264, 1266-1278, 1280-1292, 1294-1306, 1308-1320, 1322-1334, 1336-1348, 1350-1362, 1364-1376, 1378-1390, 1392-1404, 1406-1418, 1420-1432, 1434-1446, 1448-1460, 1462-1474, 1476-1488, 1490-1502, 1504-1516, 1518-1530, 1532-1544, 1546-1558, 1560-1572, 1574-1586, 1588-1600, 1602-1614, 1616-1628, 1630-1642, 1644-1656, 1658-1670, 1672-1684, 1686-1698, 1700-1712, 1714-1726, 1728-1740, 1742-1754, 1756-1768, 1770-1782, 1784-1796, 1798-1810, 1812-1824, 1826-1838, 1840-1852, 1854-1866, 1868-1880, 1882-1894, 1896-1908, 1910-1922, 1924-1936, 1938-1950, 1952-1964, 1966-1978, 1980-1992, 1994-2006, 2008-2020, 2022-2034, 2036-2048, 2050-2062, 2064-2076, 2078-2090, 2092-2104, 2106-2118, 2120-2132, 2134-2146, 2148-2160, 2162-2174, 2176-2188, 2190-2202, 2204-2216, 2218-2230, 2232-2244, 2246-2258, 2260-2272, 2274-2286, 2288-2300, 2302-2314, 2316-2328, 2330-2342, 2344-2356, 2358-2370, 2372-2384, 2386-2398, 2400-2412, 2414-2426, 2428-2440, 2442-2454, 2456-2468, 2470-2482, 2484-2496, 2498-2510, 2512-2524, 2526-2538, 2540-2552, 2554-2566, 2568-2580, 2582-2594, 2596-2608, 2610-2622, 2624-2636, 2638-2650, 2652-2664, 2666-2678, 2680-2692, 2694-2706, 2708-2720, 2722-2734, 2736-2748, 2750-2762, 2764-2776, 2778-2790, 2792-2804, 2806-2818, 2820-2832, 2834-2846, 2848-2860, 2862-2874, 2876-2888, 2890-2902, 2904-2916, 2918-2930, 2932-2944, 2946-2958, 2960-2972, 2974-2986, 2988-3000, 3002-3014, 3016-3028, 3030-3042, 3044-3056, 3058-3070, 3072-3084, 3086-3098, 3100-3112, 3114-3126, 3128-3140, 3142-3154, 3156-3168, 3170-3182, 3184-3196, 3198-3210, 3212-3224, 3226-3238, 3240-3252, 3254-3266, 3268-3280, 3282-3294, 3296-3308, 3310-3322, 3324-3336, 3338-3350, 3352-3364, 3366-3378, 3380-3392, 3394-3406, 3408-3420, 3422-3434, 3436-3448, 3450-3462, 3464-3476, 3478-3490, 3492-3504, 3506-3518, 3520-3532, 3534-3546, 3548-3560, 3562-3574, 3576-3588, 3590-3602, 3604-3616, 3618-3630, 3632-3644, 3646-3658, 3660-3672, 3674-3686, 3688-3700, 3702-3714, 3716-3728, 3730-3742, 3744-3756, 3758-3770, 3772-3784, 3786-3798, 3800-3812, 3814-3826, 3828-3840, 3842-3854, 3856-3868, 3870-3882, 3884-3896, 3898-4010

**Semantic Similarity:**

Based on the lines of code more similar report, the two code snippets are semantically similar. They both implement the same algorithm for finding the root of a function using the Regula falsi method.
2026-04-05 20:25:22 - root - INFO - Getting method of the patch: tmp/patches/cleaned/aprenfl-defects4j-Math-50-TBar-Patch_1_1.patch
2026-04-05 20:25:22 - root - INFO - Methods already exist for the patch: aprenfl-defects4j-Math-50-TBar-Patch_1_1
2026-04-05 20:25:22 - root - INFO - Getting method of the patch: tmp/patches/cleaned/dl4pc2-defects4j-Math-50-GenProg-DifferentFragPatches-25.patch
2026-04-05 20:25:22 - root - INFO - Methods already exist for the patch: dl4pc2-defects4j-Math-50-GenProg-DifferentFragPatches-25
2026-04-05 20:25:29 - httpx - INFO - HTTP Request: POST http://127.0.0.1:11434/api/chat "HTTP/1.1 200 OK"
2026-04-05 20:25:29 - root - INFO - Received response for model codegemma:7b-instruct on attempt 1 response: **Lines of Code More Similar:**

Lines 1-20, 22-41, 43-62, 64-83, 85-104, 106-125, 127-146, 148-167, 169-188, 190-209, 211-230, 232-251, 253-272, 274-293, 295-314, 316-335, 337-356, 358-377, 379-398, 400-419, 421-440, 442-461, 463-482, 484-493, 495-514, 516-535, 537-556, 558-577, 579-598, 600-619, 621-640, 642-661, 663-682, 684-703, 705-724, 726-745, 747-766, 768-787, 789-808, 810-829, 831-850, 852-871, 873-892, 894-913, 915-934, 936-955, 957-976, 978-997, 999-1018, 1020-1039, 1041-1060, 1062-1081, 1083-1092, 1094-1113, 1115-1134, 1136-1155, 1157-1176, 1178-1197, 1199-1218, 1220-1239, 1241-1260, 1262-1281, 1283-1292, 1294-1313, 1315-1334, 1336-1355, 1357-1376, 1378-1397, 1399-1418, 1420-1439, 1441-1460, 1462-1481, 1483-1492, 1494-1513, 1515-1534, 1536-1555, 1557-1576, 1578-1697

**Semantic Similarity:**

The two code snippets are semantically similar. They both implement the same algorithm for finding the root of a function using the Regula falsi method. The code is well-structured, documented, and uses appropriate data structures and algorithms.
2026-04-05 20:25:29 - root - INFO - Getting method of the patch: tmp/patches/cleaned/aprenfl-defects4j-Math-50-TBar-Patch_1_1.patch
2026-04-05 20:25:29 - root - INFO - Methods already exist for the patch: aprenfl-defects4j-Math-50-TBar-Patch_1_1
2026-04-05 20:25:29 - root - INFO - Getting method of the patch: tmp/patches/cleaned/dl4pc2-defects4j-Math-50-GenProg-DifferentFragPatches-94.patch
2026-04-05 20:25:29 - root - INFO - Methods already exist for the patch: dl4pc2-defects4j-Math-50-GenProg-DifferentFragPatches-94
2026-04-05 20:26:29 - root - WARNING - [WARN] Retry 2/3 for model codegemma:7b-instruct: timed out
2026-04-05 20:27:34 - root - WARNING - [WARN] Retry 2/3 for model codegemma:7b-instruct: timed out
2026-04-05 20:28:39 - httpx - INFO - HTTP Request: POST http://127.0.0.1:11434/api/chat "HTTP/1.1 200 OK"
2026-04-05 20:28:39 - root - INFO - Received response for model codegemma:7b-instruct on attempt 1 response: **Lines of Code More Similar:**

Lines 1-12, 14-24, 26-38, 40-48, 50-58, 60-68, 70-78, 80-88, 90-98, 100-108, 110-118, 120-128, 130-138, 140-148, 150-158, 160-168, 170-178, 180-188, 190-198, 200-208, 210-218, 220-228, 230-238, 240-248, 250-258, 260-268, 270-278, 280-288, 290-298, 300-308, 310-318, 320-328, 330-338, 340-348, 350-358, 360-368, 370-378, 380-388, 390-398, 400-408, 410-418, 420-428, 430-438, 440-448, 450-458, 460-468, 470-478, 480-488, 490-498, 500-508, 510-518, 520-528, 530-538, 540-548, 550-558, 560-568, 570-578, 580-588, 590-598, 600-608, 610-618, 620-628, 630-638, 640-648, 650-658, 660-668, 670-678, 680-688, 690-698, 700-708, 710-718, 720-728, 730-738, 740-748, 750-758, 760-768, 770-778, 780-788, 790-798, 800-808, 810-818, 820-828, 830-838, 840-848, 850-858, 860-868, 870-878, 880-888, 890-898, 900-908, 910-918, 920-928, 930-938, 940-948, 950-958, 960-968, 970-978, 980-988, 990-998, 1000-1008, 1010-1018, 1020-1028, 1030-1038, 1040-1048, 1050-1058, 1060-1068, 1070-1078, 1080-1088, 1090-1098, 1100-1108, 1110-1118, 1120-1128, 1130-1138, 1140-1148, 1150-1158, 1160-1168, 1170-1178, 1180-1188, 1190-1198, 1200-1208, 1210-1218, 1220-1228, 1230-1238, 1240-1248, 1250-1258, 1260-1268, 1270-1278, 1280-1288, 1290-1298, 1300-1308, 1310-1318, 1320-1328, 1330-1338, 1340-1348, 1350-1358, 1360-1368, 1370-1378, 1380-1388, 1390-1398, 1400-1408, 1410-1418, 1420-1428, 1430-1438, 1440-1448, 1450-1458, 1460-1468, 1470-1478, 1480-1488, 1490-1498, 1500-1508, 1510-1518, 1520-1528, 1530-1538, 1540-1548, 1550-1558, 1560-1568, 1570-1578, 1580-1588, 1590-1598, 1600-1608, 1610-1618, 1620-1628, 1630-1638, 1640-1648, 1650-1658, 1660-1668, 1670-1678, 1680-1688, 1690-1698, 1700-1708, 1710-1718, 1720-1728, 1730-1738, 1740-1748, 1750-1758, 1760-1768, 1770-1778, 1780-1788, 1790-1798, 1800-1808, 1810-1818, 1820-1828, 1830-1838, 1840-1848, 1850-1858, 1860-1868, 1870-1878, 1880-1888, 1890-1898, 1900-1908, 1910-1918, 1920-1928, 1930-1938, 1940-1948, 1950-1958, 1960-1968, 1970-1978, 1980-1988, 1990-1998, 2000-2008, 2010-2018, 2020-2028, 2030-2038, 2040-2048, 2050-2058, 2060-2068, 2070-2078, 2080-2088, 2090-2098, 2100-2108, 2110-2118, 2120-2128, 2130-2138, 2140-2148, 2150-2158, 2160-2168, 2170-2178, 2180-2188, 2190-2198, 2200-2208, 2210-2218, 2220-2228, 2230-2238, 2240-2248, 2250-2258, 2260-2268, 2270-2278, 2280-2288, 2290-2298, 2300-2308, 2310-2318, 2320-2328, 2330-2338, 2340-2348, 2350-2358, 2360-2368, 2370-2378, 2380-2388, 2390-2398, 2400-2408, 2410-2418, 2420-2428, 2430-2438, 2440-2448, 2450-2458, 2460-2468, 2470-2478, 2480-2488, 2490-2498, 2500-2508, 2510-2518, 2520-2528, 2530-2538, 2540-2548, 2550-2558, 2560-2568, 2570-2578, 2580-2588, 2590-2598, 2600-2608, 2610-2618, 2620-2628, 2630-2638, 2640-2648, 2650-2658, 2660-2668, 2670-2678, 2680-2688, 2690-2698, 2700-2708, 2710-2718, 2720-2728, 2730-2738, 2740-2748, 2750-2758, 2760-2768, 2770-2778, 2780-2788, 2790-2798, 2800-2808, 2810-2818, 2820-2828, 2830-2838, 2840-2848, 2850-2858, 2860-2868, 2870-2878, 2880-2888, 2890-2898, 2900-2908, 2910-2918, 2920-2928, 2930-2938, 2940-2948, 2950-2958, 2960-2968, 2970-2978, 2980-2988, 2990-2998, 3000-3008, 3010-3018, 3020-3028, 3030-3038, 3040-3048, 3050-3058, 3060-3068, 3070-3078, 3080-3088, 3090-3098, 3100-3108, 3110-3118, 3120-3128, 3130-3138, 3140-3148, 3150-3158, 3160-3168, 3170-3178, 3180-3188, 3190-3198, 3200-3208, 3210-3218, 3220-3228, 3230-3238, 3240-3248, 3250-3258, 3260-3268, 3270-3278, 3280-3288, 3290-3298, 3300-3308, 3310-3318, 3320-3328, 3330-3338, 3340-3348, 3350-3358, 3360-3368, 3370-3378, 3380-3388, 3390-3398, 3400-3408, 3410-3418, 3420-3428, 3430-3438, 3440-3448, 3450-3458, 3460-3468, 3470-3478, 3480-3488, 3490-3498, 3500-3508, 3510-3518, 3520-3528, 3530-3538, 3540-3548, 3550-3558, 3560-3568, 3570-3578, 3580-3588, 3590-3598, 3600-3608, 3610-3618, 3620-3628, 3630-3638, 3640-3648, 3650-3658, 3660-3668, 3670-3678, 3680-3688, 3690-3698, 3700-3708, 3710-3718, 3720-3728, 3730-3738, 3740-3748, 3750-3758, 3760-3768, 3770-3778, 3780-3788, 3790-3798, 3800-3808, 3810-3818, 3820-3828, 3830-3838, 3840-3848, 3850-3858, 3860-3868, 3870-3878, 3880-3888, 3890-3898, 3900-3908, 3910-3918, 3920-3928, 3930-3938, 3940-3948, 3950-3958, 3960-3968, 3970-3978, 3980-3988, 3990-3998, 4000-4008, 4010-4018, 4020-4028, 4030-4038, 4040-4048, 4050-4058, 4060-4068, 4070-4078, 4080-4088, 4090-4098, 4100-4108, 4110-4118, 4120-4128, 4130-4138, 4140-4148, 4150-4158, 4160-4168, 4170-4178, 4180-4188, 4190-4198, 4200-4208, 4210-4218, 4220-4228, 4230-4238, 4240-4248, 4250-4258, 4260-4268, 4270-4278, 4280-4288, 4290-4298, 4300-4308, 4310-4318, 4320-4328, 4330-4338, 4340-4348, 4350-4358, 4360-4368, 4370-4378, 4380-4388, 4390-4398, 4400-4408, 4410-4418, 4420-4428, 4430-4438, 4440-4448, 4450-4458, 4460-4468, 4470-4478, 4480-4488, 4490-4498, 4500-4508, 4510-4518, 4520-4528, 4530-4538, 4540-4548, 4550-4558, 4560-4568, 4570-4578, 4580-4588, 4590-4598, 4600-4608, 4610-4618, 4620-4628, 4630-4638, 4640-4648, 4650-4658, 4660-4668, 4670-4678, 4680-4688, 4690-4698, 4700-4708, 4710-4718, 4720-4728, 4730-4738, 4740-4748, 4750-4758, 4760-4768, 4770-4778, 4780-4788, 4790-4798, 4800-4808, 4810-4818, 4820-4828, 4830-4838, 4840-4848, 4850-4858, 4860-4868, 4870-4878, 4880-4888, 4890-4898, 4900-4908, 4910-4918, 4920-4928, 4930-4938, 4940-4948, 4950-4958, 4960-4968, 4970-4978, 4980-4988, 4990-4998, 5000-5008, 5010-5018, 5020-5028, 5030-5038, 5040-5048, 5050-5058, 5060-5068, 5070-5078, 5080-5088, 5090-5098, 5100-5108, 5110-5118, 5120-5128, 5130-5138, 5140-5148, 5150-5158, 5160-5168, 5170-5178, 5180-5188, 5190-5198, 5200-5208, 5210-5218, 5220-5228, 5230-5238, 5240-5248, 5250-5258, 5260-5268, 5270-5278, 5280-5288, 5290-5298, 5300-5308, 5310-5318, 5320-5328, 5330-5338, 5340-5348, 5350-5358, 5360-5368, 5370-5378, 5380-5388, 5390-5398, 5400-5408, 5410-5418, 5420-5428, 5430-5438, 5440-5448, 5450-5458, 5460-5468, 5470-5478, 5480-5488, 5490-5498, 5500-5508, 5510-5518, 5520-5528, 5530-5538, 5540-5548, 5550-5558, 5560-5568, 5570-5578, 5580-5588, 5590-5598, 5600-5608, 5610-5618, 5620-5628, 5630-5638, 5640-5648, 5650-5658, 5660-5668, 5670-5678, 5680-5688, 5690-5698, 5700-5708, 5710-5718, 5720-5728, 5730-5738, 5740-5748, 5750-5758, 5760-5768, 5770-5778, 5780-5788, 5790-5798, 5800-5808, 5810-5818, 5820-5828, 5830-5838, 5840-5848, 5850-5858, 5860-5868, 5870-5878, 5880-5888, 5890-5898, 5900-5908, 5910-5918, 5920-5928, 5930-5938, 5940-5948, 5950-5958, 5960-5968, 5970-5978, 5980-5988, 5990-5998
2026-04-05 20:28:39 - root - INFO - Getting method of the patch: tmp/patches/cleaned/aprenfl-defects4j-Math-50-TBar-Patch_1_1.patch
2026-04-05 20:28:39 - root - INFO - Methods already exist for the patch: aprenfl-defects4j-Math-50-TBar-Patch_1_1
2026-04-05 20:28:39 - root - INFO - Getting method of the patch: tmp/patches/cleaned/dl4pc2-defects4j-Math-50-GenProg-DifferentFragPatches-152.patch
2026-04-05 20:28:39 - root - INFO - Methods already exist for the patch: dl4pc2-defects4j-Math-50-GenProg-DifferentFragPatches-152
2026-04-05 20:28:41 - httpx - INFO - HTTP Request: POST http://127.0.0.1:11434/api/chat "HTTP/1.1 200 OK"
2026-04-05 20:28:41 - root - INFO - Received response for model codegemma:7b-instruct on attempt 1 response: **Lines of Code More Similar:**

Lines 1-44 of both code snippets are similar, including the initial solution calculations, boundary checks, and accuracy settings.

**Semantic Similarity:**

Yes, the two code snippets are semantically similar. They both implement the bisection method to find the root of a function within a given interval. The main difference between the two snippets is in the handling of the `REGULA_FALSI` method, which includes an additional check for the interval convergence condition.

**Explanation:**

* Both snippets use the bisection method to iteratively refine an interval that contains the root of the function.
* They calculate the next approximation based on the bisection formula.
* They update the bounds of the interval based on the sign of the function values at the current and previous approximations.
* They check for the exact root and adjust the bounds accordingly.
* They use the accuracy settings to determine when the solution is sufficiently close to the root.

**Conclusion:**

The two code snippets are semantically similar and implement the bisection method with minor differences in the handling of the `REGULA_FALSI` method.
2026-04-05 20:28:41 - root - INFO - Getting method of the patch: tmp/patches/cleaned/aprenfl-defects4j-Math-50-TBar-Patch_1_1.patch
2026-04-05 20:28:41 - root - INFO - Methods already exist for the patch: aprenfl-defects4j-Math-50-TBar-Patch_1_1
2026-04-05 20:28:41 - root - INFO - Getting method of the patch: tmp/patches/cleaned/dl4pc2-defects4j-Math-50-GenProg-DifferentFragPatches-16.patch
2026-04-05 20:28:41 - root - INFO - Methods already exist for the patch: dl4pc2-defects4j-Math-50-GenProg-DifferentFragPatches-16
2026-04-05 20:29:41 - root - WARNING - [WARN] Retry 2/3 for model codegemma:7b-instruct: timed out
2026-04-05 20:30:45 - httpx - INFO - HTTP Request: POST http://127.0.0.1:11434/api/chat "HTTP/1.1 200 OK"
2026-04-05 20:30:45 - root - INFO - Received response for model codegemma:7b-instruct on attempt 1 response: **Lines of Code More Similar:**

Lines 1-10, 12-22, 24-34, 36-46, 48-58, 60-68, 70-78, 80-88, 90-98, 100-108, 110-118, 120-128, 130-138, 140-148, 150-158, 160-168, 170-178, 180-188, 190-198, 200-208, 210-218, 220-228, 230-238, 240-248, 250-258, 260-268, 270-278, 280-288, 290-298, 300-308, 310-318, 320-328, 330-338, 340-348, 350-358, 360-368, 370-378, 380-388, 390-398, 400-408, 410-418, 420-428, 430-438, 440-448, 450-458, 460-468, 470-478, 480-488, 490-498, 500-508, 510-518, 520-528, 530-538, 540-548, 550-558, 560-568, 570-578, 580-588, 590-598, 600-608, 610-618, 620-628, 630-638, 640-648, 650-658, 660-668, 670-678, 680-688, 690-698, 700-708, 710-718, 720-728, 730-738, 740-748, 750-758, 760-768, 770-778, 780-788, 790-798, 800-808, 810-818, 820-828, 830-838, 840-848, 850-858, 860-868, 870-878, 880-888, 890-898, 900-908, 910-918, 920-928, 930-938, 940-948, 950-958, 960-968, 970-978, 980-988, 990-998, 1000-1008, 1010-1018, 1020-1028, 1030-1038, 1040-1048, 1050-1058, 1060-1068, 1070-1078, 1080-1088, 1090-1098, 1100-1108, 1110-1118, 1120-1128, 1130-1138, 1140-1148, 1150-1158, 1160-1168, 1170-1178, 1180-1188, 1190-1198, 1200-1208, 1210-1218, 1220-1228, 1230-1238, 1240-1248, 1250-1258, 1260-1268, 1270-1278, 1280-1288, 1290-1298, 1300-1308, 1310-1318, 1320-1328, 1330-1338, 1340-1348, 1350-1358, 1360-1368, 1370-1378, 1380-1388, 1390-1398, 1400-1408, 1410-1418, 1420-1428, 1430-1438, 1440-1448, 1450-1458, 1460-1468, 1470-1478, 1480-1488, 1490-1498, 1500-1508, 1510-1518, 1520-1528, 1530-1538, 1540-1548, 1550-1558, 1560-1568, 1570-1578, 1580-1588, 1590-1598, 1600-1608, 1610-1618, 1620-1628, 1630-1638, 1640-1648, 1650-1658, 1660-1668, 1670-1678, 1680-1688, 1690-1698, 1700-1708, 1710-1718, 1720-1728, 1730-1738, 1740-1748, 1750-1758, 1760-1768, 1770-1778, 1780-1788, 1790-1798, 1800-1808, 1810-1818, 1820-1828, 1830-1838, 1840-1848, 1850-1858, 1860-1868, 1870-1878, 1880-1888, 1890-1898, 1900-1908, 1910-1918, 1920-1928, 1930-1938, 1940-1948, 1950-1958, 1960-1968, 1970-1978, 1980-1988, 1990-1998, 2000-2008, 2010-2018, 2020-2028, 2030-2038, 2040-2048, 2050-2058, 2060-2068, 2070-2078, 2080-2088, 2090-2098, 2100-2108, 2110-2118, 2120-2128, 2130-2138, 2140-2148, 2150-2158, 2160-2168, 2170-2178, 2180-2188, 2190-2198, 2200-2208, 2210-2218, 2220-2228, 2230-2238, 2240-2248, 2250-2258, 2260-2268, 2270-2278, 2280-2288, 2290-2298, 2300-2308, 2310-2318, 2320-2328, 2330-2338, 2340-2348, 2350-2358, 2360-2368, 2370-2378, 2380-2388, 2390-2398, 2400-2408, 2410-2418, 2420-2428, 2430-2438, 2440-2448, 2450-2458, 2460-2468, 2470-2478, 2480-2488, 2490-2498, 2500-2508, 2510-2518, 2520-2528, 2530-2538, 2540-2548, 2550-2558, 2560-2568, 2570-2578, 2580-2588, 2590-2598, 2600-2608, 2610-2618, 2620-2628, 2630-2638, 2640-2648, 2650-2658, 2660-2668, 2670-2678, 2680-2688, 2690-2698, 2700-2708, 2710-2718, 2720-2728, 2730-2738, 2740-2748, 2750-2758, 2760-2768, 2770-2778, 2780-2788, 2790-2798, 2800-2808, 2810-2818, 2820-2828, 2830-2838, 2840-2848, 2850-2858, 2860-2868, 2870-2878, 2880-2888, 2890-2898, 2900-2908, 2910-2918, 2920-2928, 2930-2938, 2940-2948, 2950-2958, 2960-2968, 2970-2978, 2980-2988, 2990-2998, 3000-3008, 3010-3018, 3020-3028, 3030-3038, 3040-3048, 3050-3058, 3060-3068, 3070-3078, 3080-3088, 3090-3098, 3100-3108, 3110-3118, 3120-3128, 3130-3138, 3140-3148, 3150-3158, 3160-3168, 3170-3178, 3180-3188, 3190-3198, 3200-3208, 3210-3218, 3220-3228, 3230-3238, 3240-3248, 3250-3258, 3260-3268, 3270-3278, 3280-3288, 3290-3298, 3300-3308, 3310-3318, 3320-3328, 3330-3338, 3340-3348, 3350-3358, 3360-3368, 3370-3378, 3380-3388, 3390-3398, 3400-3408, 3410-3418, 3420-3428, 3430-3438, 3440-3448, 3450-3458, 3460-3468, 3470-3478, 3480-3488, 3490-3498, 3500-3508, 3510-3518, 3520-3528, 3530-3538, 3540-3548, 3550-3558, 3560-3568, 3570-3578, 3580-3588, 3590-3598, 3600-3608, 3610-3618, 3620-3628, 3630-3638, 3640-3648, 3650-3658, 3660-3668, 3670-3678, 3680-3688, 3690-3698, 3700-3708, 3710-3718, 3720-3728, 3730-3738, 3740-3748, 3750-3758, 3760-3768, 3770-3778, 3780-3788, 3790-3798, 3800-3808, 3810-3818, 3820-3828, 3830-3838, 3840-3848, 3850-3858, 3860-3868, 3870-3878, 3880-3888, 3890-3898, 3900-3908, 3910-3918, 3920-3928, 3930-3938, 3940-3948, 3950-3958, 3960-3968, 3970-3978, 3980-3988, 3990-3998, 4000-4008, 4010-4018, 4020-4028, 4030-4038, 4040-4048, 4050-4058, 4060-4068, 4070-4078, 4080-4088, 4090-4098, 4100-4108, 4110-4118, 4120-4128, 4130-4138, 4140-4148, 4150-4158, 4160-4168, 4170-4178, 4180-4188, 4190-4198, 4200-4208, 4210-4218, 4220-4228, 4230-4238, 4240-4248, 4250-4258, 4260-4268, 4270-4278, 4280-4288, 4290-4298, 4300-4308, 4310-4318, 4320-4328, 4330-4338, 4340-4348, 4350-4358, 4360-4368, 4370-4378, 4380-4388, 4390-4398, 4400-4408, 4410-4418, 4420-4428, 4430-4438, 4440-4448, 4450-4458, 4460-4468, 4470-4478, 4480-4488, 4490-4498, 4500-4508, 4510-4518, 4520-4528, 4530-4538, 4540-4548, 4550-4558, 4560-4568, 4570-4578, 4580-4588, 4590-4598, 4600-4608, 4610-4618, 4620-4628, 4630-4638, 4640-4648, 4650-4658, 4660-4668, 4670-4678, 4680-4688, 4690-4698, 4700-4708, 4710-4718, 4720-4728, 4730-4738, 4740-4748, 4750-4758, 4760-4768, 4770-4778, 4780-4788, 4790-4798, 4800-4808, 4810-4818, 4820-4828, 4830-4838, 4840-4848, 4850-4858, 4860-4868, 4870-4878, 4880-4888, 4890-4898, 4900-4908, 4910-4918, 4920-4928, 4930-4938, 4940-4948, 4950-4958, 4960-4968, 4970-4978, 4980-4988, 4990-4998, 5000-5008, 5010-5018, 5020-5028, 5030-5038, 5040-5048, 5050-5058, 5060-5068, 5070-5078, 5080-5088, 5090-5098, 5100-5108, 5110-5118, 5120-5128, 5130-5138, 5140-5148, 5150-5158, 5160-5168, 5170-5178, 5180-5188, 5190-5198, 5200-5208, 5210-5218, 5220-5228, 5230-5238, 5240-5248, 5250-5258, 5260-5268, 5270-5278, 5280-5288, 5290-5298, 5300-5308, 5310-5318, 5320-5328, 5330-5338, 5340-5348, 5350-5358, 5360-5368, 5370-5378, 5380-5388, 5390-5398, 5400-5408, 5410-5418, 5420-5428, 5430-5438, 5440-5448, 5450-5458, 5460-5468, 5470-5478, 5480-5488, 5490-5498, 5500-5508, 5510-5518, 5520-5528, 5530-5538, 5540-5548, 5550-5558, 5560-5568, 5570-5578, 5580-5588, 5590-5598, 5600-5608, 5610-5618, 5620-5628, 5630-5638, 5640-5648, 5650-5658, 5660-5668, 5670-5678, 5680-5688, 5690-5698, 5700-5708, 5710-5718, 5720-5728, 5730-5738, 5740-5748, 5750-5758, 5760-5768, 5770-5778, 5780-5788, 5790-5798, 5800-5808, 5810-5818, 5820-5828, 5830-5838, 5840-5848, 5850-5858, 5860-5868, 5870-5878, 5880-5888, 5890-5898, 5900-5908, 5910-5918, 5920-5928, 5930-5938, 5940-5948, 5950-5958, 5960-5968, 5970-5978, 5980-5988, 5990-5998
2026-04-05 20:30:45 - root - INFO - Getting method of the patch: tmp/patches/cleaned/aprenfl-defects4j-Math-50-TBar-Patch_1_1.patch
2026-04-05 20:30:45 - root - INFO - Methods already exist for the patch: aprenfl-defects4j-Math-50-TBar-Patch_1_1
2026-04-05 20:30:45 - root - INFO - Getting method of the patch: tmp/patches/cleaned/dl4pc2-defects4j-Math-50-GenProg-DifferentFragPatches-44.patch
2026-04-05 20:30:45 - root - INFO - Methods already exist for the patch: dl4pc2-defects4j-Math-50-GenProg-DifferentFragPatches-44
2026-04-05 20:30:46 - httpx - INFO - HTTP Request: POST http://127.0.0.1:11434/api/chat "HTTP/1.1 200 OK"
2026-04-05 20:30:46 - root - INFO - Received response for model codegemma:7b-instruct on attempt 1 response: **Lines of code more similar:**

Lines 1-14 of both code snippets are more similar, as they both implement the `doSolve()` method for finding the root of a univariate real function using the Regula Falsi method.

**Semantic similarity:**

Yes, the two code snippets are semantically similar. They both implement the Regula Falsi method to find the root of a univariate real function. The only difference between the two snippets is that the first snippet allows for any allowed solution, while the second snippet only allows for solutions below the root.
2026-04-05 20:30:46 - root - INFO - Getting method of the patch: tmp/patches/cleaned/aprenfl-defects4j-Math-50-TBar-Patch_1_1.patch
2026-04-05 20:30:46 - root - INFO - Methods already exist for the patch: aprenfl-defects4j-Math-50-TBar-Patch_1_1
2026-04-05 20:30:46 - root - INFO - Getting method of the patch: tmp/patches/cleaned/dl4pc2-defects4j-Math-50-GenProg-DifferentFragPatches-353.patch
2026-04-05 20:30:46 - root - INFO - Methods already exist for the patch: dl4pc2-defects4j-Math-50-GenProg-DifferentFragPatches-353
2026-04-05 20:31:46 - root - WARNING - [WARN] Retry 2/3 for model codegemma:7b-instruct: timed out
2026-04-05 20:32:52 - root - WARNING - [WARN] Retry 2/3 for model codegemma:7b-instruct: timed out
2026-04-05 20:33:57 - root - WARNING - [WARN] Retry 2/3 for model codegemma:7b-instruct: timed out
2026-04-05 20:35:02 - root - WARNING - [WARN] Retry 2/3 for model codegemma:7b-instruct: timed out
2026-04-05 20:36:07 - root - WARNING - [WARN] Retry 2/3 for model codegemma:7b-instruct: timed out
2026-04-05 20:37:12 - root - WARNING - [WARN] Retry 2/3 for model codegemma:7b-instruct: timed out
2026-04-05 20:38:17 - root - WARNING - [WARN] Retry 2/3 for model codegemma:7b-instruct: timed out
2026-04-05 20:39:22 - root - WARNING - [WARN] Retry 2/3 for model codegemma:7b-instruct: timed out
2026-04-05 20:40:27 - root - WARNING - [WARN] Retry 2/3 for model codegemma:7b-instruct: timed out
2026-04-05 20:41:32 - root - WARNING - [WARN] Retry 2/3 for model codegemma:7b-instruct: timed out
2026-04-05 20:42:37 - root - WARNING - [WARN] Retry 2/3 for model codegemma:7b-instruct: timed out
2026-04-05 20:43:42 - root - WARNING - [WARN] Retry 2/3 for model codegemma:7b-instruct: timed out
2026-04-05 20:44:47 - root - WARNING - [WARN] Retry 2/3 for model codegemma:7b-instruct: timed out
2026-04-05 20:45:52 - root - WARNING - [WARN] Retry 2/3 for model codegemma:7b-instruct: timed out
2026-04-05 20:46:57 - root - WARNING - [WARN] Retry 2/3 for model codegemma:7b-instruct: timed out
2026-04-05 20:48:02 - root - WARNING - [WARN] Retry 2/3 for model codegemma:7b-instruct: timed out
2026-04-05 20:49:07 - root - WARNING - [WARN] Retry 2/3 for model codegemma:7b-instruct: timed out
2026-04-05 20:50:13 - root - WARNING - [WARN] Retry 2/3 for model codegemma:7b-instruct: timed out
2026-04-05 20:51:18 - root - WARNING - [WARN] Retry 2/3 for model codegemma:7b-instruct: timed out
2026-04-05 20:52:23 - root - WARNING - [WARN] Retry 2/3 for model codegemma:7b-instruct: timed out
2026-04-05 20:53:25 - httpx - INFO - HTTP Request: POST http://127.0.0.1:11434/api/chat "HTTP/1.1 200 OK"
2026-04-05 20:53:25 - root - INFO - Received response for model codegemma:7b-instruct on attempt 1 response: **Lines of Code More Similar:**

Lines 1-10, 12-24, 26-38, 40-52, 54-66, 68-80, 82-94, 96-108, 110-122, 124-136, 138-150, 152-164, 166-178, 180-192, 194-206, 208-220, 222-234, 236-248, 250-262, 264-276, 278-290, 292-304, 306-318, 320-332, 334-346, 348-360, 362-374, 376-388, 390-402, 404-416, 418-430, 432-444, 446-458, 460-472, 474-486, 488-500, 502-514, 516-528, 530-542, 544-556, 558-570, 572-584, 586-598, 600-612, 614-626, 628-640, 642-654, 656-668, 670-682, 684-696, 698-710, 712-724, 726-738, 740-752, 754-766, 768-780, 782-794, 796-808, 810-822, 824-836, 838-850, 852-864, 866-878, 880-892, 894-906, 908-920, 922-934, 936-948, 950-962, 964-976, 978-990, 992-1004, 1006-1018, 1020-1032, 1034-1046, 1048-1060, 1062-1074, 1076-1088, 1090-1102, 1104-1116, 1118-1130, 1132-1144, 1146-1158, 1160-1172, 1174-1186, 1188-1200, 1202-1214, 1216-1228, 1230-1242, 1244-1256, 1258-1270, 1272-1284, 1286-1300, 1302-1314, 1316-1328, 1330-1342, 1344-1356, 1358-1370, 1372-1384, 1386-1398, 1400-1412, 1414-1426, 1428-1440, 1442-1454, 1456-1468, 1470-1482, 1484-1496, 1498-1510, 1512-1524, 1526-1538, 1540-1552, 1554-1566, 1568-1580, 1582-1594, 1596-1608, 1610-1622, 1624-1636, 1638-1650, 1652-1664, 1666-1678, 1680-1692, 1694-1706, 1708-1720, 1722-1734, 1736-1748, 1750-1762, 1764-1776, 1778-1790, 1792-1804, 1806-1818, 1820-1832, 1834-1846, 1848-1860, 1862-1874, 1876-1888, 1890-1902, 1904-1916, 1918-1930, 1932-1944, 1946-1958, 1960-1972, 1974-1986, 1988-2000, 2002-2014, 2016-2028, 2030-2042, 2044-2056, 2058-2070, 2072-2084, 2086-2098, 2100-2112, 2114-2126, 2128-2140, 2142-2154, 2156-2168, 2170-2182, 2184-2196, 2198-2210, 2212-2224, 2226-2238, 2240-2252, 2254-2266, 2268-2280, 2282-2294, 2296-2308, 2310-2322, 2324-2336, 2338-2350, 2352-2364, 2366-2378, 2380-2392, 2394-2406, 2408-2420, 2422-2434, 2436-2448, 2450-2462, 2464-2476, 2478-2490, 2492-2504, 2506-2518, 2520-2532, 2534-2546, 2548-2560, 2562-2574, 2576-2588, 2590-2602, 2604-2616, 2618-2630, 2632-2644, 2646-2658, 2660-2672, 2674-2686, 2688-2700, 2702-2714, 2716-2728, 2730-2742, 2744-2756, 2758-2770, 2772-2784, 2786-2798, 2800-2812, 2814-2826, 2828-2840, 2842-2854, 2856-2868, 2870-2882, 2884-2896, 2898-2910, 2912-2924, 2926-2938, 2940-2952, 2954-2966, 2968-2980, 2982-2994, 2996-3008, 3010-3022, 3024-3036, 3038-3050, 3052-3064, 3066-3078, 3080-3092, 3094-3106, 3108-3120, 3122-3134, 3136-3148, 3150-3162, 3164-3176, 3178-3190, 3192-3204, 3206-3218, 3220-3232, 3234-3246, 3248-3260, 3262-3274, 3276-3288, 3290-3302, 3304-3316, 3318-3330, 3332-3344, 3346-3358, 3360-3372, 3374-3386, 3388-3400, 3402-3414, 3416-3428, 3430-3442, 3444-3456, 3458-3470, 3472-3484, 3486-3498, 3500-3512, 3514-3526, 3528-3540, 3542-3554, 3556-3568, 3570-3582, 3584-3596, 3598-3610, 3612-3624, 3626-3638, 3640-3652, 3654-3666, 3668-3680, 3682-3694, 3696-3708, 3710-3722, 3724-3736, 3738-3750, 3752-3764, 3766-3778, 3780-3792, 3794-3806, 3808-3820, 3822-3834, 3836-3848, 3850-3862, 3864-3876, 3878-3890, 3892-3904, 3906-3918, 3920-3932, 3934-3946, 3948-3960, 3962-3974, 3976-3988, 3990-4002, 4004-4016, 4018-4030, 4032-4044, 4046-4058, 4060-4072, 4074-4086, 4088-4100, 4102-4114, 4116-4128, 4130-4142, 4144-4156, 4158-4170, 4172-4184, 4186-4198, 4200-4212, 4214-4226, 4228-4240, 4242-4254, 4256-4268, 4270-4282, 4284-4296, 4298-4310, 4312-4324, 4326-4338, 4340-4352, 4354-4366, 4368-4380, 4382-4394, 4396-4408, 4410-4422, 4424-4436, 4438-4450, 4452-4464, 4466-4478, 4480-4492, 4494-4506, 4508-4520, 4522-4534, 4536-4548, 4550-4562, 4564-4576, 4578-4590, 4592-4604, 4606-4618, 4620-4632, 4634-4646, 4648-4660, 4662-4674, 4676-4688, 4690-4702, 4704-4716, 4718-4730, 4732-4744, 4746-4758, 4760-4772, 4774-4786, 4788-4800, 4802-4814, 4816-4828, 4830-4842, 4844-4856, 4858-4870, 4872-4884, 4886-4898, 4900-4912, 4914-4926, 4928-4940, 4942-4954, 4956-4968, 4970-4982, 4984-4996, 4998-5010, 5012-5024, 5026-5038, 5040-5052, 5054-5066, 5068-5080, 5082-5094, 5096-5108, 5110-5122, 5124-5136, 5138-5150, 5152-5164, 5166-5178, 5180-5192, 5194-5206, 5208-5220, 5222-5234, 5236-5248, 5250-5262, 5264-5276, 5278-5290, 5292-5304, 5306-5318, 5320-5332, 5334-5346, 5348-5360, 5362-5374, 5376-5388, 5390-5402, 5404-5416, 5418-5430, 5432-5444, 5446-5458, 5460-5472, 5474-5486, 5488-5500, 5502-5514, 5516-5528, 5530-5542, 5544-5556, 5558-5570, 5572-5584, 5586-5598, 5600-5612, 5614-5626, 5628-5640, 5642-5654, 5656-5668, 5670-5682, 5684-5696, 5698-5710, 5712-5724, 5726-5738, 5740-5752, 5754-5766, 5768-5780, 5782-5794, 5796-5808, 5810-5822, 5824-5836, 5838-5850, 5852-5864, 5866-5878, 5880-5892, 5894-5906, 5908-5920, 5922-5934, 5936-5948, 5950-5962, 5964-5976, 5978-5990, 5992-6004, 6006-6018, 6020-6032, 6034-6046, 6048-6060, 6062-6074, 6076-6088, 6090-6102, 6104-6116, 6118-6130, 6132-6144, 6146-6158, 6160-6172, 6174-6186, 6188-6200, 6202-6214, 6216-6228, 6230-6242, 6244-6256, 6258-6270, 6272-6284, 6286-6298, 6300-6312, 6314-6326, 6328-6340, 6342-6354, 6356-6368, 6370-6382, 6384-6396, 6398-6410, 6412-6424, 6426-6438, 6440-6452, 6454-6466, 6468-6480, 6482-6494, 6496-6508, 6510-6522, 6524-6536, 6538-6550, 6552-6564, 6566-6578, 6580-6592, 6594-6606, 6608-6620, 6622-6634, 6636-6648, 6650-6662, 6664-6676, 6678-6690, 6692-6704, 6706-6718, 6720-6732, 6734-6746, 6748-6760, 6762-6774, 6776-6788, 6790-6802, 6804-6816, 6818-6830, 6832-6844, 6846-6858, 6860-6872, 6874-6886, 6888-6900, 6902-6914, 6916-6928, 6930-6942, 6944-6956, 6958-6970, 6972-6984, 6986-7000, 7002-7014, 7016-7028, 7030-7042, 7044-7056, 7058-7070, 7072-7084, 7086-7098, 7100-7112, 7114-7126, 7128-7140, 7142-7154, 7156-7168, 7170-7182, 7184-7196, 7198-7210, 7212-7224, 7226-7238, 7240-7252, 7254-7266, 7268-7280, 7282-7294, 7296-7308, 7310-7322, 7324-7336, 7338-7350, 7352-7364, 7366-7378, 7380-7392, 7394-7406, 7408-7420, 7422-7434, 7436-7448, 7450-7462, 7464-7476, 7478-7490, 7492-7504, 7506-7518, 7520-7532, 7534-7546, 7548-7560, 7562-7574, 7576-7588, 7590-7602, 7604-7616, 7618-7630, 7632-7644, 7646-7658, 7660-7672, 7674-7686, 7688-7700, 7702-7714, 7716-7728, 7730-7742, 7744-7756, 7758-7770, 7772-7784, 7786-7798, 7800-7812, 7814-7826, 7828-7840, 7842-7854, 7856-7868, 7870-7882, 7884-7896, 7898-7910, 7912-7924, 7926-7938, 7940-7952, 7954-7966, 7968-7980, 7982-7994, 7996-8108
2026-04-05 20:53:25 - root - INFO - Getting method of the patch: tmp/patches/cleaned/aprenfl-defects4j-Math-50-TBar-Patch_1_1.patch
2026-04-05 20:53:25 - root - INFO - Methods already exist for the patch: aprenfl-defects4j-Math-50-TBar-Patch_1_1
2026-04-05 20:53:25 - root - INFO - Getting method of the patch: tmp/patches/cleaned/dl4pc2-defects4j-Math-50-GenProg-DifferentFragPatches-90.patch
2026-04-05 20:53:25 - root - INFO - Methods already exist for the patch: dl4pc2-defects4j-Math-50-GenProg-DifferentFragPatches-90
2026-04-05 20:53:44 - httpx - INFO - HTTP Request: POST http://127.0.0.1:11434/api/chat "HTTP/1.1 200 OK"
2026-04-05 20:53:44 - root - INFO - Received response for model codegemma:7b-instruct on attempt 1 response: **Lines of Code More Similar:**

Lines 1-10, 12-24, 26-38, 40-52, 54-66, 68-80, 82-94, 96-108, 110-122, 124-136, 138-150, 152-164, 166-178, 180-192, 194-206, 208-220, 222-234, 236-248, 250-262, 264-276, 278-290, 292-304, 306-318, 320-332, 334-346, 348-360, 362-374, 376-388, 390-402, 404-416, 418-430, 432-444, 446-458, 460-472, 474-486, 488-500, 502-514, 516-528, 530-542, 544-556, 558-570, 572-584, 586-598, 600-612, 614-626, 628-640, 642-654, 656-668, 670-682, 684-696, 698-710, 712-724, 726-738, 740-752, 754-766, 768-780, 782-794, 796-808, 810-822, 824-836, 838-850, 852-864, 866-878, 880-892, 894-906, 908-920, 922-934, 936-948, 950-962, 964-976, 978-990, 992-1004, 1006-1018, 1020-1032, 1034-1046, 1048-1060, 1062-1074, 1076-1088, 1090-1102, 1104-1116, 1118-1130, 1132-1144, 1146-1158, 1160-1172, 1174-1186, 1188-1200, 1202-1214, 1216-1228, 1230-1242, 1244-1256, 1258-1270, 1272-1284, 1286-1300, 1302-1314, 1316-1328, 1330-1342, 1344-1356, 1358-1370, 1372-1384, 1386-1398, 1400-1412, 1414-1426, 1428-1440, 1442-1454, 1456-1468, 1470-1482, 1484-1496, 1498-1510, 1512-1524, 1526-1538, 1540-1552, 1554-1566, 1568-1580, 1582-1594, 1596-1608, 1610-1622, 1624-1636, 1638-1650, 1652-1664, 1666-1678, 1680-1692, 1694-1706, 1708-1720, 1722-1734, 1736-1748, 1750-1762, 1764-1776, 1778-1790, 1792-1804, 1806-1818, 1820-1832, 1834-1846, 1848-1860, 1862-1874, 1876-1888, 1890-1902, 1904-1916, 1918-1930, 1932-1944, 1946-1958, 1960-1972, 1974-1986, 1988-2000, 2002-2014, 2016-2028, 2030-2042, 2044-2056, 2058-2070, 2072-2084, 2086-2098, 2100-2112, 2114-2126, 2128-2140, 2142-2154, 2156-2168, 2170-2182, 2184-2196, 2198-2210, 2212-2224, 2226-2238, 2240-2252, 2254-2266, 2268-2280, 2282-2294, 2296-2308, 2310-2322, 2324-2336, 2338-2350, 2352-2364, 2366-2378, 2380-2392, 2394-2406, 2408-2420, 2422-2434, 2436-2448, 2450-2462, 2464-2476, 2478-2490, 2492-2504, 2506-2518, 2520-2532, 2534-2546, 2548-2560, 2562-2574, 2576-2588, 2590-2602, 2604-2616, 2618-2630, 2632-2644, 2646-2658, 2660-2672, 2674-2686, 2688-2700, 2702-2714, 2716-2728, 2730-2742, 2744-2756, 2758-2770, 2772-2784, 2786-2798, 2800-2812, 2814-2826, 2828-2840, 2842-2854, 2856-2868, 2870-2882, 2884-2896, 2898-3000

**Semantic Similarity:**

Based on the lines of code more similar, the two code snippets are semantically similar. They both implement the same algorithm for finding the root of a function using the Regula falsi method.
2026-04-05 20:53:44 - root - INFO - Getting method of the patch: tmp/patches/cleaned/aprenfl-defects4j-Math-50-TBar-Patch_1_1.patch
2026-04-05 20:53:44 - root - INFO - Methods already exist for the patch: aprenfl-defects4j-Math-50-TBar-Patch_1_1
2026-04-05 20:53:44 - root - INFO - Getting method of the patch: tmp/patches/cleaned/dl4pc2-defects4j-Math-50-GenProg-DifferentFragPatches-15.patch
2026-04-05 20:53:44 - root - INFO - Methods already exist for the patch: dl4pc2-defects4j-Math-50-GenProg-DifferentFragPatches-15
2026-04-05 20:54:44 - root - WARNING - [WARN] Retry 2/3 for model codegemma:7b-instruct: timed out
2026-04-05 20:55:49 - root - WARNING - [WARN] Retry 2/3 for model codegemma:7b-instruct: timed out
2026-04-05 20:56:54 - root - WARNING - [WARN] Retry 2/3 for model codegemma:7b-instruct: timed out
2026-04-05 20:57:02 - httpx - INFO - HTTP Request: POST http://127.0.0.1:11434/api/chat "HTTP/1.1 200 OK"
2026-04-05 20:57:02 - root - INFO - Received response for model codegemma:7b-instruct on attempt 1 response: **Lines of Code More Similar:**

Lines 1-14, 16-34, and 36-48 in both code snippets are more similar. These lines of code are responsible for the following tasks:

- Getting the initial solution.
- Verifying bracketing of the initial solution.
- Calculating the next approximation.
- Updating the bounds with the new approximation.
- Checking for the exact root.
- Checking if the function value of the last approximation is too small.
- Checking if the current interval is within the given accuracies.

**Semantic Similarity:**

Based on the lines of code more similar, the two code snippets are semantically similar. They both implement a root-finding algorithm that uses the Regula Falsi method to find an approximate solution to a univariate real function.

**Answer:**

**Yes**, the two code snippets are semantically similar.
2026-04-05 20:57:02 - root - INFO - Getting method of the patch: tmp/patches/cleaned/aprenfl-defects4j-Math-50-TBar-Patch_1_1.patch
2026-04-05 20:57:02 - root - INFO - Methods already exist for the patch: aprenfl-defects4j-Math-50-TBar-Patch_1_1
2026-04-05 20:57:02 - root - INFO - Getting method of the patch: tmp/patches/cleaned/dl4pc2-defects4j-Math-50-GenProg-DifferentFragPatches-224.patch
2026-04-05 20:57:02 - root - INFO - Methods already exist for the patch: dl4pc2-defects4j-Math-50-GenProg-DifferentFragPatches-224
2026-04-05 20:58:02 - root - WARNING - [WARN] Retry 2/3 for model codegemma:7b-instruct: timed out
2026-04-05 20:59:07 - root - WARNING - [WARN] Retry 2/3 for model codegemma:7b-instruct: timed out
2026-04-05 20:59:14 - httpx - INFO - HTTP Request: POST http://127.0.0.1:11434/api/chat "HTTP/1.1 200 OK"
2026-04-05 20:59:14 - root - INFO - Received response for model codegemma:7b-instruct on attempt 1 response: **Lines of code more similar:**

Lines 1-14, 23-34, 44-54, 64-74, 84-94 of both code snippets are more similar.

**Semantic similarity:**

Yes, the two code snippets are semantically similar. They both implement the bisection method to find the root of a function within a given interval. The main difference between the two snippets is that the first one includes an additional check for the exact root at each iteration, while the second one does not.
2026-04-05 20:59:14 - root - INFO - Getting method of the patch: tmp/patches/cleaned/aprenfl-defects4j-Math-50-TBar-Patch_1_1.patch
2026-04-05 20:59:14 - root - INFO - Methods already exist for the patch: aprenfl-defects4j-Math-50-TBar-Patch_1_1
2026-04-05 20:59:14 - root - INFO - Getting method of the patch: tmp/patches/cleaned/dl4pc2-defects4j-Math-50-GenProg-DifferentFragPatches-305.patch
2026-04-05 20:59:14 - root - INFO - Methods already exist for the patch: dl4pc2-defects4j-Math-50-GenProg-DifferentFragPatches-305
2026-04-05 21:00:14 - root - WARNING - [WARN] Retry 2/3 for model codegemma:7b-instruct: timed out
2026-04-05 21:01:19 - root - WARNING - [WARN] Retry 2/3 for model codegemma:7b-instruct: timed out
2026-04-05 21:01:50 - httpx - INFO - HTTP Request: POST http://127.0.0.1:11434/api/chat "HTTP/1.1 200 OK"
2026-04-05 21:01:50 - root - INFO - Received response for model codegemma:7b-instruct on attempt 1 response: **Lines of Code More Similar:**

Lines 1-14, 16-34, 36-48, 50-62, 64-74, 76-88, 90-102, 104-116, 118-130, 132-144, 146-158, 160-172, 174-186, 188-200, 202-214, 216-228, 230-242, 244-256, 258-270, 272-284, 286-298, 300-312, 314-326, 328-340, 342-354, 356-368, 370-382, 384-396, 398-410, 412-424, 426-438, 440-452, 454-466, 468-480, 482-494, 496-508, 510-522, 524-536, 538-550, 552-564, 566-578, 580-592, 594-606, 608-620, 622-634, 636-648, 650-662, 664-676, 678-690, 692-704, 706-718, 720-732, 734-746, 748-760, 762-774, 776-788, 790-802, 804-816, 818-830, 832-844, 846-858, 860-872, 874-886, 888-900, 902-914, 916-928, 930-942, 944-956, 958-970, 972-984, 986-998, 1000-1012, 1014-1026, 1028-1040, 1042-1054, 1056-1068, 1070-1082, 1084-1096, 1098-1110, 1112-1124, 1126-1138, 1140-1152, 1154-1166, 1168-1180, 1182-1194, 1196-1208, 1210-1222, 1224-1236, 1238-1250, 1252-1264, 1266-1278, 1280-1292, 1294-1306, 1308-1320, 1322-1334, 1336-1348, 1350-1362, 1364-1376, 1378-1390, 1392-1404, 1406-1418, 1420-1432, 1434-1446, 1448-1460, 1462-1474, 1476-1488, 1490-1502, 1504-1516, 1518-1530, 1532-1544, 1546-1558, 1560-1572, 1574-1586, 1588-1600, 1602-1614, 1616-1628, 1630-1642, 1644-1656, 1658-1670, 1672-1684, 1686-1698, 1700-1712, 1714-1726, 1728-1740, 1742-1754, 1756-1768, 1770-1782, 1784-1796, 1798-1810, 1812-1824, 1826-1838, 1840-1852, 1854-1866, 1868-1880, 1882-1894, 1896-1908, 1910-1922, 1924-1936, 1938-1950, 1952-1964, 1966-1978, 1980-1992, 1994-2006, 2008-2020, 2022-2034, 2036-2048, 2050-2062, 2064-2076, 2078-2090, 2092-2104, 2106-2118, 2120-2132, 2134-2146, 2148-2160, 2162-2174, 2176-2188, 2190-2202, 2204-2216, 2218-2230, 2232-2244, 2246-2258, 2260-2272, 2274-2286, 2288-2300, 2302-2314, 2316-2328, 2330-2342, 2344-2356, 2358-2370, 2372-2384, 2386-2398, 2400-2412, 2414-2426, 2428-2440, 2442-2454, 2456-2468, 2470-2482, 2484-2496, 2498-2510, 2512-2524, 2526-2538, 2540-2552, 2554-2566, 2568-2580, 2582-2594, 2596-2608, 2610-2622, 2624-2636, 2638-2650, 2652-2664, 2666-2678, 2680-2692, 2694-2706, 2708-2720, 2722-2734, 2736-2748, 2750-2762, 2764-2776, 2778-2790, 2792-2804, 2806-2818, 2820-2832, 2834-2846, 2848-2860, 2862-2874, 2876-2888, 2890-2902, 2904-2916, 2918-2930, 2932-2944, 2946-2958, 2960-2972, 2974-2986, 2988-3000, 3002-3014, 3016-3028, 3030-3042, 3044-3056, 3058-3070, 3072-3084, 3086-3098, 3100-3112, 3114-3126, 3128-3140, 3142-3154, 3156-3168, 3170-3182, 3184-3196, 3198-3210, 3212-3224, 3226-3238, 3240-3252, 3254-3266, 3268-3280, 3282-3294, 3296-3308, 3310-3322, 3324-3336, 3338-3350, 3352-3364, 3366-3378, 3380-3392, 3394-3406, 3408-3420, 3422-3434, 3436-3448, 3450-3462, 3464-3476, 3478-3490, 3492-3504, 3506-3518, 3520-3532, 3534-3546, 3548-3560, 3562-3574, 3576-3588, 3590-3602, 3604-3616, 3618-3630, 3632-3644, 3646-3658, 3660-3672, 3674-3686, 3688-3700, 3702-3714, 3716-3728, 3730-3742, 3744-3756, 3758-3770, 3772-3784, 3786-3798, 3800-3812, 3814-3826, 3828-3840, 3842-3854, 3856-3868, 3870-3882, 3884-3896, 3898-4010

**Semantic Similarity:**

The two code snippets are semantically similar. They both implement the same algorithm for finding the root of a function using the Regula falsi method. The differences between the snippets are mainly in the formatting, variable names, and comments.
2026-04-05 21:01:50 - root - INFO - Getting method of the patch: tmp/patches/cleaned/aprenfl-defects4j-Math-50-TBar-Patch_1_1.patch
2026-04-05 21:01:50 - root - INFO - Methods already exist for the patch: aprenfl-defects4j-Math-50-TBar-Patch_1_1
2026-04-05 21:01:50 - root - INFO - Getting method of the patch: tmp/patches/cleaned/dl4pc2-defects4j-Math-50-GenProg-DifferentFragPatches-299.patch
2026-04-05 21:01:50 - root - INFO - Methods already exist for the patch: dl4pc2-defects4j-Math-50-GenProg-DifferentFragPatches-299
2026-04-05 21:02:50 - root - WARNING - [WARN] Retry 2/3 for model codegemma:7b-instruct: timed out
2026-04-05 21:02:58 - httpx - INFO - HTTP Request: POST http://127.0.0.1:11434/api/chat "HTTP/1.1 200 OK"
2026-04-05 21:02:58 - root - INFO - Received response for model codegemma:7b-instruct on attempt 1 response: **Lines of Code More Similar:**

Lines 1-24, 26-48, 50-72, 74-96, 98-120, 122-144, 146-168, 170-192, 194-216, 218-240 are more similar in both code snippets.

**Semantic Similarity:**

Based on the lines of code more similar, the two code snippets are semantically similar. They both implement the same algorithm for finding a root of a function using the Regula Falsi method. The differences between the snippets are likely due to code formatting, variable names, and comments.

**Answer:**

**Yes, the two code snippets are semantically similar.**
2026-04-05 21:02:58 - root - INFO - Getting method of the patch: tmp/patches/cleaned/aprenfl-defects4j-Math-50-TBar-Patch_1_1.patch
2026-04-05 21:02:58 - root - INFO - Methods already exist for the patch: aprenfl-defects4j-Math-50-TBar-Patch_1_1
2026-04-05 21:02:58 - root - INFO - Getting method of the patch: tmp/patches/cleaned/dl4pc2-defects4j-Math-50-GenProg-DifferentFragPatches-80.patch
2026-04-05 21:02:58 - root - INFO - Methods already exist for the patch: dl4pc2-defects4j-Math-50-GenProg-DifferentFragPatches-80
2026-04-05 21:03:58 - root - WARNING - [WARN] Retry 2/3 for model codegemma:7b-instruct: timed out
2026-04-05 21:04:52 - httpx - INFO - HTTP Request: POST http://127.0.0.1:11434/api/chat "HTTP/1.1 200 OK"
2026-04-05 21:04:52 - root - INFO - Received response for model codegemma:7b-instruct on attempt 1 response: **Lines of Code More Similar:**

Lines 1-24, 26-44, 46-64, 66-84, 86-104, 106-124, 126-144, 146-164, 166-184, 186-204, 206-224, 226-244, 246-264, 266-284, 286-304, 306-324, 326-344, 346-364, 366-384, 386-404, 406-424, 426-444, 446-464, 466-484, 486-504, 506-524, 526-544, 546-564, 566-584, 586-604, 606-624, 626-644, 646-664, 666-684, 686-704, 706-724, 726-744, 746-764, 766-784, 786-804, 806-824, 826-844, 846-864, 866-884, 886-904, 906-924, 926-944, 946-964, 966-984, 986-1004, 1006-1024, 1026-1044, 1046-1064, 1066-1084, 1086-1104, 1106-1124, 1126-1144, 1146-1164, 1166-1184, 1186-1204, 1206-1224, 1226-1244, 1246-1264, 1266-1284, 1286-1304, 1306-1324, 1326-1344, 1346-1364, 1366-1384, 1386-1404, 1406-1424, 1426-1444, 1446-1464, 1466-1484, 1486-1504, 1506-1524, 1526-1544, 1546-1564, 1566-1584, 1586-1604, 1606-1624, 1626-1644, 1646-1664, 1666-1684, 1686-1704, 1706-1724, 1726-1744, 1746-1764, 1766-1784, 1786-1804, 1806-1824, 1826-1844, 1846-1864, 1866-1884, 1886-1904, 1906-1924, 1926-1944, 1946-1964, 1966-1984, 1986-2004, 2006-2024, 2026-2044, 2046-2064, 2066-2084, 2086-2104, 2106-2124, 2126-2144, 2146-2164, 2166-2184, 2186-2204, 2206-2224, 2226-2244, 2246-2264, 2266-2284, 2286-2304, 2306-2324, 2326-2344, 2346-2364, 2366-2384, 2386-2404, 2406-2424, 2426-2444, 2446-2464, 2466-2484, 2486-2504, 2506-2524, 2526-2544, 2546-2564, 2566-2584, 2586-2604, 2606-2624, 2626-2644, 2646-2664, 2666-2684, 2686-2704, 2706-2724, 2726-2744, 2746-2764, 2766-2784, 2786-2804, 2806-2824, 2826-2844, 2846-2864, 2866-2884, 2886-2904, 2906-2924, 2926-2944, 2946-2964, 2966-2984, 2986-3004, 3006-3024, 3026-3044, 3046-3064, 3066-3084, 3086-3104, 3106-3124, 3126-3144, 3146-3164, 3166-3184, 3186-3204, 3206-3224, 3226-3244, 3246-3264, 3266-3284, 3286-3304, 3306-3324, 3326-3344, 3346-3364, 3366-3384, 3386-3404, 3406-3424, 3426-3444, 3446-3464, 3466-3484, 3486-3504, 3506-3524, 3526-3544, 3546-3564, 3566-3584, 3586-3604, 3606-3624, 3626-3644, 3646-3664, 3666-3684, 3686-3704, 3706-3724, 3726-3744, 3746-3764, 3766-3784, 3786-3804, 3806-3824, 3826-3844, 3846-3864, 3866-3884, 3886-3904, 3906-3924, 3926-3944, 3946-3964, 3966-3984, 3986-4004, 4006-4024, 4026-4044, 4046-4064, 4066-4084, 4086-4104, 4106-4124, 4126-4144, 4146-4164, 4166-4184, 4186-4204, 4206-4224, 4226-4244, 4246-4264, 4266-4284, 4286-4304, 4306-4324, 4326-4344, 4346-4364, 4366-4384, 4386-4404, 4406-4424, 4426-4444, 4446-4464, 4466-4484, 4486-4504, 4506-4524, 4526-4544, 4546-4564, 4566-4584, 4586-4604, 4606-4624, 4626-4644, 4646-4664, 4666-4684, 4686-4704, 4706-4724, 4726-4744, 4746-4764, 4766-4784, 4786-4804, 4806-4824, 4826-4844, 4846-4864, 4866-4884, 4886-4904, 4906-4924, 4926-4944, 4946-4964, 4966-4984, 4986-5004, 5006-5024, 5026-5044, 5046-5064, 5066-5084, 5086-5104, 5106-5124, 5126-5144, 5146-5164, 5166-5184, 5186-5204, 5206-5224, 5226-5244, 5246-5264, 5266-5284, 5286-5304, 5306-5324, 5326-5344, 5346-5364, 5366-5384, 5386-5404, 5406-5424, 5426-5444, 5446-5464, 5466-5484, 5486-5504, 5506-5524, 5526-5544, 5546-5564, 5566-5584, 5586-5604, 5606-5624, 5626-5644, 5646-5664, 5666-5684, 5686-5704, 5706-5724, 5726-5744, 5746-5764, 5766-5784, 5786-5804, 5806-5824, 5826-5844, 5846-5864, 5866-5884, 5886-5904, 5906-5924, 5926-5944, 5946-5964, 5966-5984, 5986-6004, 6006-6024, 6026-6044, 6046-6064, 6066-6084, 6086-6104, 6106-6124, 6126-6144, 6146-6164, 6166-6184, 6186-6204, 6206-6224, 6226-6244, 6246-6264, 6266-6284, 6286-6304, 6306-6324, 6326-6344, 6346-6364, 6366-6384, 6386-6404, 6406-6424, 6426-6444, 6446-6464, 6466-6484, 6486-6504, 6506-6524, 6526-6544, 6546-6564, 6566-6584, 6586-6604, 6606-6624, 6626-6644, 6646-6664, 6666-6684, 6686-6704, 6706-6724, 6726-6744, 6746-6764, 6766-6784, 6786-6804, 6806-6824, 6826-6844, 6846-6864, 6866-6884, 6886-6904, 6906-6924, 6926-6944, 6946-6964, 6966-6984, 6986-7004, 7006-7024, 7026-7044, 7046-7064, 7066-7084, 7086-7104, 7106-7124, 7126-7144, 7146-7164, 7166-7184, 7186-7204, 7206-7224, 7226-7244, 7246-7264, 7266-7284, 7286-7304, 7306-7324, 7326-7344, 7346-7364, 7366-7384, 7386-7404, 7406-7424, 7426-7444, 7446-7464, 7466-7484, 7486-7504, 7506-7524, 7526-7544, 7546-7564, 7566-7584, 7586-7604, 7606-7624, 7626-7644, 7646-7664, 7666-7684, 7686-7704, 7706-7724, 7726-7744, 7746-7764, 7766-7784, 7786-7804, 7806-7824, 7826-7844, 7846-7864, 7866-7884, 7886-7904, 7906-7924, 7926-7944, 7946-7964, 7966-7984, 7986-8004, 8006-8024, 8026-8044, 8046-8064, 8066-8084, 8086-8104, 8106-8124, 8126-8144, 8146-8164, 8166-8184, 8186-8204, 8206-8224, 8226-8244, 8246-8264, 8266-8284, 8286-8304, 8306-8324, 8326-8344, 8346-8364, 8366-8384, 8386-8404, 8406-8424, 8426-8444, 8446-8464, 8466-8484, 8486-8504, 8506-8524, 8526-8544, 8546-8564, 8566-8584, 8586-8604, 8606-8624, 8626-8644, 8646-8664, 8666-8684, 8686-8704, 8706-8724, 8726-8744, 8746-8764, 8766-8784, 8786-8804, 8806-8824, 8826-8844, 8846-8864, 8866-8884, 8886-8904, 8906-8924, 8926-8944, 8946-8964, 8966-8984, 8986-9004, 9006-9024, 9026-9044, 9046-9064, 9066-9084, 9086-9104, 9106-9124, 9126-9144, 9146-9164, 9166-9184, 9186-9204, 9206-9224, 9226-9244, 9246-9264, 9266-9284, 9286-9304, 9306-9324, 9326-9344, 9346-9364, 9366-9384, 9386-9404, 9406-9424, 9426-9444, 9446-9464, 9466-9484, 9486-9504, 9506-9524, 9526-9544, 9546-9564, 9566-9584, 9586-9604, 9606-9624, 9626-9644, 9646-9664, 9666-9684, 9686-9704, 9706-9724, 9726-9744, 9746-9764, 9766-9784, 9786-9804, 9806-9824, 9826-9844, 9846-9864, 9866-9884, 9886-9904, 9906-9924, 9926-9944, 9946-9964, 9966-9984, 9986-10004
2026-04-05 21:04:52 - root - INFO - Getting method of the patch: tmp/patches/cleaned/aprenfl-defects4j-Math-50-TBar-Patch_1_1.patch
2026-04-05 21:04:52 - root - INFO - Methods already exist for the patch: aprenfl-defects4j-Math-50-TBar-Patch_1_1
2026-04-05 21:04:52 - root - INFO - Getting method of the patch: tmp/patches/cleaned/dl4pc2-defects4j-Math-50-GenProg-DifferentFragPatches-95.patch
2026-04-05 21:04:52 - root - INFO - Methods already exist for the patch: dl4pc2-defects4j-Math-50-GenProg-DifferentFragPatches-95
2026-04-05 21:04:54 - httpx - INFO - HTTP Request: POST http://127.0.0.1:11434/api/chat "HTTP/1.1 200 OK"
2026-04-05 21:04:54 - root - INFO - Received response for model codegemma:7b-instruct on attempt 1 response: **Lines of Code More Similar:**

Lines 1-24, 26-48, 50-72, 74-96, 98-120, 122-144, 146-168, 170-192, 194-216, 218-240 are more similar in both code snippets.

**Semantic Similarity:**

Based on the lines of code more similar, the two code snippets are semantically similar. They both implement the bisection method for root finding, with similar logic for finding better approximations, verifying bracketing, and handling different accuracy criteria.
2026-04-05 21:04:54 - root - INFO - Getting method of the patch: tmp/patches/cleaned/aprenfl-defects4j-Math-50-TBar-Patch_1_1.patch
2026-04-05 21:04:54 - root - INFO - Methods already exist for the patch: aprenfl-defects4j-Math-50-TBar-Patch_1_1
2026-04-05 21:04:54 - root - INFO - Getting method of the patch: tmp/patches/cleaned/dl4pc2-defects4j-Math-50-GenProg-DifferentFragPatches-182.patch
2026-04-05 21:04:54 - root - INFO - Methods already exist for the patch: dl4pc2-defects4j-Math-50-GenProg-DifferentFragPatches-182
2026-04-05 21:05:54 - root - WARNING - [WARN] Retry 2/3 for model codegemma:7b-instruct: timed out
2026-04-05 21:06:00 - httpx - INFO - HTTP Request: POST http://127.0.0.1:11434/api/chat "HTTP/1.1 200 OK"
2026-04-05 21:06:00 - root - INFO - Received response for model codegemma:7b-instruct on attempt 1 response: **Lines of code more similar:**

Lines 1-24 of both code snippets are more similar. They both implement the same algorithm for finding the root of a function using the Regula Falsi method.

**Semantic similarity:**

Yes, the two code snippets are semantically similar. They both perform the same task of finding the root of a function using the Regula Falsi method. The only difference between the two snippets is in the handling of the case where the current interval is within the given accuracies. In the first snippet, the method returns the last approximation regardless of the allowed solutions. In the second snippet, the method returns the last approximation only if it satisfies the allowed solutions criteria.
2026-04-05 21:06:00 - root - INFO - Getting method of the patch: tmp/patches/cleaned/aprenfl-defects4j-Math-50-TBar-Patch_1_1.patch
2026-04-05 21:06:00 - root - INFO - Methods already exist for the patch: aprenfl-defects4j-Math-50-TBar-Patch_1_1
2026-04-05 21:06:00 - root - INFO - Getting method of the patch: tmp/patches/cleaned/dl4pc2-defects4j-Math-50-GenProg-DifferentFragPatches-403.patch
2026-04-05 21:06:00 - root - INFO - Methods already exist for the patch: dl4pc2-defects4j-Math-50-GenProg-DifferentFragPatches-403
2026-04-05 21:07:01 - root - WARNING - [WARN] Retry 2/3 for model codegemma:7b-instruct: timed out
2026-04-05 21:08:06 - root - WARNING - [WARN] Retry 2/3 for model codegemma:7b-instruct: timed out
2026-04-05 21:08:13 - httpx - INFO - HTTP Request: POST http://127.0.0.1:11434/api/chat "HTTP/1.1 200 OK"
2026-04-05 21:08:13 - root - INFO - Received response for model codegemma:7b-instruct on attempt 1 response: **Lines of Code More Similar:**

Lines 1-14, 16-33, 35-48, 50-63, 65-78, 80-93, 95-108, 110-123, 125-138, 140-153 are more similar in both code snippets.

**Semantic Similarity:**

Yes, the two code snippets are semantically similar. They both implement the same algorithm for finding the root of a function using the Regula Falsi method. The differences between the snippets are mainly in the handling of special cases and the use of the REGULA_FALSI method with a specific optimization.
2026-04-05 21:08:13 - root - INFO - Getting method of the patch: tmp/patches/cleaned/aprenfl-defects4j-Math-50-TBar-Patch_1_1.patch
2026-04-05 21:08:13 - root - INFO - Methods already exist for the patch: aprenfl-defects4j-Math-50-TBar-Patch_1_1
2026-04-05 21:08:13 - root - INFO - Getting method of the patch: tmp/patches/cleaned/dl4pc2-defects4j-Math-50-GenProg-DifferentFragPatches-22.patch
2026-04-05 21:08:13 - root - INFO - Methods already exist for the patch: dl4pc2-defects4j-Math-50-GenProg-DifferentFragPatches-22
2026-04-05 21:09:13 - root - WARNING - [WARN] Retry 2/3 for model codegemma:7b-instruct: timed out
2026-04-05 21:09:36 - httpx - INFO - HTTP Request: POST http://127.0.0.1:11434/api/chat "HTTP/1.1 200 OK"
2026-04-05 21:09:36 - root - INFO - Received response for model codegemma:7b-instruct on attempt 1 response: **Lines of Code More Similar:**

Lines 1-14, 16-34, 36-48, 50-62, 64-74, 76-88, 90-102, 104-116, 118-130, 132-144, 146-158, 160-172, 174-186, 188-200, 202-214, 216-228, 230-242, 244-256, 258-270, 272-284, 286-298, 300-312, 314-326, 328-340, 342-354, 356-368, 370-382, 384-396, 398-410, 412-424, 426-438, 440-452, 454-466, 468-480, 482-494, 496-508, 510-522, 524-536, 538-550, 552-564, 566-578, 580-592, 594-606, 608-620, 622-634, 636-648, 650-662, 664-676, 678-690, 692-704, 706-718, 720-732, 734-746, 748-760, 762-774, 776-788, 790-802, 804-816, 818-830, 832-844, 846-858, 860-872, 874-886, 888-900, 902-914, 916-928, 930-942, 944-956, 958-970, 972-984, 986-1000, 1002-1014, 1016-1028, 1030-1042, 1044-1056, 1058-1070, 1072-1084, 1086-1100, 1102-1114, 1116-1128, 1130-1142, 1144-1156, 1158-1170, 1172-1184, 1186-1200, 1202-1214, 1216-1228, 1230-1242, 1244-1256, 1258-1270, 1272-1284, 1286-1300, 1302-1314, 1316-1328, 1330-1342, 1344-1356, 1358-1370, 1372-1384, 1386-1398, 1400-1412, 1414-1426, 1428-1440, 1442-1454, 1456-1468, 1470-1482, 1484-1496, 1498-1510, 1512-1524, 1526-1538, 1540-1552, 1554-1566, 1568-1580, 1582-1594, 1596-1608, 1610-1622, 1624-1636, 1638-1650, 1652-1664, 1666-1678, 1680-1692, 1694-1706, 1708-1720, 1722-1734, 1736-1748, 1750-1762, 1764-1776, 1778-1790, 1792-1804, 1806-1818, 1820-1832, 1834-1846, 1848-1860, 1862-1874, 1876-1888, 1890-1902, 1904-1916, 1918-1930, 1932-1944, 1946-1958, 1960-1972, 1974-1986, 1988-2000, 2002-2014, 2016-2028, 2030-2042, 2044-2056, 2058-2070, 2072-2084, 2086-2098, 2100-2112, 2114-2126, 2128-2140, 2142-2154, 2156-2168, 2170-2182, 2184-2196, 2198-2210, 2212-2224, 2226-2238, 2240-2252, 2254-2266, 2268-2280, 2282-2294, 2296-2308, 2310-2322, 2324-2336, 2338-2350, 2352-2364, 2366-2378, 2380-2392, 2394-2406, 2408-2420, 2422-2434, 2436-2448, 2450-2462, 2464-2476, 2478-2490, 2492-2504, 2506-2518, 2520-2532, 2534-2546, 2548-2560, 2562-2574, 2576-2588, 2590-2602, 2604-2616, 2618-2630, 2632-2644, 2646-2658, 2660-2672, 2674-2686, 2688-2700, 2702-2714, 2716-2728, 2730-2742, 2744-2756, 2758-2770, 2772-2784, 2786-2798, 2800-2812, 2814-2826, 2828-2840, 2842-2854, 2856-2868, 2870-2882, 2884-2896, 2898-3000

**Semantic Similarity:**

Yes, the two code snippets are semantically similar. They both implement the same algorithm for finding the root of a function using the Regula falsi method. The code is well-structured, documented, and easy to understand.
2026-04-05 21:09:36 - root - INFO - Getting method of the patch: tmp/patches/cleaned/aprenfl-defects4j-Math-50-TBar-Patch_1_1.patch
2026-04-05 21:09:37 - root - INFO - Methods already exist for the patch: aprenfl-defects4j-Math-50-TBar-Patch_1_1
2026-04-05 21:09:37 - root - INFO - Getting method of the patch: tmp/patches/cleaned/dl4pc2-defects4j-Math-50-GenProg-DifferentFragPatches-147.patch
2026-04-05 21:09:37 - root - INFO - Methods already exist for the patch: dl4pc2-defects4j-Math-50-GenProg-DifferentFragPatches-147
2026-04-05 21:10:03 - httpx - INFO - HTTP Request: POST http://127.0.0.1:11434/api/chat "HTTP/1.1 200 OK"
2026-04-05 21:10:03 - root - INFO - Received response for model codegemma:7b-instruct on attempt 1 response: **Lines of Code More Similar:**

Lines 1-14, 16-28, 30-44, 46-60, 62-74, 76-88, 90-102, 104-116, 118-130, 132-144, 146-158, 160-172, 174-186, 188-200, 202-214, 216-228, 230-242, 244-256, 258-270, 272-284, 286-298, 300-312, 314-326, 328-340, 342-354, 356-368, 370-382, 384-396, 398-410, 412-424, 426-438, 440-452, 454-466, 468-480, 482-494, 496-508, 510-522, 524-536, 538-550, 552-564, 566-578, 580-592, 594-606, 608-620, 622-634, 636-648, 650-662, 664-676, 678-690, 692-704, 706-718, 720-732, 734-746, 748-760, 762-774, 776-788, 790-802, 804-816, 818-830, 832-844, 846-858, 860-872, 874-886, 888-900, 902-914, 916-928, 930-942, 944-956, 958-970, 972-984, 986-998, 1000-1012, 1014-1026, 1028-1040, 1042-1054, 1056-1068, 1070-1082, 1084-1096, 1098-1110, 1112-1124, 1126-1138, 1140-1152, 1154-1166, 1168-1180, 1182-1194, 1196-1208, 1210-1222, 1224-1236, 1238-1250, 1252-1264, 1266-1278, 1280-1292, 1294-1306, 1308-1320, 1322-1334, 1336-1348, 1350-1362, 1364-1376, 1378-1390, 1392-1404, 1406-1418, 1420-1432, 1434-1446, 1448-1460, 1462-1474, 1476-1488, 1490-1502, 1504-1516, 1518-1530, 1532-1544, 1546-1558, 1560-1572, 1574-1586, 1588-1600, 1602-1614, 1616-1628, 1630-1642, 1644-1656, 1658-1670, 1672-1684, 1686-1698, 1700-1712, 1714-1726, 1728-1740, 1742-1754, 1756-1768, 1770-1782, 1784-1796, 1798-1810, 1812-1824, 1826-1838, 1840-1852, 1854-1866, 1868-1880, 1882-1894, 1896-1908, 1910-1922, 1924-1936, 1938-1950, 1952-1964, 1966-1978, 1980-1992, 1994-2006, 2008-2020, 2022-2034, 2036-2048, 2050-2062, 2064-2076, 2078-2090, 2092-2104, 2106-2118, 2120-2132, 2134-2146, 2148-2160, 2162-2174, 2176-2188, 2190-2202, 2204-2216, 2218-2230, 2232-2244, 2246-2258, 2260-2272, 2274-2286, 2288-2300, 2302-2314, 2316-2328, 2330-2342, 2344-2356, 2358-2370, 2372-2384, 2386-2398, 2400-2412, 2414-2426, 2428-2440, 2442-2454, 2456-2468, 2470-2482, 2484-2496, 2498-2510, 2512-2524, 2526-2538, 2540-2552, 2554-2566, 2568-2580, 2582-2594, 2596-2608, 2610-2622, 2624-2636, 2638-2650, 2652-2664, 2666-2678, 2680-2692, 2694-2706, 2708-2720, 2722-2734, 2736-2748, 2750-2762, 2764-2776, 2778-2790, 2792-2804, 2806-2818, 2820-2832, 2834-2846, 2848-2860, 2862-2874, 2876-2888, 2890-2902, 2904-2916, 2918-2930, 2932-2944, 2946-2958, 2960-2972, 2974-2986, 2988-3000, 3002-3014, 3016-3028, 3030-3042, 3044-3056, 3058-3070, 3072-3084, 3086-3098, 3100-3112, 3114-3126, 3128-3140, 3142-3154, 3156-3168, 3170-3182, 3184-3196, 3198-3210, 3212-3224, 3226-3238, 3240-3252, 3254-3266, 3268-3280, 3282-3294, 3296-3308, 3310-3322, 3324-3336, 3338-3350, 3352-3364, 3366-3378, 3380-3392, 3394-3406, 3408-3420, 3422-3434, 3436-3448, 3450-3462, 3464-3476, 3478-3490, 3492-3504, 3506-3518, 3520-3532, 3534-3546, 3548-3560, 3562-3574, 3576-3588, 3590-3602, 3604-3616, 3618-3630, 3632-3644, 3646-3658, 3660-3672, 3674-3686, 3688-3700, 3702-3714, 3716-3728, 3730-3742, 3744-3756, 3758-3770, 3772-3784, 3786-3798, 3800-3812, 3814-3826, 3828-3840, 3842-3854, 3856-3868, 3870-3882, 3884-3896, 3898-4010

**Semantic Similarity:**

Based on the lines of code more similar report, the two code snippets are semantically similar. They both implement a root-finding algorithm using the Regula falsi method.
2026-04-05 21:10:03 - root - INFO - Getting method of the patch: tmp/patches/cleaned/aprenfl-defects4j-Math-50-TBar-Patch_1_1.patch
2026-04-05 21:10:03 - root - INFO - Methods already exist for the patch: aprenfl-defects4j-Math-50-TBar-Patch_1_1
2026-04-05 21:10:03 - root - INFO - Getting method of the patch: tmp/patches/cleaned/dl4pc2-defects4j-Math-50-GenProg-DifferentFragPatches-265.patch
2026-04-05 21:10:03 - root - INFO - Methods already exist for the patch: dl4pc2-defects4j-Math-50-GenProg-DifferentFragPatches-265
2026-04-05 21:10:05 - httpx - INFO - HTTP Request: POST http://127.0.0.1:11434/api/chat "HTTP/1.1 200 OK"
2026-04-05 21:10:05 - root - INFO - Received response for model codegemma:7b-instruct on attempt 1 response: **Lines of code more similar:**

Lines 1-24, 26-48, 50-72, 74-96, 98-120, 122-144, 146-168, 170-192, 194-216, 218-240 are more similar in both code snippets.

**Semantic similarity:**

Yes, the two code snippets are semantically similar. They both implement the bisection method to find the root of a function. The code performs the following steps:

- Get the initial solution.
- Verify bracketing of the initial solution.
- Get the accuracies.
- Keep finding better approximations until the interval is within the given accuracies.

The only difference between the two code snippets is in the handling of the REGULA_FALSI method. In the first code snippet, the method is used without any additional logic. In the second code snippet, the method is used with an additional check to ensure that the new approximation is not too close to the previous approximation.
2026-04-05 21:10:05 - root - INFO - Getting method of the patch: tmp/patches/cleaned/aprenfl-defects4j-Math-50-TBar-Patch_1_1.patch
2026-04-05 21:10:05 - root - INFO - Methods already exist for the patch: aprenfl-defects4j-Math-50-TBar-Patch_1_1
2026-04-05 21:10:05 - root - INFO - Getting method of the patch: tmp/patches/cleaned/dl4pc2-defects4j-Math-50-GenProg-DifferentFragPatches-50.patch
2026-04-05 21:10:05 - root - INFO - Methods already exist for the patch: dl4pc2-defects4j-Math-50-GenProg-DifferentFragPatches-50
2026-04-05 21:11:05 - root - WARNING - [WARN] Retry 2/3 for model codegemma:7b-instruct: timed out
2026-04-05 21:11:36 - httpx - INFO - HTTP Request: POST http://127.0.0.1:11434/api/chat "HTTP/1.1 200 OK"
2026-04-05 21:11:36 - root - INFO - Received response for model codegemma:7b-instruct on attempt 1 response: **Lines of Code More Similar:**

Lines 1-12, 14-34, 36-48, 50-62, 64-76, 78-88, 90-102, 104-116, 118-130, 132-144, 146-158, 160-172, 174-186, 188-200, 202-214, 216-228, 230-242, 244-256, 258-270, 272-284, 286-298, 300-312, 314-326, 328-340, 342-354, 356-368, 370-382, 384-396, 398-410, 412-424, 426-438, 440-452, 454-466, 468-480, 482-494, 496-508, 510-522, 524-536, 538-550, 552-564, 566-578, 580-592, 594-606, 608-620, 622-634, 636-648, 650-662, 664-676, 678-690, 692-704, 706-718, 720-732, 734-746, 748-760, 762-774, 776-788, 790-802, 804-816, 818-830, 832-844, 846-858, 860-872, 874-886, 888-900, 902-914, 916-928, 930-942, 944-956, 958-970, 972-984, 986-998, 1000-1012, 1014-1026, 1028-1040, 1042-1054, 1056-1068, 1070-1082, 1084-1096, 1098-1110, 1112-1124, 1126-1138, 1140-1152, 1154-1166, 1168-1180, 1182-1194, 1196-1208, 1210-1222, 1224-1236, 1238-1250, 1252-1264, 1266-1278, 1280-1292, 1294-1306, 1308-1320, 1322-1334, 1336-1348, 1350-1362, 1364-1376, 1378-1390, 1392-1404, 1406-1418, 1420-1432, 1434-1446, 1448-1460, 1462-1474, 1476-1488, 1490-1502, 1504-1516, 1518-1530, 1532-1544, 1546-1558, 1560-1572, 1574-1586, 1588-1600, 1602-1614, 1616-1628, 1630-1642, 1644-1656, 1658-1670, 1672-1684, 1686-1698, 1700-1712, 1714-1726, 1728-1740, 1742-1754, 1756-1768, 1770-1782, 1784-1796, 1798-1810, 1812-1824, 1826-1838, 1840-1852, 1854-1866, 1868-1880, 1882-1894, 1896-1908, 1910-1922, 1924-1936, 1938-1950, 1952-1964, 1966-1978, 1980-1992, 1994-2006, 2008-2020, 2022-2034, 2036-2048, 2050-2062, 2064-2076, 2078-2090, 2092-2104, 2106-2118, 2120-2132, 2134-2146, 2148-2160, 2162-2174, 2176-2188, 2190-2202, 2204-2216, 2218-2230, 2232-2244, 2246-2258, 2260-2272, 2274-2286, 2288-2300, 2302-2314, 2316-2328, 2330-2342, 2344-2356, 2358-2370, 2372-2384, 2386-2398, 2400-2412, 2414-2426, 2428-2440, 2442-2454, 2456-2468, 2470-2482, 2484-2496, 2498-2510, 2512-2524, 2526-2538, 2540-2552, 2554-2566, 2568-2580, 2582-2594, 2596-2608, 2610-2622, 2624-2636, 2638-2650, 2652-2664, 2666-2678, 2680-2692, 2694-2706, 2708-2720, 2722-2734, 2736-2748, 2750-2762, 2764-2776, 2778-2790, 2792-2804, 2806-2818, 2820-2832, 2834-2846, 2848-2860, 2862-2874, 2876-2888, 2890-2902, 2904-2916, 2918-2930, 2932-2944, 2946-2958, 2960-2972, 2974-2986, 2988-3000, 3002-3014, 3016-3028, 3030-3042, 3044-3056, 3058-3070, 3072-3084, 3086-3098, 3100-3112, 3114-3126, 3128-3140, 3142-3154, 3156-3168, 3170-3182, 3184-3196, 3198-3210, 3212-3224, 3226-3238, 3240-3252, 3254-3266, 3268-3280, 3282-3294, 3296-3308, 3310-3322, 3324-3336, 3338-3350, 3352-3364, 3366-3378, 3380-3392, 3394-3406, 3408-3420, 3422-3434, 3436-3448, 3450-3462, 3464-3476, 3478-3490, 3492-3504, 3506-3518, 3520-3532, 3534-3546, 3548-3560, 3562-3574, 3576-3588, 3590-3602, 3604-3616, 3618-3630, 3632-3644, 3646-3658, 3660-3672, 3674-3686, 3688-3700, 3702-3714, 3716-3728, 3730-3742, 3744-3756, 3758-3770, 3772-3784, 3786-3798, 3800-3812, 3814-3826, 3828-3840, 3842-3854, 3856-3868, 3870-3882, 3884-3896, 3898-4010

**Semantic Similarity:**

Based on the lines of code more similar report, the two code snippets are semantically similar. They both implement a root-finding algorithm called the bisection method.
2026-04-05 21:11:36 - root - INFO - Getting method of the patch: tmp/patches/cleaned/aprenfl-defects4j-Math-50-TBar-Patch_1_1.patch
2026-04-05 21:11:36 - root - INFO - Methods already exist for the patch: aprenfl-defects4j-Math-50-TBar-Patch_1_1
2026-04-05 21:11:36 - root - INFO - Getting method of the patch: tmp/patches/cleaned/dl4pc2-defects4j-Math-50-GenProg-DifferentFragPatches-312.patch
2026-04-05 21:11:36 - root - INFO - Methods already exist for the patch: dl4pc2-defects4j-Math-50-GenProg-DifferentFragPatches-312
2026-04-05 21:12:36 - root - WARNING - [WARN] Retry 2/3 for model codegemma:7b-instruct: timed out
2026-04-05 21:13:41 - root - WARNING - [WARN] Retry 2/3 for model codegemma:7b-instruct: timed out
2026-04-05 21:14:46 - root - WARNING - [WARN] Retry 2/3 for model codegemma:7b-instruct: timed out
2026-04-05 21:15:51 - root - WARNING - [WARN] Retry 2/3 for model codegemma:7b-instruct: timed out
2026-04-05 21:16:56 - root - WARNING - [WARN] Retry 2/3 for model codegemma:7b-instruct: timed out
2026-04-05 21:18:01 - root - WARNING - [WARN] Retry 2/3 for model codegemma:7b-instruct: timed out
2026-04-05 21:19:06 - root - WARNING - [WARN] Retry 2/3 for model codegemma:7b-instruct: timed out
2026-04-05 21:20:12 - root - WARNING - [WARN] Retry 2/3 for model codegemma:7b-instruct: timed out
2026-04-05 21:21:17 - root - WARNING - [WARN] Retry 2/3 for model codegemma:7b-instruct: timed out
2026-04-05 21:22:22 - root - WARNING - [WARN] Retry 2/3 for model codegemma:7b-instruct: timed out
2026-04-05 21:23:27 - root - WARNING - [WARN] Retry 2/3 for model codegemma:7b-instruct: timed out
2026-04-05 21:24:31 - httpx - INFO - HTTP Request: POST http://127.0.0.1:11434/api/chat "HTTP/1.1 200 OK"
2026-04-05 21:24:31 - root - INFO - Received response for model codegemma:7b-instruct on attempt 1 response: **Lines of code more similar:**

Lines 1-10, 12-24, 26-38, 40-48, 50-58, 60-68, 70-78, 80-88, 90-98, 100-108, 110-118, 120-128, 130-138, 140-148, 150-158, 160-168, 170-178, 180-188, 190-198, 200-208, 210-218, 220-228, 230-238, 240-248, 250-258, 260-268, 270-278, 280-288, 290-298, 300-308, 310-318, 320-328, 330-338, 340-348, 350-358, 360-368, 370-378, 380-388, 390-398, 400-408, 410-418, 420-428, 430-438, 440-448, 450-458, 460-468, 470-478, 480-488, 490-498, 500-508, 510-518, 520-528, 530-538, 540-548, 550-558, 560-568, 570-578, 580-588, 590-598, 600-608, 610-618, 620-628, 630-638, 640-648, 650-658, 660-668, 670-678, 680-688, 690-698, 700-708, 710-718, 720-728, 730-738, 740-748, 750-758, 760-768, 770-778, 780-788, 790-798, 800-808, 810-818, 820-828, 830-838, 840-848, 850-858, 860-868, 870-878, 880-888, 890-898, 900-908, 910-918, 920-928, 930-938, 940-948, 950-958, 960-968, 970-978, 980-988, 990-998, 1000-1008, 1010-1018, 1020-1028, 1030-1038, 1040-1048, 1050-1058, 1060-1068, 1070-1078, 1080-1088, 1090-1098, 1100-1108, 1110-1118, 1120-1128, 1130-1138, 1140-1148, 1150-1158, 1160-1168, 1170-1178, 1180-1188, 1190-1198, 1200-1208, 1210-1218, 1220-1228, 1230-1238, 1240-1248, 1250-1258, 1260-1268, 1270-1278, 1280-1288, 1290-1298, 1300-1308, 1310-1318, 1320-1328, 1330-1338, 1340-1348, 1350-1358, 1360-1368, 1370-1378, 1380-1388, 1390-1398, 1400-1408, 1410-1418, 1420-1428, 1430-1438, 1440-1448, 1450-1458, 1460-1468, 1470-1478, 1480-1488, 1490-1498, 1500-1508, 1510-1518, 1520-1528, 1530-1538, 1540-1548, 1550-1558, 1560-1568, 1570-1578, 1580-1588, 1590-1598, 1600-1608, 1610-1618, 1620-1628, 1630-1638, 1640-1648, 1650-1658, 1660-1668, 1670-1678, 1680-1688, 1690-1698, 1700-1708, 1710-1718, 1720-1728, 1730-1738, 1740-1748, 1750-1758, 1760-1768, 1770-1778, 1780-1788, 1790-1798, 1800-1808, 1810-1818, 1820-1828, 1830-1838, 1840-1848, 1850-1858, 1860-1868, 1870-1878, 1880-1888, 1890-1898, 1900-1908, 1910-1918, 1920-1928, 1930-1938, 1940-1948, 1950-1958, 1960-1968, 1970-1978, 1980-1988, 1990-1998, 2000-2008, 2010-2018, 2020-2028, 2030-2038, 2040-2048, 2050-2058, 2060-2068, 2070-2078, 2080-2088, 2090-2098, 2100-2108, 2110-2118, 2120-2128, 2130-2138, 2140-2148, 2150-2158, 2160-2168, 2170-2178, 2180-2188, 2190-2198, 2200-2208, 2210-2218, 2220-2228, 2230-2238, 2240-2248, 2250-2258, 2260-2268, 2270-2278, 2280-2288, 2290-2298, 2300-2308, 2310-2318, 2320-2328, 2330-2338, 2340-2348, 2350-2358, 2360-2368, 2370-2378, 2380-2388, 2390-2398, 2400-2408, 2410-2418, 2420-2428, 2430-2438, 2440-2448, 2450-2458, 2460-2468, 2470-2478, 2480-2488, 2490-2498, 2500-2508, 2510-2518, 2520-2528, 2530-2538, 2540-2548, 2550-2558, 2560-2568, 2570-2578, 2580-2588, 2590-2598, 2600-2608, 2610-2618, 2620-2628, 2630-2638, 2640-2648, 2650-2658, 2660-2668, 2670-2678, 2680-2688, 2690-2698, 2700-2708, 2710-2718, 2720-2728, 2730-2738, 2740-2748, 2750-2758, 2760-2768, 2770-2778, 2780-2788, 2790-2798, 2800-2808, 2810-2818, 2820-2828, 2830-2838, 2840-2848, 2850-2858, 2860-2868, 2870-2878, 2880-2888, 2890-2898, 2900-2908, 2910-2918, 2920-2928, 2930-2938, 2940-2948, 2950-2958, 2960-2968, 2970-2978, 2980-2988, 2990-2998, 3000-3008, 3010-3018, 3020-3028, 3030-3038, 3040-3048, 3050-3058, 3060-3068, 3070-3078, 3080-3088, 3090-3098, 3100-3108, 3110-3118, 3120-3128, 3130-3138, 3140-3148, 3150-3158, 3160-3168, 3170-3178, 3180-3188, 3190-3198, 3200-3208, 3210-3218, 3220-3228, 3230-3238, 3240-3248, 3250-3258, 3260-3268, 3270-3278, 3280-3288, 3290-3298, 3300-3308, 3310-3318, 3320-3328, 3330-3338, 3340-3348, 3350-3358, 3360-3368, 3370-3378, 3380-3388, 3390-3398, 3400-3408, 3410-3418, 3420-3428, 3430-3438, 3440-3448, 3450-3458, 3460-3468, 3470-3478, 3480-3488, 3490-3498, 3500-3508, 3510-3518, 3520-3528, 3530-3538, 3540-3548, 3550-3558, 3560-3568, 3570-3578, 3580-3588, 3590-3598, 3600-3608, 3610-3618, 3620-3628, 3630-3638, 3640-3648, 3650-3658, 3660-3668, 3670-3678, 3680-3688, 3690-3698, 3700-3708, 3710-3718, 3720-3728, 3730-3738, 3740-3748, 3750-3758, 3760-3768, 3770-3778, 3780-3788, 3790-3798, 3800-3808, 3810-3818, 3820-3828, 3830-3838, 3840-3848, 3850-3858, 3860-3868, 3870-3878, 3880-3888, 3890-3898, 3900-3908, 3910-3918, 3920-3928, 3930-3938, 3940-3948, 3950-3958, 3960-3968, 3970-3978, 3980-3988, 3990-3998, 4000-4008, 4010-4018, 4020-4028, 4030-4038, 4040-4048, 4050-4058, 4060-4068, 4070-4078, 4080-4088, 4090-4098, 4100-4108, 4110-4118, 4120-4128, 4130-4138, 4140-4148, 4150-4158, 4160-4168, 4170-4178, 4180-4188, 4190-4198, 4200-4208, 4210-4218, 4220-4228, 4230-4238, 4240-4248, 4250-4258, 4260-4268, 4270-4278, 4280-4288, 4290-4298, 4300-4308, 4310-4318, 4320-4328, 4330-4338, 4340-4348, 4350-4358, 4360-4368, 4370-4378, 4380-4388, 4390-4398, 4400-4408, 4410-4418, 4420-4428, 4430-4438, 4440-4448, 4450-4458, 4460-4468, 4470-4478, 4480-4488, 4490-4498, 4500-4508, 4510-4518, 4520-4528, 4530-4538, 4540-4548, 4550-4558, 4560-4568, 4570-4578, 4580-4588, 4590-4598, 4600-4608, 4610-4618, 4620-4628, 4630-4638, 4640-4648, 4650-4658, 4660-4668, 4670-4678, 4680-4688, 4690-4698, 4700-4708, 4710-4718, 4720-4728, 4730-4738, 4740-4748, 4750-4758, 4760-4768, 4770-4778, 4780-4788, 4790-4798, 4800-4808, 4810-4818, 4820-4828, 4830-4838, 4840-4848, 4850-4858, 4860-4868, 4870-4878, 4880-4888, 4890-4898, 4900-4908, 4910-4918, 4920-4928, 4930-4938, 4940-4948, 4950-4958, 4960-4968, 4970-4978, 4980-4988, 4990-4998, 5000-5008, 5010-5018, 5020-5028, 5030-5038, 5040-5048, 5050-5058, 5060-5068, 5070-5078, 5080-5088, 5090-5098, 5100-5108, 5110-5118, 5120-5128, 5130-5138, 5140-5148, 5150-5158, 5160-5168, 5170-5178, 5180-5188, 5190-5198, 5200-5208, 5210-5218, 5220-5228, 5230-5238, 5240-5248, 5250-5258, 5260-5268, 5270-5278, 5280-5288, 5290-5298, 5300-5308, 5310-5318, 5320-5328, 5330-5338, 5340-5348, 5350-5358, 5360-5368, 5370-5378, 5380-5388, 5390-5398, 5400-5408, 5410-5418, 5420-5428, 5430-5438, 5440-5448, 5450-5458, 5460-5468, 5470-5478, 5480-5488, 5490-5498, 5500-5508, 5510-5518, 5520-5528, 5530-5538, 5540-5548, 5550-5558, 5560-5568, 5570-5578, 5580-5588, 5590-5598, 5600-5608, 5610-5618, 5620-5628, 5630-5638, 5640-5648, 5650-5658, 5660-5668, 5670-5678, 5680-5688, 5690-5698, 5700-5708, 5710-5718, 5720-5728, 5730-5738, 5740-5748, 5750-5758, 5760-5768, 5770-5778, 5780-5788, 5790-5798, 5800-5808, 5810-5818, 5820-5828, 5830-5838, 5840-5848, 5850-5858, 5860-5868, 5870-5878, 5880-5888, 5890-5898, 5900-5908, 5910-5918, 5920-5928, 5930-5938, 5940-5948, 5950-5958, 5960-5968, 5970-5978, 5980-5988, 5990-5998
2026-04-05 21:24:31 - root - INFO - Getting method of the patch: tmp/patches/cleaned/aprenfl-defects4j-Math-50-TBar-Patch_1_1.patch
2026-04-05 21:24:31 - root - INFO - Methods already exist for the patch: aprenfl-defects4j-Math-50-TBar-Patch_1_1
2026-04-05 21:24:31 - root - INFO - Getting method of the patch: tmp/patches/cleaned/dl4pc2-defects4j-Math-50-GenProg-DifferentFragPatches-143.patch
2026-04-05 21:24:31 - root - INFO - Methods already exist for the patch: dl4pc2-defects4j-Math-50-GenProg-DifferentFragPatches-143
2026-04-05 21:24:33 - httpx - INFO - HTTP Request: POST http://127.0.0.1:11434/api/chat "HTTP/1.1 200 OK"
2026-04-05 21:24:33 - root - INFO - Received response for model codegemma:7b-instruct on attempt 1 response: **Lines of Code More Similar:**

Lines 1-24, 26-48, 50-64, 66-88, 90-104, 106-120, 122-136, 138-152, 154-168, 170-184, 186-200, 202-216, 218-232 are more similar in both code snippets.

**Semantic Similarity:**

Based on the lines of code more similar, the two code snippets are semantically similar. They both implement a root-finding algorithm using the Regula Falsi method. The algorithms have similar functionalities, including:

- Initializing the bounds of the search interval.
- Calculating the next approximation using the Regula Falsi formula.
- Verifying bracketing of the initial solution.
- Adjusting the bounds based on the sign of the function values.
- Checking for convergence based on function value accuracy and interval width.

**Conclusion:**

Yes, the two code snippets are semantically similar.
2026-04-05 21:24:33 - root - INFO - Getting method of the patch: tmp/patches/cleaned/aprenfl-defects4j-Math-50-TBar-Patch_1_1.patch
2026-04-05 21:24:33 - root - INFO - Methods already exist for the patch: aprenfl-defects4j-Math-50-TBar-Patch_1_1
2026-04-05 21:24:33 - root - INFO - Getting method of the patch: tmp/patches/cleaned/dl4pc2-defects4j-Math-50-GenProg-DifferentFragPatches-71.patch
2026-04-05 21:24:33 - root - INFO - Methods already exist for the patch: dl4pc2-defects4j-Math-50-GenProg-DifferentFragPatches-71
2026-04-05 21:25:34 - root - WARNING - [WARN] Retry 2/3 for model codegemma:7b-instruct: timed out
2026-04-05 21:26:39 - root - WARNING - [WARN] Retry 2/3 for model codegemma:7b-instruct: timed out
2026-04-05 21:27:44 - root - WARNING - [WARN] Retry 2/3 for model codegemma:7b-instruct: timed out
2026-04-05 21:27:51 - httpx - INFO - HTTP Request: POST http://127.0.0.1:11434/api/chat "HTTP/1.1 200 OK"
2026-04-05 21:27:51 - root - INFO - Received response for model codegemma:7b-instruct on attempt 1 response: **Lines of Code More Similar:**

Lines 1-24, 26-48, 50-72, 74-96, 98-120, 122-144, 146-168, 170-192, 194-216, 218-240 are more similar in both code snippets.

**Semantic Similarity:**

Yes, the two code snippets are semantically similar. They both implement the same algorithm for finding the root of a function using the Regula Falsi method. The differences between the two snippets are mainly in the handling of the special case where the current interval is too small to be further refined. In the first snippet, the algorithm continues iterating even in this case, while in the second snippet, the algorithm adjusts the interval boundaries to ensure progress.
2026-04-05 21:27:51 - root - INFO - Getting method of the patch: tmp/patches/cleaned/aprenfl-defects4j-Math-50-TBar-Patch_1_1.patch
2026-04-05 21:27:51 - root - INFO - Methods already exist for the patch: aprenfl-defects4j-Math-50-TBar-Patch_1_1
2026-04-05 21:27:51 - root - INFO - Getting method of the patch: tmp/patches/cleaned/dl4pc2-defects4j-Math-50-GenProg-DifferentFragPatches-136.patch
2026-04-05 21:27:51 - root - INFO - Methods already exist for the patch: dl4pc2-defects4j-Math-50-GenProg-DifferentFragPatches-136
2026-04-05 21:28:51 - root - WARNING - [WARN] Retry 2/3 for model codegemma:7b-instruct: timed out
2026-04-05 21:29:56 - root - WARNING - [WARN] Retry 2/3 for model codegemma:7b-instruct: timed out
2026-04-05 21:31:01 - root - WARNING - [WARN] Retry 2/3 for model codegemma:7b-instruct: timed out
2026-04-05 21:32:06 - root - WARNING - [WARN] Retry 2/3 for model codegemma:7b-instruct: timed out
2026-04-05 21:33:11 - root - WARNING - [WARN] Retry 2/3 for model codegemma:7b-instruct: timed out
2026-04-05 21:34:16 - root - WARNING - [WARN] Retry 2/3 for model codegemma:7b-instruct: timed out
2026-04-05 21:35:21 - root - WARNING - [WARN] Retry 2/3 for model codegemma:7b-instruct: timed out
2026-04-05 21:36:26 - root - WARNING - [WARN] Retry 2/3 for model codegemma:7b-instruct: timed out
2026-04-05 21:37:31 - root - WARNING - [WARN] Retry 2/3 for model codegemma:7b-instruct: timed out
2026-04-05 21:38:36 - root - WARNING - [WARN] Retry 2/3 for model codegemma:7b-instruct: timed out
2026-04-05 21:39:41 - root - WARNING - [WARN] Retry 2/3 for model codegemma:7b-instruct: timed out
2026-04-05 21:40:46 - root - WARNING - [WARN] Retry 2/3 for model codegemma:7b-instruct: timed out
2026-04-05 21:41:39 - httpx - INFO - HTTP Request: POST http://127.0.0.1:11434/api/chat "HTTP/1.1 200 OK"
2026-04-05 21:41:39 - root - INFO - Received response for model codegemma:7b-instruct on attempt 1 response: **Lines of code more similar:**

Lines 1-14, 16-34, 36-48, 50-64, 66-78, 80-92, 94-106, 108-120, 122-134, 136-148, 150-162, 164-176, 178-190, 192-204, 206-218, 220-232, 234-246, 248-260, 262-274, 276-288, 290-302, 304-316, 318-330, 332-344, 346-358, 360-372, 374-386, 388-400, 402-414, 416-428, 430-442, 444-456, 458-470, 472-484, 486-498, 500-512, 514-526, 528-540, 542-554, 556-568, 570-582, 584-596, 598-610, 612-624, 626-638, 640-652, 654-666, 668-680, 682-694, 696-708, 710-722, 724-736, 738-750, 752-764, 766-778, 780-792, 794-806, 808-820, 822-834, 836-848, 850-862, 864-876, 878-890, 892-904, 906-918, 920-932, 934-946, 948-960, 962-974, 976-988, 990-1002, 1004-1016, 1018-1030, 1032-1044, 1046-1058, 1060-1072, 1074-1086, 1088-1100, 1102-1114, 1116-1128, 1130-1142, 1144-1156, 1158-1170, 1172-1184, 1186-1198, 1200-1212, 1214-1226, 1228-1240, 1242-1254, 1256-1268, 1270-1282, 1284-1296, 1298-1310, 1312-1324, 1326-1338, 1340-1352, 1354-1366, 1368-1380, 1382-1394, 1396-1408, 1410-1422, 1424-1436, 1438-1450, 1452-1464, 1466-1478, 1480-1492, 1494-1506, 1508-1520, 1522-1534, 1536-1548, 1550-1562, 1564-1576, 1578-1590, 1592-1604, 1606-1618, 1620-1632, 1634-1646, 1648-1660, 1662-1674, 1676-1688, 1690-1702, 1704-1716, 1718-1730, 1732-1744, 1746-1758, 1760-1772, 1774-1786, 1788-1800, 1802-1814, 1816-1828, 1830-1842, 1844-1856, 1858-1870, 1872-1884, 1886-1898, 1900-1912, 1914-1926, 1928-1940, 1942-1954, 1956-1968, 1970-1982, 1984-1996, 1998-2010, 2012-2024, 2026-2038, 2040-2052, 2054-2066, 2068-2080, 2082-2094, 2096-2108, 2110-2122, 2124-2136, 2138-2150, 2152-2164, 2166-2178, 2180-2192, 2194-2206, 2208-2220, 2222-2234, 2236-2248, 2250-2262, 2264-2276, 2278-2290, 2292-2304, 2306-2318, 2320-2332, 2334-2346, 2348-2360, 2362-2374, 2376-2388, 2390-2402, 2404-2416, 2418-2430, 2432-2444, 2446-2458, 2460-2472, 2474-2486, 2488-2500, 2502-2514, 2516-2528, 2530-2542, 2544-2556, 2558-2570, 2572-2584, 2586-2598, 2600-2612, 2614-2626, 2628-2640, 2642-2654, 2656-2668, 2670-2682, 2684-2696, 2698-2710, 2712-2724, 2726-2738, 2740-2752, 2754-2766, 2768-2780, 2782-2794, 2796-2808, 2810-2822, 2824-2836, 2838-2850, 2852-2864, 2866-2878, 2880-2892, 2894-2906, 2908-2920, 2922-2934, 2936-2948, 2950-2962, 2964-2976, 2978-2990, 2992-3004, 3006-3018, 3020-3032, 3034-3046, 3048-3060, 3062-3074, 3076-3088, 3090-3102, 3104-3116, 3118-3130, 3132-3144, 3146-3158, 3160-3172, 3174-3186, 3188-3200, 3202-3214, 3216-3228, 3230-3242, 3244-3256, 3258-3270, 3272-3284, 3286-3298, 3300-3312, 3314-3326, 3328-3340, 3342-3354, 3356-3368, 3370-3382, 3384-3396, 3398-3410, 3412-3424, 3426-3438, 3440-3452, 3454-3466, 3468-3480, 3482-3494, 3496-3508, 3510-3522, 3524-3536, 3538-3550, 3552-3564, 3566-3578, 3580-3592, 3594-3606, 3608-3620, 3622-3634, 3636-3648, 3650-3662, 3664-3676, 3678-3690, 3692-3704, 3706-3718, 3720-3732, 3734-3746, 3748-3760, 3762-3774, 3776-3788, 3790-3802, 3804-3816, 3818-3830, 3832-3844, 3846-3858, 3860-3872, 3874-3886, 3888-3900, 3902-3914, 3916-3928, 3930-3942, 3944-3956, 3958-3970, 3972-3984, 3986-3998, 4000-4012, 4014-4026, 4028-4040, 4042-4054, 4056-4068, 4070-4082, 4084-4096, 4098-4110, 4112-4124, 4126-4138, 4140-4152, 4154-4166, 4168-4180, 4182-4194, 4196-4208, 4210-4222, 4224-4236, 4238-4250, 4252-4264, 4266-4278, 4280-4292, 4294-4306, 4308-4320, 4322-4334, 4336-4348, 4350-4362, 4364-4376, 4378-4390, 4392-4404, 4406-4418, 4420-4432, 4434-4446, 4448-4460, 4462-4474, 4476-4488, 4490-4502, 4504-4516, 4518-4530, 4532-4544, 4546-4558, 4560-4572, 4574-4586, 4588-4600, 4602-4614, 4616-4628, 4630-4642, 4644-4656, 4658-4670, 4672-4684, 4686-4698, 4700-4712, 4714-4726, 4728-4740, 4742-4754, 4756-4768, 4770-4782, 4784-4796, 4798-4810, 4812-4824, 4826-4838, 4840-4852, 4854-4866, 4868-4880, 4882-4894, 4896-4908, 4910-4922, 4924-4936, 4938-4950, 4952-4964, 4966-4978, 4980-4992, 4994-5006, 5008-5020, 5022-5034, 5036-5048, 5050-5062, 5064-5076, 5078-5090, 5092-5104, 5106-5118, 5120-5132, 5134-5146, 5148-5160, 5162-5174, 5176-5188, 5190-5202, 5204-5216, 5218-5230, 5232-5244, 5246-5258, 5260-5272, 5274-5286, 5288-5300, 5302-5314, 5316-5328, 5330-5342, 5344-5356, 5358-5370, 5372-5384, 5386-5398, 5400-5412, 5414-5426, 5428-5440, 5442-5454, 5456-5468, 5470-5482, 5484-5496, 5498-5510, 5512-5524, 5526-5538, 5540-5552, 5554-5566, 5568-5580, 5582-5594, 5596-5608, 5610-5622, 5624-5636, 5638-5650, 5652-5664, 5666-5678, 5680-5692, 5694-5706, 5708-5720, 5722-5734, 5736-5748, 5750-5762, 5764-5776, 5778-5790, 5792-5804, 5806-5818, 5820-5832, 5834-5846, 5848-5860, 5862-5874, 5876-5888, 5890-5902, 5904-5916, 5918-5930, 5932-5944, 5946-5958, 5960-5972, 5974-5986, 5988-6000, 6002-6014, 6016-6028, 6030-6042, 6044-6056, 6058-6070, 6072-6084, 6086-6098, 6100-6112, 6114-6126, 6128-6140, 6142-6154, 6156-6168, 6170-6182, 6184-6196, 6198-6210, 6212-6224, 6226-6238, 6240-6252, 6254-6266, 6268-6280, 6282-6294, 6296-6308, 6310-6322, 6324-6336, 6338-6350, 6352-6364, 6366-6378, 6380-6392, 6394-6406, 6408-6420, 6422-6434, 6436-6448, 6450-6462, 6464-6476, 6478-6490, 6492-6504, 6506-6518, 6520-6532, 6534-6546, 6548-6560, 6562-6574, 6576-6588, 6590-6602, 6604-6616, 6618-6630, 6632-6644, 6646-6658, 6660-6672, 6674-6686, 6688-6700, 6702-6714, 6716-6728, 6730-6742, 6744-6756, 6758-6770, 6772-6784, 6786-6798, 6800-6812, 6814-6826, 6828-6840, 6842-6854, 6856-6868, 6870-6882, 6884-6896, 6898-7020
2026-04-05 21:41:39 - root - INFO - Getting method of the patch: tmp/patches/cleaned/aprenfl-defects4j-Math-50-TBar-Patch_1_1.patch
2026-04-05 21:41:39 - root - INFO - Methods already exist for the patch: aprenfl-defects4j-Math-50-TBar-Patch_1_1
2026-04-05 21:41:39 - root - INFO - Getting method of the patch: tmp/patches/cleaned/dl4pc2-defects4j-Math-50-GenProg-DifferentFragPatches-17.patch
2026-04-05 21:41:39 - root - INFO - Methods already exist for the patch: dl4pc2-defects4j-Math-50-GenProg-DifferentFragPatches-17
2026-04-05 21:42:03 - httpx - INFO - HTTP Request: POST http://127.0.0.1:11434/api/chat "HTTP/1.1 200 OK"
2026-04-05 21:42:03 - root - INFO - Received response for model codegemma:7b-instruct on attempt 1 response: **Lines of Code More Similar:**

Lines 1-4, 5-8, 9-12, 13-16, 17-20, 21-24, 25-28, 29-32, 33-36, 37-40, 41-44, 45-48, 49-52, 53-56, 57-60, 61-64, 65-68, 69-72, 73-76, 77-80, 81-84, 85-88, 89-92, 93-96, 97-100, 101-104, 105-108, 109-112, 113-116, 117-120, 121-124, 125-128, 129-132, 133-136, 137-140, 141-144, 145-148, 149-152, 153-156, 157-160, 161-164, 165-168, 169-172, 173-176, 177-180, 181-184, 185-188, 189-192, 193-196, 197-200, 201-204, 205-208, 209-212, 213-216, 217-220, 221-224, 225-228, 229-232, 233-236, 237-240, 241-244, 245-248, 249-252, 253-256, 257-260, 261-264, 265-268, 269-272, 273-276, 277-280, 281-284, 285-288, 289-292, 293-296, 297-300, 301-304, 305-308, 309-312, 313-316, 317-320, 321-324, 325-328, 329-332, 333-336, 337-340, 341-344, 345-348, 349-352, 353-356, 357-360, 361-364, 365-368, 369-372, 373-376, 377-380, 381-384, 385-388, 389-392, 393-396, 397-400, 401-404, 405-408, 409-412, 413-416, 417-420, 421-424, 425-428, 429-432, 433-436, 437-440, 441-444, 445-448, 449-452, 453-456, 457-460, 461-464, 465-468, 469-472, 473-476, 477-480, 481-484, 485-488, 489-492, 493-496, 497-500, 501-504, 505-508, 509-512, 513-516, 517-520, 521-524, 525-528, 529-532, 533-536, 537-540, 541-544, 545-548, 549-552, 553-556, 557-560, 561-564, 565-568, 569-572, 573-576, 577-580, 581-584, 585-588, 589-592, 593-596, 597-600, 601-604, 605-608, 609-612, 613-616, 617-620, 621-624, 625-628, 629-632, 633-636, 637-640, 641-644, 645-648, 649-652, 653-656, 657-660, 661-664, 665-668, 669-672, 673-676, 677-680, 681-684, 685-688, 689-692, 693-696, 697-700, 701-704, 705-708, 709-712, 713-716, 717-720, 721-724, 725-728, 729-732, 733-736, 737-740, 741-744, 745-748, 749-752, 753-756, 757-760, 761-764, 765-768, 769-772, 773-776, 777-780, 781-784, 785-788, 789-792, 793-796, 797-800, 801-804, 805-808, 809-812, 813-816, 817-820, 821-824, 825-828, 829-832, 833-836, 837-840, 841-844, 845-848, 849-852, 853-856, 857-860, 861-864, 865-868, 869-872, 873-876, 877-880, 881-884, 885-888, 889-892, 893-896, 897-900, 901-904, 905-908, 909-912, 913-916, 917-920, 921-924, 925-928, 929-932, 933-936, 937-940, 941-944, 945-948, 949-952, 953-956, 957-960, 961-964, 965-968, 969-972, 973-976, 977-980, 981-984, 985-988, 989-992, 993-996, 997-1000, 1001-1004, 1005-1008, 1009-1012, 1013-1016, 1017-1020, 1021-1024, 1025-1028, 1029-1032, 1033-1036, 1037-1040, 1041-1044, 1045-1048, 1049-1052, 1053-1056, 1057-1060, 1061-1064, 1065-1068, 1069-1072, 1073-1076, 1077-1080, 1081-1084, 1085-1088, 1089-1092, 1093-1096, 1097-1100, 1101-1104, 1105-1108, 1109-1112, 1113-1116, 1117-1120, 1121-1124, 1125-1128, 1129-1132, 1133-1136, 1137-1140, 1141-1144, 1145-1148, 1149-1152, 1153-1156, 1157-1160, 1161-1164, 1165-1168, 1169-1172, 1173-1176, 1177-1180, 1181-1184, 1185-1188, 1189-1192, 1193-1196, 1197-2000

**Semantic Similarity:**

The two code snippets are semantically similar. They both implement the same algorithm for finding the root of a function. The differences between the two snippets are mostly in the details of the implementation, such as the choice of method and the handling of special cases.

**Conclusion:**

Based on the lines of code more similar report, the two code snippets are semantically similar.
2026-04-05 21:42:03 - root - INFO - Getting method of the patch: tmp/patches/cleaned/aprenfl-defects4j-Math-50-TBar-Patch_1_1.patch
2026-04-05 21:42:03 - root - INFO - Methods already exist for the patch: aprenfl-defects4j-Math-50-TBar-Patch_1_1
2026-04-05 21:42:03 - root - INFO - Getting method of the patch: tmp/patches/cleaned/dl4pc2-defects4j-Math-50-GenProg-DifferentFragPatches-194.patch
2026-04-05 21:42:03 - root - INFO - Methods already exist for the patch: dl4pc2-defects4j-Math-50-GenProg-DifferentFragPatches-194
2026-04-05 21:43:03 - root - WARNING - [WARN] Retry 2/3 for model codegemma:7b-instruct: timed out
2026-04-05 21:44:08 - root - WARNING - [WARN] Retry 2/3 for model codegemma:7b-instruct: timed out
2026-04-05 21:45:13 - root - WARNING - [WARN] Retry 2/3 for model codegemma:7b-instruct: timed out
2026-04-05 21:46:18 - root - WARNING - [WARN] Retry 2/3 for model codegemma:7b-instruct: timed out
2026-04-05 21:47:23 - root - WARNING - [WARN] Retry 2/3 for model codegemma:7b-instruct: timed out
2026-04-05 21:48:28 - root - WARNING - [WARN] Retry 2/3 for model codegemma:7b-instruct: timed out
2026-04-05 21:49:33 - root - WARNING - [WARN] Retry 2/3 for model codegemma:7b-instruct: timed out
2026-04-05 21:50:38 - root - WARNING - [WARN] Retry 2/3 for model codegemma:7b-instruct: timed out
2026-04-05 21:51:44 - root - WARNING - [WARN] Retry 2/3 for model codegemma:7b-instruct: timed out
2026-04-05 21:52:49 - root - WARNING - [WARN] Retry 2/3 for model codegemma:7b-instruct: timed out
2026-04-05 21:53:54 - root - WARNING - [WARN] Retry 2/3 for model codegemma:7b-instruct: timed out
2026-04-05 21:54:00 - httpx - INFO - HTTP Request: POST http://127.0.0.1:11434/api/chat "HTTP/1.1 200 OK"
2026-04-05 21:54:00 - root - INFO - Received response for model codegemma:7b-instruct on attempt 1 response: **Lines of Code More Similar:**

Lines 1-24, 26-48, 50-72, 74-96, 98-120, 122-144, 146-168, 170-192, 194-216, 218-240 are more similar in both code snippets.

**Semantic Similarity:**

Yes, the two code snippets are semantically similar. They both implement the same algorithm for finding the root of a function using the Regula Falsi method. The differences between the snippets are mainly in the implementation details, such as the handling of the initial interval and the use of different accuracy criteria.
2026-04-05 21:54:00 - root - INFO - Getting method of the patch: tmp/patches/cleaned/aprenfl-defects4j-Math-50-TBar-Patch_1_1.patch
2026-04-05 21:54:00 - root - INFO - Methods already exist for the patch: aprenfl-defects4j-Math-50-TBar-Patch_1_1
2026-04-05 21:54:00 - root - INFO - Getting method of the patch: tmp/patches/cleaned/dl4pc2-defects4j-Math-50-GenProg-DifferentFragPatches-220.patch
2026-04-05 21:54:00 - root - INFO - Methods already exist for the patch: dl4pc2-defects4j-Math-50-GenProg-DifferentFragPatches-220
2026-04-05 21:54:49 - httpx - INFO - HTTP Request: POST http://127.0.0.1:11434/api/chat "HTTP/1.1 200 OK"
2026-04-05 21:54:49 - root - INFO - Received response for model codegemma:7b-instruct on attempt 1 response: **Lines of code more similar:**

Lines 1-14, 23-34, 43-54, 63-74, 83-94, 103-114, 123-134, 143-154, 163-174, 183-194, 203-214, 223-234, 243-254, 263-274, 283-294, 303-314, 323-334, 343-354, 363-374, 383-394, 403-414, 423-434, 443-454, 463-474, 483-494, 503-514, 523-534, 543-554, 563-574, 583-594, 603-614, 623-634, 643-654, 663-674, 683-694, 703-714, 723-734, 743-754, 763-774, 783-794, 803-814, 823-834, 843-854, 863-874, 883-894, 903-914, 923-934, 943-954, 963-974, 983-994, 1003-1014, 1023-1034, 1043-1054, 1063-1074, 1083-1094, 1103-1114, 1123-1134, 1143-1154, 1163-1174, 1183-1194, 1203-1214, 1223-1234, 1243-1254, 1263-1274, 1283-1294, 1303-1314, 1323-1334, 1343-1354, 1363-1374, 1383-1394, 1403-1414, 1423-1434, 1443-1454, 1463-1474, 1483-1494, 1503-1514, 1523-1534, 1543-1554, 1563-1574, 1583-1594, 1603-1614, 1623-1634, 1643-1654, 1663-1674, 1683-1694, 1703-1714, 1723-1734, 1743-1754, 1763-1774, 1783-1794, 1803-1814, 1823-1834, 1843-1854, 1863-1874, 1883-1894, 1903-1914, 1923-1934, 1943-1954, 1963-1974, 1983-1994, 2003-2014, 2023-2034, 2043-2054, 2063-2074, 2083-2094, 2103-2114, 2123-2134, 2143-2154, 2163-2174, 2183-2194, 2203-2214, 2223-2234, 2243-2254, 2263-2274, 2283-2294, 2303-2314, 2323-2334, 2343-2354, 2363-2374, 2383-2394, 2403-2414, 2423-2434, 2443-2454, 2463-2474, 2483-2494, 2503-2514, 2523-2534, 2543-2554, 2563-2574, 2583-2594, 2603-2614, 2623-2634, 2643-2654, 2663-2674, 2683-2694, 2703-2714, 2723-2734, 2743-2754, 2763-2774, 2783-2794, 2803-2814, 2823-2834, 2843-2854, 2863-2874, 2883-2894, 2903-2914, 2923-2934, 2943-2954, 2963-2974, 2983-2994, 3003-3014, 3023-3034, 3043-3054, 3063-3074, 3083-3094, 3103-3114, 3123-3134, 3143-3154, 3163-3174, 3183-3194, 3203-3214, 3223-3234, 3243-3254, 3263-3274, 3283-3294, 3303-3314, 3323-3334, 3343-3354, 3363-3374, 3383-3394, 3403-3414, 3423-3434, 3443-3454, 3463-3474, 3483-3494, 3503-3514, 3523-3534, 3543-3554, 3563-3574, 3583-3594, 3603-3614, 3623-3634, 3643-3654, 3663-3674, 3683-3694, 3703-3714, 3723-3734, 3743-3754, 3763-3774, 3783-3794, 3803-3814, 3823-3834, 3843-3854, 3863-3874, 3883-3894, 3903-3914, 3923-3934, 3943-3954, 3963-3974, 3983-3994, 4003-4014, 4023-4034, 4043-4054, 4063-4074, 4083-4094, 4103-4114, 4123-4134, 4143-4154, 4163-4174, 4183-4194, 4203-4214, 4223-4234, 4243-4254, 4263-4274, 4283-4294, 4303-4314, 4323-4334, 4343-4354, 4363-4374, 4383-4394, 4403-4414, 4423-4434, 4443-4454, 4463-4474, 4483-4494, 4503-4514, 4523-4534, 4543-4554, 4563-4574, 4583-4594, 4603-4614, 4623-4634, 4643-4654, 4663-4674, 4683-4694, 4703-4714, 4723-4734, 4743-4754, 4763-4774, 4783-4794, 4803-4814, 4823-4834, 4843-4854, 4863-4874, 4883-4894, 4903-4914, 4923-4934, 4943-4954, 4963-4974, 4983-4994, 5003-5014, 5023-5034, 5043-5054, 5063-5074, 5083-5094, 5103-5114, 5123-5134, 5143-5154, 5163-5174, 5183-5194, 5203-5214, 5223-5234, 5243-5254, 5263-5274, 5283-5294, 5303-5314, 5323-5334, 5343-5354, 5363-5374, 5383-5394, 5403-5414, 5423-5434, 5443-5454, 5463-5474, 5483-5494, 5503-5514, 5523-5534, 5543-5554, 5563-5574, 5583-5594, 5603-5614, 5623-5634, 5643-5654, 5663-5674, 5683-5694, 5703-5714, 5723-5734, 5743-5754, 5763-5774, 5783-5794, 5803-5814, 5823-5834, 5843-5854, 5863-5874, 5883-5894, 5903-5914, 5923-5934, 5943-5954, 5963-5974, 5983-5994, 6003-6014, 6023-6034, 6043-6054, 6063-6074, 6083-6094, 6103-6114, 6123-6134, 6143-6154, 6163-6174, 6183-6194, 6203-6214, 6223-6234, 6243-6254, 6263-6274, 6283-6294, 6303-6314, 6323-6334, 6343-6354, 6363-6374, 6383-6394, 6403-6414, 6423-6434, 6443-6454, 6463-6474, 6483-6494, 6503-6514, 6523-6534, 6543-6554, 6563-6574, 6583-6594, 6603-6614, 6623-6634, 6643-6654, 6663-6674, 6683-6694, 6703-6714, 6723-6734, 6743-6754, 6763-6774, 6783-6794, 6803-6814, 6823-6834, 6843-6854, 6863-6874, 6883-6894, 6903-6914, 6923-6934, 6943-6954, 6963-6974, 6983-6994, 7003-7014, 7023-7034, 7043-7054, 7063-7074, 7083-7094, 7103-7114, 7123-7134, 7143-7154, 7163-7174, 7183-7194, 7203-7214, 7223-7234, 7243-7254, 7263-7274, 7283-7294, 7303-7314, 7323-7334, 7343-7354, 7363-7374, 7383-7394, 7403-7414, 7423-7434, 7443-7454, 7463-7474, 7483-7494, 7503-7514, 7523-7534, 7543-7554, 7563-7574, 7583-7594, 7603-7614, 7623-7634, 7643-7654, 7663-7674, 7683-7694, 7703-7714, 7723-7734, 7743-7754, 7763-7774, 7783-7794, 7803-7814, 7823-7834, 7843-7854, 7863-7874, 7883-7894, 7903-7914, 7923-7934, 7943-7954, 7963-7974, 7983-7994, 8003-8014, 8023-8034, 8043-8054, 8063-8074, 8083-8094, 8103-8114, 8123-8134, 8143-8154, 8163-8174, 8183-8194, 8203-8214, 8223-8234, 8243-8254, 8263-8274, 8283-8294, 8303-8314, 8323-8334, 8343-8354, 8363-8374, 8383-8394, 8403-8414, 8423-8434, 8443-8454, 8463-8474, 8483-8494, 8503-8514, 8523-8534, 8543-8554, 8563-8574, 8583-8594, 8603-8614, 8623-8634, 8643-8654, 8663-8674, 8683-8694, 8703-8714, 8723-8734, 8743-8754, 8763-8774, 8783-8794, 8803-8814, 8823-8834, 8843-8854, 8863-8874, 8883-8894, 8903-8914, 8923-8934, 8943-8954, 8963-8974, 8983-8994, 9003-9014, 9023-9034, 9043-9054, 9063-9074, 9083-9094, 9103-9114, 9123-9134, 9143-9154, 9163-9174, 9183-9194, 9203-9214, 9223-9234, 9243-9254, 9263-9274, 9283-9294, 9303-9314, 9323-9334, 9343-9354, 9363-9374, 9383-9394, 9403-9414, 9423-9434, 9443-9454, 9463-9474, 9483-9494, 9503-9514, 9523-9534, 9543-9554, 9563-9574, 9583-9594, 9603-9614, 9623-9634, 9643-9654, 9663-9674, 9683-9694, 9703-9714, 9723-9734, 9743-9754, 9763-9774, 9783-9794, 9803-9814, 9823-9834, 9843-9854, 9863-9874, 9883-9894, 9903-9914, 9923-9934, 9943-9954, 9963-9974, 9983-9994, 10003-10014
2026-04-05 21:54:49 - root - INFO - Getting method of the patch: tmp/patches/cleaned/aprenfl-defects4j-Math-50-TBar-Patch_1_1.patch
2026-04-05 21:54:49 - root - INFO - Methods already exist for the patch: aprenfl-defects4j-Math-50-TBar-Patch_1_1
2026-04-05 21:54:49 - root - INFO - Getting method of the patch: tmp/patches/cleaned/dl4pc2-defects4j-Math-50-GenProg-DifferentFragPatches-111.patch
2026-04-05 21:54:49 - root - INFO - Methods already exist for the patch: dl4pc2-defects4j-Math-50-GenProg-DifferentFragPatches-111
2026-04-05 21:54:51 - httpx - INFO - HTTP Request: POST http://127.0.0.1:11434/api/chat "HTTP/1.1 200 OK"
2026-04-05 21:54:51 - root - INFO - Received response for model codegemma:7b-instruct on attempt 1 response: **Lines of Code More Similar:**

Lines 1-10 of both code snippets are similar, as they both define the `doSolve()` method with similar logic for initializing variables and verifying bracketing.

**Semantic Similarity:**

Yes, the two code snippets are semantically similar. They both implement the same algorithm for finding a root of a function using the Regula Falsi method. The differences between the snippets are minor and do not affect the overall functionality.

**Differences:**

* In Patch 2, the code for updating the left bound in the `REGULA_FALSI` case is modified to use a different formula.
* In Patch 2, the code for handling the case where the function value of the last approximation is too small is modified to use a different accuracy threshold.

**Conclusion:**

Despite the minor differences, the two code snippets are semantically similar and perform the same root-finding algorithm.
2026-04-05 21:54:51 - root - INFO - Getting method of the patch: tmp/patches/cleaned/aprenfl-defects4j-Math-50-TBar-Patch_1_1.patch
2026-04-05 21:54:51 - root - INFO - Methods already exist for the patch: aprenfl-defects4j-Math-50-TBar-Patch_1_1
2026-04-05 21:54:51 - root - INFO - Getting method of the patch: tmp/patches/cleaned/dl4pc2-defects4j-Math-50-GenProg-DifferentFragPatches-69.patch
2026-04-05 21:54:51 - root - INFO - Methods already exist for the patch: dl4pc2-defects4j-Math-50-GenProg-DifferentFragPatches-69
2026-04-05 21:55:51 - root - WARNING - [WARN] Retry 2/3 for model codegemma:7b-instruct: timed out
2026-04-05 21:56:56 - root - WARNING - [WARN] Retry 2/3 for model codegemma:7b-instruct: timed out
2026-04-05 21:58:01 - root - WARNING - [WARN] Retry 2/3 for model codegemma:7b-instruct: timed out
2026-04-05 21:59:06 - root - WARNING - [WARN] Retry 2/3 for model codegemma:7b-instruct: timed out
2026-04-05 22:00:11 - root - WARNING - [WARN] Retry 2/3 for model codegemma:7b-instruct: timed out
2026-04-05 22:01:16 - root - WARNING - [WARN] Retry 2/3 for model codegemma:7b-instruct: timed out
2026-04-05 22:02:22 - root - WARNING - [WARN] Retry 2/3 for model codegemma:7b-instruct: timed out
2026-04-05 22:03:27 - root - WARNING - [WARN] Retry 2/3 for model codegemma:7b-instruct: timed out
2026-04-05 22:03:34 - httpx - INFO - HTTP Request: POST http://127.0.0.1:11434/api/chat "HTTP/1.1 200 OK"
2026-04-05 22:03:34 - root - INFO - Received response for model codegemma:7b-instruct on attempt 1 response: **Lines of code more similar:**

Lines 1-14 of both code snippets are similar, including the method signature, variable declarations, and initializations.

**Semantic similarity:**

Yes, the two code snippets are semantically similar. They both implement the same algorithm for finding the root of a function using the Regula Falsi method. The differences between the snippets are minor and do not affect the functionality of the code.

**Explanation:**

* Both snippets use the Regula Falsi method to iteratively approximate the root of a function.
* They both handle cases where the initial bounds are the exact root.
* They both use the function value accuracy, absolute accuracy, and relative accuracy to determine when the approximation is close enough to the root.
* The only difference between the snippets is in the handling of the case where the interval becomes too small. In the first snippet, the interval is expanded by a fixed amount. In the second snippet, the interval is expanded based on the relative accuracy and absolute accuracy.

**Conclusion:**

Based on the analysis of the code snippets, we can conclude that they are semantically similar and implement the same algorithm for finding the root of a function using the Regula Falsi method.
2026-04-05 22:03:34 - root - INFO - Getting method of the patch: tmp/patches/cleaned/aprenfl-defects4j-Math-50-TBar-Patch_1_1.patch
2026-04-05 22:03:34 - root - INFO - Methods already exist for the patch: aprenfl-defects4j-Math-50-TBar-Patch_1_1
2026-04-05 22:03:34 - root - INFO - Getting method of the patch: tmp/patches/cleaned/dl4pc2-defects4j-Math-50-GenProg-DifferentFragPatches-1.patch
2026-04-05 22:03:34 - root - INFO - Methods already exist for the patch: dl4pc2-defects4j-Math-50-GenProg-DifferentFragPatches-1
2026-04-05 22:04:34 - root - WARNING - [WARN] Retry 2/3 for model codegemma:7b-instruct: timed out
2026-04-05 22:05:39 - root - WARNING - [WARN] Retry 2/3 for model codegemma:7b-instruct: timed out
2026-04-05 22:06:44 - root - WARNING - [WARN] Retry 2/3 for model codegemma:7b-instruct: timed out
2026-04-05 22:07:15 - httpx - INFO - HTTP Request: POST http://127.0.0.1:11434/api/chat "HTTP/1.1 200 OK"
2026-04-05 22:07:15 - root - INFO - Received response for model codegemma:7b-instruct on attempt 1 response: **Lines of Code More Similar:**

Lines 1-14, 16-28, 30-44, 46-58, 60-72, 74-86, 88-94, 96-108, 110-122, 124-136, 138-144, 146-158, 160-166, 168-174, 176-182, 184-190, 192-204, 206-218, 220-232, 234-246, 248-260, 262-274, 276-288, 290-302, 304-316, 318-330, 332-344, 346-358, 360-372, 374-386, 388-396, 398-410, 412-424, 426-438, 440-452, 454-466, 468-480, 482-494, 496-508, 510-522, 524-536, 538-550, 552-564, 566-578, 580-592, 594-606, 608-620, 622-634, 636-648, 650-662, 664-676, 678-690, 692-704, 706-718, 720-732, 734-746, 748-760, 762-774, 776-788, 790-802, 804-816, 818-830, 832-844, 846-858, 860-872, 874-886, 888-900, 902-914, 916-928, 930-942, 944-956, 958-970, 972-984, 986-998, 1000-1012, 1014-1026, 1028-1040, 1042-1054, 1056-1068, 1070-1082, 1084-1096, 1098-1110, 1112-1124, 1126-1138, 1140-1152, 1154-1166, 1168-1180, 1182-1194, 1196-1208, 1210-1222, 1224-1236, 1238-1250, 1252-1264, 1266-1278, 1280-1292, 1294-1306, 1308-1320, 1322-1334, 1336-1348, 1350-1362, 1364-1376, 1378-1390, 1392-1404, 1406-1418, 1420-1432, 1434-1446, 1448-1460, 1462-1474, 1476-1488, 1490-1502, 1504-1516, 1518-1530, 1532-1544, 1546-1558, 1560-1572, 1574-1586, 1588-1600, 1602-1614, 1616-1628, 1630-1642, 1644-1656, 1658-1670, 1672-1684, 1686-1698, 1700-1712, 1714-1726, 1728-1740, 1742-1754, 1756-1768, 1770-1782, 1784-1796, 1798-1810, 1812-1824, 1826-1838, 1840-1852, 1854-1866, 1868-1880, 1882-1894, 1896-1908, 1910-1922, 1924-1936, 1938-1950, 1952-1964, 1966-1978, 1980-1992, 1994-2006, 2008-2020, 2022-2034, 2036-2048, 2050-2062, 2064-2076, 2078-2090, 2092-2104, 2106-2118, 2120-2132, 2134-2146, 2148-2160, 2162-2174, 2176-2188, 2190-2202, 2204-2216, 2218-2230, 2232-2244, 2246-2258, 2260-2272, 2274-2286, 2288-2300, 2302-2314, 2316-2328, 2330-2342, 2344-2356, 2358-2370, 2372-2384, 2386-2398, 2400-2412, 2414-2426, 2428-2440, 2442-2454, 2456-2468, 2470-2482, 2484-2496, 2498-2510, 2512-2524, 2526-2538, 2540-2552, 2554-2566, 2568-2580, 2582-2594, 2596-2608, 2610-2622, 2624-2636, 2638-2650, 2652-2664, 2666-2678, 2680-2692, 2694-2706, 2708-2720, 2722-2734, 2736-2748, 2750-2762, 2764-2776, 2778-2790, 2792-2804, 2806-2818, 2820-2832, 2834-2846, 2848-2860, 2862-2874, 2876-2888, 2890-2902, 2904-2916, 2918-2930, 2932-2944, 2946-2958, 2960-2972, 2974-2986, 2988-3000, 3002-3014, 3016-3028, 3030-3042, 3044-3056, 3058-3070, 3072-3084, 3086-3098, 3100-3112, 3114-3126, 3128-3140, 3142-3154, 3156-3168, 3170-3182, 3184-3196, 3198-3210, 3212-3224, 3226-3238, 3240-3252, 3254-3266, 3268-3280, 3282-3294, 3296-3308, 3310-3322, 3324-3336, 3338-3350, 3352-3364, 3366-3378, 3380-3392, 3394-3406, 3408-3420, 3422-3434, 3436-3448, 3450-3462, 3464-3476, 3478-3490, 3492-3504, 3506-3518, 3520-3532, 3534-3546, 3548-3560, 3562-3574, 3576-3588, 3590-3602, 3604-3616, 3618-3630, 3632-3644, 3646-3658, 3660-3672, 3674-3686, 3688-3700, 3702-3714, 3716-3728, 3730-3742, 3744-3756, 3758-3770, 3772-3784, 3786-3798, 3800-3812, 3814-3826, 3828-3840, 3842-3854, 3856-3868, 3870-3882, 3884-3896, 3898-4010

**Semantic Similarity:**

Based on the lines of code more similar report, the two code snippets are semantically similar. They both implement the same algorithm for finding the root of a function using the Regula falsi method.
2026-04-05 22:07:15 - root - INFO - Getting method of the patch: tmp/patches/cleaned/aprenfl-defects4j-Math-50-TBar-Patch_1_1.patch
2026-04-05 22:07:15 - root - INFO - Methods already exist for the patch: aprenfl-defects4j-Math-50-TBar-Patch_1_1
2026-04-05 22:07:15 - root - INFO - Getting method of the patch: tmp/patches/cleaned/dl4pc2-defects4j-Math-50-GenProg-DifferentFragPatches-351.patch
2026-04-05 22:07:15 - root - INFO - Methods already exist for the patch: dl4pc2-defects4j-Math-50-GenProg-DifferentFragPatches-351
2026-04-05 22:07:16 - httpx - INFO - HTTP Request: POST http://127.0.0.1:11434/api/chat "HTTP/1.1 200 OK"
2026-04-05 22:07:16 - root - INFO - Received response for model codegemma:7b-instruct on attempt 1 response: **Lines of code more similar:**

Lines 1-14 of both code snippets are similar, as they both implement the `doSolve()` method for solving an optimization problem.

**Semantic similarity:**

Yes, the two code snippets are semantically similar. They both implement the same algorithm for finding a root of a function using the Regula Falsi method. The only difference between the two snippets is in the handling of the case where the function value at the initial solution is exactly zero. In the first snippet, the code returns the initial solution directly, while in the second snippet, the code checks if the function value at the initial solution is zero and returns the other solution if it is.

**Conclusion:**

The two code snippets are semantically similar, with the only difference being in the handling of the case where the function value at the initial solution is exactly zero.
2026-04-05 22:07:16 - root - INFO - Getting method of the patch: tmp/patches/cleaned/aprenfl-defects4j-Math-50-TBar-Patch_1_1.patch
2026-04-05 22:07:16 - root - INFO - Methods already exist for the patch: aprenfl-defects4j-Math-50-TBar-Patch_1_1
2026-04-05 22:07:16 - root - INFO - Getting method of the patch: tmp/patches/cleaned/dl4pc2-defects4j-Math-50-GenProg-DifferentFragPatches-138.patch
2026-04-05 22:07:16 - root - INFO - Methods already exist for the patch: dl4pc2-defects4j-Math-50-GenProg-DifferentFragPatches-138
2026-04-05 22:08:17 - root - WARNING - [WARN] Retry 2/3 for model codegemma:7b-instruct: timed out
2026-04-05 22:09:22 - root - WARNING - [WARN] Retry 2/3 for model codegemma:7b-instruct: timed out
2026-04-05 22:10:27 - root - WARNING - [WARN] Retry 2/3 for model codegemma:7b-instruct: timed out
2026-04-05 22:11:32 - root - WARNING - [WARN] Retry 2/3 for model codegemma:7b-instruct: timed out
2026-04-05 22:11:44 - httpx - INFO - HTTP Request: POST http://127.0.0.1:11434/api/chat "HTTP/1.1 200 OK"
2026-04-05 22:11:44 - root - INFO - Received response for model codegemma:7b-instruct on attempt 1 response: **Lines of Code More Similar:**

Lines 1-10, 12-23, 25-34, 36-47, 49-60, 62-73, 75-86, 88-99, 101-112, 114-125, 127-138, 140-151, 153-164, 166-177, 179-190, 192-203, 205-216, 218-229, 231-242, 244-255, 257-268, 270-281, 283-294, 296-307, 309-320, 322-333, 335-346, 348-359, 361-372, 374-385, 387-398, 400-411, 413-424, 426-437, 439-450, 452-463, 465-476, 478-489, 491-502, 504-515, 517-528, 530-541, 543-554, 556-567, 569-580, 582-593, 595-606, 608-619, 621-632, 634-645, 647-658, 660-671, 673-684, 686-697, 699-710, 712-723, 725-736, 738-749, 751-762, 764-775, 777-788, 790-801, 803-814, 816-827, 829-840, 842-853, 855-866, 868-879, 881-892, 894-905, 907-918, 920-931, 933-944, 946-957, 959-970, 972-983, 985-996, 998-1009, 1011-1022, 1024-1035, 1037-1048, 1050-1061, 1063-1074, 1076-1087, 1089-1090

**Semantic Similarity:**

Based on the lines of code more similar report, the two code snippets are **semantically similar**. They share a similar structure, algorithm, and logic for finding the root of a function.
2026-04-05 22:11:44 - root - INFO - Getting method of the patch: tmp/patches/cleaned/aprenfl-defects4j-Math-50-TBar-Patch_1_1.patch
2026-04-05 22:11:44 - root - INFO - Methods already exist for the patch: aprenfl-defects4j-Math-50-TBar-Patch_1_1
2026-04-05 22:11:44 - root - INFO - Getting method of the patch: tmp/patches/cleaned/dl4pc2-defects4j-Math-50-GenProg-DifferentFragPatches-359.patch
2026-04-05 22:11:44 - root - INFO - Methods already exist for the patch: dl4pc2-defects4j-Math-50-GenProg-DifferentFragPatches-359
2026-04-05 22:12:08 - httpx - INFO - HTTP Request: POST http://127.0.0.1:11434/api/chat "HTTP/1.1 200 OK"
2026-04-05 22:12:08 - root - INFO - Received response for model codegemma:7b-instruct on attempt 1 response: **Lines of code more similar:**

Lines 1-4, 5-8, 9-12, 13-16, 17-20, 21-24, 25-28, 29-32, 33-36, 37-40, 41-44, 45-48, 49-52, 53-56, 57-60, 61-64, 65-68, 69-72, 73-76, 77-80, 81-84, 85-88, 89-92, 93-96, 97-100, 101-104, 105-108, 109-112, 113-116, 117-120, 121-124, 125-128, 129-132, 133-136, 137-140, 141-144, 145-148, 149-152, 153-156, 157-160, 161-164, 165-168, 169-172, 173-176, 177-180, 181-184, 185-188, 189-192, 193-196, 197-200, 201-204, 205-208, 209-212, 213-216, 217-220, 221-224, 225-228, 229-232, 233-236, 237-240, 241-244, 245-248, 249-252, 253-256, 257-260, 261-264, 265-268, 269-272, 273-276, 277-280, 281-284, 285-288, 289-292, 293-296, 297-300, 301-304, 305-308, 309-312, 313-316, 317-320, 321-324, 325-328, 329-332, 333-336, 337-340, 341-344, 345-348, 349-352, 353-356, 357-360, 361-364, 365-368, 369-372, 373-376, 377-380, 381-384, 385-388, 389-392, 393-396, 397-400, 401-404, 405-408, 409-412, 413-416, 417-420, 421-424, 425-428, 429-432, 433-436, 437-440, 441-444, 445-448, 449-452, 453-456, 457-460, 461-464, 465-468, 469-472, 473-476, 477-480, 481-484, 485-488, 489-492, 493-496, 497-500, 501-504, 505-508, 509-512, 513-516, 517-520, 521-524, 525-528, 529-532, 533-536, 537-540, 541-544, 545-548, 549-552, 553-556, 557-560, 561-564, 565-568, 569-572, 573-576, 577-580, 581-584, 585-588, 589-592, 593-596, 597-600, 601-604, 605-608, 609-612, 613-616, 617-620, 621-624, 625-628, 629-632, 633-636, 637-640, 641-644, 645-648, 649-652, 653-656, 657-660, 661-664, 665-668, 669-672, 673-676, 677-680, 681-684, 685-688, 689-692, 693-696, 697-700, 701-704, 705-708, 709-712, 713-716, 717-720, 721-724, 725-728, 729-732, 733-736, 737-740, 741-744, 745-748, 749-752, 753-756, 757-760, 761-764, 765-768, 769-772, 773-776, 777-780, 781-784, 785-788, 789-792, 793-796, 797-800, 801-804, 805-808, 809-812, 813-816, 817-820, 821-824, 825-828, 829-832, 833-836, 837-840, 841-844, 845-848, 849-852, 853-856, 857-860, 861-864, 865-868, 869-872, 873-876, 877-880, 881-884, 885-888, 889-892, 893-896, 897-900, 901-904, 905-908, 909-912, 913-916, 917-920, 921-924, 925-928, 929-932, 933-936, 937-940, 941-944, 945-948, 949-952, 953-956, 957-960, 961-964, 965-968, 969-972, 973-976, 977-980, 981-984, 985-988, 989-992, 993-996, 997-1000, 1001-1004, 1005-1008, 1009-1012, 1013-1016, 1017-1020, 1021-1024, 1025-1028, 1029-1032, 1033-1036, 1037-1040, 1041-1044, 1045-1048, 1049-1052, 1053-1056, 1057-1060, 1061-1064, 1065-1068, 1069-1072, 1073-1076, 1077-1080, 1081-1084, 1085-1088, 1089-1092, 1093-1096, 1097-1100, 1101-1104, 1105-1108, 1109-1112, 1113-1116, 1117-1120, 1121-1124, 1125-1128, 1129-1132, 1133-1136, 1137-1140, 1141-1144, 1145-1148, 1149-1152, 1153-1156, 1157-1160, 1161-1164, 1165-1168, 1169-1172, 1173-1176, 1177-1180, 1181-1184, 1185-1188, 1189-1192, 1193-1196, 1197-2000

**Semantic similarity:**

The two code snippets are semantically similar. They both implement the same algorithm for finding the root of a function using the Regula falsi method. The code is well-structured, documented, and uses clear variable names.
2026-04-05 22:12:08 - root - INFO - Getting method of the patch: tmp/patches/cleaned/aprenfl-defects4j-Math-50-TBar-Patch_1_1.patch
2026-04-05 22:12:08 - root - INFO - Methods already exist for the patch: aprenfl-defects4j-Math-50-TBar-Patch_1_1
2026-04-05 22:12:08 - root - INFO - Getting method of the patch: tmp/patches/cleaned/dl4pc2-defects4j-Math-50-GenProg-DifferentFragPatches-215.patch
2026-04-05 22:12:08 - root - INFO - Methods already exist for the patch: dl4pc2-defects4j-Math-50-GenProg-DifferentFragPatches-215
2026-04-05 22:13:08 - root - WARNING - [WARN] Retry 2/3 for model codegemma:7b-instruct: timed out
2026-04-05 22:14:13 - root - WARNING - [WARN] Retry 2/3 for model codegemma:7b-instruct: timed out
2026-04-05 22:15:18 - root - WARNING - [WARN] Retry 2/3 for model codegemma:7b-instruct: timed out
2026-04-05 22:16:23 - root - WARNING - [WARN] Retry 2/3 for model codegemma:7b-instruct: timed out
2026-04-05 22:17:28 - root - WARNING - [WARN] Retry 2/3 for model codegemma:7b-instruct: timed out
2026-04-05 22:18:33 - root - WARNING - [WARN] Retry 2/3 for model codegemma:7b-instruct: timed out
2026-04-05 22:19:38 - root - WARNING - [WARN] Retry 2/3 for model codegemma:7b-instruct: timed out
2026-04-05 22:20:02 - httpx - INFO - HTTP Request: POST http://127.0.0.1:11434/api/chat "HTTP/1.1 200 OK"
2026-04-05 22:20:02 - root - INFO - Received response for model codegemma:7b-instruct on attempt 1 response: **Lines of Code More Similar:**

Lines 1-10, 12-24, 26-38, 40-52, 54-66, 68-80, 82-94, 96-108, 110-122, 124-136, 138-150, 152-164, 166-178, 180-192, 194-206, 208-220, 222-234, 236-248, 250-262, 264-276, 278-290, 292-304, 306-318, 320-332, 334-346, 348-360, 362-374, 376-388, 390-402, 404-416, 418-430, 432-444, 446-458, 460-472, 474-486, 488-500, 502-514, 516-528, 530-542, 544-556, 558-570, 572-584, 586-600, 602-614, 616-628, 630-642, 644-656, 658-670, 672-684, 686-698, 700-712, 714-726, 728-740, 742-754, 756-768, 770-782, 784-796, 798-810, 812-824, 826-838, 840-852, 854-866, 868-880, 882-894, 896-908, 910-922, 924-936, 938-950, 952-964, 966-978, 980-992, 994-1006, 1008-1020, 1022-1034, 1036-1048, 1050-1062, 1064-1076, 1078-1090, 1092-1104, 1106-1118, 1120-1132, 1134-1146, 1148-1160, 1162-1174, 1176-1188, 1190-1202, 1204-1216, 1218-1230, 1232-1244, 1246-1258, 1260-1272, 1274-1286, 1288-1300, 1302-1314, 1316-1328, 1330-1342, 1344-1356, 1358-1370, 1372-1384, 1386-1398, 1400-1412, 1414-1426, 1428-1440, 1442-1454, 1456-1468, 1470-1482, 1484-1496, 1498-1510, 1512-1524, 1526-1538, 1540-1552, 1554-1566, 1568-1580, 1582-1594, 1596-1608, 1610-1622, 1624-1636, 1638-1650, 1652-1664, 1666-1678, 1680-1692, 1694-1706, 1708-1720, 1722-1734, 1736-1748, 1750-1762, 1764-1776, 1778-1790, 1792-1804, 1806-1818, 1820-1832, 1834-1846, 1848-1860, 1862-1874, 1876-1888, 1890-1902, 1904-1916, 1918-1930, 1932-1944, 1946-1958, 1960-1972, 1974-1986, 1988-2000, 2002-2014, 2016-2028, 2030-2042, 2044-2056, 2058-2070, 2072-2084, 2086-2098, 2100-2112, 2114-2126, 2128-2140, 2142-2154, 2156-2168, 2170-2182, 2184-2196, 2198-2210, 2212-2224, 2226-2238, 2240-2252, 2254-2266, 2268-2280, 2282-2294, 2296-2308, 2310-2322, 2324-2336, 2338-2350, 2352-2364, 2366-2378, 2380-2392, 2394-2406, 2408-2420, 2422-2434, 2436-2448, 2450-2462, 2464-2476, 2478-2490, 2492-2504, 2506-2518, 2520-2532, 2534-2546, 2548-2560, 2562-2574, 2576-2588, 2590-2602, 2604-2616, 2618-2630, 2632-2644, 2646-2658, 2660-2672, 2674-2686, 2688-2700, 2702-2714, 2716-2728, 2730-2742, 2744-2756, 2758-2770, 2772-2784, 2786-2798, 2800-2812, 2814-2826, 2828-2840, 2842-2854, 2856-2868, 2870-2882, 2884-2896, 2898-3000

**Semantic Similarity:**

Based on the lines of code more similar, the two code snippets are semantically similar. They both implement the same algorithm for finding the root of a function using the Regula falsi method.
2026-04-05 22:20:02 - root - INFO - Getting method of the patch: tmp/patches/cleaned/aprenfl-defects4j-Math-50-TBar-Patch_1_1.patch
2026-04-05 22:20:02 - root - INFO - Methods already exist for the patch: aprenfl-defects4j-Math-50-TBar-Patch_1_1
2026-04-05 22:20:02 - root - INFO - Getting method of the patch: tmp/patches/cleaned/dl4pc2-defects4j-Math-50-GenProg-DifferentFragPatches-233.patch
2026-04-05 22:20:02 - root - INFO - Methods already exist for the patch: dl4pc2-defects4j-Math-50-GenProg-DifferentFragPatches-233
2026-04-05 22:21:02 - root - WARNING - [WARN] Retry 2/3 for model codegemma:7b-instruct: timed out
2026-04-05 22:22:07 - root - WARNING - [WARN] Retry 2/3 for model codegemma:7b-instruct: timed out
2026-04-05 22:23:12 - root - WARNING - [WARN] Retry 2/3 for model codegemma:7b-instruct: timed out
2026-04-05 22:24:17 - root - WARNING - [WARN] Retry 2/3 for model codegemma:7b-instruct: timed out
2026-04-05 22:25:22 - root - WARNING - [WARN] Retry 2/3 for model codegemma:7b-instruct: timed out
2026-04-05 22:26:27 - root - WARNING - [WARN] Retry 2/3 for model codegemma:7b-instruct: timed out
2026-04-05 22:26:43 - httpx - INFO - HTTP Request: POST http://127.0.0.1:11434/api/chat "HTTP/1.1 200 OK"
2026-04-05 22:26:43 - root - INFO - Received response for model codegemma:7b-instruct on attempt 1 response: **Lines of Code More Similar:**

Lines 1-14, 16-34, 36-48, 50-62, 64-76, 78-88, 90-102, 104-116, 118-128, 130-142, 144-156, 158-168, 170-182, 184-196, 198-210, 212-224, 226-238, 240-252, 254-266, 268-280, 282-294, 296-308, 310-322, 324-336, 338-350, 352-364, 366-378, 380-392, 394-406, 408-420, 422-434, 436-448, 450-462, 464-476, 478-490, 492-504, 506-518, 520-532, 534-546, 548-560, 562-574, 576-588, 590-602, 604-616, 618-630, 632-644, 646-658, 660-672, 674-686, 688-700, 702-714, 716-728, 730-742, 744-756, 758-770, 772-784, 786-798, 800-812, 814-826, 828-840, 842-854, 856-868, 870-882, 884-896, 898-910, 912-924, 926-938, 940-952, 954-966, 968-980, 982-994, 996-1008, 1010-1022, 1024-1036, 1038-1050, 1052-1064, 1066-1078, 1080-1092, 1094-1106, 1108-1120, 1122-1134, 1136-1148, 1150-1162, 1164-1176, 1178-1190, 1192-1204, 1206-1218, 1220-1232, 1234-1246, 1248-1260, 1262-1274, 1276-1288, 1290-1302, 1304-1316, 1318-1330, 1332-1344, 1346-1358, 1360-1372, 1374-1386, 1388-1400, 1402-1414, 1416-1428, 1430-1442, 1444-1456, 1458-1470, 1472-1484, 1486-1498, 1500-1512, 1514-1526, 1528-1540, 1542-1554, 1556-1568, 1570-1582, 1584-1696

**Semantic Similarity:**

Yes, the two code snippets are semantically similar. They both implement the same algorithm for finding the root of a function using the Regula falsi method. The differences between the two snippets are mainly in the handling of the case where the interval becomes too small. In the first snippet, the interval is expanded by a factor of 0.5, while in the second snippet, the interval is expanded by a factor of 0.5 plus the relative accuracy.
2026-04-05 22:26:43 - root - INFO - Getting method of the patch: tmp/patches/cleaned/aprenfl-defects4j-Math-50-TBar-Patch_1_1.patch
2026-04-05 22:26:43 - root - INFO - Methods already exist for the patch: aprenfl-defects4j-Math-50-TBar-Patch_1_1
2026-04-05 22:26:43 - root - INFO - Getting method of the patch: tmp/patches/cleaned/dl4pc2-defects4j-Math-50-GenProg-DifferentFragPatches-278.patch
2026-04-05 22:26:43 - root - INFO - Methods already exist for the patch: dl4pc2-defects4j-Math-50-GenProg-DifferentFragPatches-278
2026-04-05 22:27:08 - httpx - INFO - HTTP Request: POST http://127.0.0.1:11434/api/chat "HTTP/1.1 200 OK"
2026-04-05 22:27:08 - root - INFO - Received response for model codegemma:7b-instruct on attempt 1 response: **Lines of code more similar:**

Lines 1-14, 16-34, 36-48, 50-62, 64-76, 78-90, 92-104, 106-118, 120-132, 134-146, 148-160, 162-174, 176-188, 190-202, 204-216, 218-230, 232-244, 246-258, 260-272, 274-286, 288-300, 302-314, 316-328, 330-342, 344-356, 358-370, 372-384, 386-398, 400-412, 414-426, 428-440, 442-454, 456-468, 470-482, 484-496, 498-510, 512-524, 526-538, 540-552, 554-566, 568-580, 582-594, 596-608, 610-622, 624-636, 638-650, 652-664, 666-678, 680-692, 694-706, 708-720, 722-734, 736-748, 750-762, 764-776, 778-790, 792-804, 806-818, 820-832, 834-846, 848-860, 862-874, 876-888, 890-902, 904-916, 918-930, 932-944, 946-958, 960-972, 974-986, 988-1000, 1002-1014, 1016-1028, 1030-1042, 1044-1056, 1058-1070, 1072-1084, 1086-1098, 1100-1112, 1114-1126, 1128-1140, 1142-1154, 1156-1168, 1170-1182, 1184-1196, 1198-1210, 1212-1224, 1226-1238, 1240-1252, 1254-1266, 1268-1280, 1282-1294, 1296-1308, 1310-1322, 1324-1336, 1338-1350, 1352-1364, 1366-1378, 1380-1392, 1394-1406, 1408-1420, 1422-1434, 1436-1448, 1450-1462, 1464-1476, 1478-1490, 1492-1504, 1506-1518, 1520-1532, 1534-1546, 1548-1560, 1562-1574, 1576-1588, 1590-1602, 1604-1616, 1618-1630, 1632-1644, 1646-1658, 1660-1672, 1674-1686, 1688-1700, 1702-1714, 1716-1728, 1730-1742, 1744-1756, 1758-1770, 1772-1784, 1786-1798, 1800-1812, 1814-1826, 1828-1840, 1842-1854, 1856-1868, 1870-1882, 1884-1906, 1908-1920, 1922-1934, 1936-1948, 1950-1962, 1964-1976, 1978-1990, 1992-2004, 2006-2018, 2020-2032, 2034-2046, 2048-2060, 2062-2074, 2076-2088, 2090-2102, 2104-2116, 2118-2130, 2132-2144, 2146-2158, 2160-2172, 2174-2186, 2188-2200, 2202-2214, 2216-2228, 2230-2242, 2244-2256, 2258-2270, 2272-2284, 2286-2298, 2300-2312, 2314-2326, 2328-2340, 2342-2354, 2356-2368, 2370-2382, 2384-2396, 2398-2410, 2412-2424, 2426-2438, 2440-2452, 2454-2466, 2468-2480, 2482-2494, 2496-2508, 2510-2522, 2524-2536, 2538-2550, 2552-2564, 2566-2578, 2580-2592, 2594-2606, 2608-2620, 2622-2634, 2636-2648, 2650-2662, 2664-2676, 2678-2690, 2692-2704, 2706-2718, 2720-2732, 2734-2746, 2748-2760, 2762-2774, 2776-2788, 2790-2802, 2804-2816, 2818-2830, 2832-2844, 2846-2858, 2860-2872, 2874-2886, 2888-2900, 2902-2914, 2916-2928, 2930-2942, 2944-2956, 2958-2970, 2972-2984, 2986-3000, 3002-3014, 3016-3028, 3030-3042, 3044-3056, 3058-3070, 3072-3084, 3086-3098, 3100-3112, 3114-3126, 3128-3140, 3142-3154, 3156-3168, 3170-3182, 3184-3196, 3198-3210, 3212-3224, 3226-3238, 3240-3252, 3254-3266, 3268-3280, 3282-3294, 3296-3308, 3310-3322, 3324-3336, 3338-3350, 3352-3364, 3366-3378, 3380-3392, 3394-3406, 3408-3420, 3422-3434, 3436-3448, 3450-3462, 3464-3476, 3478-3490, 3492-3504, 3506-3518, 3520-3532, 3534-3546, 3548-3560, 3562-3574, 3576-3588, 3590-3602, 3604-3616, 3618-3630, 3632-3644, 3646-3658, 3660-3672, 3674-3686, 3688-3700, 3702-3714, 3716-3728, 3730-3742, 3744-3756, 3758-3770, 3772-3784, 3786-3798, 3800-3812, 3814-3826, 3828-3840, 3842-3854, 3856-3868, 3870-3882, 3884-3896, 3898-4010

**Semantic similarity:**

The two code snippets are semantically similar. They both implement a root-finding algorithm called the regula falsi method. The algorithms are similar in terms of their functionality, data structures, and control flow.
2026-04-05 22:27:08 - root - INFO - Getting method of the patch: tmp/patches/cleaned/aprenfl-defects4j-Math-50-TBar-Patch_1_1.patch
2026-04-05 22:27:08 - root - INFO - Methods already exist for the patch: aprenfl-defects4j-Math-50-TBar-Patch_1_1
2026-04-05 22:27:08 - root - INFO - Getting method of the patch: tmp/patches/cleaned/dl4pc2-defects4j-Math-50-GenProg-DifferentFragPatches-298.patch
2026-04-05 22:27:08 - root - INFO - Methods already exist for the patch: dl4pc2-defects4j-Math-50-GenProg-DifferentFragPatches-298
2026-04-05 22:28:08 - root - WARNING - [WARN] Retry 2/3 for model codegemma:7b-instruct: timed out
2026-04-05 22:29:13 - root - WARNING - [WARN] Retry 2/3 for model codegemma:7b-instruct: timed out
2026-04-05 22:30:18 - root - WARNING - [WARN] Retry 2/3 for model codegemma:7b-instruct: timed out
2026-04-05 22:31:23 - root - WARNING - [WARN] Retry 2/3 for model codegemma:7b-instruct: timed out
2026-04-05 22:32:28 - root - WARNING - [WARN] Retry 2/3 for model codegemma:7b-instruct: timed out
2026-04-05 22:33:33 - root - WARNING - [WARN] Retry 2/3 for model codegemma:7b-instruct: timed out
2026-04-05 22:34:38 - root - WARNING - [WARN] Retry 2/3 for model codegemma:7b-instruct: timed out
2026-04-05 22:35:43 - root - WARNING - [WARN] Retry 2/3 for model codegemma:7b-instruct: timed out
2026-04-05 22:36:48 - root - WARNING - [WARN] Retry 2/3 for model codegemma:7b-instruct: timed out
2026-04-05 22:37:54 - root - WARNING - [WARN] Retry 2/3 for model codegemma:7b-instruct: timed out
2026-04-05 22:38:59 - root - WARNING - [WARN] Retry 2/3 for model codegemma:7b-instruct: timed out
2026-04-05 22:40:04 - root - WARNING - [WARN] Retry 2/3 for model codegemma:7b-instruct: timed out
2026-04-05 22:41:09 - root - WARNING - [WARN] Retry 2/3 for model codegemma:7b-instruct: timed out
2026-04-05 22:42:14 - root - WARNING - [WARN] Retry 2/3 for model codegemma:7b-instruct: timed out
2026-04-05 22:43:19 - root - WARNING - [WARN] Retry 2/3 for model codegemma:7b-instruct: timed out
2026-04-05 22:44:24 - root - WARNING - [WARN] Retry 2/3 for model codegemma:7b-instruct: timed out
2026-04-05 22:45:29 - root - WARNING - [WARN] Retry 2/3 for model codegemma:7b-instruct: timed out
2026-04-05 22:46:34 - root - WARNING - [WARN] Retry 2/3 for model codegemma:7b-instruct: timed out
2026-04-05 22:47:39 - root - WARNING - [WARN] Retry 2/3 for model codegemma:7b-instruct: timed out
2026-04-05 22:48:44 - root - WARNING - [WARN] Retry 2/3 for model codegemma:7b-instruct: timed out
2026-04-05 22:49:49 - root - WARNING - [WARN] Retry 2/3 for model codegemma:7b-instruct: timed out
2026-04-05 22:50:54 - root - WARNING - [WARN] Retry 2/3 for model codegemma:7b-instruct: timed out
2026-04-05 22:51:59 - root - WARNING - [WARN] Retry 2/3 for model codegemma:7b-instruct: timed out
2026-04-05 22:53:04 - root - WARNING - [WARN] Retry 2/3 for model codegemma:7b-instruct: timed out
2026-04-05 22:54:09 - root - WARNING - [WARN] Retry 2/3 for model codegemma:7b-instruct: timed out
2026-04-05 22:55:15 - root - WARNING - [WARN] Retry 2/3 for model codegemma:7b-instruct: timed out
2026-04-05 22:56:18 - httpx - INFO - HTTP Request: POST http://127.0.0.1:11434/api/chat "HTTP/1.1 200 OK"
2026-04-05 22:56:18 - root - INFO - Received response for model codegemma:7b-instruct on attempt 1 response: **Lines of Code More Similar:**

Lines 1-14, 20-34, 40-44, 50-54, 60-64, 70-74, 80-84, 90-94, 100-104, 110-114, 120-124, 130-134, 140-144, 150-154, 160-164, 170-174, 180-184, 190-194, 200-204, 210-214, 220-224, 230-234, 240-244, 250-254, 260-264, 270-274, 280-284, 290-294, 300-304, 310-314, 320-324, 330-334, 340-344, 350-354, 360-364, 370-374, 380-384, 390-394, 400-404, 410-414, 420-424, 430-434, 440-444, 450-454, 460-464, 470-474, 480-484, 490-494, 500-504, 510-514, 520-524, 530-534, 540-544, 550-554, 560-564, 570-574, 580-584, 590-594, 600-604, 610-614, 620-624, 630-634, 640-644, 650-654, 660-664, 670-674, 680-684, 690-694, 700-704, 710-714, 720-724, 730-734, 740-744, 750-754, 760-764, 770-774, 780-784, 790-794, 800-804, 810-814, 820-824, 830-834, 840-844, 850-854, 860-864, 870-874, 880-884, 890-894, 900-904, 910-914, 920-924, 930-934, 940-944, 950-954, 960-964, 970-974, 980-984, 990-994, 1000-1004, 1010-1014, 1020-1024, 1030-1034, 1040-1044, 1050-1054, 1060-1064, 1070-1074, 1080-1084, 1090-1094, 1100-1104, 1110-1114, 1120-1124, 1130-1134, 1140-1144, 1150-1154, 1160-1164, 1170-1174, 1180-1184, 1190-1194, 1200-1204, 1210-1214, 1220-1224, 1230-1234, 1240-1244, 1250-1254, 1260-1264, 1270-1274, 1280-1284, 1290-1294, 1300-1304, 1310-1314, 1320-1324, 1330-1334, 1340-1344, 1350-1354, 1360-1364, 1370-1374, 1380-1384, 1390-1394, 1400-1404, 1410-1414, 1420-1424, 1430-1434, 1440-1444, 1450-1454, 1460-1464, 1470-1474, 1480-1484, 1490-1494, 1500-1504, 1510-1514, 1520-1524, 1530-1534, 1540-1544, 1550-1554, 1560-1564, 1570-1574, 1580-1584, 1590-1594, 1600-1604, 1610-1614, 1620-1624, 1630-1634, 1640-1644, 1650-1654, 1660-1664, 1670-1674, 1680-1684, 1690-1694, 1700-1704, 1710-1714, 1720-1724, 1730-1734, 1740-1744, 1750-1754, 1760-1764, 1770-1774, 1780-1784, 1790-1794, 1800-1804, 1810-1814, 1820-1824, 1830-1834, 1840-1844, 1850-1854, 1860-1864, 1870-1874, 1880-1884, 1890-1894, 1900-1904, 1910-1914, 1920-1924, 1930-1934, 1940-1944, 1950-1954, 1960-1964, 1970-1974, 1980-1984, 1990-1994, 2000-2004, 2010-2014, 2020-2024, 2030-2034, 2040-2044, 2050-2054, 2060-2064, 2070-2074, 2080-2084, 2090-2094, 2100-2104, 2110-2114, 2120-2124, 2130-2134, 2140-2144, 2150-2154, 2160-2164, 2170-2174, 2180-2184, 2190-2194, 2200-2204, 2210-2214, 2220-2224, 2230-2234, 2240-2244, 2250-2254, 2260-2264, 2270-2274, 2280-2284, 2290-2294, 2300-2304, 2310-2314, 2320-2324, 2330-2334, 2340-2344, 2350-2354, 2360-2364, 2370-2374, 2380-2384, 2390-2394, 2400-2404, 2410-2414, 2420-2424, 2430-2434, 2440-2444, 2450-2454, 2460-2464, 2470-2474, 2480-2484, 2490-2494, 2500-2504, 2510-2514, 2520-2524, 2530-2534, 2540-2544, 2550-2554, 2560-2564, 2570-2574, 2580-2584, 2590-2594, 2600-2604, 2610-2614, 2620-2624, 2630-2634, 2640-2644, 2650-2654, 2660-2664, 2670-2674, 2680-2684, 2690-2694, 2700-2704, 2710-2714, 2720-2724, 2730-2734, 2740-2744, 2750-2754, 2760-2764, 2770-2774, 2780-2784, 2790-2794, 2800-2804, 2810-2814, 2820-2824, 2830-2834, 2840-2844, 2850-2854, 2860-2864, 2870-2874, 2880-2884, 2890-2894, 2900-2904, 2910-2914, 2920-2924, 2930-2934, 2940-2944, 2950-2954, 2960-2964, 2970-2974, 2980-2984, 2990-2994, 3000-3004, 3010-3014, 3020-3024, 3030-3034, 3040-3044, 3050-3054, 3060-3064, 3070-3074, 3080-3084, 3090-3094, 3100-3104, 3110-3114, 3120-3124, 3130-3134, 3140-3144, 3150-3154, 3160-3164, 3170-3174, 3180-3184, 3190-3194, 3200-3204, 3210-3214, 3220-3224, 3230-3234, 3240-3244, 3250-3254, 3260-3264, 3270-3274, 3280-3284, 3290-3294, 3300-3304, 3310-3314, 3320-3324, 3330-3334, 3340-3344, 3350-3354, 3360-3364, 3370-3374, 3380-3384, 3390-3394, 3400-3404, 3410-3414, 3420-3424, 3430-3434, 3440-3444, 3450-3454, 3460-3464, 3470-3474, 3480-3484, 3490-3494, 3500-3504, 3510-3514, 3520-3524, 3530-3534, 3540-3544, 3550-3554, 3560-3564, 3570-3574, 3580-3584, 3590-3594, 3600-3604, 3610-3614, 3620-3624, 3630-3634, 3640-3644, 3650-3654, 3660-3664, 3670-3674, 3680-3684, 3690-3694, 3700-3704, 3710-3714, 3720-3724, 3730-3734, 3740-3744, 3750-3754, 3760-3764, 3770-3774, 3780-3784, 3790-3794, 3800-3804, 3810-3814, 3820-3824, 3830-3834, 3840-3844, 3850-3854, 3860-3864, 3870-3874, 3880-3884, 3890-3894, 3900-3904, 3910-3914, 3920-3924, 3930-3934, 3940-3944, 3950-3954, 3960-3964, 3970-3974, 3980-3984, 3990-3994, 4000-4004, 4010-4014, 4020-4024, 4030-4034, 4040-4044, 4050-4054, 4060-4064, 4070-4074, 4080-4084, 4090-4094, 4100-4104, 4110-4114, 4120-4124, 4130-4134, 4140-4144, 4150-4154, 4160-4164, 4170-4174, 4180-4184, 4190-4194, 4200-4204, 4210-4214, 4220-4224, 4230-4234, 4240-4244, 4250-4254, 4260-4264, 4270-4274, 4280-4284, 4290-4294, 4300-4304, 4310-4314, 4320-4324, 4330-4334, 4340-4344, 4350-4354, 4360-4364, 4370-4374, 4380-4384, 4390-4394, 4400-4404, 4410-4414, 4420-4424, 4430-4434, 4440-4444, 4450-4454, 4460-4464, 4470-4474, 4480-4484, 4490-4494, 4500-4504, 4510-4514, 4520-4524, 4530-4534, 4540-4544, 4550-4554, 4560-4564, 4570-4574, 4580-4584, 4590-4594, 4600-4604, 4610-4614, 4620-4624, 4630-4634, 4640-4644, 4650-4654, 4660-4664, 4670-4674, 4680-4684, 4690-4694, 4700-4704, 4710-4714, 4720-4724, 4730-4734, 4740-4744, 4750-4754, 4760-4764, 4770-4774, 4780-4784, 4790-4794, 4800-4804, 4810-4814, 4820-4824, 4830-4834, 4840-4844, 4850-4854, 4860-4864, 4870-4874, 4880-4884, 4890-4894, 4900-4904, 4910-4914, 4920-4924, 4930-4934, 4940-4944, 4950-4954, 4960-4964, 4970-4974, 4980-4984, 4990-4994, 5000-5004, 5010-5014, 5020-5024, 5030-5034, 5040-5044, 5050-5054, 5060-5064, 5070-5074, 5080-5084, 5090-5094, 5100-5104, 5110-5114, 5120-5124, 5130-5134, 5140-5144, 5150-5154, 5160-5164, 5170-5174, 5180-5184, 5190-5194, 5200-5204, 5210-5214, 5220-5224, 5230-5234, 5240-5244, 5250-5254, 5260-5264, 5270-5274, 5280-5284, 5290-5294, 5300-5304, 5310-5314, 5320-5324, 5330-5334, 5340-5344, 5350-5354, 5360-5364, 5370-5374, 5380-5384, 5390-5394, 5400-5404, 5410-5414, 5420-5424, 5430-5434, 5440-5444, 5450-5454, 5460-5464, 5470-5474, 5480-5484, 5490-5494, 5500-5504, 5510-5514, 5520-5524, 5530-5534, 5540-5544, 5550-5554, 5560-5564, 5570-5574, 5580-5584, 5590-5594, 5600-5604, 5610-5614, 5620-5624, 5630-5634, 5640-5644, 5650-5654, 5660-5664, 5670-5674, 5680-5684, 5690-5694, 5700-5704, 5710-5714, 5720-5724, 5730-5734, 5740-5744, 5750-5754, 5760-5764, 5770-5774, 5780-5784, 5790-5794, 5800-5804, 5810-5814, 5820-5824, 5830-5834, 5840-5844, 5850-5854, 5860-5864, 5870-5874, 5880-5884, 5890-5894, 5900-5904, 5910-5914, 5920-5924, 5930-5934, 5940-5944, 5950-5954, 5960-5964, 5970-5974, 5980-5984, 5990-5994
2026-04-05 22:56:18 - root - INFO - Getting method of the patch: tmp/patches/cleaned/aprenfl-defects4j-Math-50-TBar-Patch_1_1.patch
2026-04-05 22:56:18 - root - INFO - Methods already exist for the patch: aprenfl-defects4j-Math-50-TBar-Patch_1_1
2026-04-05 22:56:18 - root - INFO - Getting method of the patch: tmp/patches/cleaned/dl4pc2-defects4j-Math-50-GenProg-DifferentFragPatches-100.patch
2026-04-05 22:56:18 - root - INFO - Methods already exist for the patch: dl4pc2-defects4j-Math-50-GenProg-DifferentFragPatches-100
2026-04-05 22:57:19 - root - WARNING - [WARN] Retry 2/3 for model codegemma:7b-instruct: timed out
2026-04-05 22:57:27 - httpx - INFO - HTTP Request: POST http://127.0.0.1:11434/api/chat "HTTP/1.1 200 OK"
2026-04-05 22:57:27 - root - INFO - Received response for model codegemma:7b-instruct on attempt 1 response: **Lines of Code More Similar:**

Lines 1-24, 26-48, 50-72, 74-96, 98-120, 122-144, 146-168, 170-192, 194-216, 218-240 are more similar in both code snippets.

**Semantic Similarity:**

Yes, the two code snippets are semantically similar. They both implement the same algorithm for finding the root of a function using the Regula Falsi method. The differences between the two snippets are mainly in the handling of the special case where the current interval is too small to be further refined. In the first snippet, the interval is expanded by adding a small value to the left bound. In the second snippet, the interval is expanded by adding a small value to the left bound if the function value of the last approximation is too small.

**Conclusion:**

Based on the analysis of the lines of code more similar, it can be concluded that the two code snippets are semantically similar.
2026-04-05 22:57:27 - root - INFO - Getting method of the patch: tmp/patches/cleaned/aprenfl-defects4j-Math-50-TBar-Patch_1_1.patch
2026-04-05 22:57:27 - root - INFO - Methods already exist for the patch: aprenfl-defects4j-Math-50-TBar-Patch_1_1
2026-04-05 22:57:27 - root - INFO - Getting method of the patch: tmp/patches/cleaned/dl4pc2-defects4j-Math-50-GenProg-DifferentFragPatches-20.patch
2026-04-05 22:57:27 - root - INFO - Methods already exist for the patch: dl4pc2-defects4j-Math-50-GenProg-DifferentFragPatches-20
2026-04-05 22:58:27 - root - WARNING - [WARN] Retry 2/3 for model codegemma:7b-instruct: timed out
2026-04-05 22:58:56 - httpx - INFO - HTTP Request: POST http://127.0.0.1:11434/api/chat "HTTP/1.1 200 OK"
2026-04-05 22:58:56 - root - INFO - Received response for model codegemma:7b-instruct on attempt 1 response: **Lines of Code More Similar:**

Lines 1-4, 6-8, 10-12, 14-16, 18-20, 22-24, 26-28, 30-32, 34-36, 38-40, 42-44, 46-48, 50-52, 54-56, 58-60, 62-64, 66-68, 70-72, 74-76, 78-80, 82-84, 86-88, 90-92, 94-96, 98-100, 102-104, 106-108, 110-112, 114-116, 118-120, 122-124, 126-128, 130-132, 134-136, 138-140, 142-144, 146-148, 150-152, 154-156, 158-160, 162-164, 166-168, 170-172, 174-176, 178-180, 182-184, 186-188, 190-192, 194-196, 198-200, 202-204, 206-208, 210-212, 214-216, 218-220, 222-224, 226-228, 230-232, 234-236, 238-240, 242-244, 246-248, 250-252, 254-256, 258-260, 262-264, 266-268, 270-272, 274-276, 278-280, 282-284, 286-288, 290-292, 294-296, 298-300, 302-304, 306-308, 310-312, 314-316, 318-320, 322-324, 326-328, 330-332, 334-336, 338-340, 342-344, 346-348, 350-352, 354-356, 358-360, 362-364, 366-368, 370-372, 374-376, 378-380, 382-384, 386-388, 390-392, 394-396, 398-400, 402-404, 406-408, 410-412, 414-416, 418-420, 422-424, 426-428, 430-432, 434-436, 438-440, 442-444, 446-448, 450-452, 454-456, 458-460, 462-464, 466-468, 470-472, 474-476, 478-480, 482-484, 486-488, 490-492, 494-496, 498-500, 502-504, 506-508, 510-512, 514-516, 518-520, 522-524, 526-528, 530-532, 534-536, 538-540, 542-544, 546-548, 550-552, 554-556, 558-560, 562-564, 566-568, 570-572, 574-576, 578-580, 582-584, 586-588, 590-592, 594-596, 598-600, 602-604, 606-608, 610-612, 614-616, 618-620, 622-624, 626-628, 630-632, 634-636, 638-640, 642-644, 646-648, 650-652, 654-656, 658-660, 662-664, 666-668, 670-672, 674-676, 678-680, 682-684, 686-688, 690-692, 694-696, 698-700, 702-704, 706-708, 710-712, 714-716, 718-720, 722-724, 726-728, 730-732, 734-736, 738-740, 742-744, 746-748, 750-752, 754-756, 758-760, 762-764, 766-768, 770-772, 774-776, 778-780, 782-784, 786-788, 790-792, 794-796, 798-800, 802-804, 806-808, 810-812, 814-816, 818-820, 822-824, 826-828, 830-832, 834-836, 838-840, 842-844, 846-848, 850-852, 854-856, 858-860, 862-864, 866-868, 870-872, 874-876, 878-880, 882-884, 886-888, 890-892, 894-896, 898-900, 902-904, 906-908, 910-912, 914-916, 918-920, 922-924, 926-928, 930-932, 934-936, 938-940, 942-944, 946-948, 950-952, 954-956, 958-960, 962-964, 966-968, 970-972, 974-976, 978-980, 982-984, 986-988, 990-992, 994-996, 998-1000, 1002-1004, 1006-1008, 1010-1012, 1014-1016, 1018-1020, 1022-1024, 1026-1028, 1030-1032, 1034-1036, 1038-1040, 1042-1044, 1046-1048, 1050-1052, 1054-1056, 1058-1060, 1062-1064, 1066-1068, 1070-1072, 1074-1076, 1078-1080, 1082-1084, 1086-1088, 1090-1092, 1094-1096, 1098-1100, 1102-1104, 1106-1108, 1110-1112, 1114-1116, 1118-1120, 1122-1124, 1126-1128, 1130-1132, 1134-1136, 1138-1140, 1142-1144, 1146-1148, 1150-1152, 1154-1156, 1158-1160, 1162-1164, 1166-1168, 1170-1172, 1174-1176, 1178-1180, 1182-1184, 1186-1188, 1190-1192, 1194-1196, 1198-2000

**Semantic Similarity:**

The two code snippets are semantically similar. They both implement the same algorithm for finding the root of a function. The differences between the two snippets are mainly in the details of the implementation, such as the choice of the initial values for the variables and the handling of special cases.

**Conclusion:**

Based on the lines of code more similar report, the two code snippets are semantically similar.
2026-04-05 22:58:56 - root - INFO - Getting method of the patch: tmp/patches/cleaned/aprenfl-defects4j-Math-50-TBar-Patch_1_1.patch
2026-04-05 22:58:56 - root - INFO - Methods already exist for the patch: aprenfl-defects4j-Math-50-TBar-Patch_1_1
2026-04-05 22:58:56 - root - INFO - Getting method of the patch: tmp/patches/cleaned/dl4pc2-defects4j-Math-50-GenProg-DifferentFragPatches-91.patch
2026-04-05 22:58:56 - root - INFO - Methods already exist for the patch: dl4pc2-defects4j-Math-50-GenProg-DifferentFragPatches-91
2026-04-05 22:59:56 - root - WARNING - [WARN] Retry 2/3 for model codegemma:7b-instruct: timed out
2026-04-05 23:00:05 - httpx - INFO - HTTP Request: POST http://127.0.0.1:11434/api/chat "HTTP/1.1 200 OK"
2026-04-05 23:00:05 - root - INFO - Received response for model codegemma:7b-instruct on attempt 1 response: **Lines of Code More Similar:**

Lines 1-14, 16-34, 36-48, 50-62, 64-76, 78-88, 90-102, 104-116, 118-130 are more similar in both code snippets.

**Semantic Similarity:**

Yes, the two code snippets are semantically similar. They both implement the Brent solver algorithm to find the root of a function within a given interval. The algorithm works by iteratively refining an approximation of the root until it reaches the desired accuracy.

**Differences:**

The only difference between the two code snippets is in the implementation of the `REGULA_FALSI` method. In the first snippet, the `x0` value is updated using the formula `x0 += 0.5 * (x0 + x1 - FastMath.max(rtol * FastMath.abs(x1), atol))`. In the second snippet, the `x0` value is updated using the formula `x0 = x1`.

**Conclusion:**

Despite the difference in the `REGULA_FALSI` method implementation, the two code snippets are semantically similar and perform the same task of finding the root of a function using the Brent solver algorithm.
2026-04-05 23:00:05 - root - INFO - Getting method of the patch: tmp/patches/cleaned/aprenfl-defects4j-Math-50-TBar-Patch_1_1.patch
2026-04-05 23:00:05 - root - INFO - Methods already exist for the patch: aprenfl-defects4j-Math-50-TBar-Patch_1_1
2026-04-05 23:00:05 - root - INFO - Getting method of the patch: tmp/patches/cleaned/dl4pc2-defects4j-Math-50-GenProg-DifferentFragPatches-4.patch
2026-04-05 23:00:05 - root - INFO - Methods already exist for the patch: dl4pc2-defects4j-Math-50-GenProg-DifferentFragPatches-4
2026-04-05 23:01:05 - root - WARNING - [WARN] Retry 2/3 for model codegemma:7b-instruct: timed out
2026-04-05 23:02:10 - root - WARNING - [WARN] Retry 2/3 for model codegemma:7b-instruct: timed out
2026-04-05 23:02:40 - httpx - INFO - HTTP Request: POST http://127.0.0.1:11434/api/chat "HTTP/1.1 200 OK"
2026-04-05 23:02:40 - root - INFO - Received response for model codegemma:7b-instruct on attempt 1 response: **Lines of code more similar:**

Lines 1-24, 26-48, 50-72, 74-96, 98-120, 122-144, 146-168, 170-192, 194-216, 218-240, 242-264, 266-288, 290-312, 314-336, 338-360, 362-384, 386-408, 410-432, 434-456, 458-480, 482-504, 506-528, 530-552, 554-576, 578-590, 592-614, 616-638, 640-662, 664-686, 688-710, 712-734, 736-758, 760-782, 784-806, 808-830, 832-854, 856-878, 880-902, 904-926, 928-950, 952-974, 976-998, 1000-1022, 1024-1046, 1048-1070, 1072-1094, 1096-1118, 1120-1142, 1144-1166, 1168-1190, 1192-1214, 1216-1238, 1240-1262, 1264-1286, 1288-1310, 1312-1334, 1336-1358, 1360-1382, 1384-1406, 1408-1430, 1432-1454, 1456-1478, 1480-1502, 1504-1526, 1528-1550, 1552-1574, 1576-1598, 1600-1622, 1624-1646, 1648-1670, 1672-1694, 1696-1718, 1720-1742, 1744-1766, 1768-1790, 1792-1814, 1816-1838, 1840-1862, 1864-1886, 1888-1910, 1912-1934, 1936-1958, 1960-1982, 1984-2006, 2008-2030, 2032-2054, 2056-2078, 2080-2102, 2104-2126, 2128-2150, 2152-2174, 2176-2198, 2200-2222, 2224-2246, 2248-2270, 2272-2294, 2296-2318, 2320-2342, 2344-2366, 2368-2390, 2392-2414, 2416-2438, 2440-2462, 2464-2486, 2488-2510, 2512-2534, 2536-2558, 2560-2582, 2584-2606, 2608-2630, 2632-2654, 2656-2678, 2680-2702, 2704-2726, 2728-2750, 2752-2774, 2776-2798, 2800-2822, 2824-2846, 2848-2870, 2872-2894, 2896-2918, 2920-2942, 2944-2966, 2968-2990, 2992-3014, 3016-3038, 3040-3062, 3064-3086, 3088-3110, 3112-3134, 3136-3158, 3160-3182, 3184-3206, 3208-3230, 3232-3254, 3256-3278, 3280-3302, 3304-3326, 3328-3350, 3352-3374, 3376-3398, 3400-3422, 3424-3446, 3448-3470, 3472-3494, 3496-3518, 3520-3542, 3544-3566, 3568-3590, 3592-3614, 3616-3638, 3640-3662, 3664-3686, 3688-3710, 3712-3734, 3736-3758, 3760-3782, 3784-3806, 3808-3830, 3832-3854, 3856-3878, 3880-3902, 3904-3926, 3928-3950, 3952-3974, 3976-3998, 4000-4022, 4024-4046, 4048-4070, 4072-4094, 4096-4118, 4120-4142, 4144-4166, 4168-4190, 4192-4214, 4216-4238, 4240-4262, 4264-4286, 4288-4310, 4312-4334, 4336-4358, 4360-4382, 4384-4406, 4408-4430, 4432-4454, 4456-4478, 4480-4502, 4504-4526, 4528-4550, 4552-4574, 4576-4598, 4600-4622, 4624-4646, 4648-4670, 4672-4694, 4696-4718, 4720-4742, 4744-4766, 4768-4790, 4792-4814, 4816-4838, 4840-4862, 4864-4886, 4888-4910, 4912-4934, 4936-4958, 4960-4982, 4984-5006, 5008-5030, 5032-5054, 5056-5078, 5080-5102, 5104-5126, 5128-5150, 5152-5174, 5176-5198, 5200-5222, 5224-5246, 5248-5270, 5272-5294, 5296-5318, 5320-5342, 5344-5366, 5368-5390, 5392-5414, 5416-5438, 5440-5462, 5464-5486, 5488-5510, 5512-5534, 5536-5558, 5560-5582, 5584-5606, 5608-5630, 5632-5654, 5656-5678, 5680-5702, 5704-5726, 5728-5750, 5752-5774, 5776-5798, 5800-5822, 5824-5846, 5848-5870, 5872-5894, 5896-5918, 5920-5942, 5944-5966, 5968-5990, 5992-6014, 6016-6038, 6040-6062, 6064-6086, 6088-6110, 6112-6134, 6136-6158, 6160-6182, 6184-6206, 6208-6230, 6232-6254, 6256-6278, 6280-6302, 6304-6326, 6328-6350, 6352-6374, 6376-6398, 6399-6400

**Semantic similarity:**

The two code snippets are semantically similar. They both implement the same algorithm for finding the root of a function using the Regula falsi method. The code is well-structured, documented, and easy to understand.
2026-04-05 23:02:40 - root - INFO - Getting method of the patch: tmp/patches/cleaned/aprenfl-defects4j-Math-50-TBar-Patch_1_1.patch
2026-04-05 23:02:40 - root - INFO - Methods already exist for the patch: aprenfl-defects4j-Math-50-TBar-Patch_1_1
2026-04-05 23:02:40 - root - INFO - Getting method of the patch: tmp/patches/cleaned/dl4pc2-defects4j-Math-50-GenProg-DifferentFragPatches-345.patch
2026-04-05 23:02:40 - root - INFO - Methods already exist for the patch: dl4pc2-defects4j-Math-50-GenProg-DifferentFragPatches-345
2026-04-05 23:03:40 - root - WARNING - [WARN] Retry 2/3 for model codegemma:7b-instruct: timed out
2026-04-05 23:04:45 - root - WARNING - [WARN] Retry 2/3 for model codegemma:7b-instruct: timed out
2026-04-05 23:05:00 - httpx - INFO - HTTP Request: POST http://127.0.0.1:11434/api/chat "HTTP/1.1 200 OK"
2026-04-05 23:05:00 - root - INFO - Received response for model codegemma:7b-instruct on attempt 1 response: **Lines of Code More Similar:**

Lines 1-14, 16-34, 36-48, 50-62, 64-76, 78-88, 90-102, 104-116, 118-128, 130-142, 144-156, 158-168, 170-182, 184-196, 198-210, 212-224, 226-238, 240-252, 254-266, 268-280, 282-294, 296-308, 310-322, 324-336, 338-350, 352-364, 366-378, 380-392, 394-406, 408-420, 422-434, 436-448, 450-462, 464-476, 478-490, 492-504, 506-518, 520-532, 534-546, 548-560, 562-574, 576-588, 590-602, 604-616, 618-630, 632-644, 646-658, 660-672, 674-686, 688-700, 702-714, 716-728, 730-742, 744-756, 758-770, 772-784, 786-798, 800-812, 814-826, 828-840, 842-854, 856-868, 870-882, 884-896, 898-910, 912-924, 926-938, 940-952, 954-966, 968-980, 982-994, 996-1008, 1010-1022, 1024-1036, 1038-1050, 1052-1064, 1066-1078, 1080-1092, 1094-1106, 1108-1120, 1122-1134, 1136-1148, 1150-1162, 1164-1176, 1178-1190, 1192-1204, 1206-1218, 1220-1232, 1234-1246, 1248-1260, 1262-1274, 1276-1288, 1290-1302, 1304-1316, 1318-1330, 1332-1344, 1346-1358, 1360-1372, 1374-1386, 1388-1400, 1402-1414, 1416-1428, 1430-1442, 1444-1456, 1458-1470, 1472-1484, 1486-1498, 1500-1512, 1514-1526, 1528-1540, 1542-1554, 1556-1568, 1570-1582, 1584-1696

**Semantic Similarity:**

Yes, the two code snippets are semantically similar. They both implement the same algorithm for finding the root of a function using the Regula falsi method. The differences between the two snippets are mainly in the handling of the special cases where the initial bounds are the exact root and in the implementation of the Regula falsi method for the case where the interval is inverted.
2026-04-05 23:05:00 - root - INFO - Getting method of the patch: tmp/patches/cleaned/aprenfl-defects4j-Math-50-TBar-Patch_1_1.patch
2026-04-05 23:05:00 - root - INFO - Methods already exist for the patch: aprenfl-defects4j-Math-50-TBar-Patch_1_1
2026-04-05 23:05:00 - root - INFO - Getting method of the patch: tmp/patches/cleaned/dl4pc2-defects4j-Math-50-GenProg-DifferentFragPatches-42.patch
2026-04-05 23:05:00 - root - INFO - Methods already exist for the patch: dl4pc2-defects4j-Math-50-GenProg-DifferentFragPatches-42
2026-04-05 23:05:26 - httpx - INFO - HTTP Request: POST http://127.0.0.1:11434/api/chat "HTTP/1.1 200 OK"
2026-04-05 23:05:26 - root - INFO - Received response for model codegemma:7b-instruct on attempt 1 response: **Lines of code more similar:**

Lines 1-14, 16-34, 36-48, 50-62, 64-74, 76-88, 90-102, 104-116, 118-130, 132-144, 146-158, 160-172, 174-186, 188-200, 202-214, 216-228, 230-242, 244-256, 258-270, 272-284, 286-298, 300-312, 314-326, 328-340, 342-354, 356-368, 370-382, 384-396, 398-410, 412-424, 426-438, 440-452, 454-466, 468-480, 482-494, 496-508, 510-522, 524-536, 538-550, 552-564, 566-578, 580-592, 594-606, 608-620, 622-634, 636-648, 650-662, 664-676, 678-690, 692-704, 706-718, 720-732, 734-746, 748-760, 762-774, 776-788, 790-802, 804-816, 818-830, 832-844, 846-858, 860-872, 874-886, 888-900, 902-914, 916-928, 930-942, 944-956, 958-970, 972-984, 986-998, 1000-1012, 1014-1026, 1028-1040, 1042-1054, 1056-1068, 1070-1082, 1084-1096, 1098-1110, 1112-1124, 1126-1138, 1140-1152, 1154-1166, 1168-1180, 1182-1194, 1196-1208, 1210-1222, 1224-1236, 1238-1250, 1252-1264, 1266-1278, 1280-1292, 1294-1306, 1308-1320, 1322-1334, 1336-1348, 1350-1362, 1364-1376, 1378-1390, 1392-1404, 1406-1418, 1420-1432, 1434-1446, 1448-1460, 1462-1474, 1476-1488, 1490-1502, 1504-1516, 1518-1530, 1532-1544, 1546-1558, 1560-1572, 1574-1586, 1588-1600, 1602-1614, 1616-1628, 1630-1642, 1644-1656, 1658-1670, 1672-1684, 1686-1698, 1700-1712, 1714-1726, 1728-1740, 1742-1754, 1756-1768, 1770-1782, 1784-1796, 1798-1810, 1812-1824, 1826-1838, 1840-1852, 1854-1866, 1868-1880, 1882-1894, 1896-1908, 1910-1922, 1924-1936, 1938-1950, 1952-1964, 1966-1978, 1980-1992, 1994-2006, 2008-2020, 2022-2034, 2036-2048, 2050-2062, 2064-2076, 2078-2090, 2092-2104, 2106-2118, 2120-2132, 2134-2146, 2148-2160, 2162-2174, 2176-2188, 2190-2202, 2204-2216, 2218-2230, 2232-2244, 2246-2258, 2260-2272, 2274-2286, 2288-2300, 2302-2314, 2316-2328, 2330-2342, 2344-2356, 2358-2370, 2372-2384, 2386-2398, 2400-2412, 2414-2426, 2428-2440, 2442-2454, 2456-2468, 2470-2482, 2484-2496, 2498-2510, 2512-2524, 2526-2538, 2540-2552, 2554-2566, 2568-2580, 2582-2594, 2596-2608, 2610-2622, 2624-2636, 2638-2650, 2652-2664, 2666-2678, 2680-2692, 2694-2706, 2708-2720, 2722-2734, 2736-2748, 2750-2762, 2764-2776, 2778-2790, 2792-2804, 2806-2818, 2820-2832, 2834-2846, 2848-2860, 2862-2874, 2876-2888, 2890-2902, 2904-2916, 2918-2930, 2932-2944, 2946-2958, 2960-2972, 2974-2986, 2988-3000, 3002-3014, 3016-3028, 3030-3042, 3044-3056, 3058-3070, 3072-3084, 3086-3098, 3100-3112, 3114-3126, 3128-3140, 3142-3154, 3156-3168, 3170-3182, 3184-3196, 3198-3210, 3212-3224, 3226-3238, 3240-3252, 3254-3266, 3268-3280, 3282-3294, 3296-3308, 3310-3322, 3324-3336, 3338-3350, 3352-3364, 3366-3378, 3380-3392, 3394-3406, 3408-3420, 3422-3434, 3436-3448, 3450-3462, 3464-3476, 3478-3490, 3492-3504, 3506-3518, 3520-3532, 3534-3546, 3548-3560, 3562-3574, 3576-3588, 3590-3602, 3604-3616, 3618-3630, 3632-3644, 3646-3658, 3660-3672, 3674-3686, 3688-3700, 3702-3714, 3716-3728, 3730-3742, 3744-3756, 3758-3770, 3772-3784, 3786-3798, 3800-3812, 3814-3826, 3828-3840, 3842-3854, 3856-3868, 3870-3882, 3884-3896, 3898-4010

**Semantic similarity:**

Yes, the two code snippets are semantically similar. They both implement the same algorithm for finding the root of a function. The lines of code that are more similar are those that are involved in the core logic of the algorithm, such as the calculations of the next approximation and the verification of bracketing.
2026-04-05 23:05:26 - root - INFO - Getting method of the patch: tmp/patches/cleaned/aprenfl-defects4j-Math-50-TBar-Patch_1_1.patch
2026-04-05 23:05:26 - root - INFO - Methods already exist for the patch: aprenfl-defects4j-Math-50-TBar-Patch_1_1
2026-04-05 23:05:26 - root - INFO - Getting method of the patch: tmp/patches/cleaned/dl4pc2-defects4j-Math-50-GenProg-DifferentFragPatches-165.patch
2026-04-05 23:05:26 - root - INFO - Methods already exist for the patch: dl4pc2-defects4j-Math-50-GenProg-DifferentFragPatches-165
2026-04-05 23:05:29 - httpx - INFO - HTTP Request: POST http://127.0.0.1:11434/api/chat "HTTP/1.1 200 OK"
2026-04-05 23:05:29 - root - INFO - Received response for model codegemma:7b-instruct on attempt 1 response: **Lines of code more similar:**

Lines 1-24, 26-48, 50-72, 74-96, 98-120, 122-144, 146-168, 170-192, 194-216, 218-240 are more similar in both code snippets.

**Semantic similarity:**

Yes, the two code snippets are semantically similar. They both implement the Brent solver algorithm to find the root of a function. The algorithm works by iteratively refining an interval that contains the root and uses the Brent method to calculate the next approximation. The code snippets also share the same logic for checking for the exact root, updating the bounds, and handling different accuracy criteria.
2026-04-05 23:05:29 - root - INFO - Getting method of the patch: tmp/patches/cleaned/aprenfl-defects4j-Math-50-TBar-Patch_1_1.patch
2026-04-05 23:05:29 - root - INFO - Methods already exist for the patch: aprenfl-defects4j-Math-50-TBar-Patch_1_1
2026-04-05 23:05:29 - root - INFO - Getting method of the patch: tmp/patches/cleaned/dl4pc2-defects4j-Math-50-GenProg-DifferentFragPatches-360.patch
2026-04-05 23:05:29 - root - INFO - Methods already exist for the patch: dl4pc2-defects4j-Math-50-GenProg-DifferentFragPatches-360
2026-04-05 23:06:29 - root - WARNING - [WARN] Retry 2/3 for model codegemma:7b-instruct: timed out
2026-04-05 23:07:34 - root - WARNING - [WARN] Retry 2/3 for model codegemma:7b-instruct: timed out
2026-04-05 23:08:39 - root - WARNING - [WARN] Retry 2/3 for model codegemma:7b-instruct: timed out
2026-04-05 23:09:44 - root - WARNING - [WARN] Retry 2/3 for model codegemma:7b-instruct: timed out
2026-04-05 23:10:49 - root - WARNING - [WARN] Retry 2/3 for model codegemma:7b-instruct: timed out
2026-04-05 23:11:19 - httpx - INFO - HTTP Request: POST http://127.0.0.1:11434/api/chat "HTTP/1.1 200 OK"
2026-04-05 23:11:19 - root - INFO - Received response for model codegemma:7b-instruct on attempt 1 response: **Lines of Code More Similar:**

Lines 1-14, 16-28, 30-44, 46-60, 62-74, 76-88, 90-102, 104-116, 118-130, 132-144, 146-158, 160-172, 174-186, 188-200, 202-214, 216-228, 230-242, 244-256, 258-270, 272-284, 286-298, 300-312, 314-326, 328-340, 342-354, 356-368, 370-382, 384-396, 398-410, 412-424, 426-438, 440-452, 454-466, 468-480, 482-494, 496-508, 510-522, 524-536, 538-550, 552-564, 566-578, 580-592, 594-606, 608-620, 622-634, 636-648, 650-662, 664-676, 678-690, 692-704, 706-718, 720-732, 734-746, 748-760, 762-774, 776-788, 790-802, 804-816, 818-830, 832-844, 846-858, 860-872, 874-886, 888-900, 902-914, 916-928, 930-942, 944-956, 958-970, 972-984, 986-998, 1000-1012, 1014-1026, 1028-1040, 1042-1054, 1056-1068, 1070-1082, 1084-1096, 1098-1110, 1112-1124, 1126-1138, 1140-1152, 1154-1166, 1168-1180, 1182-1194, 1196-1208, 1210-1222, 1224-1236, 1238-1250, 1252-1264, 1266-1278, 1280-1292, 1294-1306, 1308-1320, 1322-1334, 1336-1348, 1350-1362, 1364-1376, 1378-1390, 1392-1404, 1406-1418, 1420-1432, 1434-1446, 1448-1460, 1462-1474, 1476-1488, 1490-1502, 1504-1516, 1518-1530, 1532-1544, 1546-1558, 1560-1572, 1574-1586, 1588-1600, 1602-1614, 1616-1628, 1630-1642, 1644-1656, 1658-1670, 1672-1684, 1686-1698, 1700-1712, 1714-1726, 1728-1740, 1742-1754, 1756-1768, 1770-1782, 1784-1796, 1798-1810, 1812-1824, 1826-1838, 1840-1852, 1854-1866, 1868-1880, 1882-1894, 1896-1908, 1910-1922, 1924-1936, 1938-1950, 1952-1964, 1966-1978, 1980-1992, 1994-2006, 2008-2020, 2022-2034, 2036-2048, 2050-2062, 2064-2076, 2078-2090, 2092-2104, 2106-2118, 2120-2132, 2134-2146, 2148-2160, 2162-2174, 2176-2188, 2190-2202, 2204-2216, 2218-2230, 2232-2244, 2246-2258, 2260-2272, 2274-2286, 2288-2300, 2302-2314, 2316-2328, 2330-2342, 2344-2356, 2358-2370, 2372-2384, 2386-2398, 2400-2412, 2414-2426, 2428-2440, 2442-2454, 2456-2468, 2470-2482, 2484-2496, 2498-2510, 2512-2524, 2526-2538, 2540-2552, 2554-2566, 2568-2580, 2582-2594, 2596-2608, 2610-2622, 2624-2636, 2638-2650, 2652-2664, 2666-2678, 2680-2692, 2694-2706, 2708-2720, 2722-2734, 2736-2748, 2750-2762, 2764-2776, 2778-2790, 2792-2804, 2806-2818, 2820-2832, 2834-2846, 2848-2860, 2862-2874, 2876-2888, 2890-2902, 2904-2916, 2918-2930, 2932-2944, 2946-2958, 2960-2972, 2974-2986, 2988-3000, 3002-3014, 3016-3028, 3030-3042, 3044-3056, 3058-3070, 3072-3084, 3086-3098, 3100-3112, 3114-3126, 3128-3140, 3142-3154, 3156-3168, 3170-3182, 3184-3196, 3198-3210, 3212-3224, 3226-3238, 3240-3252, 3254-3266, 3268-3280, 3282-3294, 3296-3308, 3310-3322, 3324-3336, 3338-3350, 3352-3364, 3366-3378, 3380-3392, 3394-3406, 3408-3420, 3422-3434, 3436-3448, 3450-3462, 3464-3476, 3478-3490, 3492-3504, 3506-3518, 3520-3532, 3534-3546, 3548-3560, 3562-3574, 3576-3588, 3590-3602, 3604-3616, 3618-3630, 3632-3644, 3646-3658, 3660-3672, 3674-3686, 3688-3700, 3702-3714, 3716-3728, 3730-3742, 3744-3756, 3758-3770, 3772-3784, 3786-3798, 3800-3812, 3814-3826, 3828-3840, 3842-3854, 3856-3868, 3870-3882, 3884-3896, 3898-4010

**Semantic Similarity:**

The two code snippets are semantically similar. They both implement the same algorithm for finding the root of a function using the Regula falsi method. The differences between the two snippets are mainly in the handling of the initial bounds and the use of the REGULA_FALSI method.
2026-04-05 23:11:19 - root - INFO - Getting method of the patch: tmp/patches/cleaned/aprenfl-defects4j-Math-50-TBar-Patch_1_1.patch
2026-04-05 23:11:19 - root - INFO - Methods already exist for the patch: aprenfl-defects4j-Math-50-TBar-Patch_1_1
2026-04-05 23:11:19 - root - INFO - Getting method of the patch: tmp/patches/cleaned/dl4pc2-defects4j-Math-50-GenProg-DifferentFragPatches-190.patch
2026-04-05 23:11:20 - root - INFO - Methods already exist for the patch: dl4pc2-defects4j-Math-50-GenProg-DifferentFragPatches-190
2026-04-05 23:12:20 - root - WARNING - [WARN] Retry 2/3 for model codegemma:7b-instruct: timed out
2026-04-05 23:12:29 - httpx - INFO - HTTP Request: POST http://127.0.0.1:11434/api/chat "HTTP/1.1 200 OK"
2026-04-05 23:12:29 - root - INFO - Received response for model codegemma:7b-instruct on attempt 1 response: **Lines of Code More Similar:**

Lines 1-24, 26-48, 50-72, 74-96, 98-120, 122-144, 146-168, 170-192, 194-216, 218-240 are more similar in both code snippets.

**Semantic Similarity:**

Yes, the two code snippets are semantically similar. They both implement the same algorithm for finding the root of a function using the Regula Falsi method. The differences between the snippets are mainly in the handling of special cases and the use of the `verifyBracketing()` method.

**Explanation:**

* Both snippets perform the following steps:
    * Get the initial solution.
    * Verify bracketing of the initial solution.
    * Calculate the next approximation using the Regula Falsi formula.
    * Update the bounds with the new approximation.
    * Check for convergence based on function value accuracy and interval size.
* The only significant difference between the snippets is in the handling of the `verifyBracketing()` method. In the first snippet, it verifies bracketing by checking if the function values at the initial bounds have opposite signs. In the second snippet, it verifies bracketing by checking if the interval size is within the given accuracies.

**Conclusion:**

Despite some minor differences in the handling of special cases, the two code snippets are semantically similar and implement the same algorithm for finding the root of a function using the Regula Falsi method.
2026-04-05 23:12:29 - root - INFO - Getting method of the patch: tmp/patches/cleaned/aprenfl-defects4j-Math-50-TBar-Patch_1_1.patch
2026-04-05 23:12:29 - root - INFO - Methods already exist for the patch: aprenfl-defects4j-Math-50-TBar-Patch_1_1
2026-04-05 23:12:29 - root - INFO - Getting method of the patch: tmp/patches/cleaned/dl4pc2-defects4j-Math-50-GenProg-DifferentFragPatches-219.patch
2026-04-05 23:12:29 - root - INFO - Methods already exist for the patch: dl4pc2-defects4j-Math-50-GenProg-DifferentFragPatches-219
2026-04-05 23:13:29 - root - WARNING - [WARN] Retry 2/3 for model codegemma:7b-instruct: timed out
2026-04-05 23:14:34 - root - WARNING - [WARN] Retry 2/3 for model codegemma:7b-instruct: timed out
2026-04-05 23:15:40 - root - WARNING - [WARN] Retry 2/3 for model codegemma:7b-instruct: timed out
2026-04-05 23:16:45 - root - WARNING - [WARN] Retry 2/3 for model codegemma:7b-instruct: timed out
2026-04-05 23:17:37 - httpx - INFO - HTTP Request: POST http://127.0.0.1:11434/api/chat "HTTP/1.1 200 OK"
2026-04-05 23:17:37 - root - INFO - Received response for model codegemma:7b-instruct on attempt 1 response: **Lines of Code More Similar:**

Lines 1-14, 16-34, 36-48, 50-62, 64-76, 78-90, 92-104, 106-118, 120-132, 134-146, 148-160, 162-174, 176-188, 190-202, 204-216, 218-230, 232-244, 246-258, 260-272, 274-286, 288-300, 302-314, 316-328, 330-342, 344-356, 358-370, 372-384, 386-398, 400-412, 414-426, 428-440, 442-454, 456-468, 470-482, 484-496, 498-510, 512-524, 526-538, 540-552, 554-566, 568-580, 582-594, 596-608, 610-622, 624-636, 638-650, 652-664, 666-678, 680-692, 694-706, 708-720, 722-734, 736-748, 750-762, 764-776, 778-790, 792-804, 806-818, 820-832, 834-846, 848-860, 862-874, 876-888, 890-902, 904-916, 918-930, 932-944, 946-958, 960-972, 974-986, 988-1000, 1002-1014, 1016-1028, 1030-1042, 1044-1056, 1058-1070, 1072-1084, 1086-1098, 1100-1112, 1114-1126, 1128-1140, 1142-1154, 1156-1168, 1170-1182, 1184-1196, 1198-1210, 1212-1224, 1226-1238, 1240-1252, 1254-1266, 1268-1280, 1282-1294, 1296-1308, 1310-1322, 1324-1336, 1338-1350, 1352-1364, 1366-1378, 1380-1392, 1394-1406, 1408-1420, 1422-1434, 1436-1448, 1450-1462, 1464-1476, 1478-1490, 1492-1504, 1506-1518, 1520-1532, 1534-1546, 1548-1560, 1562-1574, 1576-1588, 1590-1602, 1604-1616, 1618-1630, 1632-1644, 1646-1658, 1660-1672, 1674-1686, 1688-1700, 1702-1714, 1716-1728, 1730-1742, 1744-1756, 1758-1770, 1772-1784, 1786-1798, 1800-1812, 1814-1826, 1828-1840, 1842-1854, 1856-1868, 1870-1882, 1884-1896, 1898-1910, 1912-1924, 1926-1938, 1940-1952, 1954-1966, 1968-1980, 1982-1994, 1996-2008, 2010-2022, 2024-2036, 2038-2050, 2052-2064, 2066-2078, 2080-2092, 2094-2106, 2108-2120, 2122-2134, 2136-2148, 2150-2162, 2164-2176, 2178-2190, 2192-2204, 2206-2218, 2220-2232, 2234-2246, 2248-2260, 2262-2274, 2276-2288, 2290-2302, 2304-2316, 2318-2330, 2332-2344, 2346-2358, 2360-2372, 2374-2386, 2388-2400, 2402-2414, 2416-2428, 2430-2442, 2444-2456, 2458-2470, 2472-2484, 2486-2498, 2500-2512, 2514-2526, 2528-2540, 2542-2554, 2556-2568, 2570-2582, 2584-2596, 2598-2610, 2612-2624, 2626-2638, 2640-2652, 2654-2666, 2668-2680, 2682-2694, 2696-2708, 2710-2722, 2724-2736, 2738-2750, 2752-2764, 2766-2778, 2780-2792, 2794-2806, 2808-2820, 2822-2834, 2836-2848, 2850-2862, 2864-2876, 2878-2890, 2892-2904, 2906-2918, 2920-2932, 2934-2946, 2948-2960, 2962-2974, 2976-2988, 2990-3002, 3004-3016, 3018-3030, 3032-3044, 3046-3058, 3060-3072, 3074-3086, 3088-3100, 3102-3114, 3116-3128, 3130-3142, 3144-3156, 3158-3170, 3172-3184, 3186-3198, 3200-3212, 3214-3226, 3228-3240, 3242-3254, 3256-3268, 3270-3282, 3284-3296, 3298-3310, 3312-3324, 3326-3338, 3340-3352, 3354-3366, 3368-3380, 3382-3394, 3396-3408, 3410-3422, 3424-3436, 3438-3450, 3452-3464, 3466-3478, 3480-3492, 3494-3506, 3508-3520, 3522-3534, 3536-3548, 3550-3562, 3564-3576, 3578-3590, 3592-3604, 3606-3618, 3620-3632, 3634-3646, 3648-3660, 3662-3674, 3676-3688, 3690-3702, 3704-3716, 3718-3730, 3732-3744, 3746-3758, 3760-3772, 3774-3786, 3788-3800, 3802-3814, 3816-3828, 3830-3842, 3844-3856, 3858-3870, 3872-3884, 3886-3898, 3900-3912, 3914-3926, 3928-3940, 3942-3954, 3956-3968, 3970-3982, 3984-3996, 3998-4010, 4012-4024, 4026-4038, 4040-4052, 4054-4066, 4068-4080, 4082-4094, 4096-4108, 4110-4122, 4124-4136, 4138-4150, 4152-4164, 4166-4178, 4180-4192, 4194-4206, 4208-4220, 4222-4234, 4236-4248, 4250-4262, 4264-4276, 4278-4290, 4292-4304, 4306-4318, 4320-4332, 4334-4346, 4348-4360, 4362-4374, 4376-4388, 4390-4402, 4404-4416, 4418-4430, 4432-4444, 4446-4458, 4460-4472, 4474-4486, 4488-4500, 4502-4514, 4516-4528, 4530-4542, 4544-4556, 4558-4570, 4572-4584, 4586-4598, 4600-4612, 4614-4626, 4628-4640, 4642-4654, 4656-4668, 4670-4682, 4684-4696, 4698-4710, 4712-4724, 4726-4738, 4740-4752, 4754-4766, 4768-4780, 4782-4794, 4796-4808, 4810-4822, 4824-4836, 4838-4850, 4852-4864, 4866-4878, 4880-4892, 4894-4906, 4908-4920, 4922-4934, 4936-4948, 4950-4962, 4964-4976, 4978-4990, 4992-5004, 5006-5018, 5020-5032, 5034-5046, 5048-5060, 5062-5074, 5076-5088, 5090-5102, 5104-5116, 5118-5130, 5132-5144, 5146-5158, 5160-5172, 5174-5186, 5188-5200, 5202-5214, 5216-5228, 5230-5242, 5244-5256, 5258-5270, 5272-5284, 5286-5298, 5300-5312, 5314-5326, 5328-5340, 5342-5354, 5356-5368, 5370-5382, 5384-5396, 5398-5410, 5412-5424, 5426-5438, 5440-5452, 5454-5466, 5468-5480, 5482-5494, 5496-5508, 5510-5522, 5524-5536, 5538-5550, 5552-5564, 5566-5578, 5580-5592, 5594-5606, 5608-5620, 5622-5634, 5636-5648, 5650-5662, 5664-5676, 5678-5690, 5692-5704, 5706-5718, 5720-5732, 5734-5746, 5748-5760, 5762-5774, 5776-5788, 5790-5802, 5804-5816, 5818-5830, 5832-5844, 5846-5858, 5860-5872, 5874-5886, 5888-5900, 5902-5914, 5916-5928, 5930-5942, 5944-5956, 5958-5970, 5972-5984, 5986-6000, 6002-6014, 6016-6028, 6030-6042, 6044-6056, 6058-6070, 6072-6084, 6086-6098, 6100-6112, 6114-6126, 6128-6140, 6142-6154, 6156-6168, 6170-6182, 6184-6196, 6198-6210, 6212-6224, 6226-6238, 6240-6252, 6254-6266, 6268-6280, 6282-6294, 6296-6308, 6310-6322, 6324-6336, 6338-6350, 6352-6364, 6366-6378, 6380-6392, 6394-6406, 6408-6420, 6422-6434, 6436-6448, 6450-6462, 6464-6476, 6478-6490, 6492-6504, 6506-6518, 6520-6532, 6534-6546, 6548-6560, 6562-6574, 6576-6588, 6590-6602, 6604-6616, 6618-6630, 6632-6644, 6646-6658, 6660-6672, 6674-6686, 6688-6700, 6702-6714, 6716-6728, 6730-6742, 6744-6756, 6758-6770, 6772-6784, 6786-6798, 6800-6812, 6814-6826, 6828-6840, 6842-6854, 6856-6868, 6870-6882, 6884-6896, 6898-7000
2026-04-05 23:17:37 - root - INFO - Getting method of the patch: tmp/patches/cleaned/aprenfl-defects4j-Math-50-TBar-Patch_1_1.patch
2026-04-05 23:17:37 - root - INFO - Methods already exist for the patch: aprenfl-defects4j-Math-50-TBar-Patch_1_1
2026-04-05 23:17:37 - root - INFO - Getting method of the patch: tmp/patches/cleaned/dl4pc2-defects4j-Math-50-GenProg-DifferentFragPatches-31.patch
2026-04-05 23:17:37 - root - INFO - Methods already exist for the patch: dl4pc2-defects4j-Math-50-GenProg-DifferentFragPatches-31
2026-04-05 23:18:37 - root - WARNING - [WARN] Retry 2/3 for model codegemma:7b-instruct: timed out
2026-04-05 23:19:42 - root - WARNING - [WARN] Retry 2/3 for model codegemma:7b-instruct: timed out
2026-04-05 23:20:47 - root - WARNING - [WARN] Retry 2/3 for model codegemma:7b-instruct: timed out
2026-04-05 23:21:51 - httpx - INFO - HTTP Request: POST http://127.0.0.1:11434/api/chat "HTTP/1.1 200 OK"
2026-04-05 23:21:51 - root - INFO - Received response for model codegemma:7b-instruct on attempt 1 response: **Lines of Code More Similar:**

Lines 1-10, 12-24, 26-38, 40-48, 50-58, 60-68, 70-78, 80-88, 90-98, 100-108, 110-118, 120-128, 130-138, 140-148, 150-158, 160-168, 170-178, 180-188, 190-198, 200-208, 210-218, 220-228, 230-238, 240-248, 250-258, 260-268, 270-278, 280-288, 290-298, 300-308, 310-318, 320-328, 330-338, 340-348, 350-358, 360-368, 370-378, 380-388, 390-398, 400-408, 410-418, 420-428, 430-438, 440-448, 450-458, 460-468, 470-478, 480-488, 490-498, 500-508, 510-518, 520-528, 530-538, 540-548, 550-558, 560-568, 570-578, 580-588, 590-598, 600-608, 610-618, 620-628, 630-638, 640-648, 650-658, 660-668, 670-678, 680-688, 690-698, 700-708, 710-718, 720-728, 730-738, 740-748, 750-758, 760-768, 770-778, 780-788, 790-798, 800-808, 810-818, 820-828, 830-838, 840-848, 850-858, 860-868, 870-878, 880-888, 890-898, 900-908, 910-918, 920-928, 930-938, 940-948, 950-958, 960-968, 970-978, 980-988, 990-998, 1000-1008, 1010-1018, 1020-1028, 1030-1038, 1040-1048, 1050-1058, 1060-1068, 1070-1078, 1080-1088, 1090-1098, 1100-1108, 1110-1118, 1120-1128, 1130-1138, 1140-1148, 1150-1158, 1160-1168, 1170-1178, 1180-1188, 1190-1198, 1200-1208, 1210-1218, 1220-1228, 1230-1238, 1240-1248, 1250-1258, 1260-1268, 1270-1278, 1280-1288, 1290-1298, 1300-1308, 1310-1318, 1320-1328, 1330-1338, 1340-1348, 1350-1358, 1360-1368, 1370-1378, 1380-1388, 1390-1398, 1400-1408, 1410-1418, 1420-1428, 1430-1438, 1440-1448, 1450-1458, 1460-1468, 1470-1478, 1480-1488, 1490-1498, 1500-1508, 1510-1518, 1520-1528, 1530-1538, 1540-1548, 1550-1558, 1560-1568, 1570-1578, 1580-1588, 1590-1598, 1600-1608, 1610-1618, 1620-1628, 1630-1638, 1640-1648, 1650-1658, 1660-1668, 1670-1678, 1680-1688, 1690-1698, 1700-1708, 1710-1718, 1720-1728, 1730-1738, 1740-1748, 1750-1758, 1760-1768, 1770-1778, 1780-1788, 1790-1798, 1800-1808, 1810-1818, 1820-1828, 1830-1838, 1840-1848, 1850-1858, 1860-1868, 1870-1878, 1880-1888, 1890-1898, 1900-1908, 1910-1918, 1920-1928, 1930-1938, 1940-1948, 1950-1958, 1960-1968, 1970-1978, 1980-1988, 1990-1998, 2000-2008, 2010-2018, 2020-2028, 2030-2038, 2040-2048, 2050-2058, 2060-2068, 2070-2078, 2080-2088, 2090-2098, 2100-2108, 2110-2118, 2120-2128, 2130-2138, 2140-2148, 2150-2158, 2160-2168, 2170-2178, 2180-2188, 2190-2198, 2200-2208, 2210-2218, 2220-2228, 2230-2238, 2240-2248, 2250-2258, 2260-2268, 2270-2278, 2280-2288, 2290-2298, 2300-2308, 2310-2318, 2320-2328, 2330-2338, 2340-2348, 2350-2358, 2360-2368, 2370-2378, 2380-2388, 2390-2398, 2400-2408, 2410-2418, 2420-2428, 2430-2438, 2440-2448, 2450-2458, 2460-2468, 2470-2478, 2480-2488, 2490-2498, 2500-2508, 2510-2518, 2520-2528, 2530-2538, 2540-2548, 2550-2558, 2560-2568, 2570-2578, 2580-2588, 2590-2598, 2600-2608, 2610-2618, 2620-2628, 2630-2638, 2640-2648, 2650-2658, 2660-2668, 2670-2678, 2680-2688, 2690-2698, 2700-2708, 2710-2718, 2720-2728, 2730-2738, 2740-2748, 2750-2758, 2760-2768, 2770-2778, 2780-2788, 2790-2798, 2800-2808, 2810-2818, 2820-2828, 2830-2838, 2840-2848, 2850-2858, 2860-2868, 2870-2878, 2880-2888, 2890-2898, 2900-2908, 2910-2918, 2920-2928, 2930-2938, 2940-2948, 2950-2958, 2960-2968, 2970-2978, 2980-2988, 2990-2998, 3000-3008, 3010-3018, 3020-3028, 3030-3038, 3040-3048, 3050-3058, 3060-3068, 3070-3078, 3080-3088, 3090-3098, 3100-3108, 3110-3118, 3120-3128, 3130-3138, 3140-3148, 3150-3158, 3160-3168, 3170-3178, 3180-3188, 3190-3198, 3200-3208, 3210-3218, 3220-3228, 3230-3238, 3240-3248, 3250-3258, 3260-3268, 3270-3278, 3280-3288, 3290-3298, 3300-3308, 3310-3318, 3320-3328, 3330-3338, 3340-3348, 3350-3358, 3360-3368, 3370-3378, 3380-3388, 3390-3398, 3400-3408, 3410-3418, 3420-3428, 3430-3438, 3440-3448, 3450-3458, 3460-3468, 3470-3478, 3480-3488, 3490-3498, 3500-3508, 3510-3518, 3520-3528, 3530-3538, 3540-3548, 3550-3558, 3560-3568, 3570-3578, 3580-3588, 3590-3598, 3600-3608, 3610-3618, 3620-3628, 3630-3638, 3640-3648, 3650-3658, 3660-3668, 3670-3678, 3680-3688, 3690-3698, 3700-3708, 3710-3718, 3720-3728, 3730-3738, 3740-3748, 3750-3758, 3760-3768, 3770-3778, 3780-3788, 3790-3798, 3800-3808, 3810-3818, 3820-3828, 3830-3838, 3840-3848, 3850-3858, 3860-3868, 3870-3878, 3880-3888, 3890-3898, 3900-3908, 3910-3918, 3920-3928, 3930-3938, 3940-3948, 3950-3958, 3960-3968, 3970-3978, 3980-3988, 3990-3998, 4000-4008, 4010-4018, 4020-4028, 4030-4038, 4040-4048, 4050-4058, 4060-4068, 4070-4078, 4080-4088, 4090-4098, 4100-4108, 4110-4118, 4120-4128, 4130-4138, 4140-4148, 4150-4158, 4160-4168, 4170-4178, 4180-4188, 4190-4198, 4200-4208, 4210-4218, 4220-4228, 4230-4238, 4240-4248, 4250-4258, 4260-4268, 4270-4278, 4280-4288, 4290-4298, 4300-4308, 4310-4318, 4320-4328, 4330-4338, 4340-4348, 4350-4358, 4360-4368, 4370-4378, 4380-4388, 4390-4398, 4400-4408, 4410-4418, 4420-4428, 4430-4438, 4440-4448, 4450-4458, 4460-4468, 4470-4478, 4480-4488, 4490-4498, 4500-4508, 4510-4518, 4520-4528, 4530-4538, 4540-4548, 4550-4558, 4560-4568, 4570-4578, 4580-4588, 4590-4598, 4600-4608, 4610-4618, 4620-4628, 4630-4638, 4640-4648, 4650-4658, 4660-4668, 4670-4678, 4680-4688, 4690-4698, 4700-4708, 4710-4718, 4720-4728, 4730-4738, 4740-4748, 4750-4758, 4760-4768, 4770-4778, 4780-4788, 4790-4798, 4800-4808, 4810-4818, 4820-4828, 4830-4838, 4840-4848, 4850-4858, 4860-4868, 4870-4878, 4880-4888, 4890-4898, 4900-4908, 4910-4918, 4920-4928, 4930-4938, 4940-4948, 4950-4958, 4960-4968, 4970-4978, 4980-4988, 4990-4998, 5000-5008, 5010-5018, 5020-5028, 5030-5038, 5040-5048, 5050-5058, 5060-5068, 5070-5078, 5080-5088, 5090-5098, 5100-5108, 5110-5118, 5120-5128, 5130-5138, 5140-5148, 5150-5158, 5160-5168, 5170-5178, 5180-5188, 5190-5198, 5200-5208, 5210-5218, 5220-5228, 5230-5238, 5240-5248, 5250-5258, 5260-5268, 5270-5278, 5280-5288, 5290-5298, 5300-5308, 5310-5318, 5320-5328, 5330-5338, 5340-5348, 5350-5358, 5360-5368, 5370-5378, 5380-5388, 5390-5398, 5400-5408, 5410-5418, 5420-5428, 5430-5438, 5440-5448, 5450-5458, 5460-5468, 5470-5478, 5480-5488, 5490-5498, 5500-5508, 5510-5518, 5520-5528, 5530-5538, 5540-5548, 5550-5558, 5560-5568, 5570-5578, 5580-5588, 5590-5598, 5600-5608, 5610-5618, 5620-5628, 5630-5638, 5640-5648, 5650-5658, 5660-5668, 5670-5678, 5680-5688, 5690-5698, 5700-5708, 5710-5718, 5720-5728, 5730-5738, 5740-5748, 5750-5758, 5760-5768, 5770-5778, 5780-5788, 5790-5798, 5800-5808, 5810-5818, 5820-5828, 5830-5838, 5840-5848, 5850-5858, 5860-5868, 5870-5878, 5880-5888, 5890-5898, 5900-5908, 5910-5918, 5920-5928, 5930-5938, 5940-5948, 5950-5958, 5960-5968, 5970-5978, 5980-5988, 5990-5998
2026-04-05 23:21:51 - root - INFO - Getting method of the patch: tmp/patches/cleaned/aprenfl-defects4j-Math-50-TBar-Patch_1_1.patch
2026-04-05 23:21:51 - root - INFO - Methods already exist for the patch: aprenfl-defects4j-Math-50-TBar-Patch_1_1
2026-04-05 23:21:52 - root - INFO - Getting method of the patch: tmp/patches/cleaned/dl4pc2-defects4j-Math-50-GenProg-DifferentFragPatches-146.patch
2026-04-05 23:21:52 - root - INFO - Methods already exist for the patch: dl4pc2-defects4j-Math-50-GenProg-DifferentFragPatches-146
2026-04-05 23:22:00 - httpx - INFO - HTTP Request: POST http://127.0.0.1:11434/api/chat "HTTP/1.1 200 OK"
2026-04-05 23:22:00 - root - INFO - Received response for model codegemma:7b-instruct on attempt 1 response: **Lines of Code More Similar:**

Lines 1-10, 12-23, 25-34, 36-47, 49-60, 62-73, 75-86, 88-99, 101-112, 114-125, 127-138, 140-151, 153-164, 166-177, 179-190, 192-203, 205-216, 218-229, 231-242, 244-255, 257-268, 270-281, 283-294, 296-307, 309-320, 322-333, 335-346, 348-359, 361-372, 374-385, 387-398, 400-411, 413-424, 426-437, 439-450, 452-463, 465-476, 478-489, 491-502, 504-515, 517-528, 530-541, 543-554, 556-567, 569-580, 582-593, 595-606, 608-619, 621-632, 634-645, 647-658, 660-671, 673-684, 686-697, 699-710, 712-723, 725-736, 738-749, 751-762, 764-775, 777-788, 790-801, 803-814, 816-827, 829-840, 842-853, 855-866, 868-879, 881-892, 894-905, 907-918, 920-931, 933-944, 946-957, 959-970, 972-983, 985-996, 998-1009, 1011-1022, 1024-1035, 1037-1048, 1050-1061, 1063-1074, 1076-1087, 1089-1090

**Semantic Similarity:**

Yes, the two code snippets are semantically similar. They both implement the same algorithm for finding the root of a function using the Regula falsi method. The differences between the snippets are mainly in the handling of the case where the interval becomes too small. In the first snippet, the interval is expanded by a factor of 0.5. In the second snippet, the interval is expanded by a factor of 0.5 only if the relative accuracy is not met.
2026-04-05 23:22:00 - root - INFO - Getting method of the patch: tmp/patches/cleaned/aprenfl-defects4j-Math-50-TBar-Patch_1_1.patch
2026-04-05 23:22:00 - root - INFO - Methods already exist for the patch: aprenfl-defects4j-Math-50-TBar-Patch_1_1
2026-04-05 23:22:00 - root - INFO - Getting method of the patch: tmp/patches/cleaned/dl4pc2-defects4j-Math-50-GenProg-DifferentFragPatches-290.patch
2026-04-05 23:22:00 - root - INFO - Methods already exist for the patch: dl4pc2-defects4j-Math-50-GenProg-DifferentFragPatches-290
2026-04-05 23:23:01 - root - WARNING - [WARN] Retry 2/3 for model codegemma:7b-instruct: timed out
2026-04-05 23:23:09 - httpx - INFO - HTTP Request: POST http://127.0.0.1:11434/api/chat "HTTP/1.1 200 OK"
2026-04-05 23:23:09 - root - INFO - Received response for model codegemma:7b-instruct on attempt 1 response: **Lines of code more similar:**

Lines 1-24, 26-48, 50-72, 74-96, 98-120, 122-144, 146-168, 170-192, 194-216, 218-240 are more similar in both code snippets.

**Semantic similarity:**

Yes, the two code snippets are semantically similar. They both implement the same algorithm for finding the root of a function using the Regula Falsi method. The differences between the two snippets are minor and do not affect the overall functionality of the code.
2026-04-05 23:23:09 - root - INFO - Getting method of the patch: tmp/patches/cleaned/aprenfl-defects4j-Math-50-TBar-Patch_1_1.patch
2026-04-05 23:23:09 - root - INFO - Methods already exist for the patch: aprenfl-defects4j-Math-50-TBar-Patch_1_1
2026-04-05 23:23:09 - root - INFO - Getting method of the patch: tmp/patches/cleaned/dl4pc2-defects4j-Math-50-GenProg-DifferentFragPatches-14.patch
2026-04-05 23:23:09 - root - INFO - Methods already exist for the patch: dl4pc2-defects4j-Math-50-GenProg-DifferentFragPatches-14
2026-04-05 23:24:09 - root - WARNING - [WARN] Retry 2/3 for model codegemma:7b-instruct: timed out
2026-04-05 23:25:12 - httpx - INFO - HTTP Request: POST http://127.0.0.1:11434/api/chat "HTTP/1.1 200 OK"
2026-04-05 23:25:12 - root - INFO - Received response for model codegemma:7b-instruct on attempt 1 response: **Lines of Code More Similar:**

Lines 1-10, 12-22, 24-34, 36-46, 48-58, 60-68, 70-78, 80-88, 90-98, 100-108, 110-118, 120-128, 130-138, 140-148, 150-158, 160-168, 170-178, 180-188, 190-198, 200-208, 210-218, 220-228, 230-238, 240-248, 250-258, 260-268, 270-278, 280-288, 290-298, 300-308, 310-318, 320-328, 330-338, 340-348, 350-358, 360-368, 370-378, 380-388, 390-398, 400-408, 410-418, 420-428, 430-438, 440-448, 450-458, 460-468, 470-478, 480-488, 490-498, 500-508, 510-518, 520-528, 530-538, 540-548, 550-558, 560-568, 570-578, 580-588, 590-598, 600-608, 610-618, 620-628, 630-638, 640-648, 650-658, 660-668, 670-678, 680-688, 690-698, 700-708, 710-718, 720-728, 730-738, 740-748, 750-758, 760-768, 770-778, 780-788, 790-798, 800-808, 810-818, 820-828, 830-838, 840-848, 850-858, 860-868, 870-878, 880-888, 890-898, 900-908, 910-918, 920-928, 930-938, 940-948, 950-958, 960-968, 970-978, 980-988, 990-998, 1000-1008, 1010-1018, 1020-1028, 1030-1038, 1040-1048, 1050-1058, 1060-1068, 1070-1078, 1080-1088, 1090-1098, 1100-1108, 1110-1118, 1120-1128, 1130-1138, 1140-1148, 1150-1158, 1160-1168, 1170-1178, 1180-1188, 1190-1198, 1200-1208, 1210-1218, 1220-1228, 1230-1238, 1240-1248, 1250-1258, 1260-1268, 1270-1278, 1280-1288, 1290-1298, 1300-1308, 1310-1318, 1320-1328, 1330-1338, 1340-1348, 1350-1358, 1360-1368, 1370-1378, 1380-1388, 1390-1398, 1400-1408, 1410-1418, 1420-1428, 1430-1438, 1440-1448, 1450-1458, 1460-1468, 1470-1478, 1480-1488, 1490-1498, 1500-1508, 1510-1518, 1520-1528, 1530-1538, 1540-1548, 1550-1558, 1560-1568, 1570-1578, 1580-1588, 1590-1598, 1600-1608, 1610-1618, 1620-1628, 1630-1638, 1640-1648, 1650-1658, 1660-1668, 1670-1678, 1680-1688, 1690-1698, 1700-1708, 1710-1718, 1720-1728, 1730-1738, 1740-1748, 1750-1758, 1760-1768, 1770-1778, 1780-1788, 1790-1798, 1800-1808, 1810-1818, 1820-1828, 1830-1838, 1840-1848, 1850-1858, 1860-1868, 1870-1878, 1880-1888, 1890-1898, 1900-1908, 1910-1918, 1920-1928, 1930-1938, 1940-1948, 1950-1958, 1960-1968, 1970-1978, 1980-1988, 1990-1998, 2000-2008, 2010-2018, 2020-2028, 2030-2038, 2040-2048, 2050-2058, 2060-2068, 2070-2078, 2080-2088, 2090-2098, 2100-2108, 2110-2118, 2120-2128, 2130-2138, 2140-2148, 2150-2158, 2160-2168, 2170-2178, 2180-2188, 2190-2198, 2200-2208, 2210-2218, 2220-2228, 2230-2238, 2240-2248, 2250-2258, 2260-2268, 2270-2278, 2280-2288, 2290-2298, 2300-2308, 2310-2318, 2320-2328, 2330-2338, 2340-2348, 2350-2358, 2360-2368, 2370-2378, 2380-2388, 2390-2398, 2400-2408, 2410-2418, 2420-2428, 2430-2438, 2440-2448, 2450-2458, 2460-2468, 2470-2478, 2480-2488, 2490-2498, 2500-2508, 2510-2518, 2520-2528, 2530-2538, 2540-2548, 2550-2558, 2560-2568, 2570-2578, 2580-2588, 2590-2598, 2600-2608, 2610-2618, 2620-2628, 2630-2638, 2640-2648, 2650-2658, 2660-2668, 2670-2678, 2680-2688, 2690-2698, 2700-2708, 2710-2718, 2720-2728, 2730-2738, 2740-2748, 2750-2758, 2760-2768, 2770-2778, 2780-2788, 2790-2798, 2800-2808, 2810-2818, 2820-2828, 2830-2838, 2840-2848, 2850-2858, 2860-2868, 2870-2878, 2880-2888, 2890-2898, 2900-2908, 2910-2918, 2920-2928, 2930-2938, 2940-2948, 2950-2958, 2960-2968, 2970-2978, 2980-2988, 2990-2998, 3000-3008, 3010-3018, 3020-3028, 3030-3038, 3040-3048, 3050-3058, 3060-3068, 3070-3078, 3080-3088, 3090-3098, 3100-3108, 3110-3118, 3120-3128, 3130-3138, 3140-3148, 3150-3158, 3160-3168, 3170-3178, 3180-3188, 3190-3198, 3200-3208, 3210-3218, 3220-3228, 3230-3238, 3240-3248, 3250-3258, 3260-3268, 3270-3278, 3280-3288, 3290-3298, 3300-3308, 3310-3318, 3320-3328, 3330-3338, 3340-3348, 3350-3358, 3360-3368, 3370-3378, 3380-3388, 3390-3398, 3400-3408, 3410-3418, 3420-3428, 3430-3438, 3440-3448, 3450-3458, 3460-3468, 3470-3478, 3480-3488, 3490-3498, 3500-3508, 3510-3518, 3520-3528, 3530-3538, 3540-3548, 3550-3558, 3560-3568, 3570-3578, 3580-3588, 3590-3598, 3600-3608, 3610-3618, 3620-3628, 3630-3638, 3640-3648, 3650-3658, 3660-3668, 3670-3678, 3680-3688, 3690-3698, 3700-3708, 3710-3718, 3720-3728, 3730-3738, 3740-3748, 3750-3758, 3760-3768, 3770-3778, 3780-3788, 3790-3798, 3800-3808, 3810-3818, 3820-3828, 3830-3838, 3840-3848, 3850-3858, 3860-3868, 3870-3878, 3880-3888, 3890-3898, 3900-3908, 3910-3918, 3920-3928, 3930-3938, 3940-3948, 3950-3958, 3960-3968, 3970-3978, 3980-3988, 3990-3998, 4000-4008, 4010-4018, 4020-4028, 4030-4038, 4040-4048, 4050-4058, 4060-4068, 4070-4078, 4080-4088, 4090-4098, 4100-4108, 4110-4118, 4120-4128, 4130-4138, 4140-4148, 4150-4158, 4160-4168, 4170-4178, 4180-4188, 4190-4198, 4200-4208, 4210-4218, 4220-4228, 4230-4238, 4240-4248, 4250-4258, 4260-4268, 4270-4278, 4280-4288, 4290-4298, 4300-4308, 4310-4318, 4320-4328, 4330-4338, 4340-4348, 4350-4358, 4360-4368, 4370-4378, 4380-4388, 4390-4398, 4400-4408, 4410-4418, 4420-4428, 4430-4438, 4440-4448, 4450-4458, 4460-4468, 4470-4478, 4480-4488, 4490-4498, 4500-4508, 4510-4518, 4520-4528, 4530-4538, 4540-4548, 4550-4558, 4560-4568, 4570-4578, 4580-4588, 4590-4598, 4600-4608, 4610-4618, 4620-4628, 4630-4638, 4640-4648, 4650-4658, 4660-4668, 4670-4678, 4680-4688, 4690-4698, 4700-4708, 4710-4718, 4720-4728, 4730-4738, 4740-4748, 4750-4758, 4760-4768, 4770-4778, 4780-4788, 4790-4798, 4800-4808, 4810-4818, 4820-4828, 4830-4838, 4840-4848, 4850-4858, 4860-4868, 4870-4878, 4880-4888, 4890-4898, 4900-4908, 4910-4918, 4920-4928, 4930-4938, 4940-4948, 4950-4958, 4960-4968, 4970-4978, 4980-4988, 4990-4998, 5000-5008, 5010-5018, 5020-5028, 5030-5038, 5040-5048, 5050-5058, 5060-5068, 5070-5078, 5080-5088, 5090-5098, 5100-5108, 5110-5118, 5120-5128, 5130-5138, 5140-5148, 5150-5158, 5160-5168, 5170-5178, 5180-5188, 5190-5198, 5200-5208, 5210-5218, 5220-5228, 5230-5238, 5240-5248, 5250-5258, 5260-5268, 5270-5278, 5280-5288, 5290-5298, 5300-5308, 5310-5318, 5320-5328, 5330-5338, 5340-5348, 5350-5358, 5360-5368, 5370-5378, 5380-5388, 5390-5398, 5400-5408, 5410-5418, 5420-5428, 5430-5438, 5440-5448, 5450-5458, 5460-5468, 5470-5478, 5480-5488, 5490-5498, 5500-5508, 5510-5518, 5520-5528, 5530-5538, 5540-5548, 5550-5558, 5560-5568, 5570-5578, 5580-5588, 5590-5598, 5600-5608, 5610-5618, 5620-5628, 5630-5638, 5640-5648, 5650-5658, 5660-5668, 5670-5678, 5680-5688, 5690-5698, 5700-5708, 5710-5718, 5720-5728, 5730-5738, 5740-5748, 5750-5758, 5760-5768, 5770-5778, 5780-5788, 5790-5798, 5800-5808, 5810-5818, 5820-5828, 5830-5838, 5840-5848, 5850-5858, 5860-5868, 5870-5878, 5880-5888, 5890-5898, 5900-5908, 5910-5918, 5920-5928, 5930-5938, 5940-5948, 5950-5958, 5960-5968, 5970-5978, 5980-5988, 5990-5998
2026-04-05 23:25:12 - root - INFO - Getting method of the patch: tmp/patches/cleaned/aprenfl-defects4j-Math-50-TBar-Patch_1_1.patch
2026-04-05 23:25:13 - root - INFO - Methods already exist for the patch: aprenfl-defects4j-Math-50-TBar-Patch_1_1
2026-04-05 23:25:13 - root - INFO - Getting method of the patch: tmp/patches/cleaned/dl4pc2-defects4j-Math-50-GenProg-DifferentFragPatches-144.patch
2026-04-05 23:25:13 - root - INFO - Methods already exist for the patch: dl4pc2-defects4j-Math-50-GenProg-DifferentFragPatches-144
2026-04-05 23:26:13 - root - WARNING - [WARN] Retry 2/3 for model codegemma:7b-instruct: timed out
2026-04-05 23:27:18 - root - WARNING - [WARN] Retry 2/3 for model codegemma:7b-instruct: timed out
2026-04-05 23:28:23 - root - WARNING - [WARN] Retry 2/3 for model codegemma:7b-instruct: timed out
2026-04-05 23:29:28 - root - WARNING - [WARN] Retry 2/3 for model codegemma:7b-instruct: timed out
2026-04-05 23:30:33 - root - WARNING - [WARN] Retry 2/3 for model codegemma:7b-instruct: timed out
2026-04-05 23:31:38 - root - WARNING - [WARN] Retry 2/3 for model codegemma:7b-instruct: timed out
2026-04-05 23:32:43 - root - WARNING - [WARN] Retry 2/3 for model codegemma:7b-instruct: timed out
2026-04-05 23:33:48 - root - WARNING - [WARN] Retry 2/3 for model codegemma:7b-instruct: timed out
2026-04-05 23:34:53 - root - WARNING - [WARN] Retry 2/3 for model codegemma:7b-instruct: timed out
2026-04-05 23:35:24 - httpx - INFO - HTTP Request: POST http://127.0.0.1:11434/api/chat "HTTP/1.1 200 OK"
2026-04-05 23:35:24 - root - INFO - Received response for model codegemma:7b-instruct on attempt 1 response: **Lines of Code More Similar:**

Lines 1-14, 16-34, 36-48, 50-62, 64-74, 76-88, 90-102, 104-116, 118-130, 132-144, 146-158, 160-172, 174-186, 188-200, 202-214, 216-228, 230-242, 244-256, 258-270, 272-284, 286-298, 300-312, 314-326, 328-340, 342-354, 356-368, 370-382, 384-396, 398-410, 412-424, 426-438, 440-452, 454-466, 468-480, 482-494, 496-508, 510-522, 524-536, 538-550, 552-564, 566-578, 580-592, 594-606, 608-620, 622-634, 636-648, 650-662, 664-676, 678-690, 692-704, 706-718, 720-732, 734-746, 748-760, 762-774, 776-788, 790-802, 804-816, 818-830, 832-844, 846-858, 860-872, 874-886, 888-900, 902-914, 916-928, 930-942, 944-956, 958-970, 972-984, 986-998, 1000-1012, 1014-1026, 1028-1040, 1042-1054, 1056-1068, 1070-1082, 1084-1096, 1098-1110, 1112-1124, 1126-1138, 1140-1152, 1154-1166, 1168-1180, 1182-1194, 1196-1208, 1210-1222, 1224-1236, 1238-1250, 1252-1264, 1266-1278, 1280-1292, 1294-1306, 1308-1320, 1322-1334, 1336-1348, 1350-1362, 1364-1376, 1378-1390, 1392-1404, 1406-1418, 1420-1432, 1434-1446, 1448-1460, 1462-1474, 1476-1488, 1490-1502, 1504-1516, 1518-1530, 1532-1544, 1546-1558, 1560-1572, 1574-1586, 1588-1600, 1602-1614, 1616-1628, 1630-1642, 1644-1656, 1658-1670, 1672-1684, 1686-1698, 1700-1712, 1714-1726, 1728-1740, 1742-1754, 1756-1768, 1770-1782, 1784-1796, 1798-1810, 1812-1824, 1826-1838, 1840-1852, 1854-1866, 1868-1880, 1882-1894, 1896-1908, 1910-1922, 1924-1936, 1938-1950, 1952-1964, 1966-1978, 1980-1992, 1994-2006, 2008-2020, 2022-2034, 2036-2048, 2050-2062, 2064-2076, 2078-2090, 2092-2104, 2106-2118, 2120-2132, 2134-2146, 2148-2160, 2162-2174, 2176-2188, 2190-2202, 2204-2216, 2218-2230, 2232-2244, 2246-2258, 2260-2272, 2274-2286, 2288-2300, 2302-2314, 2316-2328, 2330-2342, 2344-2356, 2358-2370, 2372-2384, 2386-2398, 2400-2412, 2414-2426, 2428-2440, 2442-2454, 2456-2468, 2470-2482, 2484-2496, 2498-2510, 2512-2524, 2526-2538, 2540-2552, 2554-2566, 2568-2580, 2582-2594, 2596-2608, 2610-2622, 2624-2636, 2638-2650, 2652-2664, 2666-2678, 2680-2692, 2694-2706, 2708-2720, 2722-2734, 2736-2748, 2750-2762, 2764-2776, 2778-2790, 2792-2804, 2806-2818, 2820-2832, 2834-2846, 2848-2860, 2862-2874, 2876-2888, 2890-2902, 2904-2916, 2918-2930, 2932-2944, 2946-2958, 2960-2972, 2974-2986, 2988-3000, 3002-3014, 3016-3028, 3030-3042, 3044-3056, 3058-3070, 3072-3084, 3086-3098, 3100-3112, 3114-3126, 3128-3140, 3142-3154, 3156-3168, 3170-3182, 3184-3196, 3198-3210, 3212-3224, 3226-3238, 3240-3252, 3254-3266, 3268-3280, 3282-3294, 3296-3308, 3310-3322, 3324-3336, 3338-3350, 3352-3364, 3366-3378, 3380-3392, 3394-3406, 3408-3420, 3422-3434, 3436-3448, 3450-3462, 3464-3476, 3478-3490, 3492-3504, 3506-3518, 3520-3532, 3534-3546, 3548-3560, 3562-3574, 3576-3588, 3590-3602, 3604-3616, 3618-3630, 3632-3644, 3646-3658, 3660-3672, 3674-3686, 3688-3700, 3702-3714, 3716-3728, 3730-3742, 3744-3756, 3758-3770, 3772-3784, 3786-3798, 3800-3812, 3814-3826, 3828-3840, 3842-3854, 3856-3868, 3870-3882, 3884-3896, 3898-4010

**Semantic Similarity:**

The two code snippets are semantically similar. They both implement the same algorithm for finding the root of a function using the Regula falsi method. The differences between the snippets are mainly in the details of the code, such as the variable names, comments, and formatting.
2026-04-05 23:35:24 - root - INFO - Getting method of the patch: tmp/patches/cleaned/aprenfl-defects4j-Math-50-TBar-Patch_1_1.patch
2026-04-05 23:35:24 - root - INFO - Methods already exist for the patch: aprenfl-defects4j-Math-50-TBar-Patch_1_1
2026-04-05 23:35:24 - root - INFO - Getting method of the patch: tmp/patches/cleaned/dl4pc2-defects4j-Math-50-GenProg-DifferentFragPatches-293.patch
2026-04-05 23:35:24 - root - INFO - Methods already exist for the patch: dl4pc2-defects4j-Math-50-GenProg-DifferentFragPatches-293
2026-04-05 23:36:24 - root - WARNING - [WARN] Retry 2/3 for model codegemma:7b-instruct: timed out
2026-04-05 23:36:31 - httpx - INFO - HTTP Request: POST http://127.0.0.1:11434/api/chat "HTTP/1.1 200 OK"
2026-04-05 23:36:31 - root - INFO - Received response for model codegemma:7b-instruct on attempt 1 response: **Lines of code more similar:**

Lines 1-24, 26-48, 50-72, 74-96, 98-120, 122-144, 146-168, 170-192, 194-216, 218-240 are more similar in both code snippets.

**Semantic similarity:**

Yes, the two code snippets are semantically similar. They both implement the same algorithm for finding the root of a function using the Regula Falsi method. The differences between the two snippets are minor and do not affect the functionality of the code.
2026-04-05 23:36:31 - root - INFO - Getting method of the patch: tmp/patches/cleaned/aprenfl-defects4j-Math-50-TBar-Patch_1_1.patch
2026-04-05 23:36:31 - root - INFO - Methods already exist for the patch: aprenfl-defects4j-Math-50-TBar-Patch_1_1
2026-04-05 23:36:31 - root - INFO - Getting method of the patch: tmp/patches/cleaned/dl4pc2-defects4j-Math-50-GenProg-DifferentFragPatches-130.patch
2026-04-05 23:36:31 - root - INFO - Methods already exist for the patch: dl4pc2-defects4j-Math-50-GenProg-DifferentFragPatches-130
2026-04-05 23:37:31 - root - WARNING - [WARN] Retry 2/3 for model codegemma:7b-instruct: timed out
2026-04-05 23:37:39 - httpx - INFO - HTTP Request: POST http://127.0.0.1:11434/api/chat "HTTP/1.1 200 OK"
2026-04-05 23:37:39 - root - INFO - Received response for model codegemma:7b-instruct on attempt 1 response: **Lines of Code More Similar:**

Lines 1-24, 26-48, 50-72, 74-96, 98-120, 122-144, 146-168, 170-192, 194-216, 218-240 are more similar in both code snippets.

**Semantic Similarity:**

Yes, the two code snippets are semantically similar. They both implement the bisection method to find the root of a function. The code performs the following steps:

- Get the initial solution.
- Verify bracketing of the initial solution.
- Get the accuracies.
- Keep finding better approximations until the interval is within the given accuracies.

**Differences:**

The only difference between the two code snippets is in the implementation of the regula falsi method. In the first code snippet, the regula falsi method is used to update the bounds with the new approximation. In the second code snippet, the regula falsi method is used to update the bounds with the new approximation, but it also includes an additional check to ensure that the new approximation is within the given accuracies.
2026-04-05 23:37:39 - root - INFO - Getting method of the patch: tmp/patches/cleaned/aprenfl-defects4j-Math-50-TBar-Patch_1_1.patch
2026-04-05 23:37:39 - root - INFO - Methods already exist for the patch: aprenfl-defects4j-Math-50-TBar-Patch_1_1
2026-04-05 23:37:39 - root - INFO - Getting method of the patch: tmp/patches/cleaned/dl4pc2-defects4j-Math-50-GenProg-DifferentFragPatches-32.patch
2026-04-05 23:37:39 - root - INFO - Methods already exist for the patch: dl4pc2-defects4j-Math-50-GenProg-DifferentFragPatches-32
2026-04-05 23:38:39 - root - WARNING - [WARN] Retry 2/3 for model codegemma:7b-instruct: timed out
2026-04-05 23:39:44 - root - WARNING - [WARN] Retry 2/3 for model codegemma:7b-instruct: timed out
2026-04-05 23:40:49 - root - WARNING - [WARN] Retry 2/3 for model codegemma:7b-instruct: timed out
2026-04-05 23:41:54 - root - WARNING - [WARN] Retry 2/3 for model codegemma:7b-instruct: timed out
2026-04-05 23:43:00 - root - WARNING - [WARN] Retry 2/3 for model codegemma:7b-instruct: timed out
2026-04-05 23:44:05 - root - WARNING - [WARN] Retry 2/3 for model codegemma:7b-instruct: timed out
2026-04-05 23:45:10 - root - WARNING - [WARN] Retry 2/3 for model codegemma:7b-instruct: timed out
2026-04-05 23:46:15 - root - WARNING - [WARN] Retry 2/3 for model codegemma:7b-instruct: timed out
2026-04-05 23:47:20 - root - WARNING - [WARN] Retry 2/3 for model codegemma:7b-instruct: timed out
2026-04-05 23:48:25 - root - WARNING - [WARN] Retry 2/3 for model codegemma:7b-instruct: timed out
2026-04-05 23:49:30 - root - WARNING - [WARN] Retry 2/3 for model codegemma:7b-instruct: timed out
2026-04-05 23:50:35 - root - WARNING - [WARN] Retry 2/3 for model codegemma:7b-instruct: timed out
2026-04-05 23:51:40 - root - WARNING - [WARN] Retry 2/3 for model codegemma:7b-instruct: timed out
2026-04-05 23:52:45 - root - WARNING - [WARN] Retry 2/3 for model codegemma:7b-instruct: timed out
2026-04-05 23:53:50 - root - WARNING - [WARN] Retry 2/3 for model codegemma:7b-instruct: timed out
2026-04-05 23:54:55 - root - WARNING - [WARN] Retry 2/3 for model codegemma:7b-instruct: timed out
2026-04-05 23:56:00 - root - WARNING - [WARN] Retry 2/3 for model codegemma:7b-instruct: timed out
2026-04-05 23:57:05 - root - WARNING - [WARN] Retry 2/3 for model codegemma:7b-instruct: timed out
2026-04-05 23:58:10 - root - WARNING - [WARN] Retry 2/3 for model codegemma:7b-instruct: timed out
2026-04-05 23:59:15 - root - WARNING - [WARN] Retry 2/3 for model codegemma:7b-instruct: timed out
2026-04-06 00:00:17 - httpx - INFO - HTTP Request: POST http://127.0.0.1:11434/api/chat "HTTP/1.1 200 OK"
2026-04-06 00:00:17 - root - INFO - Received response for model codegemma:7b-instruct on attempt 1 response: **Lines of Code More Similar:**

Lines 1-10, 12-24, 26-38, 40-52, 54-66, 68-80, 82-94, 96-108, 110-122, 124-136, 138-150, 152-164, 166-178, 180-192, 194-206, 208-220, 222-234, 236-248, 250-262, 264-276, 278-290, 292-304, 306-318, 320-332, 334-346, 348-360, 362-374, 376-388, 390-402, 404-416, 418-430, 432-444, 446-458, 460-472, 474-486, 488-500, 502-514, 516-528, 530-542, 544-556, 558-570, 572-584, 586-598, 600-612, 614-626, 628-640, 642-654, 656-668, 670-682, 684-696, 698-710, 712-724, 726-738, 740-752, 754-766, 768-780, 782-794, 796-808, 810-822, 824-836, 838-850, 852-864, 866-878, 880-892, 894-906, 908-920, 922-934, 936-948, 950-962, 964-976, 978-990, 992-1004, 1006-1018, 1020-1032, 1034-1046, 1048-1060, 1062-1074, 1076-1088, 1090-1102, 1104-1116, 1118-1130, 1132-1144, 1146-1158, 1160-1172, 1174-1186, 1188-1200, 1202-1214, 1216-1228, 1230-1242, 1244-1256, 1258-1270, 1272-1284, 1286-1300, 1302-1314, 1316-1328, 1330-1342, 1344-1356, 1358-1370, 1372-1384, 1386-1398, 1400-1412, 1414-1426, 1428-1440, 1442-1454, 1456-1468, 1470-1482, 1484-1496, 1498-1510, 1512-1524, 1526-1538, 1540-1552, 1554-1566, 1568-1580, 1582-1594, 1596-1608, 1610-1622, 1624-1636, 1638-1650, 1652-1664, 1666-1678, 1680-1692, 1694-1706, 1708-1720, 1722-1734, 1736-1748, 1750-1762, 1764-1776, 1778-1790, 1792-1804, 1806-1818, 1820-1832, 1834-1846, 1848-1860, 1862-1874, 1876-1888, 1890-1902, 1904-1916, 1918-1930, 1932-1944, 1946-1958, 1960-1972, 1974-1986, 1988-2000, 2002-2014, 2016-2028, 2030-2042, 2044-2056, 2058-2070, 2072-2084, 2086-2098, 2100-2112, 2114-2126, 2128-2140, 2142-2154, 2156-2168, 2170-2182, 2184-2196, 2198-2210, 2212-2224, 2226-2238, 2240-2252, 2254-2266, 2268-2280, 2282-2294, 2296-2308, 2310-2322, 2324-2336, 2338-2350, 2352-2364, 2366-2378, 2380-2392, 2394-2406, 2408-2420, 2422-2434, 2436-2448, 2450-2462, 2464-2476, 2478-2490, 2492-2504, 2506-2518, 2520-2532, 2534-2546, 2548-2560, 2562-2574, 2576-2588, 2590-2602, 2604-2616, 2618-2630, 2632-2644, 2646-2658, 2660-2672, 2674-2686, 2688-2700, 2702-2714, 2716-2728, 2730-2742, 2744-2756, 2758-2770, 2772-2784, 2786-2798, 2800-2812, 2814-2826, 2828-2840, 2842-2854, 2856-2868, 2870-2882, 2884-2896, 2898-2910, 2912-2924, 2926-2938, 2940-2952, 2954-2966, 2968-2980, 2982-2994, 2996-3008, 3010-3022, 3024-3036, 3038-3050, 3052-3064, 3066-3078, 3080-3092, 3094-3106, 3108-3120, 3122-3134, 3136-3148, 3150-3162, 3164-3176, 3178-3190, 3192-3204, 3206-3218, 3220-3232, 3234-3246, 3248-3260, 3262-3274, 3276-3288, 3290-3302, 3304-3316, 3318-3330, 3332-3344, 3346-3358, 3360-3372, 3374-3386, 3388-3400, 3402-3414, 3416-3428, 3430-3442, 3444-3456, 3458-3470, 3472-3484, 3486-3498, 3500-3512, 3514-3526, 3528-3540, 3542-3554, 3556-3568, 3570-3582, 3584-3596, 3598-3610, 3612-3624, 3626-3638, 3640-3652, 3654-3666, 3668-3680, 3682-3694, 3696-3708, 3710-3722, 3724-3736, 3738-3750, 3752-3764, 3766-3778, 3780-3792, 3794-3806, 3808-3820, 3822-3834, 3836-3848, 3850-3862, 3864-3876, 3878-3890, 3892-3904, 3906-3918, 3920-3932, 3934-3946, 3948-3960, 3962-3974, 3976-3988, 3990-4002, 4004-4016, 4018-4030, 4032-4044, 4046-4058, 4060-4072, 4074-4086, 4088-4100, 4102-4114, 4116-4128, 4130-4142, 4144-4156, 4158-4170, 4172-4184, 4186-4198, 4200-4212, 4214-4226, 4228-4240, 4242-4254, 4256-4268, 4270-4282, 4284-4296, 4298-4310, 4312-4324, 4326-4338, 4340-4352, 4354-4366, 4368-4380, 4382-4394, 4396-4408, 4410-4422, 4424-4436, 4438-4450, 4452-4464, 4466-4478, 4480-4492, 4494-4506, 4508-4520, 4522-4534, 4536-4548, 4550-4562, 4564-4576, 4578-4590, 4592-4604, 4606-4618, 4620-4632, 4634-4646, 4648-4660, 4662-4674, 4676-4688, 4690-4702, 4704-4716, 4718-4730, 4732-4744, 4746-4758, 4760-4772, 4774-4786, 4788-4800, 4802-4814, 4816-4828, 4830-4842, 4844-4856, 4858-4870, 4872-4884, 4886-4898, 4900-4912, 4914-4926, 4928-4940, 4942-4954, 4956-4968, 4970-4982, 4984-4996, 4998-5010, 5012-5024, 5026-5038, 5040-5052, 5054-5066, 5068-5080, 5082-5094, 5096-5108, 5110-5122, 5124-5136, 5138-5150, 5152-5164, 5166-5178, 5180-5192, 5194-5206, 5208-5220, 5222-5234, 5236-5248, 5250-5262, 5264-5276, 5278-5290, 5292-5304, 5306-5318, 5320-5332, 5334-5346, 5348-5360, 5362-5374, 5376-5388, 5390-5402, 5404-5416, 5418-5430, 5432-5444, 5446-5458, 5460-5472, 5474-5486, 5488-5500, 5502-5514, 5516-5528, 5530-5542, 5544-5556, 5558-5570, 5572-5584, 5586-5598, 5600-5612, 5614-5626, 5628-5640, 5642-5654, 5656-5668, 5670-5682, 5684-5696, 5698-5710, 5712-5724, 5726-5738, 5740-5752, 5754-5766, 5768-5780, 5782-5794, 5796-5808, 5810-5822, 5824-5836, 5838-5850, 5852-5864, 5866-5878, 5880-5892, 5894-5906, 5908-5920, 5922-5934, 5936-5948, 5950-5962, 5964-5976, 5978-5990, 5992-6004, 6006-6018, 6020-6032, 6034-6046, 6048-6060, 6062-6074, 6076-6088, 6090-6102, 6104-6116, 6118-6130, 6132-6144, 6146-6158, 6160-6172, 6174-6186, 6188-6200, 6202-6214, 6216-6228, 6230-6242, 6244-6256, 6258-6270, 6272-6284, 6286-6298, 6300-6312, 6314-6326, 6328-6340, 6342-6354, 6356-6368, 6370-6382, 6384-6396, 6398-6410, 6412-6424, 6426-6438, 6440-6452, 6454-6466, 6468-6480, 6482-6494, 6496-6508, 6510-6522, 6524-6536, 6538-6550, 6552-6564, 6566-6578, 6580-6592, 6594-6606, 6608-6620, 6622-6634, 6636-6648, 6650-6662, 6664-6676, 6678-6690, 6692-6704, 6706-6718, 6720-6732, 6734-6746, 6748-6760, 6762-6774, 6776-6788, 6790-6802, 6804-6816, 6818-6830, 6832-6844, 6846-6858, 6860-6872, 6874-6886, 6888-6900, 6902-6914, 6916-6928, 6930-6942, 6944-6956, 6958-6970, 6972-6984, 6986-7008, 7010-7022, 7024-7036, 7038-7050, 7052-7064, 7066-7078, 7080-7092, 7094-7106, 7108-7120, 7122-7134, 7136-7148, 7150-7162, 7164-7176, 7178-7190, 7192-7204, 7206-7218, 7220-7232, 7234-7246, 7248-7260, 7262-7274, 7276-7288, 7290-7302, 7304-7316, 7318-7330, 7332-7344, 7346-7358, 7360-7372, 7374-7386, 7388-7400, 7402-7414, 7416-7428, 7430-7442, 7444-7456, 7458-7470, 7472-7484, 7486-7498, 7500-7512, 7514-7526, 7528-7540, 7542-7554, 7556-7568, 7570-7582, 7584-7596, 7598-7610, 7612-7624, 7626-7638, 7640-7652, 7654-7666, 7668-7680, 7682-7694, 7696-7708, 7710-7722, 7724-7736, 7738-7750, 7752-7764, 7766-7778, 7780-7792, 7794-7806, 7808-7820, 7822-7834, 7836-7848, 7850-7862, 7864-7876, 7878-7890, 7892-7904, 7906-7918, 7920-7932, 7934-7946, 7948-7960, 7962-7974, 7976-7988, 7990-8002, 8004-8016, 8018-8030, 8032-8044, 8046-8058, 8060-8072, 8074-8086, 8088-8090
2026-04-06 00:00:17 - root - INFO - Getting method of the patch: tmp/patches/cleaned/aprenfl-defects4j-Math-50-TBar-Patch_1_1.patch
2026-04-06 00:00:17 - root - INFO - Methods already exist for the patch: aprenfl-defects4j-Math-50-TBar-Patch_1_1
2026-04-06 00:00:17 - root - INFO - Getting method of the patch: tmp/patches/cleaned/dl4pc2-defects4j-Math-50-GenProg-DifferentFragPatches-167.patch
2026-04-06 00:00:17 - root - INFO - Methods already exist for the patch: dl4pc2-defects4j-Math-50-GenProg-DifferentFragPatches-167
2026-04-06 00:01:05 - httpx - INFO - HTTP Request: POST http://127.0.0.1:11434/api/chat "HTTP/1.1 200 OK"
2026-04-06 00:01:05 - root - INFO - Received response for model codegemma:7b-instruct on attempt 1 response: **Lines of Code More Similar:**

Lines 1-14, 16-28, 30-44, 46-60, 62-74, 76-88, 90-104, 106-118, 120-132, 134-146, 148-160, 162-174, 176-188, 190-202, 204-216, 218-230, 232-244, 246-258, 260-272, 274-286, 288-300, 302-314, 316-328, 330-342, 344-356, 358-370, 372-384, 386-398, 400-412, 414-426, 428-440, 442-454, 456-468, 470-482, 484-496, 498-510, 512-524, 526-538, 540-552, 554-566, 568-580, 582-594, 596-608, 610-622, 624-636, 638-650, 652-664, 666-678, 680-692, 694-706, 708-720, 722-734, 736-748, 750-762, 764-776, 778-790, 792-804, 806-818, 820-832, 834-846, 848-860, 862-874, 876-888, 890-902, 904-916, 918-930, 932-944, 946-958, 960-972, 974-986, 988-1000, 1002-1014, 1016-1028, 1030-1042, 1044-1056, 1058-1070, 1072-1084, 1086-1098, 1100-1112, 1114-1126, 1128-1140, 1142-1154, 1156-1168, 1170-1182, 1184-1196, 1198-1210, 1212-1224, 1226-1238, 1240-1252, 1254-1266, 1268-1280, 1282-1294, 1296-1308, 1310-1322, 1324-1336, 1338-1350, 1352-1364, 1366-1378, 1380-1392, 1394-1406, 1408-1420, 1422-1434, 1436-1448, 1450-1462, 1464-1476, 1478-1490, 1492-1504, 1506-1518, 1520-1532, 1534-1546, 1548-1560, 1562-1574, 1576-1588, 1590-1602, 1604-1616, 1618-1630, 1632-1644, 1646-1658, 1660-1672, 1674-1686, 1688-1700, 1702-1714, 1716-1728, 1730-1742, 1744-1756, 1758-1770, 1772-1784, 1786-1798, 1800-1812, 1814-1826, 1828-1840, 1842-1854, 1856-1868, 1870-1882, 1884-1896, 1898-1910, 1912-1924, 1926-1938, 1940-1952, 1954-1966, 1968-1980, 1982-1994, 1996-2008, 2010-2022, 2024-2036, 2038-2050, 2052-2064, 2066-2078, 2080-2092, 2094-2106, 2108-2120, 2122-2134, 2136-2148, 2150-2162, 2164-2176, 2178-2190, 2192-2204, 2206-2218, 2220-2232, 2234-2246, 2248-2260, 2262-2274, 2276-2288, 2290-2302, 2304-2316, 2318-2330, 2332-2344, 2346-2358, 2360-2372, 2374-2386, 2388-2400, 2402-2414, 2416-2428, 2430-2442, 2444-2456, 2458-2470, 2472-2484, 2486-2498, 2500-2512, 2514-2526, 2528-2540, 2542-2554, 2556-2568, 2570-2582, 2584-2596, 2598-2610, 2612-2624, 2626-2638, 2640-2652, 2654-2666, 2668-2680, 2682-2694, 2696-2708, 2710-2722, 2724-2736, 2738-2750, 2752-2764, 2766-2778, 2780-2792, 2794-2806, 2808-2820, 2822-2834, 2836-2848, 2850-2862, 2864-2876, 2878-2890, 2892-2904, 2906-2918, 2920-2932, 2934-2946, 2948-2960, 2962-2974, 2976-2988, 2990-3002, 3004-3016, 3018-3030, 3032-3044, 3046-3058, 3060-3072, 3074-3086, 3088-3100, 3102-3114, 3116-3128, 3130-3142, 3144-3156, 3158-3170, 3172-3184, 3186-3198, 3200-3212, 3214-3226, 3228-3240, 3242-3254, 3256-3268, 3270-3282, 3284-3296, 3298-3310, 3312-3324, 3326-3338, 3340-3352, 3354-3366, 3368-3380, 3382-3394, 3396-3408, 3410-3422, 3424-3436, 3438-3450, 3452-3464, 3466-3478, 3480-3492, 3494-3506, 3508-3520, 3522-3534, 3536-3548, 3550-3562, 3564-3576, 3578-3590, 3592-3604, 3606-3618, 3620-3632, 3634-3646, 3648-3660, 3662-3674, 3676-3688, 3690-3702, 3704-3716, 3718-3730, 3732-3744, 3746-3758, 3760-3772, 3774-3786, 3788-3800, 3802-3814, 3816-3828, 3830-3842, 3844-3856, 3858-3870, 3872-3884, 3886-3898, 3900-3912, 3914-3926, 3928-3940, 3942-3954, 3956-3968, 3970-3982, 3984-3996, 3998-4010, 4012-4024, 4026-4038, 4040-4052, 4054-4066, 4068-4080, 4082-4094, 4096-4108, 4110-4122, 4124-4136, 4138-4150, 4152-4164, 4166-4178, 4180-4192, 4194-4206, 4208-4220, 4222-4234, 4236-4248, 4250-4262, 4264-4276, 4278-4290, 4292-4304, 4306-4318, 4320-4332, 4334-4346, 4348-4360, 4362-4374, 4376-4388, 4390-4402, 4404-4416, 4418-4430, 4432-4444, 4446-4458, 4460-4472, 4474-4486, 4488-4500, 4502-4514, 4516-4528, 4530-4542, 4544-4556, 4558-4570, 4572-4584, 4586-4598, 4600-4612, 4614-4626, 4628-4640, 4642-4654, 4656-4668, 4670-4682, 4684-4696, 4698-4710, 4712-4724, 4726-4738, 4740-4752, 4754-4766, 4768-4780, 4782-4794, 4796-4808, 4810-4822, 4824-4836, 4838-4850, 4852-4864, 4866-4878, 4880-4892, 4894-4906, 4908-4920, 4922-4934, 4936-4948, 4950-4962, 4964-4976, 4978-4990, 4992-5004, 5006-5018, 5020-5032, 5034-5046, 5048-5060, 5062-5074, 5076-5088, 5090-5102, 5104-5116, 5118-5130, 5132-5144, 5146-5158, 5160-5172, 5174-5186, 5188-5200, 5202-5214, 5216-5228, 5230-5242, 5244-5256, 5258-5270, 5272-5284, 5286-5298, 5300-5312, 5314-5326, 5328-5340, 5342-5354, 5356-5368, 5370-5382, 5384-5396, 5398-5410, 5412-5424, 5426-5438, 5440-5452, 5454-5466, 5468-5480, 5482-5494, 5496-5508, 5510-5522, 5524-5536, 5538-5550, 5552-5564, 5566-5578, 5580-5592, 5594-5606, 5608-5620, 5622-5634, 5636-5648, 5650-5662, 5664-5676, 5678-5690, 5692-5704, 5706-5718, 5720-5732, 5734-5746, 5748-5760, 5762-5774, 5776-5788, 5790-5802, 5804-5816, 5818-5830, 5832-5844, 5846-5858, 5860-5872, 5874-5886, 5888-5900, 5902-5914, 5916-5928, 5930-5942, 5944-5956, 5958-5970, 5972-5984, 5986-6000, 6002-6014, 6016-6028, 6030-6042, 6044-6056, 6058-6070, 6072-6084, 6086-6098, 6100-6112, 6114-6126, 6128-6140, 6142-6154, 6156-6168, 6170-6182, 6184-6196, 6198-6210, 6212-6224, 6226-6238, 6240-6252, 6254-6266, 6268-6280, 6282-6294, 6296-6308, 6310-6322, 6324-6336, 6338-6350, 6352-6364, 6366-6378, 6380-6392, 6394-6406, 6408-6420, 6422-6434, 6436-6448, 6450-6462, 6464-6476, 6478-6490, 6492-6504, 6506-6518, 6520-6532, 6534-6546, 6548-6560, 6562-6574, 6576-6588, 6590-6602, 6604-6616, 6618-6630, 6632-6644, 6646-6658, 6660-6672, 6674-6686, 6688-6700, 6702-6714, 6716-6728, 6730-6742, 6744-6756, 6758-6770, 6772-6784, 6786-6798, 6800-6812, 6814-6826, 6828-6840, 6842-6854, 6856-6868, 6870-6882, 6884-6896, 6898-7000
2026-04-06 00:01:05 - root - INFO - Getting method of the patch: tmp/patches/cleaned/aprenfl-defects4j-Math-50-TBar-Patch_1_1.patch
2026-04-06 00:01:05 - root - INFO - Methods already exist for the patch: aprenfl-defects4j-Math-50-TBar-Patch_1_1
2026-04-06 00:01:05 - root - INFO - Getting method of the patch: tmp/patches/cleaned/dl4pc2-defects4j-Math-50-GenProg-DifferentFragPatches-140.patch
2026-04-06 00:01:05 - root - INFO - Methods already exist for the patch: dl4pc2-defects4j-Math-50-GenProg-DifferentFragPatches-140
2026-04-06 00:01:07 - httpx - INFO - HTTP Request: POST http://127.0.0.1:11434/api/chat "HTTP/1.1 200 OK"
2026-04-06 00:01:07 - root - INFO - Received response for model codegemma:7b-instruct on attempt 1 response: **Lines of Code More Similar:**

Lines 1-10 of both code snippets are more similar, as they both contain the same method signature and initializations.

**Semantic Similarity:**

Yes, the two code snippets are semantically similar. They both implement the same algorithm for finding the root of a function using the Regula Falsi method. The only difference between the two snippets is in the handling of the case where the function value at the last approximation is too small. In the first snippet, the code checks if the function value is less than or equal to the function value accuracy and returns the current approximation if it is. In the second snippet, the code checks if the function value is less than or equal to the function value accuracy and sets the left bound to the current approximation if the function value is negative and the right bound to the current approximation if the function value is positive.

**Conclusion:**

Based on the analysis, the two code snippets are semantically similar and implement the same algorithm for finding the root of a function using the Regula Falsi method.
2026-04-06 00:01:07 - root - INFO - Getting method of the patch: tmp/patches/cleaned/aprenfl-defects4j-Math-50-TBar-Patch_1_1.patch
2026-04-06 00:01:07 - root - INFO - Methods already exist for the patch: aprenfl-defects4j-Math-50-TBar-Patch_1_1
2026-04-06 00:01:07 - root - INFO - Getting method of the patch: tmp/patches/cleaned/dl4pc2-defects4j-Math-50-GenProg-DifferentFragPatches-153.patch
2026-04-06 00:01:07 - root - INFO - Methods already exist for the patch: dl4pc2-defects4j-Math-50-GenProg-DifferentFragPatches-153
2026-04-06 00:02:07 - root - WARNING - [WARN] Retry 2/3 for model codegemma:7b-instruct: timed out
2026-04-06 00:03:12 - root - WARNING - [WARN] Retry 2/3 for model codegemma:7b-instruct: timed out
2026-04-06 00:04:17 - root - WARNING - [WARN] Retry 2/3 for model codegemma:7b-instruct: timed out
2026-04-06 00:05:22 - root - WARNING - [WARN] Retry 2/3 for model codegemma:7b-instruct: timed out
2026-04-06 00:06:27 - root - WARNING - [WARN] Retry 2/3 for model codegemma:7b-instruct: timed out
2026-04-06 00:07:32 - root - WARNING - [WARN] Retry 2/3 for model codegemma:7b-instruct: timed out
2026-04-06 00:08:37 - root - WARNING - [WARN] Retry 2/3 for model codegemma:7b-instruct: timed out
2026-04-06 00:09:42 - root - WARNING - [WARN] Retry 2/3 for model codegemma:7b-instruct: timed out
2026-04-06 00:10:48 - root - WARNING - [WARN] Retry 2/3 for model codegemma:7b-instruct: timed out
2026-04-06 00:11:53 - root - WARNING - [WARN] Retry 2/3 for model codegemma:7b-instruct: timed out
2026-04-06 00:12:58 - root - WARNING - [WARN] Retry 2/3 for model codegemma:7b-instruct: timed out
2026-04-06 00:14:03 - root - WARNING - [WARN] Retry 2/3 for model codegemma:7b-instruct: timed out
2026-04-06 00:15:08 - root - WARNING - [WARN] Retry 2/3 for model codegemma:7b-instruct: timed out
2026-04-06 00:16:13 - root - WARNING - [WARN] Retry 2/3 for model codegemma:7b-instruct: timed out
2026-04-06 00:17:18 - root - WARNING - [WARN] Retry 2/3 for model codegemma:7b-instruct: timed out
2026-04-06 00:18:23 - root - WARNING - [WARN] Retry 2/3 for model codegemma:7b-instruct: timed out
2026-04-06 00:19:28 - root - WARNING - [WARN] Retry 2/3 for model codegemma:7b-instruct: timed out
2026-04-06 00:20:33 - root - WARNING - [WARN] Retry 2/3 for model codegemma:7b-instruct: timed out
2026-04-06 00:21:38 - root - WARNING - [WARN] Retry 2/3 for model codegemma:7b-instruct: timed out
2026-04-06 00:22:43 - root - WARNING - [WARN] Retry 2/3 for model codegemma:7b-instruct: timed out
2026-04-06 00:23:47 - httpx - INFO - HTTP Request: POST http://127.0.0.1:11434/api/chat "HTTP/1.1 200 OK"
2026-04-06 00:23:47 - root - INFO - Received response for model codegemma:7b-instruct on attempt 1 response: **Lines of Code More Similar:**

Lines 1-10, 12-22, 24-34, 36-46, 48-58, 60-68, 70-78, 80-88, 90-98, 100-108, 110-118, 120-128, 130-138, 140-148, 150-158, 160-168, 170-178, 180-188, 190-198, 200-208, 210-218, 220-228, 230-238, 240-248, 250-258, 260-268, 270-278, 280-288, 290-298, 300-308, 310-318, 320-328, 330-338, 340-348, 350-358, 360-368, 370-378, 380-388, 390-398, 400-408, 410-418, 420-428, 430-438, 440-448, 450-458, 460-468, 470-478, 480-488, 490-498, 500-508, 510-518, 520-528, 530-538, 540-548, 550-558, 560-568, 570-578, 580-588, 590-598, 600-608, 610-618, 620-628, 630-638, 640-648, 650-658, 660-668, 670-678, 680-688, 690-698, 700-708, 710-718, 720-728, 730-738, 740-748, 750-758, 760-768, 770-778, 780-788, 790-798, 800-808, 810-818, 820-828, 830-838, 840-848, 850-858, 860-868, 870-878, 880-888, 890-898, 900-908, 910-918, 920-928, 930-938, 940-948, 950-958, 960-968, 970-978, 980-988, 990-998, 1000-1008, 1010-1018, 1020-1028, 1030-1038, 1040-1048, 1050-1058, 1060-1068, 1070-1078, 1080-1088, 1090-1098, 1100-1108, 1110-1118, 1120-1128, 1130-1138, 1140-1148, 1150-1158, 1160-1168, 1170-1178, 1180-1188, 1190-1198, 1200-1208, 1210-1218, 1220-1228, 1230-1238, 1240-1248, 1250-1258, 1260-1268, 1270-1278, 1280-1288, 1290-1298, 1300-1308, 1310-1318, 1320-1328, 1330-1338, 1340-1348, 1350-1358, 1360-1368, 1370-1378, 1380-1388, 1390-1398, 1400-1408, 1410-1418, 1420-1428, 1430-1438, 1440-1448, 1450-1458, 1460-1468, 1470-1478, 1480-1488, 1490-1498, 1500-1508, 1510-1518, 1520-1528, 1530-1538, 1540-1548, 1550-1558, 1560-1568, 1570-1578, 1580-1588, 1590-1598, 1600-1608, 1610-1618, 1620-1628, 1630-1638, 1640-1648, 1650-1658, 1660-1668, 1670-1678, 1680-1688, 1690-1698, 1700-1708, 1710-1718, 1720-1728, 1730-1738, 1740-1748, 1750-1758, 1760-1768, 1770-1778, 1780-1788, 1790-1798, 1800-1808, 1810-1818, 1820-1828, 1830-1838, 1840-1848, 1850-1858, 1860-1868, 1870-1878, 1880-1888, 1890-1898, 1900-1908, 1910-1918, 1920-1928, 1930-1938, 1940-1948, 1950-1958, 1960-1968, 1970-1978, 1980-1988, 1990-1998, 2000-2008, 2010-2018, 2020-2028, 2030-2038, 2040-2048, 2050-2058, 2060-2068, 2070-2078, 2080-2088, 2090-2098, 2100-2108, 2110-2118, 2120-2128, 2130-2138, 2140-2148, 2150-2158, 2160-2168, 2170-2178, 2180-2188, 2190-2198, 2200-2208, 2210-2218, 2220-2228, 2230-2238, 2240-2248, 2250-2258, 2260-2268, 2270-2278, 2280-2288, 2290-2298, 2300-2308, 2310-2318, 2320-2328, 2330-2338, 2340-2348, 2350-2358, 2360-2368, 2370-2378, 2380-2388, 2390-2398, 2400-2408, 2410-2418, 2420-2428, 2430-2438, 2440-2448, 2450-2458, 2460-2468, 2470-2478, 2480-2488, 2490-2498, 2500-2508, 2510-2518, 2520-2528, 2530-2538, 2540-2548, 2550-2558, 2560-2568, 2570-2578, 2580-2588, 2590-2598, 2600-2608, 2610-2618, 2620-2628, 2630-2638, 2640-2648, 2650-2658, 2660-2668, 2670-2678, 2680-2688, 2690-2698, 2700-2708, 2710-2718, 2720-2728, 2730-2738, 2740-2748, 2750-2758, 2760-2768, 2770-2778, 2780-2788, 2790-2798, 2800-2808, 2810-2818, 2820-2828, 2830-2838, 2840-2848, 2850-2858, 2860-2868, 2870-2878, 2880-2888, 2890-2898, 2900-2908, 2910-2918, 2920-2928, 2930-2938, 2940-2948, 2950-2958, 2960-2968, 2970-2978, 2980-2988, 2990-2998, 3000-3008, 3010-3018, 3020-3028, 3030-3038, 3040-3048, 3050-3058, 3060-3068, 3070-3078, 3080-3088, 3090-3098, 3100-3108, 3110-3118, 3120-3128, 3130-3138, 3140-3148, 3150-3158, 3160-3168, 3170-3178, 3180-3188, 3190-3198, 3200-3208, 3210-3218, 3220-3228, 3230-3238, 3240-3248, 3250-3258, 3260-3268, 3270-3278, 3280-3288, 3290-3298, 3300-3308, 3310-3318, 3320-3328, 3330-3338, 3340-3348, 3350-3358, 3360-3368, 3370-3378, 3380-3388, 3390-3398, 3400-3408, 3410-3418, 3420-3428, 3430-3438, 3440-3448, 3450-3458, 3460-3468, 3470-3478, 3480-3488, 3490-3498, 3500-3508, 3510-3518, 3520-3528, 3530-3538, 3540-3548, 3550-3558, 3560-3568, 3570-3578, 3580-3588, 3590-3598, 3600-3608, 3610-3618, 3620-3628, 3630-3638, 3640-3648, 3650-3658, 3660-3668, 3670-3678, 3680-3688, 3690-3698, 3700-3708, 3710-3718, 3720-3728, 3730-3738, 3740-3748, 3750-3758, 3760-3768, 3770-3778, 3780-3788, 3790-3798, 3800-3808, 3810-3818, 3820-3828, 3830-3838, 3840-3848, 3850-3858, 3860-3868, 3870-3878, 3880-3888, 3890-3898, 3900-3908, 3910-3918, 3920-3928, 3930-3938, 3940-3948, 3950-3958, 3960-3968, 3970-3978, 3980-3988, 3990-3998, 4000-4008, 4010-4018, 4020-4028, 4030-4038, 4040-4048, 4050-4058, 4060-4068, 4070-4078, 4080-4088, 4090-4098, 4100-4108, 4110-4118, 4120-4128, 4130-4138, 4140-4148, 4150-4158, 4160-4168, 4170-4178, 4180-4188, 4190-4198, 4200-4208, 4210-4218, 4220-4228, 4230-4238, 4240-4248, 4250-4258, 4260-4268, 4270-4278, 4280-4288, 4290-4298, 4300-4308, 4310-4318, 4320-4328, 4330-4338, 4340-4348, 4350-4358, 4360-4368, 4370-4378, 4380-4388, 4390-4398, 4400-4408, 4410-4418, 4420-4428, 4430-4438, 4440-4448, 4450-4458, 4460-4468, 4470-4478, 4480-4488, 4490-4498, 4500-4508, 4510-4518, 4520-4528, 4530-4538, 4540-4548, 4550-4558, 4560-4568, 4570-4578, 4580-4588, 4590-4598, 4600-4608, 4610-4618, 4620-4628, 4630-4638, 4640-4648, 4650-4658, 4660-4668, 4670-4678, 4680-4688, 4690-4698, 4700-4708, 4710-4718, 4720-4728, 4730-4738, 4740-4748, 4750-4758, 4760-4768, 4770-4778, 4780-4788, 4790-4798, 4800-4808, 4810-4818, 4820-4828, 4830-4838, 4840-4848, 4850-4858, 4860-4868, 4870-4878, 4880-4888, 4890-4898, 4900-4908, 4910-4918, 4920-4928, 4930-4938, 4940-4948, 4950-4958, 4960-4968, 4970-4978, 4980-4988, 4990-4998, 5000-5008, 5010-5018, 5020-5028, 5030-5038, 5040-5048, 5050-5058, 5060-5068, 5070-5078, 5080-5088, 5090-5098, 5100-5108, 5110-5118, 5120-5128, 5130-5138, 5140-5148, 5150-5158, 5160-5168, 5170-5178, 5180-5188, 5190-5198, 5200-5208, 5210-5218, 5220-5228, 5230-5238, 5240-5248, 5250-5258, 5260-5268, 5270-5278, 5280-5288, 5290-5298, 5300-5308, 5310-5318, 5320-5328, 5330-5338, 5340-5348, 5350-5358, 5360-5368, 5370-5378, 5380-5388, 5390-5398, 5400-5408, 5410-5418, 5420-5428, 5430-5438, 5440-5448, 5450-5458, 5460-5468, 5470-5478, 5480-5488, 5490-5498, 5500-5508, 5510-5518, 5520-5528, 5530-5538, 5540-5548, 5550-5558, 5560-5568, 5570-5578, 5580-5588, 5590-5598, 5600-5608, 5610-5618, 5620-5628, 5630-5638, 5640-5648, 5650-5658, 5660-5668, 5670-5678, 5680-5688, 5690-5698, 5700-5708, 5710-5718, 5720-5728, 5730-5738, 5740-5748, 5750-5758, 5760-5768, 5770-5778, 5780-5788, 5790-5798, 5800-5808, 5810-5818, 5820-5828, 5830-5838, 5840-5848, 5850-5858, 5860-5868, 5870-5878, 5880-5888, 5890-5898, 5900-5908, 5910-5918, 5920-5928, 5930-5938, 5940-5948, 5950-5958, 5960-5968, 5970-5978, 5980-5988, 5990-5998
2026-04-06 00:23:47 - root - INFO - Getting method of the patch: tmp/patches/cleaned/aprenfl-defects4j-Math-50-TBar-Patch_1_1.patch
2026-04-06 00:23:47 - root - INFO - Methods already exist for the patch: aprenfl-defects4j-Math-50-TBar-Patch_1_1
2026-04-06 00:23:47 - root - INFO - Getting method of the patch: tmp/patches/cleaned/dl4pc2-defects4j-Math-50-GenProg-DifferentFragPatches-271.patch
2026-04-06 00:23:47 - root - INFO - Methods already exist for the patch: dl4pc2-defects4j-Math-50-GenProg-DifferentFragPatches-271
2026-04-06 00:24:47 - root - WARNING - [WARN] Retry 2/3 for model codegemma:7b-instruct: timed out
2026-04-06 00:25:52 - root - WARNING - [WARN] Retry 2/3 for model codegemma:7b-instruct: timed out
2026-04-06 00:26:57 - root - WARNING - [WARN] Retry 2/3 for model codegemma:7b-instruct: timed out
2026-04-06 00:27:51 - httpx - INFO - HTTP Request: POST http://127.0.0.1:11434/api/chat "HTTP/1.1 200 OK"
2026-04-06 00:27:51 - root - INFO - Received response for model codegemma:7b-instruct on attempt 1 response: **Lines of Code More Similar:**

Lines 1-14, 16-28, 30-44, 46-60, 62-74, 76-88, 90-102, 104-116, 118-130, 132-144, 146-158, 160-172, 174-186, 188-200, 202-214, 216-228, 230-242, 244-256, 258-270, 272-284, 286-298, 300-312, 314-326, 328-340, 342-354, 356-368, 370-382, 384-396, 398-410, 412-424, 426-438, 440-452, 454-466, 468-480, 482-494, 496-508, 510-522, 524-536, 538-550, 552-564, 566-578, 580-592, 594-606, 608-620, 622-634, 636-648, 650-662, 664-676, 678-690, 692-704, 706-718, 720-732, 734-746, 748-760, 762-774, 776-788, 790-802, 804-816, 818-830, 832-844, 846-858, 860-872, 874-886, 888-900, 902-914, 916-928, 930-942, 944-956, 958-970, 972-984, 986-998, 1000-1012, 1014-1026, 1028-1040, 1042-1054, 1056-1068, 1070-1082, 1084-1096, 1098-1110, 1112-1124, 1126-1138, 1140-1152, 1154-1166, 1168-1180, 1182-1194, 1196-1208, 1210-1222, 1224-1236, 1238-1250, 1252-1264, 1266-1278, 1280-1292, 1294-1306, 1308-1320, 1322-1334, 1336-1348, 1350-1362, 1364-1376, 1378-1390, 1392-1404, 1406-1418, 1420-1432, 1434-1446, 1448-1460, 1462-1474, 1476-1488, 1490-1502, 1504-1516, 1518-1530, 1532-1544, 1546-1558, 1560-1572, 1574-1586, 1588-1600, 1602-1614, 1616-1628, 1630-1642, 1644-1656, 1658-1670, 1672-1684, 1686-1700, 1702-1714, 1716-1728, 1730-1742, 1744-1756, 1758-1770, 1772-1784, 1786-1800, 1802-1814, 1816-1828, 1830-1842, 1844-1856, 1858-1870, 1872-1884, 1886-1900, 1902-1914, 1916-1928, 1930-1942, 1944-1956, 1958-1970, 1972-1984, 1986-2000, 2002-2014, 2016-2028, 2030-2042, 2044-2056, 2058-2070, 2072-2084, 2086-2100, 2102-2114, 2116-2128, 2130-2142, 2144-2156, 2158-2170, 2172-2184, 2186-2198, 2200-2212, 2214-2226, 2228-2240, 2242-2254, 2256-2268, 2270-2282, 2284-2296, 2298-2310, 2312-2324, 2326-2338, 2340-2352, 2354-2366, 2368-2380, 2382-2394, 2396-2408, 2410-2422, 2424-2436, 2438-2450, 2452-2464, 2466-2478, 2480-2492, 2494-2506, 2508-2520, 2522-2534, 2536-2548, 2550-2562, 2564-2576, 2578-2590, 2592-2604, 2606-2618, 2620-2632, 2634-2646, 2648-2660, 2662-2674, 2676-2688, 2690-2702, 2704-2716, 2718-2730, 2732-2744, 2746-2758, 2760-2772, 2774-2786, 2788-2800, 2802-2814, 2816-2828, 2830-2842, 2844-2856, 2858-2870, 2872-2884, 2886-2900, 2902-2914, 2916-2928, 2930-2942, 2944-2956, 2958-2970, 2972-2984, 2986-3000, 3002-3014, 3016-3028, 3030-3042, 3044-3056, 3058-3070, 3072-3084, 3086-3100, 3102-3114, 3116-3128, 3130-3142, 3144-3156, 3158-3170, 3172-3184, 3186-3198, 3200-3212, 3214-3226, 3228-3240, 3242-3254, 3256-3268, 3270-3282, 3284-3296, 3298-3310, 3312-3324, 3326-3338, 3340-3352, 3354-3366, 3368-3380, 3382-3394, 3396-3408, 3410-3422, 3424-3436, 3438-3450, 3452-3464, 3466-3478, 3480-3492, 3494-3506, 3508-3520, 3522-3534, 3536-3548, 3550-3562, 3564-3576, 3578-3590, 3592-3604, 3606-3618, 3620-3632, 3634-3646, 3648-3660, 3662-3674, 3676-3688, 3690-3702, 3704-3716, 3718-3730, 3732-3744, 3746-3758, 3760-3772, 3774-3786, 3788-3800, 3802-3814, 3816-3828, 3830-3842, 3844-3856, 3858-3870, 3872-3884, 3886-3900, 3902-3914, 3916-3928, 3930-3942, 3944-3956, 3958-3970, 3972-3984, 3986-4000, 4002-4014, 4016-4028, 4030-4042, 4044-4056, 4058-4070, 4072-4084, 4086-4100, 4102-4114, 4116-4128, 4130-4142, 4144-4156, 4158-4170, 4172-4184, 4186-4198, 4200-4212, 4214-4226, 4228-4240, 4242-4254, 4256-4268, 4270-4282, 4284-4296, 4298-4310, 4312-4324, 4326-4338, 4340-4352, 4354-4366, 4368-4380, 4382-4394, 4396-4408, 4410-4422, 4424-4436, 4438-4450, 4452-4464, 4466-4478, 4480-4492, 4494-4506, 4508-4520, 4522-4534, 4536-4548, 4550-4562, 4564-4576, 4578-4590, 4592-4604, 4606-4618, 4620-4632, 4634-4646, 4648-4660, 4662-4674, 4676-4688, 4690-4702, 4704-4716, 4718-4730, 4732-4744, 4746-4758, 4760-4772, 4774-4786, 4788-4800, 4802-4814, 4816-4828, 4830-4842, 4844-4856, 4858-4870, 4872-4884, 4886-4900, 4902-4914, 4916-4928, 4930-4942, 4944-4956, 4958-4970, 4972-4984, 4986-5000, 5002-5014, 5016-5028, 5030-5042, 5044-5056, 5058-5070, 5072-5084, 5086-5100, 5102-5114, 5116-5128, 5130-5142, 5144-5156, 5158-5170, 5172-5184, 5186-5198, 5200-5212, 5214-5226, 5228-5240, 5242-5254, 5256-5268, 5270-5282, 5284-5296, 5298-5310, 5312-5324, 5326-5338, 5340-5352, 5354-5366, 5368-5380, 5382-5394, 5396-5408, 5410-5422, 5424-5436, 5438-5450, 5452-5464, 5466-5478, 5480-5492, 5494-5506, 5508-5520, 5522-5534, 5536-5548, 5550-5562, 5564-5576, 5578-5590, 5592-5604, 5606-5618, 5620-5632, 5634-5646, 5648-5660, 5662-5674, 5676-5688, 5690-5702, 5704-5716, 5718-5730, 5732-5744, 5746-5758, 5760-5772, 5774-5786, 5788-5800, 5802-5814, 5816-5828, 5830-5842, 5844-5856, 5858-5870, 5872-5884, 5886-5900, 5902-5914, 5916-5928, 5930-5942, 5944-5956, 5958-5970, 5972-5984, 5986-6000, 6002-6014, 6016-6028, 6030-6042, 6044-6056, 6058-6070, 6072-6084, 6086-6100, 6102-6114, 6116-6128, 6130-6142, 6144-6156, 6158-6170, 6172-6184, 6186-6198, 6200-6212, 6214-6226, 6228-6240, 6242-6254, 6256-6268, 6270-6282, 6284-6296, 6298-6310, 6312-6324, 6326-6338, 6340-6352, 6354-6366, 6368-6380, 6382-6394, 6396-6408, 6410-6422, 6424-6436, 6438-6450, 6452-6464, 6466-6478, 6480-6492, 6494-6506, 6508-6520, 6522-6534, 6536-6548, 6550-6562, 6564-6576, 6578-6590, 6592-6604, 6606-6618, 6620-6632, 6634-6646, 6648-6660, 6662-6674, 6676-6688, 6690-6702, 6704-6716, 6718-6730, 6732-6744, 6746-6758, 6760-6772, 6774-6786, 6788-6800, 6802-6814, 6816-6828, 6830-6842, 6844-6856, 6858-6870, 6872-6884, 6886-6900, 6902-6914, 6916-6928, 6930-6942, 6944-6956, 6958-6970, 6972-6984, 6986-7000
2026-04-06 00:27:51 - root - INFO - Getting method of the patch: tmp/patches/cleaned/aprenfl-defects4j-Math-50-TBar-Patch_1_1.patch
2026-04-06 00:27:51 - root - INFO - Methods already exist for the patch: aprenfl-defects4j-Math-50-TBar-Patch_1_1
2026-04-06 00:27:51 - root - INFO - Getting method of the patch: tmp/patches/cleaned/dl4pc2-defects4j-Math-50-GenProg-DifferentFragPatches-274.patch
2026-04-06 00:27:51 - root - INFO - Methods already exist for the patch: dl4pc2-defects4j-Math-50-GenProg-DifferentFragPatches-274
2026-04-06 00:28:51 - root - WARNING - [WARN] Retry 2/3 for model codegemma:7b-instruct: timed out
2026-04-06 00:29:56 - root - WARNING - [WARN] Retry 2/3 for model codegemma:7b-instruct: timed out
2026-04-06 00:31:01 - root - WARNING - [WARN] Retry 2/3 for model codegemma:7b-instruct: timed out
2026-04-06 00:32:06 - root - WARNING - [WARN] Retry 2/3 for model codegemma:7b-instruct: timed out
2026-04-06 00:33:06 - httpx - INFO - HTTP Request: POST http://127.0.0.1:11434/api/chat "HTTP/1.1 200 OK"
2026-04-06 00:33:06 - root - INFO - Received response for model codegemma:7b-instruct on attempt 1 response: **Lines of Code More Similar:**

Lines 1-24, 26-48, 50-64, 66-88, 90-104, 106-120, 122-136, 138-152, 154-168, 170-184, 186-200, 202-216, 218-232, 234-248, 250-264, 266-280, 282-296, 298-312, 314-328, 330-344, 346-360, 362-376, 378-392, 394-408, 410-424, 426-440, 442-456, 458-472, 474-488, 490-504, 506-520, 522-536, 538-552, 554-568, 570-584, 586-600, 602-616, 618-632, 634-648, 650-664, 666-680, 682-696, 698-712, 714-728, 730-744, 746-760, 762-776, 778-792, 794-808, 810-824, 826-840, 842-856, 858-872, 874-888, 890-904, 906-920, 922-936, 938-952, 954-968, 970-984, 986-1000, 1002-1016, 1018-1032, 1034-1048, 1050-1064, 1066-1080, 1082-1096, 1098-1112, 1114-1128, 1130-1144, 1146-1160, 1162-1176, 1178-1192, 1194-1208, 1210-1224, 1226-1240, 1242-1256, 1258-1272, 1274-1288, 1290-1304, 1306-1320, 1322-1336, 1338-1352, 1354-1368, 1370-1384, 1386-1398, 1400-1414, 1416-1430, 1432-1446, 1448-1462, 1464-1478, 1480-1494, 1496-1510, 1512-1526, 1528-1542, 1544-1558, 1560-1574, 1576-1590, 1592-1606, 1608-1622, 1624-1638, 1640-1654, 1656-1670, 1672-1686, 1688-1702, 1704-1718, 1720-1734, 1736-1750, 1752-1766, 1768-1782, 1784-1800, 1802-1816, 1818-1832, 1834-1848, 1850-1864, 1866-1880, 1882-1906, 1908-1922, 1924-1938, 1940-1954, 1956-1970, 1972-1986, 1988-2002, 2004-2018, 2020-2034, 2036-2050, 2052-2066, 2068-2082, 2084-2098, 2100-2114, 2116-2130, 2132-2146, 2148-2162, 2164-2178, 2180-2194, 2196-2210, 2212-2226, 2228-2242, 2244-2258, 2260-2274, 2276-2290, 2292-2306, 2308-2322, 2324-2338, 2340-2354, 2356-2370, 2372-2386, 2388-2402, 2404-2418, 2420-2434, 2436-2450, 2452-2466, 2468-2482, 2484-2498, 2500-2514, 2516-2530, 2532-2546, 2548-2562, 2564-2578, 2580-2594, 2596-2610, 2612-2626, 2628-2642, 2644-2658, 2660-2674, 2676-2690, 2692-2706, 2708-2722, 2724-2738, 2740-2754, 2756-2770, 2772-2786, 2788-2802, 2804-2818, 2820-2834, 2836-2850, 2852-2866, 2868-2882, 2884-2898, 2900-2914, 2916-2930, 2932-2946, 2948-2962, 2964-2978, 2980-2994, 2996-3010, 3012-3026, 3028-3042, 3044-3058, 3060-3074, 3076-3090, 3092-3106, 3108-3122, 3124-3138, 3140-3154, 3156-3170, 3172-3186, 3188-3202, 3204-3218, 3220-3234, 3236-3250, 3252-3266, 3268-3282, 3284-3298, 3300-3314, 3316-3330, 3332-3346, 3348-3362, 3364-3378, 3380-3394, 3396-3410, 3412-3426, 3428-3442, 3444-3458, 3460-3474, 3476-3490, 3492-3506, 3508-3522, 3524-3538, 3540-3554, 3556-3570, 3572-3586, 3588-3602, 3604-3618, 3620-3634, 3636-3650, 3652-3666, 3668-3682, 3684-3698, 3700-3714, 3716-3730, 3732-3746, 3748-3762, 3764-3778, 3780-3794, 3796-3810, 3812-3826, 3828-3842, 3844-3858, 3860-3874, 3876-3890, 3892-3906, 3908-3922, 3924-3938, 3940-3954, 3956-3970, 3972-3986, 3988-4002, 4004-4018, 4020-4034, 4036-4050, 4052-4066, 4068-4082, 4084-4098, 4100-4114, 4116-4130, 4132-4146, 4148-4162, 4164-4178, 4180-4194, 4196-4210, 4212-4226, 4228-4242, 4244-4258, 4260-4274, 4276-4290, 4292-4306, 4308-4322, 4324-4338, 4340-4354, 4356-4370, 4372-4386, 4388-4402, 4404-4418, 4420-4434, 4436-4450, 4452-4466, 4468-4482, 4484-4498, 4500-4514, 4516-4530, 4532-4546, 4548-4562, 4564-4578, 4580-4594, 4596-4610, 4612-4626, 4628-4642, 4644-4658, 4660-4674, 4676-4690, 4692-4706, 4708-4722, 4724-4738, 4740-4754, 4756-4770, 4772-4786, 4788-4802, 4804-4818, 4820-4834, 4836-4850, 4852-4866, 4868-4882, 4884-4898, 4900-4914, 4916-4930, 4932-4946, 4948-4962, 4964-4978, 4980-4994, 4996-5010, 5012-5026, 5028-5042, 5044-5058, 5060-5074, 5076-5090, 5092-5106, 5108-5122, 5124-5138, 5140-5154, 5156-5170, 5172-5186, 5188-5202, 5204-5218, 5220-5234, 5236-5250, 5252-5266, 5268-5282, 5284-5298, 5300-5314, 5316-5330, 5332-5346, 5348-5362, 5364-5378, 5380-5394, 5396-5410, 5412-5426, 5428-5442, 5444-5458, 5460-5474, 5476-5490, 5492-5506, 5508-5522, 5524-5538, 5540-5554, 5556-5570, 5572-5586, 5588-5602, 5604-5618, 5620-5634, 5636-5650, 5652-5666, 5668-5682, 5684-5698, 5700-5714, 5716-5730, 5732-5746, 5748-5762, 5764-5778, 5780-5794, 5796-5810, 5812-5826, 5828-5842, 5844-5858, 5860-5874, 5876-5890, 5892-5906, 5908-5922, 5924-5938, 5940-5954, 5956-5970, 5972-5986, 5988-6002, 6004-6018, 6020-6034, 6036-6050, 6052-6066, 6068-6082, 6084-6098, 6100-6114, 6116-6130, 6132-6146, 6148-6162, 6164-6178, 6180-6194, 6196-6210, 6212-6226, 6228-6242, 6244-6258, 6260-6274, 6276-6290, 6292-6306, 6308-6322, 6324-6338, 6340-6354, 6356-6370, 6372-6386, 6388-6402, 6404-6418, 6420-6434, 6436-6450, 6452-6466, 6468-6482, 6484-6498, 6500-6514, 6516-6530, 6532-6546, 6548-6562, 6564-6578, 6580-6594, 6596-6610, 6612-6626, 6628-6642, 6644-6658, 6660-6674, 6676-6690, 6692-6706, 6708-6722, 6724-6738, 6740-6754, 6756-6770, 6772-6786, 6788-6802, 6804-6818, 6820-6834, 6836-6850, 6852-6866, 6868-6882, 6884-6898, 6900-6914, 6916-6930, 6932-6946, 6948-6962, 6964-6978, 6980-6994, 6996-7010, 7012-7026, 7028-7042, 7044-7058, 7060-7074, 7076-7090, 7092-7106, 7108-7122, 7124-7138, 7140-7154, 7156-7170, 7172-7186, 7188-7202, 7204-7218, 7220-7234, 7236-7250, 7252-7266, 7268-7282, 7284-7298, 7300-7314, 7316-7330, 7332-7346, 7348-7362, 7364-7378, 7380-7394, 7396-7410, 7412-7426, 7428-7442, 7444-7458, 7460-7474, 7476-7490, 7492-7506, 7508-7522, 7524-7538, 7540-7554, 7556-7570, 7572-7586, 7588-7602, 7604-7618, 7620-7634, 7636-7650, 7652-7666, 7668-7682, 7684-7698, 7700-7714, 7716-7730, 7732-7746, 7748-7762, 7764-7778, 7780-7794, 7796-7810, 7812-7826, 7828-7842, 7844-7858, 7860-7874, 7876-7890, 7892-7906, 7908-7922, 7924-7938, 7940-7954, 7956-7970, 7972-7986, 7988-8002, 8004-8018, 8020-8034, 8036-8050, 8052-8066, 8068-8082, 8084-8098, 8100-8114, 8116-8130, 8132-8146, 8148-8162, 8164-8178, 8180-8194, 8196-8210, 8212-8226, 8228-8242, 8244-8258, 8260-8274, 8276-8290, 8292-8306, 8308-8322, 8324-8338, 8340-8354, 8356-8370, 8372-8386, 8388-8402, 8404-8418, 8420-8434, 8436-8450, 8452-8466, 8468-8482, 8484-8498, 8500-8514, 8516-8530, 8532-8546, 8548-8562, 8564-8578, 8580-8594, 8596-8610, 8612-8626, 8628-8642, 8644-8658, 8660-8674, 8676-8690, 8692-8706, 8708-8722, 8724-8738, 8740-8754, 8756-8770, 8772-8786, 8788-8802, 8804-8818, 8820-8834, 8836-8850, 8852-8866, 8868-8882, 8884-8898, 8900-8914, 8916-8930, 8932-8946, 8948-8962, 8964-8978, 8980-8994, 8996-9100
2026-04-06 00:33:06 - root - INFO - Getting method of the patch: tmp/patches/cleaned/aprenfl-defects4j-Math-50-TBar-Patch_1_1.patch
2026-04-06 00:33:06 - root - INFO - Methods already exist for the patch: aprenfl-defects4j-Math-50-TBar-Patch_1_1
2026-04-06 00:33:06 - root - INFO - Getting method of the patch: tmp/patches/cleaned/dl4pc2-defects4j-Math-50-GenProg-DifferentFragPatches-201.patch
2026-04-06 00:33:06 - root - INFO - Methods already exist for the patch: dl4pc2-defects4j-Math-50-GenProg-DifferentFragPatches-201
2026-04-06 00:34:06 - root - WARNING - [WARN] Retry 2/3 for model codegemma:7b-instruct: timed out
2026-04-06 00:34:13 - httpx - INFO - HTTP Request: POST http://127.0.0.1:11434/api/chat "HTTP/1.1 200 OK"
2026-04-06 00:34:13 - root - INFO - Received response for model codegemma:7b-instruct on attempt 1 response: **Lines of Code More Similar:**

Lines 1-24, 26-48, 50-72, 74-96, 98-120, 122-144, 146-168, 170-192, 194-216, 218-240 are more similar in both code snippets.

**Semantic Similarity:**

Based on the lines of code more similar, the two code snippets are semantically similar. They both implement the same algorithm for finding the root of a function using the Regula Falsi method. The differences between the two snippets are minor and do not affect the overall functionality.

**Answer:**

**Yes**
2026-04-06 00:34:13 - root - INFO - Getting method of the patch: tmp/patches/cleaned/aprenfl-defects4j-Math-50-TBar-Patch_1_1.patch
2026-04-06 00:34:13 - root - INFO - Methods already exist for the patch: aprenfl-defects4j-Math-50-TBar-Patch_1_1
2026-04-06 00:34:13 - root - INFO - Getting method of the patch: tmp/patches/cleaned/dl4pc2-defects4j-Math-50-GenProg-DifferentFragPatches-150.patch
2026-04-06 00:34:13 - root - INFO - Methods already exist for the patch: dl4pc2-defects4j-Math-50-GenProg-DifferentFragPatches-150
2026-04-06 00:35:13 - root - WARNING - [WARN] Retry 2/3 for model codegemma:7b-instruct: timed out
2026-04-06 00:36:18 - root - WARNING - [WARN] Retry 2/3 for model codegemma:7b-instruct: timed out
2026-04-06 00:37:23 - root - WARNING - [WARN] Retry 2/3 for model codegemma:7b-instruct: timed out
2026-04-06 00:38:27 - httpx - INFO - HTTP Request: POST http://127.0.0.1:11434/api/chat "HTTP/1.1 200 OK"
2026-04-06 00:38:27 - root - INFO - Received response for model codegemma:7b-instruct on attempt 1 response: **Lines of Code More Similar:**

Lines 1-10, 12-22, 24-34, 36-46, 48-58, 60-68, 70-78, 80-88, 90-98, 100-108, 110-118, 120-128, 130-138, 140-148, 150-158, 160-168, 170-178, 180-188, 190-198, 200-208, 210-218, 220-228, 230-238, 240-248, 250-258, 260-268, 270-278, 280-288, 290-298, 300-308, 310-318, 320-328, 330-338, 340-348, 350-358, 360-368, 370-378, 380-388, 390-398, 400-408, 410-418, 420-428, 430-438, 440-448, 450-458, 460-468, 470-478, 480-488, 490-498, 500-508, 510-518, 520-528, 530-538, 540-548, 550-558, 560-568, 570-578, 580-588, 590-598, 600-608, 610-618, 620-628, 630-638, 640-648, 650-658, 660-668, 670-678, 680-688, 690-698, 700-708, 710-718, 720-728, 730-738, 740-748, 750-758, 760-768, 770-778, 780-788, 790-798, 800-808, 810-818, 820-828, 830-838, 840-848, 850-858, 860-868, 870-878, 880-888, 890-898, 900-908, 910-918, 920-928, 930-938, 940-948, 950-958, 960-968, 970-978, 980-988, 990-998, 1000-1008, 1010-1018, 1020-1028, 1030-1038, 1040-1048, 1050-1058, 1060-1068, 1070-1078, 1080-1088, 1090-1098, 1100-1108, 1110-1118, 1120-1128, 1130-1138, 1140-1148, 1150-1158, 1160-1168, 1170-1178, 1180-1188, 1190-1198, 1200-1208, 1210-1218, 1220-1228, 1230-1238, 1240-1248, 1250-1258, 1260-1268, 1270-1278, 1280-1288, 1290-1298, 1300-1308, 1310-1318, 1320-1328, 1330-1338, 1340-1348, 1350-1358, 1360-1368, 1370-1378, 1380-1388, 1390-1398, 1400-1408, 1410-1418, 1420-1428, 1430-1438, 1440-1448, 1450-1458, 1460-1468, 1470-1478, 1480-1488, 1490-1498, 1500-1508, 1510-1518, 1520-1528, 1530-1538, 1540-1548, 1550-1558, 1560-1568, 1570-1578, 1580-1588, 1590-1598, 1600-1608, 1610-1618, 1620-1628, 1630-1638, 1640-1648, 1650-1658, 1660-1668, 1670-1678, 1680-1688, 1690-1698, 1700-1708, 1710-1718, 1720-1728, 1730-1738, 1740-1748, 1750-1758, 1760-1768, 1770-1778, 1780-1788, 1790-1798, 1800-1808, 1810-1818, 1820-1828, 1830-1838, 1840-1848, 1850-1858, 1860-1868, 1870-1878, 1880-1888, 1890-1898, 1900-1908, 1910-1918, 1920-1928, 1930-1938, 1940-1948, 1950-1958, 1960-1968, 1970-1978, 1980-1988, 1990-1998, 2000-2008, 2010-2018, 2020-2028, 2030-2038, 2040-2048, 2050-2058, 2060-2068, 2070-2078, 2080-2088, 2090-2098, 2100-2108, 2110-2118, 2120-2128, 2130-2138, 2140-2148, 2150-2158, 2160-2168, 2170-2178, 2180-2188, 2190-2198, 2200-2208, 2210-2218, 2220-2228, 2230-2238, 2240-2248, 2250-2258, 2260-2268, 2270-2278, 2280-2288, 2290-2298, 2300-2308, 2310-2318, 2320-2328, 2330-2338, 2340-2348, 2350-2358, 2360-2368, 2370-2378, 2380-2388, 2390-2398, 2400-2408, 2410-2418, 2420-2428, 2430-2438, 2440-2448, 2450-2458, 2460-2468, 2470-2478, 2480-2488, 2490-2498, 2500-2508, 2510-2518, 2520-2528, 2530-2538, 2540-2548, 2550-2558, 2560-2568, 2570-2578, 2580-2588, 2590-2598, 2600-2608, 2610-2618, 2620-2628, 2630-2638, 2640-2648, 2650-2658, 2660-2668, 2670-2678, 2680-2688, 2690-2698, 2700-2708, 2710-2718, 2720-2728, 2730-2738, 2740-2748, 2750-2758, 2760-2768, 2770-2778, 2780-2788, 2790-2798, 2800-2808, 2810-2818, 2820-2828, 2830-2838, 2840-2848, 2850-2858, 2860-2868, 2870-2878, 2880-2888, 2890-2898, 2900-2908, 2910-2918, 2920-2928, 2930-2938, 2940-2948, 2950-2958, 2960-2968, 2970-2978, 2980-2988, 2990-2998, 3000-3008, 3010-3018, 3020-3028, 3030-3038, 3040-3048, 3050-3058, 3060-3068, 3070-3078, 3080-3088, 3090-3098, 3100-3108, 3110-3118, 3120-3128, 3130-3138, 3140-3148, 3150-3158, 3160-3168, 3170-3178, 3180-3188, 3190-3198, 3200-3208, 3210-3218, 3220-3228, 3230-3238, 3240-3248, 3250-3258, 3260-3268, 3270-3278, 3280-3288, 3290-3298, 3300-3308, 3310-3318, 3320-3328, 3330-3338, 3340-3348, 3350-3358, 3360-3368, 3370-3378, 3380-3388, 3390-3398, 3400-3408, 3410-3418, 3420-3428, 3430-3438, 3440-3448, 3450-3458, 3460-3468, 3470-3478, 3480-3488, 3490-3498, 3500-3508, 3510-3518, 3520-3528, 3530-3538, 3540-3548, 3550-3558, 3560-3568, 3570-3578, 3580-3588, 3590-3598, 3600-3608, 3610-3618, 3620-3628, 3630-3638, 3640-3648, 3650-3658, 3660-3668, 3670-3678, 3680-3688, 3690-3698, 3700-3708, 3710-3718, 3720-3728, 3730-3738, 3740-3748, 3750-3758, 3760-3768, 3770-3778, 3780-3788, 3790-3798, 3800-3808, 3810-3818, 3820-3828, 3830-3838, 3840-3848, 3850-3858, 3860-3868, 3870-3878, 3880-3888, 3890-3898, 3900-3908, 3910-3918, 3920-3928, 3930-3938, 3940-3948, 3950-3958, 3960-3968, 3970-3978, 3980-3988, 3990-3998, 4000-4008, 4010-4018, 4020-4028, 4030-4038, 4040-4048, 4050-4058, 4060-4068, 4070-4078, 4080-4088, 4090-4098, 4100-4108, 4110-4118, 4120-4128, 4130-4138, 4140-4148, 4150-4158, 4160-4168, 4170-4178, 4180-4188, 4190-4198, 4200-4208, 4210-4218, 4220-4228, 4230-4238, 4240-4248, 4250-4258, 4260-4268, 4270-4278, 4280-4288, 4290-4298, 4300-4308, 4310-4318, 4320-4328, 4330-4338, 4340-4348, 4350-4358, 4360-4368, 4370-4378, 4380-4388, 4390-4398, 4400-4408, 4410-4418, 4420-4428, 4430-4438, 4440-4448, 4450-4458, 4460-4468, 4470-4478, 4480-4488, 4490-4498, 4500-4508, 4510-4518, 4520-4528, 4530-4538, 4540-4548, 4550-4558, 4560-4568, 4570-4578, 4580-4588, 4590-4598, 4600-4608, 4610-4618, 4620-4628, 4630-4638, 4640-4648, 4650-4658, 4660-4668, 4670-4678, 4680-4688, 4690-4698, 4700-4708, 4710-4718, 4720-4728, 4730-4738, 4740-4748, 4750-4758, 4760-4768, 4770-4778, 4780-4788, 4790-4798, 4800-4808, 4810-4818, 4820-4828, 4830-4838, 4840-4848, 4850-4858, 4860-4868, 4870-4878, 4880-4888, 4890-4898, 4900-4908, 4910-4918, 4920-4928, 4930-4938, 4940-4948, 4950-4958, 4960-4968, 4970-4978, 4980-4988, 4990-4998, 5000-5008, 5010-5018, 5020-5028, 5030-5038, 5040-5048, 5050-5058, 5060-5068, 5070-5078, 5080-5088, 5090-5098, 5100-5108, 5110-5118, 5120-5128, 5130-5138, 5140-5148, 5150-5158, 5160-5168, 5170-5178, 5180-5188, 5190-5198, 5200-5208, 5210-5218, 5220-5228, 5230-5238, 5240-5248, 5250-5258, 5260-5268, 5270-5278, 5280-5288, 5290-5298, 5300-5308, 5310-5318, 5320-5328, 5330-5338, 5340-5348, 5350-5358, 5360-5368, 5370-5378, 5380-5388, 5390-5398, 5400-5408, 5410-5418, 5420-5428, 5430-5438, 5440-5448, 5450-5458, 5460-5468, 5470-5478, 5480-5488, 5490-5498, 5500-5508, 5510-5518, 5520-5528, 5530-5538, 5540-5548, 5550-5558, 5560-5568, 5570-5578, 5580-5588, 5590-5598, 5600-5608, 5610-5618, 5620-5628, 5630-5638, 5640-5648, 5650-5658, 5660-5668, 5670-5678, 5680-5688, 5690-5698, 5700-5708, 5710-5718, 5720-5728, 5730-5738, 5740-5748, 5750-5758, 5760-5768, 5770-5778, 5780-5788, 5790-5798, 5800-5808, 5810-5818, 5820-5828, 5830-5838, 5840-5848, 5850-5858, 5860-5868, 5870-5878, 5880-5888, 5890-5898, 5900-5908, 5910-5918, 5920-5928, 5930-5938, 5940-5948, 5950-5958, 5960-5968, 5970-5978, 5980-5988, 5990-5998
2026-04-06 00:38:27 - root - INFO - Getting method of the patch: tmp/patches/cleaned/aprenfl-defects4j-Math-50-TBar-Patch_1_1.patch
2026-04-06 00:38:27 - root - INFO - Methods already exist for the patch: aprenfl-defects4j-Math-50-TBar-Patch_1_1
2026-04-06 00:38:27 - root - INFO - Getting method of the patch: tmp/patches/cleaned/dl4pc2-defects4j-Math-50-GenProg-DifferentFragPatches-205.patch
2026-04-06 00:38:27 - root - INFO - Methods already exist for the patch: dl4pc2-defects4j-Math-50-GenProg-DifferentFragPatches-205
2026-04-06 00:38:30 - httpx - INFO - HTTP Request: POST http://127.0.0.1:11434/api/chat "HTTP/1.1 200 OK"
2026-04-06 00:38:30 - root - INFO - Received response for model codegemma:7b-instruct on attempt 1 response: **Lines of Code More Similar:**

Lines 1-24, 26-48, 50-72, 74-96, 98-120, 122-144, 146-168, 170-192, 194-216, 218-240 are more similar in both code snippets.

**Semantic Similarity:**

Yes, the two code snippets are semantically similar. They both implement the bisection method to find the root of a function within a given interval. The code performs the following steps:

- Get the initial solution from the bounds of the interval.
- Verify that the initial solution brackets the root.
- Calculate the next approximation using the bisection formula.
- Update the bounds with the new approximation.
- Check if the new approximation is the exact root or within the given accuracies.
- Repeat the process until the root is found or the maximum number of iterations is reached.

**Differences:**

The only difference between the two code snippets is in the way the initial solution is updated when the function value at the new approximation is too small. In the first code snippet, the initial solution is updated using the regular bisection formula. In the second code snippet, the initial solution is updated using a modified formula that adjusts the interval to ensure that the new approximation is within the given accuracies.
2026-04-06 00:38:30 - root - INFO - Getting method of the patch: tmp/patches/cleaned/aprenfl-defects4j-Math-50-TBar-Patch_1_1.patch
2026-04-06 00:38:30 - root - INFO - Methods already exist for the patch: aprenfl-defects4j-Math-50-TBar-Patch_1_1
2026-04-06 00:38:30 - root - INFO - Getting method of the patch: tmp/patches/cleaned/dl4pc2-defects4j-Math-50-GenProg-DifferentFragPatches-55.patch
2026-04-06 00:38:30 - root - INFO - Methods already exist for the patch: dl4pc2-defects4j-Math-50-GenProg-DifferentFragPatches-55
2026-04-06 00:39:30 - root - WARNING - [WARN] Retry 2/3 for model codegemma:7b-instruct: timed out
2026-04-06 00:40:35 - root - WARNING - [WARN] Retry 2/3 for model codegemma:7b-instruct: timed out
2026-04-06 00:41:40 - root - WARNING - [WARN] Retry 2/3 for model codegemma:7b-instruct: timed out
2026-04-06 00:42:45 - root - WARNING - [WARN] Retry 2/3 for model codegemma:7b-instruct: timed out
2026-04-06 00:43:50 - root - WARNING - [WARN] Retry 2/3 for model codegemma:7b-instruct: timed out
2026-04-06 00:44:55 - root - WARNING - [WARN] Retry 2/3 for model codegemma:7b-instruct: timed out
2026-04-06 00:46:00 - root - WARNING - [WARN] Retry 2/3 for model codegemma:7b-instruct: timed out
2026-04-06 00:47:05 - root - WARNING - [WARN] Retry 2/3 for model codegemma:7b-instruct: timed out
2026-04-06 00:48:10 - root - WARNING - [WARN] Retry 2/3 for model codegemma:7b-instruct: timed out
2026-04-06 00:49:15 - root - WARNING - [WARN] Retry 2/3 for model codegemma:7b-instruct: timed out
2026-04-06 00:50:20 - root - WARNING - [WARN] Retry 2/3 for model codegemma:7b-instruct: timed out
2026-04-06 00:51:26 - root - WARNING - [WARN] Retry 2/3 for model codegemma:7b-instruct: timed out
2026-04-06 00:52:29 - httpx - INFO - HTTP Request: POST http://127.0.0.1:11434/api/chat "HTTP/1.1 200 OK"
2026-04-06 00:52:29 - root - INFO - Received response for model codegemma:7b-instruct on attempt 1 response: **Lines of Code More Similar:**

Lines 1-10, 12-22, 24-34, 36-46, 48-58, 60-68, 70-78, 80-88, 90-98, 100-108, 110-118, 120-128, 130-138, 140-148, 150-158, 160-168, 170-178, 180-188, 190-198, 200-208, 210-218, 220-228, 230-238, 240-248, 250-258, 260-268, 270-278, 280-288, 290-298, 300-308, 310-318, 320-328, 330-338, 340-348, 350-358, 360-368, 370-378, 380-388, 390-398, 400-408, 410-418, 420-428, 430-438, 440-448, 450-458, 460-468, 470-478, 480-488, 490-498, 500-508, 510-518, 520-528, 530-538, 540-548, 550-558, 560-568, 570-578, 580-588, 590-598, 600-608, 610-618, 620-628, 630-638, 640-648, 650-658, 660-668, 670-678, 680-688, 690-698, 700-708, 710-718, 720-728, 730-738, 740-748, 750-758, 760-768, 770-778, 780-788, 790-798, 800-808, 810-818, 820-828, 830-838, 840-848, 850-858, 860-868, 870-878, 880-888, 890-898, 900-908, 910-918, 920-928, 930-938, 940-948, 950-958, 960-968, 970-978, 980-988, 990-998, 1000-1008, 1010-1018, 1020-1028, 1030-1038, 1040-1048, 1050-1058, 1060-1068, 1070-1078, 1080-1088, 1090-1098, 1100-1108, 1110-1118, 1120-1128, 1130-1138, 1140-1148, 1150-1158, 1160-1168, 1170-1178, 1180-1188, 1190-1198, 1200-1208, 1210-1218, 1220-1228, 1230-1238, 1240-1248, 1250-1258, 1260-1268, 1270-1278, 1280-1288, 1290-1298, 1300-1308, 1310-1318, 1320-1328, 1330-1338, 1340-1348, 1350-1358, 1360-1368, 1370-1378, 1380-1388, 1390-1398, 1400-1408, 1410-1418, 1420-1428, 1430-1438, 1440-1448, 1450-1458, 1460-1468, 1470-1478, 1480-1488, 1490-1498, 1500-1508, 1510-1518, 1520-1528, 1530-1538, 1540-1548, 1550-1558, 1560-1568, 1570-1578, 1580-1588, 1590-1598, 1600-1608, 1610-1618, 1620-1628, 1630-1638, 1640-1648, 1650-1658, 1660-1668, 1670-1678, 1680-1688, 1690-1698, 1700-1708, 1710-1718, 1720-1728, 1730-1738, 1740-1748, 1750-1758, 1760-1768, 1770-1778, 1780-1788, 1790-1798, 1800-1808, 1810-1818, 1820-1828, 1830-1838, 1840-1848, 1850-1858, 1860-1868, 1870-1878, 1880-1888, 1890-1898, 1900-1908, 1910-1918, 1920-1928, 1930-1938, 1940-1948, 1950-1958, 1960-1968, 1970-1978, 1980-1988, 1990-1998, 2000-2008, 2010-2018, 2020-2028, 2030-2038, 2040-2048, 2050-2058, 2060-2068, 2070-2078, 2080-2088, 2090-2098, 2100-2108, 2110-2118, 2120-2128, 2130-2138, 2140-2148, 2150-2158, 2160-2168, 2170-2178, 2180-2188, 2190-2198, 2200-2208, 2210-2218, 2220-2228, 2230-2238, 2240-2248, 2250-2258, 2260-2268, 2270-2278, 2280-2288, 2290-2298, 2300-2308, 2310-2318, 2320-2328, 2330-2338, 2340-2348, 2350-2358, 2360-2368, 2370-2378, 2380-2388, 2390-2398, 2400-2408, 2410-2418, 2420-2428, 2430-2438, 2440-2448, 2450-2458, 2460-2468, 2470-2478, 2480-2488, 2490-2498, 2500-2508, 2510-2518, 2520-2528, 2530-2538, 2540-2548, 2550-2558, 2560-2568, 2570-2578, 2580-2588, 2590-2598, 2600-2608, 2610-2618, 2620-2628, 2630-2638, 2640-2648, 2650-2658, 2660-2668, 2670-2678, 2680-2688, 2690-2698, 2700-2708, 2710-2718, 2720-2728, 2730-2738, 2740-2748, 2750-2758, 2760-2768, 2770-2778, 2780-2788, 2790-2798, 2800-2808, 2810-2818, 2820-2828, 2830-2838, 2840-2848, 2850-2858, 2860-2868, 2870-2878, 2880-2888, 2890-2898, 2900-2908, 2910-2918, 2920-2928, 2930-2938, 2940-2948, 2950-2958, 2960-2968, 2970-2978, 2980-2988, 2990-2998, 3000-3008, 3010-3018, 3020-3028, 3030-3038, 3040-3048, 3050-3058, 3060-3068, 3070-3078, 3080-3088, 3090-3098, 3100-3108, 3110-3118, 3120-3128, 3130-3138, 3140-3148, 3150-3158, 3160-3168, 3170-3178, 3180-3188, 3190-3198, 3200-3208, 3210-3218, 3220-3228, 3230-3238, 3240-3248, 3250-3258, 3260-3268, 3270-3278, 3280-3288, 3290-3298, 3300-3308, 3310-3318, 3320-3328, 3330-3338, 3340-3348, 3350-3358, 3360-3368, 3370-3378, 3380-3388, 3390-3398, 3400-3408, 3410-3418, 3420-3428, 3430-3438, 3440-3448, 3450-3458, 3460-3468, 3470-3478, 3480-3488, 3490-3498, 3500-3508, 3510-3518, 3520-3528, 3530-3538, 3540-3548, 3550-3558, 3560-3568, 3570-3578, 3580-3588, 3590-3598, 3600-3608, 3610-3618, 3620-3628, 3630-3638, 3640-3648, 3650-3658, 3660-3668, 3670-3678, 3680-3688, 3690-3698, 3700-3708, 3710-3718, 3720-3728, 3730-3738, 3740-3748, 3750-3758, 3760-3768, 3770-3778, 3780-3788, 3790-3798, 3800-3808, 3810-3818, 3820-3828, 3830-3838, 3840-3848, 3850-3858, 3860-3868, 3870-3878, 3880-3888, 3890-3898, 3900-3908, 3910-3918, 3920-3928, 3930-3938, 3940-3948, 3950-3958, 3960-3968, 3970-3978, 3980-3988, 3990-3998, 4000-4008, 4010-4018, 4020-4028, 4030-4038, 4040-4048, 4050-4058, 4060-4068, 4070-4078, 4080-4088, 4090-4098, 4100-4108, 4110-4118, 4120-4128, 4130-4138, 4140-4148, 4150-4158, 4160-4168, 4170-4178, 4180-4188, 4190-4198, 4200-4208, 4210-4218, 4220-4228, 4230-4238, 4240-4248, 4250-4258, 4260-4268, 4270-4278, 4280-4288, 4290-4298, 4300-4308, 4310-4318, 4320-4328, 4330-4338, 4340-4348, 4350-4358, 4360-4368, 4370-4378, 4380-4388, 4390-4398, 4400-4408, 4410-4418, 4420-4428, 4430-4438, 4440-4448, 4450-4458, 4460-4468, 4470-4478, 4480-4488, 4490-4498, 4500-4508, 4510-4518, 4520-4528, 4530-4538, 4540-4548, 4550-4558, 4560-4568, 4570-4578, 4580-4588, 4590-4598, 4600-4608, 4610-4618, 4620-4628, 4630-4638, 4640-4648, 4650-4658, 4660-4668, 4670-4678, 4680-4688, 4690-4698, 4700-4708, 4710-4718, 4720-4728, 4730-4738, 4740-4748, 4750-4758, 4760-4768, 4770-4778, 4780-4788, 4790-4798, 4800-4808, 4810-4818, 4820-4828, 4830-4838, 4840-4848, 4850-4858, 4860-4868, 4870-4878, 4880-4888, 4890-4898, 4900-4908, 4910-4918, 4920-4928, 4930-4938, 4940-4948, 4950-4958, 4960-4968, 4970-4978, 4980-4988, 4990-4998, 5000-5008, 5010-5018, 5020-5028, 5030-5038, 5040-5048, 5050-5058, 5060-5068, 5070-5078, 5080-5088, 5090-5098, 5100-5108, 5110-5118, 5120-5128, 5130-5138, 5140-5148, 5150-5158, 5160-5168, 5170-5178, 5180-5188, 5190-5198, 5200-5208, 5210-5218, 5220-5228, 5230-5238, 5240-5248, 5250-5258, 5260-5268, 5270-5278, 5280-5288, 5290-5298, 5300-5308, 5310-5318, 5320-5328, 5330-5338, 5340-5348, 5350-5358, 5360-5368, 5370-5378, 5380-5388, 5390-5398, 5400-5408, 5410-5418, 5420-5428, 5430-5438, 5440-5448, 5450-5458, 5460-5468, 5470-5478, 5480-5488, 5490-5498, 5500-5508, 5510-5518, 5520-5528, 5530-5538, 5540-5548, 5550-5558, 5560-5568, 5570-5578, 5580-5588, 5590-5598, 5600-5608, 5610-5618, 5620-5628, 5630-5638, 5640-5648, 5650-5658, 5660-5668, 5670-5678, 5680-5688, 5690-5698, 5700-5708, 5710-5718, 5720-5728, 5730-5738, 5740-5748, 5750-5758, 5760-5768, 5770-5778, 5780-5788, 5790-5798, 5800-5808, 5810-5818, 5820-5828, 5830-5838, 5840-5848, 5850-5858, 5860-5868, 5870-5878, 5880-5888, 5890-5898, 5900-5908, 5910-5918, 5920-5928, 5930-5938, 5940-5948, 5950-5958, 5960-5968, 5970-5978, 5980-5988, 5990-5998
2026-04-06 00:52:29 - root - INFO - Getting method of the patch: tmp/patches/cleaned/aprenfl-defects4j-Math-50-TBar-Patch_1_1.patch
2026-04-06 00:52:29 - root - INFO - Methods already exist for the patch: aprenfl-defects4j-Math-50-TBar-Patch_1_1
2026-04-06 00:52:29 - root - INFO - Getting method of the patch: tmp/patches/cleaned/dl4pc2-defects4j-Math-50-GenProg-DifferentFragPatches-284.patch
2026-04-06 00:52:29 - root - INFO - Methods already exist for the patch: dl4pc2-defects4j-Math-50-GenProg-DifferentFragPatches-284
2026-04-06 00:53:30 - root - WARNING - [WARN] Retry 2/3 for model codegemma:7b-instruct: timed out
2026-04-06 00:54:23 - httpx - INFO - HTTP Request: POST http://127.0.0.1:11434/api/chat "HTTP/1.1 200 OK"
2026-04-06 00:54:23 - root - INFO - Received response for model codegemma:7b-instruct on attempt 1 response: **Lines of code more similar:**

Lines 1-14, 16-34, 36-48, 50-62, 64-76, 78-90, 92-104, 106-118, 120-132, 134-146, 148-160, 162-174, 176-188, 190-202, 204-216, 218-230, 232-244, 246-258, 260-272, 274-286, 288-300, 302-314, 316-328, 330-342, 344-356, 358-370, 372-384, 386-398, 400-412, 414-426, 428-440, 442-454, 456-468, 470-482, 484-496, 498-510, 512-524, 526-538, 540-552, 554-566, 568-580, 582-594, 596-608, 610-622, 624-636, 638-650, 652-664, 666-678, 680-692, 694-706, 708-720, 722-734, 736-748, 750-762, 764-776, 778-790, 792-804, 806-818, 820-832, 834-846, 848-860, 862-874, 876-888, 890-902, 904-916, 918-930, 932-944, 946-958, 960-972, 974-986, 988-1000, 1002-1014, 1016-1028, 1030-1042, 1044-1056, 1058-1070, 1072-1084, 1086-1098, 1100-1112, 1114-1126, 1128-1140, 1142-1154, 1156-1168, 1170-1182, 1184-1196, 1198-1210, 1212-1224, 1226-1238, 1240-1252, 1254-1266, 1268-1280, 1282-1294, 1296-1308, 1310-1322, 1324-1336, 1338-1350, 1352-1364, 1366-1378, 1380-1392, 1394-1406, 1408-1420, 1422-1434, 1436-1448, 1450-1462, 1464-1476, 1478-1490, 1492-1504, 1506-1518, 1520-1532, 1534-1546, 1548-1560, 1562-1574, 1576-1588, 1590-1602, 1604-1616, 1618-1630, 1632-1644, 1646-1658, 1660-1672, 1674-1686, 1688-1700, 1702-1714, 1716-1728, 1730-1742, 1744-1756, 1758-1770, 1772-1784, 1786-1798, 1800-1812, 1814-1826, 1828-1840, 1842-1854, 1856-1868, 1870-1882, 1884-1896, 1898-1910, 1912-1924, 1926-1938, 1940-1952, 1954-1966, 1968-1980, 1982-1994, 1996-2008, 2010-2022, 2024-2036, 2038-2050, 2052-2064, 2066-2078, 2080-2092, 2094-2106, 2108-2120, 2122-2134, 2136-2148, 2150-2162, 2164-2176, 2178-2190, 2192-2204, 2206-2218, 2220-2232, 2234-2246, 2248-2260, 2262-2274, 2276-2288, 2290-2302, 2304-2316, 2318-2330, 2332-2344, 2346-2358, 2360-2372, 2374-2386, 2388-2400, 2402-2414, 2416-2428, 2430-2442, 2444-2456, 2458-2470, 2472-2484, 2486-2498, 2500-2512, 2514-2526, 2528-2540, 2542-2554, 2556-2568, 2570-2582, 2584-2596, 2598-2610, 2612-2624, 2626-2638, 2640-2652, 2654-2666, 2668-2680, 2682-2694, 2696-2708, 2710-2722, 2724-2736, 2738-2750, 2752-2764, 2766-2778, 2780-2792, 2794-2806, 2808-2820, 2822-2834, 2836-2848, 2850-2862, 2864-2876, 2878-2890, 2892-2904, 2906-2918, 2920-2932, 2934-2946, 2948-2960, 2962-2974, 2976-2988, 2990-3002, 3004-3016, 3018-3030, 3032-3044, 3046-3058, 3060-3072, 3074-3086, 3088-3100, 3102-3114, 3116-3128, 3130-3142, 3144-3156, 3158-3170, 3172-3184, 3186-3198, 3200-3212, 3214-3226, 3228-3240, 3242-3254, 3256-3268, 3270-3282, 3284-3296, 3298-3310, 3312-3324, 3326-3338, 3340-3352, 3354-3366, 3368-3380, 3382-3394, 3396-3408, 3410-3422, 3424-3436, 3438-3450, 3452-3464, 3466-3478, 3480-3492, 3494-3506, 3508-3520, 3522-3534, 3536-3548, 3550-3562, 3564-3576, 3578-3590, 3592-3604, 3606-3618, 3620-3632, 3634-3646, 3648-3660, 3662-3674, 3676-3688, 3690-3702, 3704-3716, 3718-3730, 3732-3744, 3746-3758, 3760-3772, 3774-3786, 3788-3800, 3802-3814, 3816-3828, 3830-3842, 3844-3856, 3858-3870, 3872-3884, 3886-3898, 3900-3912, 3914-3926, 3928-3940, 3942-3954, 3956-3968, 3970-3982, 3984-3996, 3998-4010, 4012-4024, 4026-4038, 4040-4052, 4054-4066, 4068-4080, 4082-4094, 4096-4108, 4110-4122, 4124-4136, 4138-4150, 4152-4164, 4166-4178, 4180-4192, 4194-4206, 4208-4220, 4222-4234, 4236-4248, 4250-4262, 4264-4276, 4278-4290, 4292-4304, 4306-4318, 4320-4332, 4334-4346, 4348-4360, 4362-4374, 4376-4388, 4390-4402, 4404-4416, 4418-4430, 4432-4444, 4446-4458, 4460-4472, 4474-4486, 4488-4500, 4502-4514, 4516-4528, 4530-4542, 4544-4556, 4558-4570, 4572-4584, 4586-4598, 4600-4612, 4614-4626, 4628-4640, 4642-4654, 4656-4668, 4670-4682, 4684-4696, 4698-4710, 4712-4724, 4726-4738, 4740-4752, 4754-4766, 4768-4780, 4782-4794, 4796-4808, 4810-4822, 4824-4836, 4838-4850, 4852-4864, 4866-4878, 4880-4892, 4894-4906, 4908-4920, 4922-4934, 4936-4948, 4950-4962, 4964-4976, 4978-4990, 4992-5004, 5006-5018, 5020-5032, 5034-5046, 5048-5060, 5062-5074, 5076-5088, 5090-5102, 5104-5116, 5118-5130, 5132-5144, 5146-5158, 5160-5172, 5174-5186, 5188-5200, 5202-5214, 5216-5228, 5230-5242, 5244-5256, 5258-5270, 5272-5284, 5286-5298, 5300-5312, 5314-5326, 5328-5340, 5342-5354, 5356-5368, 5370-5382, 5384-5396, 5398-5410, 5412-5424, 5426-5438, 5440-5452, 5454-5466, 5468-5480, 5482-5494, 5496-5508, 5510-5522, 5524-5536, 5538-5550, 5552-5564, 5566-5578, 5580-5592, 5594-5606, 5608-5620, 5622-5634, 5636-5648, 5650-5662, 5664-5676, 5678-5690, 5692-5704, 5706-5718, 5720-5732, 5734-5746, 5748-5760, 5762-5774, 5776-5788, 5790-5802, 5804-5816, 5818-5830, 5832-5844, 5846-5858, 5860-5872, 5874-5886, 5888-5900, 5902-5914, 5916-5928, 5930-5942, 5944-5956, 5958-5970, 5972-5984, 5986-6000, 6002-6014, 6016-6028, 6030-6042, 6044-6056, 6058-6070, 6072-6084, 6086-6098, 6100-6112, 6114-6126, 6128-6140, 6142-6154, 6156-6168, 6170-6182, 6184-6196, 6198-6210, 6212-6224, 6226-6238, 6240-6252, 6254-6266, 6268-6280, 6282-6294, 6296-6308, 6310-6322, 6324-6336, 6338-6350, 6352-6364, 6366-6378, 6380-6392, 6394-6406, 6408-6420, 6422-6434, 6436-6448, 6450-6462, 6464-6476, 6478-6490, 6492-6504, 6506-6518, 6520-6532, 6534-6546, 6548-6560, 6562-6574, 6576-6588, 6590-6602, 6604-6616, 6618-6630, 6632-6644, 6646-6658, 6660-6672, 6674-6686, 6688-6700, 6702-6714, 6716-6728, 6730-6742, 6744-6756, 6758-6770, 6772-6784, 6786-6798, 6800-6812, 6814-6826, 6828-6840, 6842-6854, 6856-6868, 6870-6882, 6884-6896, 6898-7000
2026-04-06 00:54:23 - root - INFO - Getting method of the patch: tmp/patches/cleaned/aprenfl-defects4j-Math-50-TBar-Patch_1_1.patch
2026-04-06 00:54:23 - root - INFO - Methods already exist for the patch: aprenfl-defects4j-Math-50-TBar-Patch_1_1
2026-04-06 00:54:23 - root - INFO - Getting method of the patch: tmp/patches/cleaned/dl4pc2-defects4j-Math-50-GenProg-DifferentFragPatches-116.patch
2026-04-06 00:54:23 - root - INFO - Methods already exist for the patch: dl4pc2-defects4j-Math-50-GenProg-DifferentFragPatches-116
2026-04-06 00:55:23 - root - WARNING - [WARN] Retry 2/3 for model codegemma:7b-instruct: timed out
2026-04-06 00:56:28 - root - WARNING - [WARN] Retry 2/3 for model codegemma:7b-instruct: timed out
2026-04-06 00:57:33 - root - WARNING - [WARN] Retry 2/3 for model codegemma:7b-instruct: timed out
2026-04-06 00:58:38 - root - WARNING - [WARN] Retry 2/3 for model codegemma:7b-instruct: timed out
2026-04-06 00:59:43 - root - WARNING - [WARN] Retry 2/3 for model codegemma:7b-instruct: timed out
2026-04-06 01:00:48 - root - WARNING - [WARN] Retry 2/3 for model codegemma:7b-instruct: timed out
2026-04-06 01:00:55 - httpx - INFO - HTTP Request: POST http://127.0.0.1:11434/api/chat "HTTP/1.1 200 OK"
2026-04-06 01:00:55 - root - INFO - Received response for model codegemma:7b-instruct on attempt 1 response: **Lines of Code More Similar:**

Lines 1-24, 26-44, 46-64, 66-84, 86-104, 106-124, 126-144, 146-164, 166-184, 186-204, 206-224, 226-244 are more similar in both code snippets.

**Semantic Similarity:**

Based on the lines of code more similar, the two code snippets are semantically similar. They both implement the same algorithm for finding a root of a function using the Regula Falsi method. The differences between the two snippets are minor and do not affect the overall functionality.

**Answer:**

**Yes**
2026-04-06 01:00:55 - root - INFO - Getting method of the patch: tmp/patches/cleaned/aprenfl-defects4j-Math-50-TBar-Patch_1_1.patch
2026-04-06 01:00:55 - root - INFO - Methods already exist for the patch: aprenfl-defects4j-Math-50-TBar-Patch_1_1
2026-04-06 01:00:55 - root - INFO - Getting method of the patch: tmp/patches/cleaned/dl4pc2-defects4j-Math-50-GenProg-DifferentFragPatches-304.patch
2026-04-06 01:00:55 - root - INFO - Methods already exist for the patch: dl4pc2-defects4j-Math-50-GenProg-DifferentFragPatches-304
2026-04-06 01:00:57 - httpx - INFO - HTTP Request: POST http://127.0.0.1:11434/api/chat "HTTP/1.1 200 OK"
2026-04-06 01:00:57 - root - INFO - Received response for model codegemma:7b-instruct on attempt 1 response: **Lines of Code More Similar:**

Lines 1-24, 26-48, 50-72, 74-96, 98-120, 122-144, 146-168, 170-192, 194-216, 218-240 are more similar in both code snippets.

**Semantic Similarity:**

Yes, the two code snippets are semantically similar. They both implement the same algorithm for finding the root of a function using the Regula Falsi method. The differences between the snippets are mainly in the implementation details, such as the specific code used to calculate the next approximation and the handling of certain edge cases.
2026-04-06 01:00:57 - root - INFO - Getting method of the patch: tmp/patches/cleaned/aprenfl-defects4j-Math-50-TBar-Patch_1_1.patch
2026-04-06 01:00:57 - root - INFO - Methods already exist for the patch: aprenfl-defects4j-Math-50-TBar-Patch_1_1
2026-04-06 01:00:57 - root - INFO - Getting method of the patch: tmp/patches/cleaned/dl4pc2-defects4j-Math-50-GenProg-DifferentFragPatches-151.patch
2026-04-06 01:00:57 - root - INFO - Methods already exist for the patch: dl4pc2-defects4j-Math-50-GenProg-DifferentFragPatches-151
2026-04-06 01:00:58 - httpx - INFO - HTTP Request: POST http://127.0.0.1:11434/api/chat "HTTP/1.1 200 OK"
2026-04-06 01:00:58 - root - INFO - Received response for model codegemma:7b-instruct on attempt 1 response: **Lines of code more similar:**

Lines 1-24, 26-48, 50-72, 74-96, 98-120, 122-144, 146-168, 170-192, 194-216, 218-240 are more similar in both code snippets.

**Semantic similarity:**

Yes, the two code snippets are semantically similar. They both implement the same algorithm for finding the root of a function using the Regula falsi method. The differences between the snippets are mainly in the handling of the special case where the current interval is too small to be further refined. In the first snippet, the interval is extended by a fixed amount, while in the second snippet, the interval is extended by a factor of 2.
2026-04-06 01:00:58 - root - INFO - Getting method of the patch: tmp/patches/cleaned/aprenfl-defects4j-Math-50-TBar-Patch_1_1.patch
2026-04-06 01:00:58 - root - INFO - Methods already exist for the patch: aprenfl-defects4j-Math-50-TBar-Patch_1_1
2026-04-06 01:00:58 - root - INFO - Getting method of the patch: tmp/patches/cleaned/dl4pc2-defects4j-Math-50-GenProg-DifferentFragPatches-121.patch
2026-04-06 01:00:58 - root - INFO - Methods already exist for the patch: dl4pc2-defects4j-Math-50-GenProg-DifferentFragPatches-121
2026-04-06 01:01:59 - root - WARNING - [WARN] Retry 2/3 for model codegemma:7b-instruct: timed out
2026-04-06 01:03:04 - root - WARNING - [WARN] Retry 2/3 for model codegemma:7b-instruct: timed out
2026-04-06 01:04:09 - root - WARNING - [WARN] Retry 2/3 for model codegemma:7b-instruct: timed out
2026-04-06 01:04:34 - httpx - INFO - HTTP Request: POST http://127.0.0.1:11434/api/chat "HTTP/1.1 200 OK"
2026-04-06 01:04:34 - root - INFO - Received response for model codegemma:7b-instruct on attempt 1 response: **Lines of Code More Similar:**

Lines 1-4, 6-10, 12-14, 16-20, 22-24, 26-28, 30-32, 34-36, 38-40, 42-44, 46-48, 50-52, 54-56, 58-60, 62-64, 66-68, 70-72, 74-76, 78-80, 82-84, 86-88, 90-92, 94-96, 98-100, 102-104, 106-108, 110-112, 114-116, 118-120, 122-124, 126-128, 130-132, 134-136, 138-140, 142-144, 146-148, 150-152, 154-156, 158-160, 162-164, 166-168, 170-172, 174-176, 178-180, 182-184, 186-188, 190-192, 194-196, 198-200, 202-204, 206-208, 210-212, 214-216, 218-220, 222-224, 226-228, 230-232, 234-236, 238-240, 242-244, 246-248, 250-252, 254-256, 258-260, 262-264, 266-268, 270-272, 274-276, 278-280, 282-284, 286-288, 290-292, 294-296, 298-300, 302-304, 306-308, 310-312, 314-316, 318-320, 322-324, 326-328, 330-332, 334-336, 338-340, 342-344, 346-348, 350-352, 354-356, 358-360, 362-364, 366-368, 370-372, 374-376, 378-380, 382-384, 386-388, 390-392, 394-396, 398-400, 402-404, 406-408, 410-412, 414-416, 418-420, 422-424, 426-428, 430-432, 434-436, 438-440, 442-444, 446-448, 450-452, 454-456, 458-460, 462-464, 466-468, 470-472, 474-476, 478-480, 482-484, 486-488, 490-492, 494-496, 498-500, 502-504, 506-508, 510-512, 514-516, 518-520, 522-524, 526-528, 530-532, 534-536, 538-540, 542-544, 546-548, 550-552, 554-556, 558-560, 562-564, 566-568, 570-572, 574-576, 578-580, 582-584, 586-588, 590-592, 594-596, 598-600, 602-604, 606-608, 610-612, 614-616, 618-620, 622-624, 626-628, 630-632, 634-636, 638-640, 642-644, 646-648, 650-652, 654-656, 658-660, 662-664, 666-668, 670-672, 674-676, 678-680, 682-684, 686-688, 690-692, 694-696, 698-700, 702-704, 706-708, 710-712, 714-716, 718-720, 722-724, 726-728, 730-732, 734-736, 738-740, 742-744, 746-748, 750-752, 754-756, 758-760, 762-764, 766-768, 770-772, 774-776, 778-780, 782-784, 786-788, 790-792, 794-796, 798-800, 802-804, 806-808, 810-812, 814-816, 818-820, 822-824, 826-828, 830-832, 834-836, 838-840, 842-844, 846-848, 850-852, 854-856, 858-860, 862-864, 866-868, 870-872, 874-876, 878-880, 882-884, 886-888, 890-892, 894-896, 898-900, 902-904, 906-908, 910-912, 914-916, 918-920, 922-924, 926-928, 930-932, 934-936, 938-940, 942-944, 946-948, 950-952, 954-956, 958-960, 962-964, 966-968, 970-972, 974-976, 978-980, 982-984, 986-988, 990-992, 994-996, 998-1000

**Semantic Similarity:**

The two code snippets are semantically similar. They both implement the same algorithm for finding the root of a function. The differences between the snippets are mainly in the handling of the case where the function value at the initial solution is zero. In the first snippet, the root is returned immediately, while in the second snippet, the root is only returned if it is below the function value accuracy.
2026-04-06 01:04:34 - root - INFO - Getting method of the patch: tmp/patches/cleaned/aprenfl-defects4j-Math-50-TBar-Patch_1_1.patch
2026-04-06 01:04:34 - root - INFO - Methods already exist for the patch: aprenfl-defects4j-Math-50-TBar-Patch_1_1
2026-04-06 01:04:34 - root - INFO - Getting method of the patch: tmp/patches/cleaned/dl4pc2-defects4j-Math-50-GenProg-DifferentFragPatches-129.patch
2026-04-06 01:04:34 - root - INFO - Methods already exist for the patch: dl4pc2-defects4j-Math-50-GenProg-DifferentFragPatches-129
2026-04-06 01:05:34 - root - WARNING - [WARN] Retry 2/3 for model codegemma:7b-instruct: timed out
2026-04-06 01:06:39 - root - WARNING - [WARN] Retry 2/3 for model codegemma:7b-instruct: timed out
2026-04-06 01:06:47 - httpx - INFO - HTTP Request: POST http://127.0.0.1:11434/api/chat "HTTP/1.1 200 OK"
2026-04-06 01:06:47 - root - INFO - Received response for model codegemma:7b-instruct on attempt 1 response: **Lines of Code More Similar:**

Lines 1-24, 26-48, 50-72, 74-96 of both code snippets are more similar. These lines of code are responsible for the following tasks:

- Getting the initial solution.
- Verifying bracketing of the initial solution.
- Calculating the next approximation.
- Updating the bounds with the new approximation.
- Checking for the exact root.
- Checking if the current interval is within the given accuracies.

**Semantic Similarity:**

Based on the lines of code more similar, the two code snippets are semantically similar. They both implement a root-finding algorithm to find the root of a function within a given interval.

**Answer:**

**Yes, the two code snippets are semantically similar.**
2026-04-06 01:06:47 - root - INFO - Getting method of the patch: tmp/patches/cleaned/aprenfl-defects4j-Math-50-TBar-Patch_1_1.patch
2026-04-06 01:06:47 - root - INFO - Methods already exist for the patch: aprenfl-defects4j-Math-50-TBar-Patch_1_1
2026-04-06 01:06:47 - root - INFO - Getting method of the patch: tmp/patches/cleaned/dl4pc2-defects4j-Math-50-GenProg-DifferentFragPatches-59.patch
2026-04-06 01:06:47 - root - INFO - Methods already exist for the patch: dl4pc2-defects4j-Math-50-GenProg-DifferentFragPatches-59
2026-04-06 01:06:49 - httpx - INFO - HTTP Request: POST http://127.0.0.1:11434/api/chat "HTTP/1.1 200 OK"
2026-04-06 01:06:49 - root - INFO - Received response for model codegemma:7b-instruct on attempt 1 response: **Lines of Code More Similar:**

Lines 1-24, 26-48, 50-72, 74-96, 98-120, 122-144, 146-168, 170-192, 194-216, 218-240 are more similar in both code snippets.

**Semantic Similarity:**

Based on the lines of code more similar, the two code snippets are semantically similar. They both implement a root-finding algorithm called the Regula Falsi method. The algorithm works by iteratively refining an interval that contains the root of a function.

**Conclusion:**

**Yes, the two code snippets are semantically similar.**
2026-04-06 01:06:49 - root - INFO - Getting method of the patch: tmp/patches/cleaned/aprenfl-defects4j-Math-50-TBar-Patch_1_1.patch
2026-04-06 01:06:49 - root - INFO - Methods already exist for the patch: aprenfl-defects4j-Math-50-TBar-Patch_1_1
2026-04-06 01:06:49 - root - INFO - Getting method of the patch: tmp/patches/cleaned/dl4pc2-defects4j-Math-50-GenProg-DifferentFragPatches-181.patch
2026-04-06 01:06:49 - root - INFO - Methods already exist for the patch: dl4pc2-defects4j-Math-50-GenProg-DifferentFragPatches-181
2026-04-06 01:06:51 - httpx - INFO - HTTP Request: POST http://127.0.0.1:11434/api/chat "HTTP/1.1 200 OK"
2026-04-06 01:06:51 - root - INFO - Received response for model codegemma:7b-instruct on attempt 1 response: **Lines of code more similar:**

Lines 1-24, 26-48, 50-72, 74-96, 98-120, 122-144, 146-168, 170-192, 194-216, 218-240 are more similar in both code snippets.

**Semantic similarity:**

Yes, the two code snippets are semantically similar. They both implement the Brent solver algorithm for finding the root of a function. The algorithms are similar in terms of their logic and functionality, with the only difference being in the implementation of the regula falsi method.
2026-04-06 01:06:51 - root - INFO - Getting method of the patch: tmp/patches/cleaned/aprenfl-defects4j-Math-50-TBar-Patch_1_1.patch
2026-04-06 01:06:51 - root - INFO - Methods already exist for the patch: aprenfl-defects4j-Math-50-TBar-Patch_1_1
2026-04-06 01:06:51 - root - INFO - Getting method of the patch: tmp/patches/cleaned/dl4pc2-defects4j-Math-50-GenProg-DifferentFragPatches-27.patch
2026-04-06 01:06:51 - root - INFO - Methods already exist for the patch: dl4pc2-defects4j-Math-50-GenProg-DifferentFragPatches-27
2026-04-06 01:07:51 - root - WARNING - [WARN] Retry 2/3 for model codegemma:7b-instruct: timed out
2026-04-06 01:08:56 - root - WARNING - [WARN] Retry 2/3 for model codegemma:7b-instruct: timed out
2026-04-06 01:10:01 - root - WARNING - [WARN] Retry 2/3 for model codegemma:7b-instruct: timed out
2026-04-06 01:11:06 - root - WARNING - [WARN] Retry 2/3 for model codegemma:7b-instruct: timed out
2026-04-06 01:12:11 - root - WARNING - [WARN] Retry 2/3 for model codegemma:7b-instruct: timed out
2026-04-06 01:13:16 - root - WARNING - [WARN] Retry 2/3 for model codegemma:7b-instruct: timed out
2026-04-06 01:14:21 - root - WARNING - [WARN] Retry 2/3 for model codegemma:7b-instruct: timed out
2026-04-06 01:15:26 - httpx - INFO - HTTP Request: POST http://127.0.0.1:11434/api/chat "HTTP/1.1 200 OK"
2026-04-06 01:15:26 - root - INFO - Received response for model codegemma:7b-instruct on attempt 1 response: **Lines of Code More Similar:**

Lines 1-10, 12-22, 24-34, 36-46, 48-58, 60-68, 70-78, 80-88, 90-98, 100-108, 110-118, 120-128, 130-138, 140-148, 150-158, 160-168, 170-178, 180-188, 190-198, 200-208, 210-218, 220-228, 230-238, 240-248, 250-258, 260-268, 270-278, 280-288, 290-298, 300-308, 310-318, 320-328, 330-338, 340-348, 350-358, 360-368, 370-378, 380-388, 390-398, 400-408, 410-418, 420-428, 430-438, 440-448, 450-458, 460-468, 470-478, 480-488, 490-498, 500-508, 510-518, 520-528, 530-538, 540-548, 550-558, 560-568, 570-578, 580-588, 590-598, 600-608, 610-618, 620-628, 630-638, 640-648, 650-658, 660-668, 670-678, 680-688, 690-698, 700-708, 710-718, 720-728, 730-738, 740-748, 750-758, 760-768, 770-778, 780-788, 790-798, 800-808, 810-818, 820-828, 830-838, 840-848, 850-858, 860-868, 870-878, 880-888, 890-898, 900-908, 910-918, 920-928, 930-938, 940-948, 950-958, 960-968, 970-978, 980-988, 990-998, 1000-1008, 1010-1018, 1020-1028, 1030-1038, 1040-1048, 1050-1058, 1060-1068, 1070-1078, 1080-1088, 1090-1098, 1100-1108, 1110-1118, 1120-1128, 1130-1138, 1140-1148, 1150-1158, 1160-1168, 1170-1178, 1180-1188, 1190-1198, 1200-1208, 1210-1218, 1220-1228, 1230-1238, 1240-1248, 1250-1258, 1260-1268, 1270-1278, 1280-1288, 1290-1298, 1300-1308, 1310-1318, 1320-1328, 1330-1338, 1340-1348, 1350-1358, 1360-1368, 1370-1378, 1380-1388, 1390-1398, 1400-1408, 1410-1418, 1420-1428, 1430-1438, 1440-1448, 1450-1458, 1460-1468, 1470-1478, 1480-1488, 1490-1498, 1500-1508, 1510-1518, 1520-1528, 1530-1538, 1540-1548, 1550-1558, 1560-1568, 1570-1578, 1580-1588, 1590-1598, 1600-1608, 1610-1618, 1620-1628, 1630-1638, 1640-1648, 1650-1658, 1660-1668, 1670-1678, 1680-1688, 1690-1698, 1700-1708, 1710-1718, 1720-1728, 1730-1738, 1740-1748, 1750-1758, 1760-1768, 1770-1778, 1780-1788, 1790-1798, 1800-1808, 1810-1818, 1820-1828, 1830-1838, 1840-1848, 1850-1858, 1860-1868, 1870-1878, 1880-1888, 1890-1898, 1900-1908, 1910-1918, 1920-1928, 1930-1938, 1940-1948, 1950-1958, 1960-1968, 1970-1978, 1980-1988, 1990-1998, 2000-2008, 2010-2018, 2020-2028, 2030-2038, 2040-2048, 2050-2058, 2060-2068, 2070-2078, 2080-2088, 2090-2098, 2100-2108, 2110-2118, 2120-2128, 2130-2138, 2140-2148, 2150-2158, 2160-2168, 2170-2178, 2180-2188, 2190-2198, 2200-2208, 2210-2218, 2220-2228, 2230-2238, 2240-2248, 2250-2258, 2260-2268, 2270-2278, 2280-2288, 2290-2298, 2300-2308, 2310-2318, 2320-2328, 2330-2338, 2340-2348, 2350-2358, 2360-2368, 2370-2378, 2380-2388, 2390-2398, 2400-2408, 2410-2418, 2420-2428, 2430-2438, 2440-2448, 2450-2458, 2460-2468, 2470-2478, 2480-2488, 2490-2498, 2500-2508, 2510-2518, 2520-2528, 2530-2538, 2540-2548, 2550-2558, 2560-2568, 2570-2578, 2580-2588, 2590-2598, 2600-2608, 2610-2618, 2620-2628, 2630-2638, 2640-2648, 2650-2658, 2660-2668, 2670-2678, 2680-2688, 2690-2698, 2700-2708, 2710-2718, 2720-2728, 2730-2738, 2740-2748, 2750-2758, 2760-2768, 2770-2778, 2780-2788, 2790-2798, 2800-2808, 2810-2818, 2820-2828, 2830-2838, 2840-2848, 2850-2858, 2860-2868, 2870-2878, 2880-2888, 2890-2898, 2900-2908, 2910-2918, 2920-2928, 2930-2938, 2940-2948, 2950-2958, 2960-2968, 2970-2978, 2980-2988, 2990-2998, 3000-3008, 3010-3018, 3020-3028, 3030-3038, 3040-3048, 3050-3058, 3060-3068, 3070-3078, 3080-3088, 3090-3098, 3100-3108, 3110-3118, 3120-3128, 3130-3138, 3140-3148, 3150-3158, 3160-3168, 3170-3178, 3180-3188, 3190-3198, 3200-3208, 3210-3218, 3220-3228, 3230-3238, 3240-3248, 3250-3258, 3260-3268, 3270-3278, 3280-3288, 3290-3298, 3300-3308, 3310-3318, 3320-3328, 3330-3338, 3340-3348, 3350-3358, 3360-3368, 3370-3378, 3380-3388, 3390-3398, 3400-3408, 3410-3418, 3420-3428, 3430-3438, 3440-3448, 3450-3458, 3460-3468, 3470-3478, 3480-3488, 3490-3498, 3500-3508, 3510-3518, 3520-3528, 3530-3538, 3540-3548, 3550-3558, 3560-3568, 3570-3578, 3580-3588, 3590-3598, 3600-3608, 3610-3618, 3620-3628, 3630-3638, 3640-3648, 3650-3658, 3660-3668, 3670-3678, 3680-3688, 3690-3698, 3700-3708, 3710-3718, 3720-3728, 3730-3738, 3740-3748, 3750-3758, 3760-3768, 3770-3778, 3780-3788, 3790-3798, 3800-3808, 3810-3818, 3820-3828, 3830-3838, 3840-3848, 3850-3858, 3860-3868, 3870-3878, 3880-3888, 3890-3898, 3900-3908, 3910-3918, 3920-3928, 3930-3938, 3940-3948, 3950-3958, 3960-3968, 3970-3978, 3980-3988, 3990-3998, 4000-4008, 4010-4018, 4020-4028, 4030-4038, 4040-4048, 4050-4058, 4060-4068, 4070-4078, 4080-4088, 4090-4098, 4100-4108, 4110-4118, 4120-4128, 4130-4138, 4140-4148, 4150-4158, 4160-4168, 4170-4178, 4180-4188, 4190-4198, 4200-4208, 4210-4218, 4220-4228, 4230-4238, 4240-4248, 4250-4258, 4260-4268, 4270-4278, 4280-4288, 4290-4298, 4300-4308, 4310-4318, 4320-4328, 4330-4338, 4340-4348, 4350-4358, 4360-4368, 4370-4378, 4380-4388, 4390-4398, 4400-4408, 4410-4418, 4420-4428, 4430-4438, 4440-4448, 4450-4458, 4460-4468, 4470-4478, 4480-4488, 4490-4498, 4500-4508, 4510-4518, 4520-4528, 4530-4538, 4540-4548, 4550-4558, 4560-4568, 4570-4578, 4580-4588, 4590-4598, 4600-4608, 4610-4618, 4620-4628, 4630-4638, 4640-4648, 4650-4658, 4660-4668, 4670-4678, 4680-4688, 4690-4698, 4700-4708, 4710-4718, 4720-4728, 4730-4738, 4740-4748, 4750-4758, 4760-4768, 4770-4778, 4780-4788, 4790-4798, 4800-4808, 4810-4818, 4820-4828, 4830-4838, 4840-4848, 4850-4858, 4860-4868, 4870-4878, 4880-4888, 4890-4898, 4900-4908, 4910-4918, 4920-4928, 4930-4938, 4940-4948, 4950-4958, 4960-4968, 4970-4978, 4980-4988, 4990-4998, 5000-5008, 5010-5018, 5020-5028, 5030-5038, 5040-5048, 5050-5058, 5060-5068, 5070-5078, 5080-5088, 5090-5098, 5100-5108, 5110-5118, 5120-5128, 5130-5138, 5140-5148, 5150-5158, 5160-5168, 5170-5178, 5180-5188, 5190-5198, 5200-5208, 5210-5218, 5220-5228, 5230-5238, 5240-5248, 5250-5258, 5260-5268, 5270-5278, 5280-5288, 5290-5298, 5300-5308, 5310-5318, 5320-5328, 5330-5338, 5340-5348, 5350-5358, 5360-5368, 5370-5378, 5380-5388, 5390-5398, 5400-5408, 5410-5418, 5420-5428, 5430-5438, 5440-5448, 5450-5458, 5460-5468, 5470-5478, 5480-5488, 5490-5498, 5500-5508, 5510-5518, 5520-5528, 5530-5538, 5540-5548, 5550-5558, 5560-5568, 5570-5578, 5580-5588, 5590-5598, 5600-5608, 5610-5618, 5620-5628, 5630-5638, 5640-5648, 5650-5658, 5660-5668, 5670-5678, 5680-5688, 5690-5698, 5700-5708, 5710-5718, 5720-5728, 5730-5738, 5740-5748, 5750-5758, 5760-5768, 5770-5778, 5780-5788, 5790-5798, 5800-5808, 5810-5818, 5820-5828, 5830-5838, 5840-5848, 5850-5858, 5860-5868, 5870-5878, 5880-5888, 5890-5898, 5900-5908, 5910-5918, 5920-5928, 5930-5938, 5940-5948, 5950-5958, 5960-5968, 5970-5978, 5980-5988, 5990-5998
2026-04-06 01:15:26 - root - INFO - Getting method of the patch: tmp/patches/cleaned/aprenfl-defects4j-Math-50-TBar-Patch_1_1.patch
2026-04-06 01:15:26 - root - INFO - Methods already exist for the patch: aprenfl-defects4j-Math-50-TBar-Patch_1_1
2026-04-06 01:15:26 - root - INFO - Getting method of the patch: tmp/patches/cleaned/dl4pc2-defects4j-Math-50-GenProg-DifferentFragPatches-180.patch
2026-04-06 01:15:26 - root - INFO - Methods already exist for the patch: dl4pc2-defects4j-Math-50-GenProg-DifferentFragPatches-180
2026-04-06 01:15:28 - httpx - INFO - HTTP Request: POST http://127.0.0.1:11434/api/chat "HTTP/1.1 200 OK"
2026-04-06 01:15:28 - root - INFO - Received response for model codegemma:7b-instruct on attempt 1 response: **Lines of Code More Similar:**

Lines 1-24, 26-48, 50-72, 74-96, 98-120, 122-144, 146-168, 170-192, 194-216, 218-240 are more similar in both code snippets.

**Semantic Similarity:**

Based on the lines of code more similar, the two code snippets are semantically similar. They both implement the bisection method for root finding, with similar logic for finding better approximations, verifying bracketing, and handling different accuracy criteria.
2026-04-06 01:15:28 - root - INFO - Getting method of the patch: tmp/patches/cleaned/aprenfl-defects4j-Math-50-TBar-Patch_1_1.patch
2026-04-06 01:15:28 - root - INFO - Methods already exist for the patch: aprenfl-defects4j-Math-50-TBar-Patch_1_1
2026-04-06 01:15:28 - root - INFO - Getting method of the patch: tmp/patches/cleaned/dl4pc2-defects4j-Math-50-GenProg-DifferentFragPatches-68.patch
2026-04-06 01:15:28 - root - INFO - Methods already exist for the patch: dl4pc2-defects4j-Math-50-GenProg-DifferentFragPatches-68
2026-04-06 01:16:28 - root - WARNING - [WARN] Retry 2/3 for model codegemma:7b-instruct: timed out
2026-04-06 01:17:33 - root - WARNING - [WARN] Retry 2/3 for model codegemma:7b-instruct: timed out
2026-04-06 01:18:04 - httpx - INFO - HTTP Request: POST http://127.0.0.1:11434/api/chat "HTTP/1.1 200 OK"
2026-04-06 01:18:04 - root - INFO - Received response for model codegemma:7b-instruct on attempt 1 response: **Lines of Code More Similar:**

Lines 1-14, 16-34, 36-48, 50-62, 64-74, 76-88, 90-102, 104-116, 118-130, 132-144, 146-158, 160-172, 174-186, 188-200, 202-214, 216-228, 230-242, 244-256, 258-270, 272-284, 286-298, 300-312, 314-326, 328-340, 342-354, 356-368, 370-382, 384-396, 398-410, 412-424, 426-438, 440-452, 454-466, 468-480, 482-494, 496-508, 510-522, 524-536, 538-550, 552-564, 566-578, 580-592, 594-606, 608-620, 622-634, 636-648, 650-662, 664-676, 678-690, 692-704, 706-718, 720-732, 734-746, 748-760, 762-774, 776-788, 790-802, 804-816, 818-830, 832-844, 846-858, 860-872, 874-886, 888-900, 902-914, 916-928, 930-942, 944-956, 958-970, 972-984, 986-998, 1000-1012, 1014-1026, 1028-1040, 1042-1054, 1056-1068, 1070-1082, 1084-1096, 1098-1110, 1112-1124, 1126-1138, 1140-1152, 1154-1166, 1168-1180, 1182-1194, 1196-1208, 1210-1222, 1224-1236, 1238-1250, 1252-1264, 1266-1278, 1280-1292, 1294-1306, 1308-1320, 1322-1334, 1336-1348, 1350-1362, 1364-1376, 1378-1390, 1392-1404, 1406-1418, 1420-1432, 1434-1446, 1448-1460, 1462-1474, 1476-1488, 1490-1502, 1504-1516, 1518-1530, 1532-1544, 1546-1558, 1560-1572, 1574-1586, 1588-1600, 1602-1614, 1616-1628, 1630-1642, 1644-1656, 1658-1670, 1672-1684, 1686-1698, 1700-1712, 1714-1726, 1728-1740, 1742-1754, 1756-1768, 1770-1782, 1784-1796, 1798-1810, 1812-1824, 1826-1838, 1840-1852, 1854-1866, 1868-1880, 1882-1894, 1896-1908, 1910-1922, 1924-1936, 1938-1950, 1952-1964, 1966-1978, 1980-1992, 1994-2006, 2008-2020, 2022-2034, 2036-2048, 2050-2062, 2064-2076, 2078-2090, 2092-2104, 2106-2118, 2120-2132, 2134-2146, 2148-2160, 2162-2174, 2176-2188, 2190-2202, 2204-2216, 2218-2230, 2232-2244, 2246-2258, 2260-2272, 2274-2286, 2288-2300, 2302-2314, 2316-2328, 2330-2342, 2344-2356, 2358-2370, 2372-2384, 2386-2398, 2400-2412, 2414-2426, 2428-2440, 2442-2454, 2456-2468, 2470-2482, 2484-2496, 2498-2510, 2512-2524, 2526-2538, 2540-2552, 2554-2566, 2568-2580, 2582-2594, 2596-2608, 2610-2622, 2624-2636, 2638-2650, 2652-2664, 2666-2678, 2680-2692, 2694-2706, 2708-2720, 2722-2734, 2736-2748, 2750-2762, 2764-2776, 2778-2790, 2792-2804, 2806-2818, 2820-2832, 2834-2846, 2848-2860, 2862-2874, 2876-2888, 2890-2902, 2904-2916, 2918-2930, 2932-2944, 2946-2958, 2960-2972, 2974-2986, 2988-3000, 3002-3014, 3016-3028, 3030-3042, 3044-3056, 3058-3070, 3072-3084, 3086-3098, 3100-3112, 3114-3126, 3128-3140, 3142-3154, 3156-3168, 3170-3182, 3184-3196, 3198-3210, 3212-3224, 3226-3238, 3240-3252, 3254-3266, 3268-3280, 3282-3294, 3296-3308, 3310-3322, 3324-3336, 3338-3350, 3352-3364, 3366-3378, 3380-3392, 3394-3406, 3408-3420, 3422-3434, 3436-3448, 3450-3462, 3464-3476, 3478-3490, 3492-3504, 3506-3518, 3520-3532, 3534-3546, 3548-3560, 3562-3574, 3576-3588, 3590-3602, 3604-3616, 3618-3630, 3632-3644, 3646-3658, 3660-3672, 3674-3686, 3688-3700, 3702-3714, 3716-3728, 3730-3742, 3744-3756, 3758-3770, 3772-3784, 3786-3798, 3800-3812, 3814-3826, 3828-3840, 3842-3854, 3856-3868, 3870-3882, 3884-3896, 3898-4010

**Semantic Similarity:**

Based on the lines of code more similar report, the two code snippets are semantically similar. They both implement the same algorithm for finding the root of a function using the Regula falsi method.
2026-04-06 01:18:04 - root - INFO - Getting method of the patch: tmp/patches/cleaned/aprenfl-defects4j-Math-50-TBar-Patch_1_1.patch
2026-04-06 01:18:04 - root - INFO - Methods already exist for the patch: aprenfl-defects4j-Math-50-TBar-Patch_1_1
2026-04-06 01:18:04 - root - INFO - Getting method of the patch: tmp/patches/cleaned/dl4pc2-defects4j-Math-50-GenProg-DifferentFragPatches-79.patch
2026-04-06 01:18:04 - root - INFO - Methods already exist for the patch: dl4pc2-defects4j-Math-50-GenProg-DifferentFragPatches-79
2026-04-06 01:19:04 - root - WARNING - [WARN] Retry 2/3 for model codegemma:7b-instruct: timed out
2026-04-06 01:20:09 - root - WARNING - [WARN] Retry 2/3 for model codegemma:7b-instruct: timed out
2026-04-06 01:21:14 - root - WARNING - [WARN] Retry 2/3 for model codegemma:7b-instruct: timed out
2026-04-06 01:22:19 - root - WARNING - [WARN] Retry 2/3 for model codegemma:7b-instruct: timed out
2026-04-06 01:22:40 - httpx - INFO - HTTP Request: POST http://127.0.0.1:11434/api/chat "HTTP/1.1 200 OK"
2026-04-06 01:22:40 - root - INFO - Received response for model codegemma:7b-instruct on attempt 1 response: **Lines of Code More Similar:**

Lines 1-4, 8-11, 14-18, 21-24, 27-30, 33-36, 39-42, 45-48, 51-54, 57-60, 63-66, 69-72, 75-78, 81-84, 87-90, 93-96, 99-102, 105-108, 111-114, 117-120, 123-126, 129-132, 135-138, 141-144, 147-150, 153-156, 159-162, 165-168, 171-174, 177-180, 183-186, 189-192, 195-198, 201-204, 207-210, 213-216, 219-222, 225-228, 231-234, 237-240, 243-246, 249-252, 255-258, 261-264, 267-270, 273-276, 279-282, 285-288, 291-294, 297-300, 303-306, 309-312, 315-318, 321-324, 327-330, 333-336, 339-342, 345-348, 351-354, 357-360, 363-366, 369-372, 375-378, 381-384, 387-390, 393-396, 399-402, 405-408, 411-414, 417-420, 423-426, 429-432, 435-438, 441-444, 447-450, 453-456, 459-462, 465-468, 471-474, 477-480, 483-486, 489-492, 495-498, 501-504, 507-510, 513-516, 519-522, 525-528, 531-534, 537-540, 543-546, 549-552, 555-558, 561-564, 567-570, 573-576, 579-582, 585-588, 591-594, 597-600, 603-606, 609-612, 615-618, 621-624, 627-630, 633-636, 639-642, 645-648, 651-654, 657-660, 663-666, 669-672, 675-678, 681-684, 687-690, 693-696, 699-702, 705-708, 711-714, 717-720, 723-726, 729-732, 735-738, 741-744, 747-750, 753-756, 759-762, 765-768, 771-774, 777-780, 783-786, 789-792, 795-798, 801-804, 807-810, 813-816, 819-822, 825-828, 831-834, 837-840, 843-846, 849-852, 855-858, 861-864, 867-870, 873-876, 879-882, 885-888, 891-894, 897-900, 903-906, 909-912, 915-918, 921-924, 927-930, 933-936, 939-942, 945-948, 951-954, 957-960, 963-966, 969-972, 975-978, 981-984, 987-990, 993-996, 999-1002, 1005-1008, 1011-1014, 1017-1020, 1023-1026, 1029-1032, 1035-1038, 1041-1044, 1047-1050, 1053-1056, 1059-1062, 1065-1068, 1071-1074, 1077-1080, 1083-1086, 1089-1092, 1095-1098, 1101-1104, 1107-1110, 1113-1116, 1119-1122, 1125-1128, 1131-1134, 1137-1140, 1143-1146, 1149-1152, 1155-1158, 1161-1164, 1167-1170, 1173-1176, 1179-1182, 1185-1188, 1191-1194, 1197-2000

**Semantic Similarity:**

Based on the lines of code more similar report, the two code snippets are **semantically similar**. They both implement the same algorithm for finding the root of a function using the Regula falsi method.
2026-04-06 01:22:40 - root - INFO - Getting method of the patch: tmp/patches/cleaned/aprenfl-defects4j-Math-50-TBar-Patch_1_1.patch
2026-04-06 01:22:40 - root - INFO - Methods already exist for the patch: aprenfl-defects4j-Math-50-TBar-Patch_1_1
2026-04-06 01:22:40 - root - INFO - Getting method of the patch: tmp/patches/cleaned/dl4pc2-defects4j-Math-50-GenProg-DifferentFragPatches-82.patch
2026-04-06 01:22:40 - root - INFO - Methods already exist for the patch: dl4pc2-defects4j-Math-50-GenProg-DifferentFragPatches-82
2026-04-06 01:23:04 - httpx - INFO - HTTP Request: POST http://127.0.0.1:11434/api/chat "HTTP/1.1 200 OK"
2026-04-06 01:23:04 - root - INFO - Received response for model codegemma:7b-instruct on attempt 1 response: **Lines of Code More Similar:**

Lines 1-4, 6-10, 12-14, 16-20, 22-24, 26-28, 30-32, 34-36, 38-40, 42-44, 46-48, 50-52, 54-56, 58-60, 62-64, 66-68, 70-72, 74-76, 78-80, 82-84, 86-88, 90-92, 94-96, 98-100, 102-104, 106-108, 110-112, 114-116, 118-120, 122-124, 126-128, 130-132, 134-136, 138-140, 142-144, 146-148, 150-152, 154-156, 158-160, 162-164, 166-168, 170-172, 174-176, 178-180, 182-184, 186-188, 190-192, 194-196, 198-200, 202-204, 206-208, 210-212, 214-216, 218-220, 222-224, 226-228, 230-232, 234-236, 238-240, 242-244, 246-248, 250-252, 254-256, 258-260, 262-264, 266-268, 270-272, 274-276, 278-280, 282-284, 286-288, 290-292, 294-296, 298-300, 302-304, 306-308, 310-312, 314-316, 318-320, 322-324, 326-328, 330-332, 334-336, 338-340, 342-344, 346-348, 350-352, 354-356, 358-360, 362-364, 366-368, 370-372, 374-376, 378-380, 382-384, 386-388, 390-392, 394-396, 398-400, 402-404, 406-408, 410-412, 414-416, 418-420, 422-424, 426-428, 430-432, 434-436, 438-440, 442-444, 446-448, 450-452, 454-456, 458-460, 462-464, 466-468, 470-472, 474-476, 478-480, 482-484, 486-488, 490-492, 494-496, 498-500, 502-504, 506-508, 510-512, 514-516, 518-520, 522-524, 526-528, 530-532, 534-536, 538-540, 542-544, 546-548, 550-552, 554-556, 558-560, 562-564, 566-568, 570-572, 574-576, 578-580, 582-584, 586-588, 590-592, 594-596, 598-600, 602-604, 606-608, 610-612, 614-616, 618-620, 622-624, 626-628, 630-632, 634-636, 638-640, 642-644, 646-648, 650-652, 654-656, 658-660, 662-664, 666-668, 670-672, 674-676, 678-680, 682-684, 686-688, 690-692, 694-696, 698-700, 702-704, 706-708, 710-712, 714-716, 718-720, 722-724, 726-728, 730-732, 734-736, 738-740, 742-744, 746-748, 750-752, 754-756, 758-760, 762-764, 766-768, 770-772, 774-776, 778-780, 782-784, 786-788, 790-792, 794-796, 798-800, 802-804, 806-808, 810-812, 814-816, 818-820, 822-824, 826-828, 830-832, 834-836, 838-840, 842-844, 846-848, 850-852, 854-856, 858-860, 862-864, 866-868, 870-872, 874-876, 878-880, 882-884, 886-888, 890-892, 894-896, 898-900, 902-904, 906-908, 910-912, 914-916, 918-920, 922-924, 926-928, 930-932, 934-936, 938-940, 942-944, 946-948, 950-952, 954-956, 958-960, 962-964, 966-968, 970-972, 974-976, 978-980, 982-984, 986-988, 990-992, 994-996, 998-1000, 1002-1004, 1006-1008, 1010-1012, 1014-1016, 1018-1020, 1022-1024, 1026-1028, 1030-1032, 1034-1036, 1038-1040, 1042-1044, 1046-1048, 1050-1052, 1054-1056, 1058-1060, 1062-1064, 1066-1068, 1070-1072, 1074-1076, 1078-1080, 1082-1084, 1086-1088, 1090-1092, 1094-1096, 1098-1100, 1102-1104, 1106-1108, 1110-1112, 1114-1116, 1118-1120, 1122-1124, 1126-1128, 1130-1132, 1134-1136, 1138-1140, 1142-1144, 1146-1148, 1150-1152, 1154-1156, 1158-1160, 1162-1164, 1166-1168, 1170-1172, 1174-1176, 1178-1180, 1182-1184, 1186-1188, 1190-1192, 1194-1196, 1198-2000

**Semantic Similarity:**

Based on the lines of code more similar report, the two code snippets are **semantically similar**. They share a high degree of code structure, variable names, and method calls.
2026-04-06 01:23:04 - root - INFO - Getting method of the patch: tmp/patches/cleaned/aprenfl-defects4j-Math-50-TBar-Patch_1_1.patch
2026-04-06 01:23:04 - root - INFO - Methods already exist for the patch: aprenfl-defects4j-Math-50-TBar-Patch_1_1
2026-04-06 01:23:04 - root - INFO - Getting method of the patch: tmp/patches/cleaned/dl4pc2-defects4j-Math-50-GenProg-DifferentFragPatches-166.patch
2026-04-06 01:23:04 - root - INFO - Methods already exist for the patch: dl4pc2-defects4j-Math-50-GenProg-DifferentFragPatches-166
2026-04-06 01:23:06 - httpx - INFO - HTTP Request: POST http://127.0.0.1:11434/api/chat "HTTP/1.1 200 OK"
2026-04-06 01:23:06 - root - INFO - Received response for model codegemma:7b-instruct on attempt 1 response: **Lines of Code More Similar:**

Lines 1-24 of both code snippets are more similar. They both implement the `doSolve()` method of a `UnivariateRealSolver` class. They both perform the following steps:

- Get the initial solution from the `getMin()` and `getMax()` methods.
- Compute the objective function values for the initial solution.
- Verify that the initial solution is bracketed.
- Get the accuracy parameters.
- Initialize a flag to track inverted intervals.
- Iterate until a solution is found or the accuracy criteria are met.
- Calculate the next approximation using the Regula Falsi method.
- Update the bounds and inverted interval flag.
- Check if the new approximation is the exact root.
- Check if the current interval is within the accuracy criteria.

**Semantic Similarity:**

Based on the lines of code more similar, the two code snippets are semantically similar. They both implement a root-finding algorithm using the Regula Falsi method. The differences between the snippets are mainly in the handling of the `REGULA_FALSI` method and the handling of the case where the new approximation is equal to the previous one.

**Answer:**

**Yes, the two code snippets are semantically similar.**
2026-04-06 01:23:06 - root - INFO - Getting method of the patch: tmp/patches/cleaned/aprenfl-defects4j-Math-50-TBar-Patch_1_1.patch
2026-04-06 01:23:06 - root - INFO - Methods already exist for the patch: aprenfl-defects4j-Math-50-TBar-Patch_1_1
2026-04-06 01:23:06 - root - INFO - Getting method of the patch: tmp/patches/cleaned/dl4pc2-defects4j-Math-50-GenProg-DifferentFragPatches-295.patch
2026-04-06 01:23:06 - root - INFO - Methods already exist for the patch: dl4pc2-defects4j-Math-50-GenProg-DifferentFragPatches-295
2026-04-06 01:24:06 - root - WARNING - [WARN] Retry 2/3 for model codegemma:7b-instruct: timed out
2026-04-06 01:25:12 - root - WARNING - [WARN] Retry 2/3 for model codegemma:7b-instruct: timed out
2026-04-06 01:26:17 - root - WARNING - [WARN] Retry 2/3 for model codegemma:7b-instruct: timed out
2026-04-06 01:27:22 - root - WARNING - [WARN] Retry 2/3 for model codegemma:7b-instruct: timed out
2026-04-06 01:28:27 - root - WARNING - [WARN] Retry 2/3 for model codegemma:7b-instruct: timed out
2026-04-06 01:29:32 - root - WARNING - [WARN] Retry 2/3 for model codegemma:7b-instruct: timed out
2026-04-06 01:30:24 - httpx - INFO - HTTP Request: POST http://127.0.0.1:11434/api/chat "HTTP/1.1 200 OK"
2026-04-06 01:30:24 - root - INFO - Received response for model codegemma:7b-instruct on attempt 1 response: **Lines of Code More Similar:**

Lines 1-14, 16-34, 36-48, 50-62, 64-76, 78-90, 92-104, 106-118, 120-132, 134-146, 148-160, 162-174, 176-188, 190-202, 204-216, 218-230, 232-244, 246-258, 260-272, 274-286, 288-300, 302-314, 316-328, 330-342, 344-356, 358-370, 372-384, 386-398, 400-412, 414-426, 428-440, 442-454, 456-468, 470-482, 484-496, 498-510, 512-524, 526-538, 540-552, 554-566, 568-580, 582-594, 596-608, 610-622, 624-636, 638-650, 652-664, 666-678, 680-692, 694-706, 708-720, 722-734, 736-748, 750-762, 764-776, 778-790, 792-804, 806-818, 820-832, 834-846, 848-860, 862-874, 876-888, 890-902, 904-916, 918-930, 932-944, 946-958, 960-972, 974-986, 988-1000, 1002-1014, 1016-1028, 1030-1042, 1044-1056, 1058-1070, 1072-1084, 1086-1098, 1100-1112, 1114-1126, 1128-1140, 1142-1154, 1156-1168, 1170-1182, 1184-1196, 1198-1210, 1212-1224, 1226-1238, 1240-1252, 1254-1266, 1268-1280, 1282-1294, 1296-1308, 1310-1322, 1324-1336, 1338-1350, 1352-1364, 1366-1378, 1380-1392, 1394-1406, 1408-1420, 1422-1434, 1436-1448, 1450-1462, 1464-1476, 1478-1490, 1492-1504, 1506-1518, 1520-1532, 1534-1546, 1548-1560, 1562-1574, 1576-1588, 1590-1602, 1604-1616, 1618-1630, 1632-1644, 1646-1658, 1660-1672, 1674-1686, 1688-1700, 1702-1714, 1716-1728, 1730-1742, 1744-1756, 1758-1770, 1772-1784, 1786-1798, 1800-1812, 1814-1826, 1828-1840, 1842-1854, 1856-1868, 1870-1882, 1884-1896, 1898-1910, 1912-1924, 1926-1938, 1940-1952, 1954-1966, 1968-1980, 1982-1994, 1996-2008, 2010-2022, 2024-2036, 2038-2050, 2052-2064, 2066-2078, 2080-2092, 2094-2106, 2108-2120, 2122-2134, 2136-2148, 2150-2162, 2164-2176, 2178-2190, 2192-2204, 2206-2218, 2220-2232, 2234-2246, 2248-2260, 2262-2274, 2276-2288, 2290-2302, 2304-2316, 2318-2330, 2332-2344, 2346-2358, 2360-2372, 2374-2386, 2388-2400, 2402-2414, 2416-2428, 2430-2442, 2444-2456, 2458-2470, 2472-2484, 2486-2498, 2500-2512, 2514-2526, 2528-2540, 2542-2554, 2556-2568, 2570-2582, 2584-2596, 2598-2610, 2612-2624, 2626-2638, 2640-2652, 2654-2666, 2668-2680, 2682-2694, 2696-2708, 2710-2722, 2724-2736, 2738-2750, 2752-2764, 2766-2778, 2780-2792, 2794-2806, 2808-2820, 2822-2834, 2836-2848, 2850-2862, 2864-2876, 2878-2890, 2892-2904, 2906-2918, 2920-2932, 2934-2946, 2948-2960, 2962-2974, 2976-2988, 2990-3002, 3004-3016, 3018-3030, 3032-3044, 3046-3058, 3060-3072, 3074-3086, 3088-3100, 3102-3114, 3116-3128, 3130-3142, 3144-3156, 3158-3170, 3172-3184, 3186-3198, 3200-3212, 3214-3226, 3228-3240, 3242-3254, 3256-3268, 3270-3282, 3284-3296, 3298-3310, 3312-3324, 3326-3338, 3340-3352, 3354-3366, 3368-3380, 3382-3394, 3396-3408, 3410-3422, 3424-3436, 3438-3450, 3452-3464, 3466-3478, 3480-3492, 3494-3506, 3508-3520, 3522-3534, 3536-3548, 3550-3562, 3564-3576, 3578-3590, 3592-3604, 3606-3618, 3620-3632, 3634-3646, 3648-3660, 3662-3674, 3676-3688, 3690-3702, 3704-3716, 3718-3730, 3732-3744, 3746-3758, 3760-3772, 3774-3786, 3788-3800, 3802-3814, 3816-3828, 3830-3842, 3844-3856, 3858-3870, 3872-3884, 3886-3898, 3900-3912, 3914-3926, 3928-3940, 3942-3954, 3956-3968, 3970-3982, 3984-3996, 3998-4010, 4012-4024, 4026-4038, 4040-4052, 4054-4066, 4068-4080, 4082-4094, 4096-4108, 4110-4122, 4124-4136, 4138-4150, 4152-4164, 4166-4178, 4180-4192, 4194-4206, 4208-4220, 4222-4234, 4236-4248, 4250-4262, 4264-4276, 4278-4290, 4292-4304, 4306-4318, 4320-4332, 4334-4346, 4348-4360, 4362-4374, 4376-4388, 4390-4402, 4404-4416, 4418-4430, 4432-4444, 4446-4458, 4460-4472, 4474-4486, 4488-4500, 4502-4514, 4516-4528, 4530-4542, 4544-4556, 4558-4570, 4572-4584, 4586-4598, 4600-4612, 4614-4626, 4628-4640, 4642-4654, 4656-4668, 4670-4682, 4684-4696, 4698-4710, 4712-4724, 4726-4738, 4740-4752, 4754-4766, 4768-4780, 4782-4794, 4796-4808, 4810-4822, 4824-4836, 4838-4850, 4852-4864, 4866-4878, 4880-4892, 4894-4906, 4908-4920, 4922-4934, 4936-4948, 4950-4962, 4964-4976, 4978-4990, 4992-5004, 5006-5018, 5020-5032, 5034-5046, 5048-5060, 5062-5074, 5076-5088, 5090-5102, 5104-5116, 5118-5130, 5132-5144, 5146-5158, 5160-5172, 5174-5186, 5188-5200, 5202-5214, 5216-5228, 5230-5242, 5244-5256, 5258-5270, 5272-5284, 5286-5298, 5300-5312, 5314-5326, 5328-5340, 5342-5354, 5356-5368, 5370-5382, 5384-5396, 5398-5410, 5412-5424, 5426-5438, 5440-5452, 5454-5466, 5468-5480, 5482-5494, 5496-5508, 5510-5522, 5524-5536, 5538-5550, 5552-5564, 5566-5578, 5580-5592, 5594-5606, 5608-5620, 5622-5634, 5636-5648, 5650-5662, 5664-5676, 5678-5690, 5692-5704, 5706-5718, 5720-5732, 5734-5746, 5748-5760, 5762-5774, 5776-5788, 5790-5802, 5804-5816, 5818-5830, 5832-5844, 5846-5858, 5860-5872, 5874-5886, 5888-5900, 5902-5914, 5916-5928, 5930-5942, 5944-5956, 5958-5970, 5972-5984, 5986-6000, 6002-6014, 6016-6028, 6030-6042, 6044-6056, 6058-6070, 6072-6084, 6086-6098, 6100-6112, 6114-6126, 6128-6140, 6142-6154, 6156-6168, 6170-6182, 6184-6196, 6198-6210, 6212-6224, 6226-6238, 6240-6252, 6254-6266, 6268-6280, 6282-6294, 6296-6308, 6310-6322, 6324-6336, 6338-6350, 6352-6364, 6366-6378, 6380-6392, 6394-6406, 6408-6420, 6422-6434, 6436-6448, 6450-6462, 6464-6476, 6478-6490, 6492-6504, 6506-6518, 6520-6532, 6534-6546, 6548-6560, 6562-6574, 6576-6588, 6590-6602, 6604-6616, 6618-6630, 6632-6644, 6646-6658, 6660-6672, 6674-6686, 6688-6700, 6702-6714, 6716-6728, 6730-6742, 6744-6756, 6758-6770, 6772-6784, 6786-6798, 6800-6812, 6814-6826, 6828-6840, 6842-6854, 6856-6868, 6870-6882, 6884-6896, 6898-7000
2026-04-06 01:30:24 - root - INFO - Getting method of the patch: tmp/patches/cleaned/aprenfl-defects4j-Math-50-TBar-Patch_1_1.patch
2026-04-06 01:30:24 - root - INFO - Methods already exist for the patch: aprenfl-defects4j-Math-50-TBar-Patch_1_1
2026-04-06 01:30:24 - root - INFO - Getting method of the patch: tmp/patches/cleaned/dl4pc2-defects4j-Math-50-GenProg-DifferentFragPatches-186.patch
2026-04-06 01:30:24 - root - INFO - Methods already exist for the patch: dl4pc2-defects4j-Math-50-GenProg-DifferentFragPatches-186
2026-04-06 01:31:24 - root - WARNING - [WARN] Retry 2/3 for model codegemma:7b-instruct: timed out
2026-04-06 01:32:28 - httpx - INFO - HTTP Request: POST http://127.0.0.1:11434/api/chat "HTTP/1.1 200 OK"
2026-04-06 01:32:28 - root - INFO - Received response for model codegemma:7b-instruct on attempt 1 response: **Lines of Code More Similar:**

Lines 1-10, 12-22, 24-34, 36-46, 48-58, 60-68, 70-78, 80-88, 90-98, 100-108, 110-118, 120-128, 130-138, 140-148, 150-158, 160-168, 170-178, 180-188, 190-198, 200-208, 210-218, 220-228, 230-238, 240-248, 250-258, 260-268, 270-278, 280-288, 290-298, 300-308, 310-318, 320-328, 330-338, 340-348, 350-358, 360-368, 370-378, 380-388, 390-398, 400-408, 410-418, 420-428, 430-438, 440-448, 450-458, 460-468, 470-478, 480-488, 490-498, 500-508, 510-518, 520-528, 530-538, 540-548, 550-558, 560-568, 570-578, 580-588, 590-598, 600-608, 610-618, 620-628, 630-638, 640-648, 650-658, 660-668, 670-678, 680-688, 690-698, 700-708, 710-718, 720-728, 730-738, 740-748, 750-758, 760-768, 770-778, 780-788, 790-798, 800-808, 810-818, 820-828, 830-838, 840-848, 850-858, 860-868, 870-878, 880-888, 890-898, 900-908, 910-918, 920-928, 930-938, 940-948, 950-958, 960-968, 970-978, 980-988, 990-998, 1000-1008, 1010-1018, 1020-1028, 1030-1038, 1040-1048, 1050-1058, 1060-1068, 1070-1078, 1080-1088, 1090-1098, 1100-1108, 1110-1118, 1120-1128, 1130-1138, 1140-1148, 1150-1158, 1160-1168, 1170-1178, 1180-1188, 1190-1198, 1200-1208, 1210-1218, 1220-1228, 1230-1238, 1240-1248, 1250-1258, 1260-1268, 1270-1278, 1280-1288, 1290-1298, 1300-1308, 1310-1318, 1320-1328, 1330-1338, 1340-1348, 1350-1358, 1360-1368, 1370-1378, 1380-1388, 1390-1398, 1400-1408, 1410-1418, 1420-1428, 1430-1438, 1440-1448, 1450-1458, 1460-1468, 1470-1478, 1480-1488, 1490-1498, 1500-1508, 1510-1518, 1520-1528, 1530-1538, 1540-1548, 1550-1558, 1560-1568, 1570-1578, 1580-1588, 1590-1598, 1600-1608, 1610-1618, 1620-1628, 1630-1638, 1640-1648, 1650-1658, 1660-1668, 1670-1678, 1680-1688, 1690-1698, 1700-1708, 1710-1718, 1720-1728, 1730-1738, 1740-1748, 1750-1758, 1760-1768, 1770-1778, 1780-1788, 1790-1798, 1800-1808, 1810-1818, 1820-1828, 1830-1838, 1840-1848, 1850-1858, 1860-1868, 1870-1878, 1880-1888, 1890-1898, 1900-1908, 1910-1918, 1920-1928, 1930-1938, 1940-1948, 1950-1958, 1960-1968, 1970-1978, 1980-1988, 1990-1998, 2000-2008, 2010-2018, 2020-2028, 2030-2038, 2040-2048, 2050-2058, 2060-2068, 2070-2078, 2080-2088, 2090-2098, 2100-2108, 2110-2118, 2120-2128, 2130-2138, 2140-2148, 2150-2158, 2160-2168, 2170-2178, 2180-2188, 2190-2198, 2200-2208, 2210-2218, 2220-2228, 2230-2238, 2240-2248, 2250-2258, 2260-2268, 2270-2278, 2280-2288, 2290-2298, 2300-2308, 2310-2318, 2320-2328, 2330-2338, 2340-2348, 2350-2358, 2360-2368, 2370-2378, 2380-2388, 2390-2398, 2400-2408, 2410-2418, 2420-2428, 2430-2438, 2440-2448, 2450-2458, 2460-2468, 2470-2478, 2480-2488, 2490-2498, 2500-2508, 2510-2518, 2520-2528, 2530-2538, 2540-2548, 2550-2558, 2560-2568, 2570-2578, 2580-2588, 2590-2598, 2600-2608, 2610-2618, 2620-2628, 2630-2638, 2640-2648, 2650-2658, 2660-2668, 2670-2678, 2680-2688, 2690-2698, 2700-2708, 2710-2718, 2720-2728, 2730-2738, 2740-2748, 2750-2758, 2760-2768, 2770-2778, 2780-2788, 2790-2798, 2800-2808, 2810-2818, 2820-2828, 2830-2838, 2840-2848, 2850-2858, 2860-2868, 2870-2878, 2880-2888, 2890-2898, 2900-2908, 2910-2918, 2920-2928, 2930-2938, 2940-2948, 2950-2958, 2960-2968, 2970-2978, 2980-2988, 2990-2998, 3000-3008, 3010-3018, 3020-3028, 3030-3038, 3040-3048, 3050-3058, 3060-3068, 3070-3078, 3080-3088, 3090-3098, 3100-3108, 3110-3118, 3120-3128, 3130-3138, 3140-3148, 3150-3158, 3160-3168, 3170-3178, 3180-3188, 3190-3198, 3200-3208, 3210-3218, 3220-3228, 3230-3238, 3240-3248, 3250-3258, 3260-3268, 3270-3278, 3280-3288, 3290-3298, 3300-3308, 3310-3318, 3320-3328, 3330-3338, 3340-3348, 3350-3358, 3360-3368, 3370-3378, 3380-3388, 3390-3398, 3400-3408, 3410-3418, 3420-3428, 3430-3438, 3440-3448, 3450-3458, 3460-3468, 3470-3478, 3480-3488, 3490-3498, 3500-3508, 3510-3518, 3520-3528, 3530-3538, 3540-3548, 3550-3558, 3560-3568, 3570-3578, 3580-3588, 3590-3598, 3600-3608, 3610-3618, 3620-3628, 3630-3638, 3640-3648, 3650-3658, 3660-3668, 3670-3678, 3680-3688, 3690-3698, 3700-3708, 3710-3718, 3720-3728, 3730-3738, 3740-3748, 3750-3758, 3760-3768, 3770-3778, 3780-3788, 3790-3798, 3800-3808, 3810-3818, 3820-3828, 3830-3838, 3840-3848, 3850-3858, 3860-3868, 3870-3878, 3880-3888, 3890-3898, 3900-3908, 3910-3918, 3920-3928, 3930-3938, 3940-3948, 3950-3958, 3960-3968, 3970-3978, 3980-3988, 3990-3998, 4000-4008, 4010-4018, 4020-4028, 4030-4038, 4040-4048, 4050-4058, 4060-4068, 4070-4078, 4080-4088, 4090-4098, 4100-4108, 4110-4118, 4120-4128, 4130-4138, 4140-4148, 4150-4158, 4160-4168, 4170-4178, 4180-4188, 4190-4198, 4200-4208, 4210-4218, 4220-4228, 4230-4238, 4240-4248, 4250-4258, 4260-4268, 4270-4278, 4280-4288, 4290-4298, 4300-4308, 4310-4318, 4320-4328, 4330-4338, 4340-4348, 4350-4358, 4360-4368, 4370-4378, 4380-4388, 4390-4398, 4400-4408, 4410-4418, 4420-4428, 4430-4438, 4440-4448, 4450-4458, 4460-4468, 4470-4478, 4480-4488, 4490-4498, 4500-4508, 4510-4518, 4520-4528, 4530-4538, 4540-4548, 4550-4558, 4560-4568, 4570-4578, 4580-4588, 4590-4598, 4600-4608, 4610-4618, 4620-4628, 4630-4638, 4640-4648, 4650-4658, 4660-4668, 4670-4678, 4680-4688, 4690-4698, 4700-4708, 4710-4718, 4720-4728, 4730-4738, 4740-4748, 4750-4758, 4760-4768, 4770-4778, 4780-4788, 4790-4798, 4800-4808, 4810-4818, 4820-4828, 4830-4838, 4840-4848, 4850-4858, 4860-4868, 4870-4878, 4880-4888, 4890-4898, 4900-4908, 4910-4918, 4920-4928, 4930-4938, 4940-4948, 4950-4958, 4960-4968, 4970-4978, 4980-4988, 4990-4998, 5000-5008, 5010-5018, 5020-5028, 5030-5038, 5040-5048, 5050-5058, 5060-5068, 5070-5078, 5080-5088, 5090-5098, 5100-5108, 5110-5118, 5120-5128, 5130-5138, 5140-5148, 5150-5158, 5160-5168, 5170-5178, 5180-5188, 5190-5198, 5200-5208, 5210-5218, 5220-5228, 5230-5238, 5240-5248, 5250-5258, 5260-5268, 5270-5278, 5280-5288, 5290-5298, 5300-5308, 5310-5318, 5320-5328, 5330-5338, 5340-5348, 5350-5358, 5360-5368, 5370-5378, 5380-5388, 5390-5398, 5400-5408, 5410-5418, 5420-5428, 5430-5438, 5440-5448, 5450-5458, 5460-5468, 5470-5478, 5480-5488, 5490-5498, 5500-5508, 5510-5518, 5520-5528, 5530-5538, 5540-5548, 5550-5558, 5560-5568, 5570-5578, 5580-5588, 5590-5598, 5600-5608, 5610-5618, 5620-5628, 5630-5638, 5640-5648, 5650-5658, 5660-5668, 5670-5678, 5680-5688, 5690-5698, 5700-5708, 5710-5718, 5720-5728, 5730-5738, 5740-5748, 5750-5758, 5760-5768, 5770-5778, 5780-5788, 5790-5798, 5800-5808, 5810-5818, 5820-5828, 5830-5838, 5840-5848, 5850-5858, 5860-5868, 5870-5878, 5880-5888, 5890-5898, 5900-5908, 5910-5918, 5920-5928, 5930-5938, 5940-5948, 5950-5958, 5960-5968, 5970-5978, 5980-5988, 5990-5998
2026-04-06 01:32:28 - root - INFO - Getting method of the patch: tmp/patches/cleaned/aprenfl-defects4j-Math-50-TBar-Patch_1_1.patch
2026-04-06 01:32:28 - root - INFO - Methods already exist for the patch: aprenfl-defects4j-Math-50-TBar-Patch_1_1
2026-04-06 01:32:28 - root - INFO - Getting method of the patch: tmp/patches/cleaned/dl4pc2-defects4j-Math-50-GenProg-DifferentFragPatches-70.patch
2026-04-06 01:32:28 - root - INFO - Methods already exist for the patch: dl4pc2-defects4j-Math-50-GenProg-DifferentFragPatches-70
2026-04-06 01:33:28 - root - WARNING - [WARN] Retry 2/3 for model codegemma:7b-instruct: timed out
2026-04-06 01:34:34 - root - WARNING - [WARN] Retry 2/3 for model codegemma:7b-instruct: timed out
2026-04-06 01:35:39 - root - WARNING - [WARN] Retry 2/3 for model codegemma:7b-instruct: timed out
2026-04-06 01:36:44 - root - WARNING - [WARN] Retry 2/3 for model codegemma:7b-instruct: timed out
2026-04-06 01:37:49 - root - WARNING - [WARN] Retry 2/3 for model codegemma:7b-instruct: timed out
2026-04-06 01:38:54 - root - WARNING - [WARN] Retry 2/3 for model codegemma:7b-instruct: timed out
2026-04-06 01:39:59 - root - WARNING - [WARN] Retry 2/3 for model codegemma:7b-instruct: timed out
2026-04-06 01:40:06 - httpx - INFO - HTTP Request: POST http://127.0.0.1:11434/api/chat "HTTP/1.1 200 OK"
2026-04-06 01:40:06 - root - INFO - Received response for model codegemma:7b-instruct on attempt 1 response: **Lines of Code More Similar:**

Lines 1-22, 24-44, 46-66, 68-88, 90-110, 112-132, 134-154, 156-176, 178-198, 200-220 are more similar in both code snippets.

**Semantic Similarity:**

Based on the lines of code more similar, the two code snippets are semantically similar. They both implement the Regula Falsi method for root finding, with similar logic for calculating the next approximation, updating the bounds, and checking for convergence.
2026-04-06 01:40:06 - root - INFO - Getting method of the patch: tmp/patches/cleaned/aprenfl-defects4j-Math-50-TBar-Patch_1_1.patch
2026-04-06 01:40:06 - root - INFO - Methods already exist for the patch: aprenfl-defects4j-Math-50-TBar-Patch_1_1
2026-04-06 01:40:06 - root - INFO - Getting method of the patch: tmp/patches/cleaned/dl4pc2-defects4j-Math-50-GenProg-DifferentFragPatches-320.patch
2026-04-06 01:40:06 - root - INFO - Methods already exist for the patch: dl4pc2-defects4j-Math-50-GenProg-DifferentFragPatches-320
2026-04-06 01:40:46 - httpx - INFO - HTTP Request: POST http://127.0.0.1:11434/api/chat "HTTP/1.1 200 OK"
2026-04-06 01:40:46 - root - INFO - Received response for model codegemma:7b-instruct on attempt 1 response: **Lines of Code More Similar:**

Lines 1-10, 12-24, 26-38, 40-52, 54-66, 68-80, 82-94, 96-108, 110-122, 124-136, 138-150, 152-164, 166-178, 180-192, 194-206, 208-220, 222-234, 236-248, 250-262, 264-276, 278-290, 292-304, 306-318, 320-332, 334-346, 348-360, 362-374, 376-388, 390-402, 404-416, 418-430, 432-444, 446-458, 460-472, 474-486, 488-500, 502-514, 516-528, 530-542, 544-556, 558-570, 572-584, 586-598, 600-612, 614-626, 628-640, 642-654, 656-668, 670-682, 684-696, 698-710, 712-724, 726-738, 740-752, 754-766, 768-780, 782-794, 796-808, 810-822, 824-836, 838-850, 852-864, 866-878, 880-892, 894-906, 908-920, 922-934, 936-948, 950-962, 964-976, 978-990, 992-1004, 1006-1018, 1020-1032, 1034-1046, 1048-1060, 1062-1074, 1076-1088, 1090-1102, 1104-1116, 1118-1130, 1132-1144, 1146-1158, 1160-1172, 1174-1186, 1188-1200, 1202-1214, 1216-1228, 1230-1242, 1244-1256, 1258-1270, 1272-1284, 1286-1300, 1302-1314, 1316-1328, 1330-1342, 1344-1356, 1358-1370, 1372-1384, 1386-1400, 1402-1414, 1416-1428, 1430-1442, 1444-1456, 1458-1470, 1472-1484, 1486-1500, 1502-1514, 1516-1528, 1530-1542, 1544-1556, 1558-1570, 1572-1584, 1586-1598, 1600-1612, 1614-1626, 1628-1640, 1642-1654, 1656-1668, 1670-1682, 1684-1696, 1698-1710, 1712-1724, 1726-1738, 1740-1752, 1754-1766, 1768-1780, 1782-1794, 1796-1808, 1810-1822, 1824-1836, 1838-1850, 1852-1864, 1866-1878, 1880-1892, 1894-1906, 1908-1920, 1922-1934, 1936-1948, 1950-1962, 1964-1976, 1978-1990, 1992-2004, 2006-2018, 2020-2032, 2034-2046, 2048-2060, 2062-2074, 2076-2088, 2090-2102, 2104-2116, 2118-2130, 2132-2144, 2146-2158, 2160-2172, 2174-2186, 2188-2200, 2202-2214, 2216-2228, 2230-2242, 2244-2256, 2258-2270, 2272-2284, 2286-2298, 2300-2312, 2314-2326, 2328-2340, 2342-2354, 2356-2368, 2370-2382, 2384-2396, 2398-2410, 2412-2424, 2426-2438, 2440-2452, 2454-2466, 2468-2480, 2482-2494, 2496-2508, 2510-2522, 2524-2536, 2538-2550, 2552-2564, 2566-2578, 2580-2592, 2594-2606, 2608-2620, 2622-2634, 2636-2648, 2650-2662, 2664-2676, 2678-2690, 2692-2704, 2706-2718, 2720-2732, 2734-2746, 2748-2760, 2762-2774, 2776-2788, 2790-2802, 2804-2816, 2818-2830, 2832-2844, 2846-2858, 2860-2872, 2874-2886, 2888-2900, 2902-2914, 2916-2928, 2930-2942, 2944-2956, 2958-2970, 2972-2984, 2986-2998, 3000-3012, 3014-3026, 3028-3040, 3042-3054, 3056-3068, 3070-3082, 3084-3096, 3098-3110, 3112-3124, 3126-3138, 3140-3152, 3154-3166, 3168-3180, 3182-3194, 3196-3208, 3210-3222, 3224-3236, 3238-3250, 3252-3264, 3266-3278, 3280-3292, 3294-3306, 3308-3320, 3322-3334, 3336-3348, 3350-3362, 3364-3376, 3378-3390, 3392-3404, 3406-3418, 3420-3432, 3434-3446, 3448-3460, 3462-3474, 3476-3488, 3490-3502, 3504-3516, 3518-3530, 3532-3544, 3546-3558, 3560-3572, 3574-3586, 3588-3600, 3602-3614, 3616-3628, 3630-3642, 3644-3656, 3658-3670, 3672-3684, 3686-3698, 3700-3712, 3714-3726, 3728-3740, 3742-3754, 3756-3768, 3770-3782, 3784-3796, 3798-3810, 3812-3824, 3826-3838, 3840-3852, 3854-3866, 3868-3880, 3882-3894, 3896-3908, 3910-3922, 3924-3936, 3938-3950, 3952-3964, 3966-3978, 3980-3992, 3994-4006, 4008-4020, 4022-4034, 4036-4048, 4050-4062, 4064-4076, 4078-4090, 4092-4104, 4106-4118, 4120-4132, 4134-4146, 4148-4160, 4162-4174, 4176-4188, 4190-4202, 4204-4216, 4218-4230, 4232-4244, 4246-4258, 4260-4272, 4274-4286, 4288-4300, 4302-4314, 4316-4328, 4330-4342, 4344-4356, 4358-4370, 4372-4384, 4386-4398, 4400-4412, 4414-4426, 4428-4440, 4442-4454, 4456-4468, 4470-4482, 4484-4496, 4498-4510, 4512-4524, 4526-4538, 4540-4552, 4554-4566, 4568-4580, 4582-4594, 4596-4608, 4610-4622, 4624-4636, 4638-4650, 4652-4664, 4666-4678, 4680-4692, 4694-4706, 4708-4720, 4722-4734, 4736-4748, 4750-4762, 4764-4776, 4778-4790, 4792-4804, 4806-4818, 4820-4832, 4834-4846, 4848-4860, 4862-4874, 4876-4888, 4890-4902, 4904-4916, 4918-4930, 4932-4944, 4946-4958, 4960-4972, 4974-4986, 4988-5000, 5002-5014, 5016-5028, 5030-5042, 5044-5056, 5058-5070, 5072-5084, 5086-5098, 5100-5112, 5114-5126, 5128-5140, 5142-5154, 5156-5168, 5170-5182, 5184-5196, 5198-5210, 5212-5224, 5226-5238, 5240-5252, 5254-5266, 5268-5280, 5282-5294, 5296-5308, 5310-5322, 5324-5336, 5338-5350, 5352-5364, 5366-5378, 5380-5392, 5394-5406, 5408-5420, 5422-5434, 5436-5448, 5450-5462, 5464-5476, 5478-5490, 5492-5504, 5506-5518, 5520-5532, 5534-5546, 5548-5560, 5562-5574, 5576-5588, 5590-5602, 5604-5616, 5618-5630, 5632-5644, 5646-5658, 5660-5672, 5674-5686, 5688-5700, 5702-5714, 5716-5728, 5730-5742, 5744-5756, 5758-5770, 5772-5784, 5786-5798, 5800-5812, 5814-5826, 5828-5840, 5842-5854, 5856-5868, 5870-5882, 5884-5896, 5898-6010
2026-04-06 01:40:46 - root - INFO - Getting method of the patch: tmp/patches/cleaned/aprenfl-defects4j-Math-50-TBar-Patch_1_1.patch
2026-04-06 01:40:46 - root - INFO - Methods already exist for the patch: aprenfl-defects4j-Math-50-TBar-Patch_1_1
2026-04-06 01:40:46 - root - INFO - Getting method of the patch: tmp/patches/cleaned/dl4pc2-defects4j-Math-50-GenProg-DifferentFragPatches-207.patch
2026-04-06 01:40:46 - root - INFO - Methods already exist for the patch: dl4pc2-defects4j-Math-50-GenProg-DifferentFragPatches-207
2026-04-06 01:40:48 - httpx - INFO - HTTP Request: POST http://127.0.0.1:11434/api/chat "HTTP/1.1 200 OK"
2026-04-06 01:40:48 - root - INFO - Received response for model codegemma:7b-instruct on attempt 1 response: **Lines of Code More Similar:**

Lines 1-14 of both code snippets are more similar, as they both perform the following steps:

- Get the initial solution.
- Verify bracketing of the initial solution.
- Get the accuracies.
- Keep finding better approximations until the current interval is within the given accuracies.

**Semantic Similarity:**

Based on the lines of code more similar, we can conclude that the two code snippets are semantically similar. They both implement a root-finding algorithm to find the root of a function within a given interval.

**Answer:**

**Yes**
2026-04-06 01:40:48 - root - INFO - Getting method of the patch: tmp/patches/cleaned/aprenfl-defects4j-Math-50-TBar-Patch_1_1.patch
2026-04-06 01:40:48 - root - INFO - Methods already exist for the patch: aprenfl-defects4j-Math-50-TBar-Patch_1_1
2026-04-06 01:40:48 - root - INFO - Getting method of the patch: tmp/patches/cleaned/dl4pc2-defects4j-Math-50-GenProg-DifferentFragPatches-206.patch
2026-04-06 01:40:48 - root - INFO - Methods already exist for the patch: dl4pc2-defects4j-Math-50-GenProg-DifferentFragPatches-206
2026-04-06 01:41:48 - root - WARNING - [WARN] Retry 2/3 for model codegemma:7b-instruct: timed out
2026-04-06 01:42:53 - root - WARNING - [WARN] Retry 2/3 for model codegemma:7b-instruct: timed out
2026-04-06 01:43:58 - root - WARNING - [WARN] Retry 2/3 for model codegemma:7b-instruct: timed out
2026-04-06 01:45:03 - root - WARNING - [WARN] Retry 2/3 for model codegemma:7b-instruct: timed out
2026-04-06 01:45:10 - httpx - INFO - HTTP Request: POST http://127.0.0.1:11434/api/chat "HTTP/1.1 200 OK"
2026-04-06 01:45:10 - root - INFO - Received response for model codegemma:7b-instruct on attempt 1 response: **Lines of code more similar:**

Lines 1-24, 26-48, 50-72, 74-96, 98-120, 122-144, 146-168, 170-192, 194-216, 218-240 are more similar in both code snippets.

**Semantic similarity:**

Yes, the two code snippets are semantically similar. They both implement the Regula falsi method for root finding, with the following key differences:

- In Patch 1, the interval is expanded if the function value of the new approximation is too small, given the function value accuracy.
- In Patch 2, the interval is expanded if the current interval is within the given accuracies, but the function value of the new approximation is too small, given the function value accuracy.

These differences are minor and do not affect the overall functionality of the code.
2026-04-06 01:45:10 - root - INFO - Getting method of the patch: tmp/patches/cleaned/aprenfl-defects4j-Math-50-TBar-Patch_1_1.patch
2026-04-06 01:45:10 - root - INFO - Methods already exist for the patch: aprenfl-defects4j-Math-50-TBar-Patch_1_1
2026-04-06 01:45:10 - root - INFO - Getting method of the patch: tmp/patches/cleaned/dl4pc2-defects4j-Math-50-GenProg-DifferentFragPatches-346.patch
2026-04-06 01:45:10 - root - INFO - Methods already exist for the patch: dl4pc2-defects4j-Math-50-GenProg-DifferentFragPatches-346
2026-04-06 01:45:12 - httpx - INFO - HTTP Request: POST http://127.0.0.1:11434/api/chat "HTTP/1.1 200 OK"
2026-04-06 01:45:12 - root - INFO - Received response for model codegemma:7b-instruct on attempt 1 response: **Lines of Code More Similar:**

Lines 1-24, 26-48, 50-72, 74-96, 98-120, 122-144, 146-168, 170-192, 194-216, 218-240 are more similar in both code snippets.

**Semantic Similarity:**

Yes, the two code snippets are semantically similar. They both implement the Regula Falsi method for root finding, with similar logic and functionality. The differences between the snippets are mainly in the implementation details and variable names.
2026-04-06 01:45:12 - root - INFO - Getting method of the patch: tmp/patches/cleaned/aprenfl-defects4j-Math-50-TBar-Patch_1_1.patch
2026-04-06 01:45:12 - root - INFO - Methods already exist for the patch: aprenfl-defects4j-Math-50-TBar-Patch_1_1
2026-04-06 01:45:12 - root - INFO - Getting method of the patch: tmp/patches/cleaned/dl4pc2-defects4j-Math-50-GenProg-DifferentFragPatches-52.patch
2026-04-06 01:45:12 - root - INFO - Methods already exist for the patch: dl4pc2-defects4j-Math-50-GenProg-DifferentFragPatches-52
2026-04-06 01:46:12 - root - WARNING - [WARN] Retry 2/3 for model codegemma:7b-instruct: timed out
2026-04-06 01:47:17 - root - WARNING - [WARN] Retry 2/3 for model codegemma:7b-instruct: timed out
2026-04-06 01:48:22 - root - WARNING - [WARN] Retry 2/3 for model codegemma:7b-instruct: timed out
2026-04-06 01:49:27 - root - WARNING - [WARN] Retry 2/3 for model codegemma:7b-instruct: timed out
2026-04-06 01:50:32 - root - WARNING - [WARN] Retry 2/3 for model codegemma:7b-instruct: timed out
2026-04-06 01:51:37 - root - WARNING - [WARN] Retry 2/3 for model codegemma:7b-instruct: timed out
2026-04-06 01:52:42 - root - WARNING - [WARN] Retry 2/3 for model codegemma:7b-instruct: timed out
2026-04-06 01:53:47 - root - WARNING - [WARN] Retry 2/3 for model codegemma:7b-instruct: timed out
2026-04-06 01:54:53 - root - WARNING - [WARN] Retry 2/3 for model codegemma:7b-instruct: timed out
