uid,bug_uid,generator,location,correctness,origin,source_methods,target_methods,generator_id,source_files,target_files,ods_prediction
llm4pc-defects4j-Lang-7-Arja-patch1,defects4j-Lang-7,Arja,tmp/patches/cleaned/llm4pc-defects4j-Lang-7-Arja-patch1.patch,Overfitting,LLM4PC,"['tmp/methods/llm4pc-defects4j-Lang-7-Arja-patch1/source-0.java', 'tmp/methods/llm4pc-defects4j-Lang-7-Arja-patch1/source-1.java']","['tmp/methods/llm4pc-defects4j-Lang-7-Arja-patch1/target-0.java', 'tmp/methods/llm4pc-defects4j-Lang-7-Arja-patch1/target-1.java']",arja,"['tmp/files/llm4pc-defects4j-Lang-7-Arja-patch1/source-0-EventListenerSupport.java', 'tmp/files/llm4pc-defects4j-Lang-7-Arja-patch1/source-1-NumberUtils.java']","['tmp/files/llm4pc-defects4j-Lang-7-Arja-patch1/target-0-EventListenerSupport.java', 'tmp/files/llm4pc-defects4j-Lang-7-Arja-patch1/target-1-NumberUtils.java']",correct
llm4pc-defects4j-Lang-20-Arja-patch1,defects4j-Lang-20,Arja,tmp/patches/cleaned/llm4pc-defects4j-Lang-20-Arja-patch1.patch,Overfitting,LLM4PC,['tmp/methods/llm4pc-defects4j-Lang-20-Arja-patch1/source-0.java'],['tmp/methods/llm4pc-defects4j-Lang-20-Arja-patch1/target-0.java'],arja,['tmp/files/llm4pc-defects4j-Lang-20-Arja-patch1/source-0-StringUtils.java'],['tmp/files/llm4pc-defects4j-Lang-20-Arja-patch1/target-0-StringUtils.java'],overfitting
llm4pc-defects4j-Lang-16-Arja-patch1,defects4j-Lang-16,Arja,tmp/patches/cleaned/llm4pc-defects4j-Lang-16-Arja-patch1.patch,Overfitting,LLM4PC,['tmp/methods/llm4pc-defects4j-Lang-16-Arja-patch1/source-0.java'],['tmp/methods/llm4pc-defects4j-Lang-16-Arja-patch1/target-0.java'],arja,['tmp/files/llm4pc-defects4j-Lang-16-Arja-patch1/source-0-NumberUtils.java'],['tmp/files/llm4pc-defects4j-Lang-16-Arja-patch1/target-0-NumberUtils.java'],overfitting
llm4pc-defects4j-Closure-22-Arja-patch1,defects4j-Closure-22,Arja,tmp/patches/cleaned/llm4pc-defects4j-Closure-22-Arja-patch1.patch,Overfitting,LLM4PC,['tmp/methods/llm4pc-defects4j-Closure-22-Arja-patch1/source-0.java'],['tmp/methods/llm4pc-defects4j-Closure-22-Arja-patch1/target-0.java'],arja,['tmp/files/llm4pc-defects4j-Closure-22-Arja-patch1/source-0-CheckSideEffects.java'],['tmp/files/llm4pc-defects4j-Closure-22-Arja-patch1/target-0-CheckSideEffects.java'],overfitting
llm4pc-defects4j-Closure-130-Arja-patch1,defects4j-Closure-130,Arja,tmp/patches/cleaned/llm4pc-defects4j-Closure-130-Arja-patch1.patch,Overfitting,LLM4PC,['tmp/methods/llm4pc-defects4j-Closure-130-Arja-patch1/source-0.java'],['tmp/methods/llm4pc-defects4j-Closure-130-Arja-patch1/target-0.java'],arja,['tmp/files/llm4pc-defects4j-Closure-130-Arja-patch1/source-0-CollapseProperties.java'],['tmp/files/llm4pc-defects4j-Closure-130-Arja-patch1/target-0-CollapseProperties.java'],unknown
llm4pc-defects4j-Closure-121-Arja-patch1,defects4j-Closure-121,Arja,tmp/patches/cleaned/llm4pc-defects4j-Closure-121-Arja-patch1.patch,Overfitting,LLM4PC,['tmp/methods/llm4pc-defects4j-Closure-121-Arja-patch1/source-0.java'],['tmp/methods/llm4pc-defects4j-Closure-121-Arja-patch1/target-0.java'],arja,['tmp/files/llm4pc-defects4j-Closure-121-Arja-patch1/source-0-GlobalVarReferenceMap.java'],['tmp/files/llm4pc-defects4j-Closure-121-Arja-patch1/target-0-GlobalVarReferenceMap.java'],overfitting
llm4pc-defects4j-Closure-68-Arja-patch1,defects4j-Closure-68,Arja,tmp/patches/cleaned/llm4pc-defects4j-Closure-68-Arja-patch1.patch,Overfitting,LLM4PC,['tmp/methods/llm4pc-defects4j-Closure-68-Arja-patch1/source-0.java'],['tmp/methods/llm4pc-defects4j-Closure-68-Arja-patch1/target-0.java'],arja,['tmp/files/llm4pc-defects4j-Closure-68-Arja-patch1/source-0-JsDocInfoParser.java'],['tmp/files/llm4pc-defects4j-Closure-68-Arja-patch1/target-0-JsDocInfoParser.java'],overfitting
llm4pc-defects4j-Closure-55-Arja-patch1,defects4j-Closure-55,Arja,tmp/patches/cleaned/llm4pc-defects4j-Closure-55-Arja-patch1.patch,Overfitting,LLM4PC,['tmp/methods/llm4pc-defects4j-Closure-55-Arja-patch1/source-0.java'],['tmp/methods/llm4pc-defects4j-Closure-55-Arja-patch1/target-0.java'],arja,['tmp/files/llm4pc-defects4j-Closure-55-Arja-patch1/source-0-FunctionRewriter.java'],['tmp/files/llm4pc-defects4j-Closure-55-Arja-patch1/target-0-FunctionRewriter.java'],overfitting
llm4pc-defects4j-Closure-33-Arja-patch1,defects4j-Closure-33,Arja,tmp/patches/cleaned/llm4pc-defects4j-Closure-33-Arja-patch1.patch,Overfitting,LLM4PC,['tmp/methods/llm4pc-defects4j-Closure-33-Arja-patch1/source-0.java'],['tmp/methods/llm4pc-defects4j-Closure-33-Arja-patch1/target-0.java'],arja,['tmp/files/llm4pc-defects4j-Closure-33-Arja-patch1/source-0-RecordType.java'],['tmp/files/llm4pc-defects4j-Closure-33-Arja-patch1/target-0-RecordType.java'],overfitting
llm4pc-defects4j-Closure-46-Arja-patch1,defects4j-Closure-46,Arja,tmp/patches/cleaned/llm4pc-defects4j-Closure-46-Arja-patch1.patch,Overfitting,LLM4PC,"['tmp/methods/llm4pc-defects4j-Closure-46-Arja-patch1/source-0.java', 'tmp/methods/llm4pc-defects4j-Closure-46-Arja-patch1/source-1.java', 'tmp/methods/llm4pc-defects4j-Closure-46-Arja-patch1/source-2.java']","['tmp/methods/llm4pc-defects4j-Closure-46-Arja-patch1/target-0.java', 'tmp/methods/llm4pc-defects4j-Closure-46-Arja-patch1/target-1.java', 'tmp/methods/llm4pc-defects4j-Closure-46-Arja-patch1/target-2.java']",arja,"['tmp/files/llm4pc-defects4j-Closure-46-Arja-patch1/source-0-PrototypeObjectType.java', 'tmp/files/llm4pc-defects4j-Closure-46-Arja-patch1/source-1-RecordTypeBuilder.java', 'tmp/files/llm4pc-defects4j-Closure-46-Arja-patch1/source-2-RecordType.java']","['tmp/files/llm4pc-defects4j-Closure-46-Arja-patch1/target-0-PrototypeObjectType.java', 'tmp/files/llm4pc-defects4j-Closure-46-Arja-patch1/target-1-RecordTypeBuilder.java', 'tmp/files/llm4pc-defects4j-Closure-46-Arja-patch1/target-2-RecordType.java']",overfitting
llm4pc-defects4j-Closure-21-Arja-patch1,defects4j-Closure-21,Arja,tmp/patches/cleaned/llm4pc-defects4j-Closure-21-Arja-patch1.patch,Overfitting,LLM4PC,['tmp/methods/llm4pc-defects4j-Closure-21-Arja-patch1/source-0.java'],['tmp/methods/llm4pc-defects4j-Closure-21-Arja-patch1/target-0.java'],arja,['tmp/files/llm4pc-defects4j-Closure-21-Arja-patch1/source-0-CheckSideEffects.java'],['tmp/files/llm4pc-defects4j-Closure-21-Arja-patch1/target-0-CheckSideEffects.java'],overfitting
llm4pc-defects4j-Closure-45-Arja-patch1,defects4j-Closure-45,Arja,tmp/patches/cleaned/llm4pc-defects4j-Closure-45-Arja-patch1.patch,Overfitting,LLM4PC,['tmp/methods/llm4pc-defects4j-Closure-45-Arja-patch1/source-0.java'],['tmp/methods/llm4pc-defects4j-Closure-45-Arja-patch1/target-0.java'],arja,['tmp/files/llm4pc-defects4j-Closure-45-Arja-patch1/source-0-NodeUtil.java'],['tmp/files/llm4pc-defects4j-Closure-45-Arja-patch1/target-0-NodeUtil.java'],overfitting
llm4pc-defects4j-Closure-125-Arja-patch1,defects4j-Closure-125,Arja,tmp/patches/cleaned/llm4pc-defects4j-Closure-125-Arja-patch1.patch,Overfitting,LLM4PC,['tmp/methods/llm4pc-defects4j-Closure-125-Arja-patch1/source-0.java'],['tmp/methods/llm4pc-defects4j-Closure-125-Arja-patch1/target-0.java'],arja,['tmp/files/llm4pc-defects4j-Closure-125-Arja-patch1/source-0-SemanticReverseAbstractInterpreter.java'],['tmp/files/llm4pc-defects4j-Closure-125-Arja-patch1/target-0-SemanticReverseAbstractInterpreter.java'],overfitting
llm4pc-defects4j-Closure-10-Arja-patch1,defects4j-Closure-10,Arja,tmp/patches/cleaned/llm4pc-defects4j-Closure-10-Arja-patch1.patch,Overfitting,LLM4PC,"['tmp/methods/llm4pc-defects4j-Closure-10-Arja-patch1/source-0.java', 'tmp/methods/llm4pc-defects4j-Closure-10-Arja-patch1/source-1.java']","['tmp/methods/llm4pc-defects4j-Closure-10-Arja-patch1/target-0.java', 'tmp/methods/llm4pc-defects4j-Closure-10-Arja-patch1/target-1.java']",arja,"['tmp/files/llm4pc-defects4j-Closure-10-Arja-patch1/source-0-Node.java', 'tmp/files/llm4pc-defects4j-Closure-10-Arja-patch1/source-1-Token.java']","['tmp/files/llm4pc-defects4j-Closure-10-Arja-patch1/target-0-Node.java', 'tmp/files/llm4pc-defects4j-Closure-10-Arja-patch1/target-1-Token.java']",overfitting
llm4pc-defects4j-Closure-8-Arja-patch1,defects4j-Closure-8,Arja,tmp/patches/cleaned/llm4pc-defects4j-Closure-8-Arja-patch1.patch,Overfitting,LLM4PC,['tmp/methods/llm4pc-defects4j-Closure-8-Arja-patch1/source-0.java'],['tmp/methods/llm4pc-defects4j-Closure-8-Arja-patch1/target-0.java'],arja,['tmp/files/llm4pc-defects4j-Closure-8-Arja-patch1/source-0-CollapseVariableDeclarations.java'],['tmp/files/llm4pc-defects4j-Closure-8-Arja-patch1/target-0-CollapseVariableDeclarations.java'],overfitting
llm4pc-defects4j-Closure-133-Arja-patch1,defects4j-Closure-133,Arja,tmp/patches/cleaned/llm4pc-defects4j-Closure-133-Arja-patch1.patch,Overfitting,LLM4PC,['tmp/methods/llm4pc-defects4j-Closure-133-Arja-patch1/source-0.java'],['tmp/methods/llm4pc-defects4j-Closure-133-Arja-patch1/target-0.java'],arja,['tmp/files/llm4pc-defects4j-Closure-133-Arja-patch1/source-0-JsDocInfoParser.java'],['tmp/files/llm4pc-defects4j-Closure-133-Arja-patch1/target-0-JsDocInfoParser.java'],overfitting
llm4pc-defects4j-Closure-116-Arja-patch1,defects4j-Closure-116,Arja,tmp/patches/cleaned/llm4pc-defects4j-Closure-116-Arja-patch1.patch,Overfitting,LLM4PC,"['tmp/methods/llm4pc-defects4j-Closure-116-Arja-patch1/source-0.java', 'tmp/methods/llm4pc-defects4j-Closure-116-Arja-patch1/source-1.java', 'tmp/methods/llm4pc-defects4j-Closure-116-Arja-patch1/source-2.java']","['tmp/methods/llm4pc-defects4j-Closure-116-Arja-patch1/target-0.java', 'tmp/methods/llm4pc-defects4j-Closure-116-Arja-patch1/target-1.java', 'tmp/methods/llm4pc-defects4j-Closure-116-Arja-patch1/target-2.java']",arja,"['tmp/files/llm4pc-defects4j-Closure-116-Arja-patch1/source-0-FunctionInjector.java', 'tmp/files/llm4pc-defects4j-Closure-116-Arja-patch1/source-1-ExpressionDecomposer.java', 'tmp/files/llm4pc-defects4j-Closure-116-Arja-patch1/source-2-Node.java']","['tmp/files/llm4pc-defects4j-Closure-116-Arja-patch1/target-0-FunctionInjector.java', 'tmp/files/llm4pc-defects4j-Closure-116-Arja-patch1/target-1-ExpressionDecomposer.java', 'tmp/files/llm4pc-defects4j-Closure-116-Arja-patch1/target-2-Node.java']",overfitting
llm4pc-defects4j-Closure-78-Arja-patch1,defects4j-Closure-78,Arja,tmp/patches/cleaned/llm4pc-defects4j-Closure-78-Arja-patch1.patch,Overfitting,LLM4PC,"['tmp/methods/llm4pc-defects4j-Closure-78-Arja-patch1/source-0.java', 'tmp/methods/llm4pc-defects4j-Closure-78-Arja-patch1/source-1.java']","['tmp/methods/llm4pc-defects4j-Closure-78-Arja-patch1/target-0.java', 'tmp/methods/llm4pc-defects4j-Closure-78-Arja-patch1/target-1.java']",arja,"['tmp/files/llm4pc-defects4j-Closure-78-Arja-patch1/source-0-PeepholeFoldConstants.java', 'tmp/files/llm4pc-defects4j-Closure-78-Arja-patch1/source-1-AbstractPeepholeOptimization.java']","['tmp/files/llm4pc-defects4j-Closure-78-Arja-patch1/target-0-PeepholeFoldConstants.java', 'tmp/files/llm4pc-defects4j-Closure-78-Arja-patch1/target-1-AbstractPeepholeOptimization.java']",overfitting
llm4pc-defects4j-Closure-112-Arja-patch1,defects4j-Closure-112,Arja,tmp/patches/cleaned/llm4pc-defects4j-Closure-112-Arja-patch1.patch,Overfitting,LLM4PC,['tmp/methods/llm4pc-defects4j-Closure-112-Arja-patch1/source-0.java'],['tmp/methods/llm4pc-defects4j-Closure-112-Arja-patch1/target-0.java'],arja,['tmp/files/llm4pc-defects4j-Closure-112-Arja-patch1/source-0-TypeInference.java'],['tmp/files/llm4pc-defects4j-Closure-112-Arja-patch1/target-0-TypeInference.java'],unknown
llm4pc-defects4j-Closure-1-Arja-patch1,defects4j-Closure-1,Arja,tmp/patches/cleaned/llm4pc-defects4j-Closure-1-Arja-patch1.patch,Overfitting,LLM4PC,"['tmp/methods/llm4pc-defects4j-Closure-1-Arja-patch1/source-0.java', 'tmp/methods/llm4pc-defects4j-Closure-1-Arja-patch1/source-1.java']","['tmp/methods/llm4pc-defects4j-Closure-1-Arja-patch1/target-0.java', 'tmp/methods/llm4pc-defects4j-Closure-1-Arja-patch1/target-1.java']",arja,"['tmp/files/llm4pc-defects4j-Closure-1-Arja-patch1/source-0-Node.java', 'tmp/files/llm4pc-defects4j-Closure-1-Arja-patch1/source-1-RemoveUnusedVars.java']","['tmp/files/llm4pc-defects4j-Closure-1-Arja-patch1/target-0-Node.java', 'tmp/files/llm4pc-defects4j-Closure-1-Arja-patch1/target-1-RemoveUnusedVars.java']",overfitting
llm4pc-defects4j-Closure-7-Arja-patch1,defects4j-Closure-7,Arja,tmp/patches/cleaned/llm4pc-defects4j-Closure-7-Arja-patch1.patch,Overfitting,LLM4PC,['tmp/methods/llm4pc-defects4j-Closure-7-Arja-patch1/source-0.java'],['tmp/methods/llm4pc-defects4j-Closure-7-Arja-patch1/target-0.java'],arja,['tmp/files/llm4pc-defects4j-Closure-7-Arja-patch1/source-0-UnionType.java'],['tmp/files/llm4pc-defects4j-Closure-7-Arja-patch1/target-0-UnionType.java'],overfitting
llm4pc-defects4j-Closure-67-Arja-patch1,defects4j-Closure-67,Arja,tmp/patches/cleaned/llm4pc-defects4j-Closure-67-Arja-patch1.patch,Overfitting,LLM4PC,['tmp/methods/llm4pc-defects4j-Closure-67-Arja-patch1/source-0.java'],['tmp/methods/llm4pc-defects4j-Closure-67-Arja-patch1/target-0.java'],arja,['tmp/files/llm4pc-defects4j-Closure-67-Arja-patch1/source-0-RemoveUnusedPrototypeProperties.java'],['tmp/files/llm4pc-defects4j-Closure-67-Arja-patch1/target-0-RemoveUnusedPrototypeProperties.java'],overfitting
llm4pc-defects4j-Closure-124-Arja-patch1,defects4j-Closure-124,Arja,tmp/patches/cleaned/llm4pc-defects4j-Closure-124-Arja-patch1.patch,Overfitting,LLM4PC,['tmp/methods/llm4pc-defects4j-Closure-124-Arja-patch1/source-0.java'],['tmp/methods/llm4pc-defects4j-Closure-124-Arja-patch1/target-0.java'],arja,['tmp/files/llm4pc-defects4j-Closure-124-Arja-patch1/source-0-ExploitAssigns.java'],['tmp/files/llm4pc-defects4j-Closure-124-Arja-patch1/target-0-ExploitAssigns.java'],overfitting
llm4pc-defects4j-Closure-75-Arja-patch1,defects4j-Closure-75,Arja,tmp/patches/cleaned/llm4pc-defects4j-Closure-75-Arja-patch1.patch,Overfitting,LLM4PC,"['tmp/methods/llm4pc-defects4j-Closure-75-Arja-patch1/source-0.java', 'tmp/methods/llm4pc-defects4j-Closure-75-Arja-patch1/source-1.java']","['tmp/methods/llm4pc-defects4j-Closure-75-Arja-patch1/target-0.java', 'tmp/methods/llm4pc-defects4j-Closure-75-Arja-patch1/target-1.java']",arja,"['tmp/files/llm4pc-defects4j-Closure-75-Arja-patch1/source-0-CodeGenerator.java', 'tmp/files/llm4pc-defects4j-Closure-75-Arja-patch1/source-1-NodeUtil.java']","['tmp/files/llm4pc-defects4j-Closure-75-Arja-patch1/target-0-CodeGenerator.java', 'tmp/files/llm4pc-defects4j-Closure-75-Arja-patch1/target-1-NodeUtil.java']",overfitting
llm4pc-defects4j-Closure-119-Arja-patch1,defects4j-Closure-119,Arja,tmp/patches/cleaned/llm4pc-defects4j-Closure-119-Arja-patch1.patch,Overfitting,LLM4PC,"['tmp/methods/llm4pc-defects4j-Closure-119-Arja-patch1/source-0.java', 'tmp/methods/llm4pc-defects4j-Closure-119-Arja-patch1/source-1.java']","['tmp/methods/llm4pc-defects4j-Closure-119-Arja-patch1/target-0.java', 'tmp/methods/llm4pc-defects4j-Closure-119-Arja-patch1/target-1.java']",arja,"['tmp/files/llm4pc-defects4j-Closure-119-Arja-patch1/source-0-SyntacticScopeCreator.java', 'tmp/files/llm4pc-defects4j-Closure-119-Arja-patch1/source-1-AstValidator.java']","['tmp/files/llm4pc-defects4j-Closure-119-Arja-patch1/target-0-SyntacticScopeCreator.java', 'tmp/files/llm4pc-defects4j-Closure-119-Arja-patch1/target-1-AstValidator.java']",overfitting
llm4pc-defects4j-Closure-117-Arja-patch1,defects4j-Closure-117,Arja,tmp/patches/cleaned/llm4pc-defects4j-Closure-117-Arja-patch1.patch,Overfitting,LLM4PC,['tmp/methods/llm4pc-defects4j-Closure-117-Arja-patch1/source-0.java'],['tmp/methods/llm4pc-defects4j-Closure-117-Arja-patch1/target-0.java'],arja,['tmp/files/llm4pc-defects4j-Closure-117-Arja-patch1/source-0-TypeValidator.java'],['tmp/files/llm4pc-defects4j-Closure-117-Arja-patch1/target-0-TypeValidator.java'],overfitting
llm4pc-defects4j-Closure-129-Arja-patch1,defects4j-Closure-129,Arja,tmp/patches/cleaned/llm4pc-defects4j-Closure-129-Arja-patch1.patch,Overfitting,LLM4PC,['tmp/methods/llm4pc-defects4j-Closure-129-Arja-patch1/source-0.java'],['tmp/methods/llm4pc-defects4j-Closure-129-Arja-patch1/target-0.java'],arja,['tmp/files/llm4pc-defects4j-Closure-129-Arja-patch1/source-0-Node.java'],['tmp/files/llm4pc-defects4j-Closure-129-Arja-patch1/target-0-Node.java'],overfitting
llm4pc-defects4j-Closure-120-Arja-patch1,defects4j-Closure-120,Arja,tmp/patches/cleaned/llm4pc-defects4j-Closure-120-Arja-patch1.patch,Overfitting,LLM4PC,['tmp/methods/llm4pc-defects4j-Closure-120-Arja-patch1/source-0.java'],['tmp/methods/llm4pc-defects4j-Closure-120-Arja-patch1/target-0.java'],arja,['tmp/files/llm4pc-defects4j-Closure-120-Arja-patch1/source-0-GlobalVarReferenceMap.java'],['tmp/files/llm4pc-defects4j-Closure-120-Arja-patch1/target-0-GlobalVarReferenceMap.java'],overfitting
llm4pc-defects4j-Closure-59-Arja-patch1,defects4j-Closure-59,Arja,tmp/patches/cleaned/llm4pc-defects4j-Closure-59-Arja-patch1.patch,Overfitting,LLM4PC,['tmp/methods/llm4pc-defects4j-Closure-59-Arja-patch1/source-0.java'],['tmp/methods/llm4pc-defects4j-Closure-59-Arja-patch1/target-0.java'],arja,['tmp/files/llm4pc-defects4j-Closure-59-Arja-patch1/source-0-WarningLevel.java'],['tmp/files/llm4pc-defects4j-Closure-59-Arja-patch1/target-0-WarningLevel.java'],overfitting
llm4pc-defects4j-Closure-114-Arja-patch1,defects4j-Closure-114,Arja,tmp/patches/cleaned/llm4pc-defects4j-Closure-114-Arja-patch1.patch,Overfitting,LLM4PC,['tmp/methods/llm4pc-defects4j-Closure-114-Arja-patch1/source-0.java'],['tmp/methods/llm4pc-defects4j-Closure-114-Arja-patch1/target-0.java'],arja,['tmp/files/llm4pc-defects4j-Closure-114-Arja-patch1/source-0-NameAnalyzer.java'],['tmp/files/llm4pc-defects4j-Closure-114-Arja-patch1/target-0-NameAnalyzer.java'],overfitting
llm4pc-defects4j-Chart-19-Arja-patch1,defects4j-Chart-19,Arja,tmp/patches/cleaned/llm4pc-defects4j-Chart-19-Arja-patch1.patch,Overfitting,LLM4PC,"['tmp/methods/llm4pc-defects4j-Chart-19-Arja-patch1/source-0.java', 'tmp/methods/llm4pc-defects4j-Chart-19-Arja-patch1/source-1.java']","['tmp/methods/llm4pc-defects4j-Chart-19-Arja-patch1/target-0.java', 'tmp/methods/llm4pc-defects4j-Chart-19-Arja-patch1/target-1.java']",arja,"['tmp/files/llm4pc-defects4j-Chart-19-Arja-patch1/source-0-AbstractObjectList.java', 'tmp/files/llm4pc-defects4j-Chart-19-Arja-patch1/source-1-CategoryPlot.java']","['tmp/files/llm4pc-defects4j-Chart-19-Arja-patch1/target-0-AbstractObjectList.java', 'tmp/files/llm4pc-defects4j-Chart-19-Arja-patch1/target-1-CategoryPlot.java']",correct
llm4pc-defects4j-Chart-15-Arja-patch1,defects4j-Chart-15,Arja,tmp/patches/cleaned/llm4pc-defects4j-Chart-15-Arja-patch1.patch,Overfitting,LLM4PC,"['tmp/methods/llm4pc-defects4j-Chart-15-Arja-patch1/source-0.java', 'tmp/methods/llm4pc-defects4j-Chart-15-Arja-patch1/source-1.java']","['tmp/methods/llm4pc-defects4j-Chart-15-Arja-patch1/target-0.java', 'tmp/methods/llm4pc-defects4j-Chart-15-Arja-patch1/target-1.java']",arja,"['tmp/files/llm4pc-defects4j-Chart-15-Arja-patch1/source-0-ChartFactory.java', 'tmp/files/llm4pc-defects4j-Chart-15-Arja-patch1/source-1-PiePlot.java']","['tmp/files/llm4pc-defects4j-Chart-15-Arja-patch1/target-0-ChartFactory.java', 'tmp/files/llm4pc-defects4j-Chart-15-Arja-patch1/target-1-PiePlot.java']",overfitting
llm4pc-defects4j-Chart-13-Arja-patch1,defects4j-Chart-13,Arja,tmp/patches/cleaned/llm4pc-defects4j-Chart-13-Arja-patch1.patch,Overfitting,LLM4PC,['tmp/methods/llm4pc-defects4j-Chart-13-Arja-patch1/source-0.java'],['tmp/methods/llm4pc-defects4j-Chart-13-Arja-patch1/target-0.java'],arja,['tmp/files/llm4pc-defects4j-Chart-13-Arja-patch1/source-0-BorderArrangement.java'],['tmp/files/llm4pc-defects4j-Chart-13-Arja-patch1/target-0-BorderArrangement.java'],overfitting
llm4pc-defects4j-Chart-5-Arja-patch1,defects4j-Chart-5,Arja,tmp/patches/cleaned/llm4pc-defects4j-Chart-5-Arja-patch1.patch,Overfitting,LLM4PC,['tmp/methods/llm4pc-defects4j-Chart-5-Arja-patch1/source-0.java'],['tmp/methods/llm4pc-defects4j-Chart-5-Arja-patch1/target-0.java'],arja,['tmp/files/llm4pc-defects4j-Chart-5-Arja-patch1/source-0-XYSeries.java'],['tmp/files/llm4pc-defects4j-Chart-5-Arja-patch1/target-0-XYSeries.java'],overfitting
llm4pc-defects4j-Chart-7-Arja-patch1,defects4j-Chart-7,Arja,tmp/patches/cleaned/llm4pc-defects4j-Chart-7-Arja-patch1.patch,Overfitting,LLM4PC,['tmp/methods/llm4pc-defects4j-Chart-7-Arja-patch1/source-0.java'],['tmp/methods/llm4pc-defects4j-Chart-7-Arja-patch1/target-0.java'],arja,['tmp/files/llm4pc-defects4j-Chart-7-Arja-patch1/source-0-TimePeriodValues.java'],['tmp/files/llm4pc-defects4j-Chart-7-Arja-patch1/target-0-TimePeriodValues.java'],overfitting
llm4pc-defects4j-Chart-14-Arja-patch1,defects4j-Chart-14,Arja,tmp/patches/cleaned/llm4pc-defects4j-Chart-14-Arja-patch1.patch,Overfitting,LLM4PC,"['tmp/methods/llm4pc-defects4j-Chart-14-Arja-patch1/source-0.java', 'tmp/methods/llm4pc-defects4j-Chart-14-Arja-patch1/source-1.java']","['tmp/methods/llm4pc-defects4j-Chart-14-Arja-patch1/target-0.java', 'tmp/methods/llm4pc-defects4j-Chart-14-Arja-patch1/target-1.java']",arja,"['tmp/files/llm4pc-defects4j-Chart-14-Arja-patch1/source-0-CategoryPlot.java', 'tmp/files/llm4pc-defects4j-Chart-14-Arja-patch1/source-1-XYPlot.java']","['tmp/files/llm4pc-defects4j-Chart-14-Arja-patch1/target-0-CategoryPlot.java', 'tmp/files/llm4pc-defects4j-Chart-14-Arja-patch1/target-1-XYPlot.java']",overfitting
llm4pc-defects4j-Chart-1-Arja-patch1,defects4j-Chart-1,Arja,tmp/patches/cleaned/llm4pc-defects4j-Chart-1-Arja-patch1.patch,Overfitting,LLM4PC,['tmp/methods/llm4pc-defects4j-Chart-1-Arja-patch1/source-0.java'],['tmp/methods/llm4pc-defects4j-Chart-1-Arja-patch1/target-0.java'],arja,['tmp/files/llm4pc-defects4j-Chart-1-Arja-patch1/source-0-AbstractCategoryItemRenderer.java'],['tmp/files/llm4pc-defects4j-Chart-1-Arja-patch1/target-0-AbstractCategoryItemRenderer.java'],overfitting
llm4pc-defects4j-Chart-25-Arja-patch1,defects4j-Chart-25,Arja,tmp/patches/cleaned/llm4pc-defects4j-Chart-25-Arja-patch1.patch,Overfitting,LLM4PC,"['tmp/methods/llm4pc-defects4j-Chart-25-Arja-patch1/source-0.java', 'tmp/methods/llm4pc-defects4j-Chart-25-Arja-patch1/source-1.java']","['tmp/methods/llm4pc-defects4j-Chart-25-Arja-patch1/target-0.java', 'tmp/methods/llm4pc-defects4j-Chart-25-Arja-patch1/target-1.java']",arja,"['tmp/files/llm4pc-defects4j-Chart-25-Arja-patch1/source-0-StatisticalBarRenderer.java', 'tmp/files/llm4pc-defects4j-Chart-25-Arja-patch1/source-1-DefaultStatisticalCategoryDataset.java']","['tmp/files/llm4pc-defects4j-Chart-25-Arja-patch1/target-0-StatisticalBarRenderer.java', 'tmp/files/llm4pc-defects4j-Chart-25-Arja-patch1/target-1-DefaultStatisticalCategoryDataset.java']",unknown
llm4pc-defects4j-Chart-3-Arja-patch1,defects4j-Chart-3,Arja,tmp/patches/cleaned/llm4pc-defects4j-Chart-3-Arja-patch1.patch,Overfitting,LLM4PC,['tmp/methods/llm4pc-defects4j-Chart-3-Arja-patch1/source-0.java'],['tmp/methods/llm4pc-defects4j-Chart-3-Arja-patch1/target-0.java'],arja,['tmp/files/llm4pc-defects4j-Chart-3-Arja-patch1/source-0-TimeSeries.java'],['tmp/files/llm4pc-defects4j-Chart-3-Arja-patch1/target-0-TimeSeries.java'],overfitting
llm4pc-defects4j-Math-74-Arja-patch1,defects4j-Math-74,Arja,tmp/patches/cleaned/llm4pc-defects4j-Math-74-Arja-patch1.patch,Overfitting,LLM4PC,['tmp/methods/llm4pc-defects4j-Math-74-Arja-patch1/source-0.java'],['tmp/methods/llm4pc-defects4j-Math-74-Arja-patch1/target-0.java'],arja,['tmp/files/llm4pc-defects4j-Math-74-Arja-patch1/source-0-AdamsMoultonIntegrator.java'],['tmp/files/llm4pc-defects4j-Math-74-Arja-patch1/target-0-AdamsMoultonIntegrator.java'],overfitting
llm4pc-defects4j-Math-84-Arja-patch1,defects4j-Math-84,Arja,tmp/patches/cleaned/llm4pc-defects4j-Math-84-Arja-patch1.patch,Overfitting,LLM4PC,['tmp/methods/llm4pc-defects4j-Math-84-Arja-patch1/source-0.java'],['tmp/methods/llm4pc-defects4j-Math-84-Arja-patch1/target-0.java'],arja,['tmp/files/llm4pc-defects4j-Math-84-Arja-patch1/source-0-MultiDirectional.java'],['tmp/files/llm4pc-defects4j-Math-84-Arja-patch1/target-0-MultiDirectional.java'],overfitting
llm4pc-defects4j-Math-81-Arja-patch1,defects4j-Math-81,Arja,tmp/patches/cleaned/llm4pc-defects4j-Math-81-Arja-patch1.patch,Overfitting,LLM4PC,['tmp/methods/llm4pc-defects4j-Math-81-Arja-patch1/source-0.java'],['tmp/methods/llm4pc-defects4j-Math-81-Arja-patch1/target-0.java'],arja,['tmp/files/llm4pc-defects4j-Math-81-Arja-patch1/source-0-EigenDecompositionImpl.java'],['tmp/files/llm4pc-defects4j-Math-81-Arja-patch1/target-0-EigenDecompositionImpl.java'],overfitting
llm4pc-defects4j-Math-80-Arja-patch1,defects4j-Math-80,Arja,tmp/patches/cleaned/llm4pc-defects4j-Math-80-Arja-patch1.patch,Overfitting,LLM4PC,['tmp/methods/llm4pc-defects4j-Math-80-Arja-patch1/source-0.java'],['tmp/methods/llm4pc-defects4j-Math-80-Arja-patch1/target-0.java'],arja,['tmp/files/llm4pc-defects4j-Math-80-Arja-patch1/source-0-EigenDecompositionImpl.java'],['tmp/files/llm4pc-defects4j-Math-80-Arja-patch1/target-0-EigenDecompositionImpl.java'],overfitting
llm4pc-defects4j-Math-95-Arja-patch1,defects4j-Math-95,Arja,tmp/patches/cleaned/llm4pc-defects4j-Math-95-Arja-patch1.patch,Overfitting,LLM4PC,['tmp/methods/llm4pc-defects4j-Math-95-Arja-patch1/source-0.java'],['tmp/methods/llm4pc-defects4j-Math-95-Arja-patch1/target-0.java'],arja,['tmp/files/llm4pc-defects4j-Math-95-Arja-patch1/source-0-FDistributionImpl.java'],['tmp/files/llm4pc-defects4j-Math-95-Arja-patch1/target-0-FDistributionImpl.java'],overfitting
llm4pc-defects4j-Math-40-Arja-patch1,defects4j-Math-40,Arja,tmp/patches/cleaned/llm4pc-defects4j-Math-40-Arja-patch1.patch,Overfitting,LLM4PC,['tmp/methods/llm4pc-defects4j-Math-40-Arja-patch1/source-0.java'],['tmp/methods/llm4pc-defects4j-Math-40-Arja-patch1/target-0.java'],arja,['tmp/files/llm4pc-defects4j-Math-40-Arja-patch1/source-0-BracketingNthOrderBrentSolver.java'],['tmp/files/llm4pc-defects4j-Math-40-Arja-patch1/target-0-BracketingNthOrderBrentSolver.java'],overfitting
llm4pc-defects4j-Math-28-Arja-patch1,defects4j-Math-28,Arja,tmp/patches/cleaned/llm4pc-defects4j-Math-28-Arja-patch1.patch,Overfitting,LLM4PC,['tmp/methods/llm4pc-defects4j-Math-28-Arja-patch1/source-0.java'],['tmp/methods/llm4pc-defects4j-Math-28-Arja-patch1/target-0.java'],arja,['tmp/files/llm4pc-defects4j-Math-28-Arja-patch1/source-0-SimplexSolver.java'],['tmp/files/llm4pc-defects4j-Math-28-Arja-patch1/target-0-SimplexSolver.java'],overfitting
llm4pc-defects4j-Math-85-Arja-patch1,defects4j-Math-85,Arja,tmp/patches/cleaned/llm4pc-defects4j-Math-85-Arja-patch1.patch,Overfitting,LLM4PC,['tmp/methods/llm4pc-defects4j-Math-85-Arja-patch1/source-0.java'],['tmp/methods/llm4pc-defects4j-Math-85-Arja-patch1/target-0.java'],arja,['tmp/files/llm4pc-defects4j-Math-85-Arja-patch1/source-0-UnivariateRealSolverUtils.java'],['tmp/files/llm4pc-defects4j-Math-85-Arja-patch1/target-0-UnivariateRealSolverUtils.java'],overfitting
llm4pc-defects4j-Math-56-Arja-patch1,defects4j-Math-56,Arja,tmp/patches/cleaned/llm4pc-defects4j-Math-56-Arja-patch1.patch,Overfitting,LLM4PC,['tmp/methods/llm4pc-defects4j-Math-56-Arja-patch1/source-0.java'],['tmp/methods/llm4pc-defects4j-Math-56-Arja-patch1/target-0.java'],arja,['tmp/files/llm4pc-defects4j-Math-56-Arja-patch1/source-0-MultidimensionalCounter.java'],['tmp/files/llm4pc-defects4j-Math-56-Arja-patch1/target-0-MultidimensionalCounter.java'],correct
llm4pc-defects4j-Math-82-Arja-patch1,defects4j-Math-82,Arja,tmp/patches/cleaned/llm4pc-defects4j-Math-82-Arja-patch1.patch,Overfitting,LLM4PC,"['tmp/methods/llm4pc-defects4j-Math-82-Arja-patch1/source-0.java', 'tmp/methods/llm4pc-defects4j-Math-82-Arja-patch1/source-1.java']","['tmp/methods/llm4pc-defects4j-Math-82-Arja-patch1/target-0.java', 'tmp/methods/llm4pc-defects4j-Math-82-Arja-patch1/target-1.java']",arja,"['tmp/files/llm4pc-defects4j-Math-82-Arja-patch1/source-0-SimplexTableau.java', 'tmp/files/llm4pc-defects4j-Math-82-Arja-patch1/source-1-SimplexSolver.java']","['tmp/files/llm4pc-defects4j-Math-82-Arja-patch1/target-0-SimplexTableau.java', 'tmp/files/llm4pc-defects4j-Math-82-Arja-patch1/target-1-SimplexSolver.java']",overfitting
llm4pc-defects4j-Lang-61-Jaid-patch1,defects4j-Lang-61,Jaid,tmp/patches/cleaned/llm4pc-defects4j-Lang-61-Jaid-patch1.patch,Overfitting,LLM4PC,['tmp/methods/llm4pc-defects4j-Lang-61-Jaid-patch1/source-0.java'],['tmp/methods/llm4pc-defects4j-Lang-61-Jaid-patch1/target-0.java'],jaid,['tmp/files/llm4pc-defects4j-Lang-61-Jaid-patch1/source-0-StrBuilder.java'],['tmp/files/llm4pc-defects4j-Lang-61-Jaid-patch1/target-0-StrBuilder.java'],correct
llm4pc-defects4j-Lang-51-Jaid-patch3,defects4j-Lang-51,Jaid,tmp/patches/cleaned/llm4pc-defects4j-Lang-51-Jaid-patch3.patch,Overfitting,LLM4PC,['tmp/methods/llm4pc-defects4j-Lang-51-Jaid-patch3/source-0.java'],['tmp/methods/llm4pc-defects4j-Lang-51-Jaid-patch3/target-0.java'],jaid,['tmp/files/llm4pc-defects4j-Lang-51-Jaid-patch3/source-0-BooleanUtils.java'],['tmp/files/llm4pc-defects4j-Lang-51-Jaid-patch3/target-0-BooleanUtils.java'],correct
llm4pc-defects4j-Lang-55-Jaid-patch2,defects4j-Lang-55,Jaid,tmp/patches/cleaned/llm4pc-defects4j-Lang-55-Jaid-patch2.patch,Overfitting,LLM4PC,['tmp/methods/llm4pc-defects4j-Lang-55-Jaid-patch2/source-0.java'],['tmp/methods/llm4pc-defects4j-Lang-55-Jaid-patch2/target-0.java'],jaid,['tmp/files/llm4pc-defects4j-Lang-55-Jaid-patch2/source-0-StopWatch.java'],['tmp/files/llm4pc-defects4j-Lang-55-Jaid-patch2/target-0-StopWatch.java'],overfitting
llm4pc-defects4j-Lang-45-Jaid-patch1,defects4j-Lang-45,Jaid,tmp/patches/cleaned/llm4pc-defects4j-Lang-45-Jaid-patch1.patch,Overfitting,LLM4PC,['tmp/methods/llm4pc-defects4j-Lang-45-Jaid-patch1/source-0.java'],['tmp/methods/llm4pc-defects4j-Lang-45-Jaid-patch1/target-0.java'],jaid,['tmp/files/llm4pc-defects4j-Lang-45-Jaid-patch1/source-0-WordUtils.java'],['tmp/files/llm4pc-defects4j-Lang-45-Jaid-patch1/target-0-WordUtils.java'],overfitting
llm4pc-defects4j-Lang-51-Jaid-patch2,defects4j-Lang-51,Jaid,tmp/patches/cleaned/llm4pc-defects4j-Lang-51-Jaid-patch2.patch,Overfitting,LLM4PC,['tmp/methods/llm4pc-defects4j-Lang-51-Jaid-patch2/source-0.java'],['tmp/methods/llm4pc-defects4j-Lang-51-Jaid-patch2/target-0.java'],jaid,['tmp/files/llm4pc-defects4j-Lang-51-Jaid-patch2/source-0-BooleanUtils.java'],['tmp/files/llm4pc-defects4j-Lang-51-Jaid-patch2/target-0-BooleanUtils.java'],correct
llm4pc-defects4j-Lang-51-Jaid-patch4,defects4j-Lang-51,Jaid,tmp/patches/cleaned/llm4pc-defects4j-Lang-51-Jaid-patch4.patch,Overfitting,LLM4PC,['tmp/methods/llm4pc-defects4j-Lang-51-Jaid-patch4/source-0.java'],['tmp/methods/llm4pc-defects4j-Lang-51-Jaid-patch4/target-0.java'],jaid,['tmp/files/llm4pc-defects4j-Lang-51-Jaid-patch4/source-0-BooleanUtils.java'],['tmp/files/llm4pc-defects4j-Lang-51-Jaid-patch4/target-0-BooleanUtils.java'],correct
llm4pc-defects4j-Lang-61-Jaid-patch2,defects4j-Lang-61,Jaid,tmp/patches/cleaned/llm4pc-defects4j-Lang-61-Jaid-patch2.patch,Overfitting,LLM4PC,['tmp/methods/llm4pc-defects4j-Lang-61-Jaid-patch2/source-0.java'],['tmp/methods/llm4pc-defects4j-Lang-61-Jaid-patch2/target-0.java'],jaid,['tmp/files/llm4pc-defects4j-Lang-61-Jaid-patch2/source-0-StrBuilder.java'],['tmp/files/llm4pc-defects4j-Lang-61-Jaid-patch2/target-0-StrBuilder.java'],correct
llm4pc-defects4j-Lang-51-Jaid-patch1,defects4j-Lang-51,Jaid,tmp/patches/cleaned/llm4pc-defects4j-Lang-51-Jaid-patch1.patch,Overfitting,LLM4PC,['tmp/methods/llm4pc-defects4j-Lang-51-Jaid-patch1/source-0.java'],['tmp/methods/llm4pc-defects4j-Lang-51-Jaid-patch1/target-0.java'],jaid,['tmp/files/llm4pc-defects4j-Lang-51-Jaid-patch1/source-0-BooleanUtils.java'],['tmp/files/llm4pc-defects4j-Lang-51-Jaid-patch1/target-0-BooleanUtils.java'],correct
llm4pc-defects4j-Lang-55-Jaid-patch3,defects4j-Lang-55,Jaid,tmp/patches/cleaned/llm4pc-defects4j-Lang-55-Jaid-patch3.patch,Overfitting,LLM4PC,['tmp/methods/llm4pc-defects4j-Lang-55-Jaid-patch3/source-0.java'],['tmp/methods/llm4pc-defects4j-Lang-55-Jaid-patch3/target-0.java'],jaid,['tmp/files/llm4pc-defects4j-Lang-55-Jaid-patch3/source-0-StopWatch.java'],['tmp/files/llm4pc-defects4j-Lang-55-Jaid-patch3/target-0-StopWatch.java'],overfitting
llm4pc-defects4j-Lang-45-Jaid-patch2,defects4j-Lang-45,Jaid,tmp/patches/cleaned/llm4pc-defects4j-Lang-45-Jaid-patch2.patch,Overfitting,LLM4PC,['tmp/methods/llm4pc-defects4j-Lang-45-Jaid-patch2/source-0.java'],['tmp/methods/llm4pc-defects4j-Lang-45-Jaid-patch2/target-0.java'],jaid,['tmp/files/llm4pc-defects4j-Lang-45-Jaid-patch2/source-0-WordUtils.java'],['tmp/files/llm4pc-defects4j-Lang-45-Jaid-patch2/target-0-WordUtils.java'],overfitting
llm4pc-defects4j-Lang-55-Jaid-patch1,defects4j-Lang-55,Jaid,tmp/patches/cleaned/llm4pc-defects4j-Lang-55-Jaid-patch1.patch,Overfitting,LLM4PC,['tmp/methods/llm4pc-defects4j-Lang-55-Jaid-patch1/source-0.java'],['tmp/methods/llm4pc-defects4j-Lang-55-Jaid-patch1/target-0.java'],jaid,['tmp/files/llm4pc-defects4j-Lang-55-Jaid-patch1/source-0-StopWatch.java'],['tmp/files/llm4pc-defects4j-Lang-55-Jaid-patch1/target-0-StopWatch.java'],overfitting
llm4pc-defects4j-Closure-33-Jaid-patch1,defects4j-Closure-33,Jaid,tmp/patches/cleaned/llm4pc-defects4j-Closure-33-Jaid-patch1.patch,Overfitting,LLM4PC,['tmp/methods/llm4pc-defects4j-Closure-33-Jaid-patch1/source-0.java'],['tmp/methods/llm4pc-defects4j-Closure-33-Jaid-patch1/target-0.java'],jaid,['tmp/files/llm4pc-defects4j-Closure-33-Jaid-patch1/source-0-PrototypeObjectType.java'],['tmp/files/llm4pc-defects4j-Closure-33-Jaid-patch1/target-0-PrototypeObjectType.java'],correct
llm4pc-defects4j-Closure-33-Jaid-patch2,defects4j-Closure-33,Jaid,tmp/patches/cleaned/llm4pc-defects4j-Closure-33-Jaid-patch2.patch,Overfitting,LLM4PC,['tmp/methods/llm4pc-defects4j-Closure-33-Jaid-patch2/source-0.java'],['tmp/methods/llm4pc-defects4j-Closure-33-Jaid-patch2/target-0.java'],jaid,['tmp/files/llm4pc-defects4j-Closure-33-Jaid-patch2/source-0-PrototypeObjectType.java'],['tmp/files/llm4pc-defects4j-Closure-33-Jaid-patch2/target-0-PrototypeObjectType.java'],correct
llm4pc-defects4j-Chart-9-Jaid-patch1,defects4j-Chart-9,Jaid,tmp/patches/cleaned/llm4pc-defects4j-Chart-9-Jaid-patch1.patch,Overfitting,LLM4PC,['tmp/methods/llm4pc-defects4j-Chart-9-Jaid-patch1/source-0.java'],['tmp/methods/llm4pc-defects4j-Chart-9-Jaid-patch1/target-0.java'],jaid,['tmp/files/llm4pc-defects4j-Chart-9-Jaid-patch1/source-0-TimeSeries.java'],['tmp/files/llm4pc-defects4j-Chart-9-Jaid-patch1/target-0-TimeSeries.java'],correct
llm4pc-defects4j-Chart-9-Jaid-patch2,defects4j-Chart-9,Jaid,tmp/patches/cleaned/llm4pc-defects4j-Chart-9-Jaid-patch2.patch,Overfitting,LLM4PC,['tmp/methods/llm4pc-defects4j-Chart-9-Jaid-patch2/source-0.java'],['tmp/methods/llm4pc-defects4j-Chart-9-Jaid-patch2/target-0.java'],jaid,['tmp/files/llm4pc-defects4j-Chart-9-Jaid-patch2/source-0-TimeSeries.java'],['tmp/files/llm4pc-defects4j-Chart-9-Jaid-patch2/target-0-TimeSeries.java'],correct
llm4pc-defects4j-Chart-26-Jaid-patch2,defects4j-Chart-26,Jaid,tmp/patches/cleaned/llm4pc-defects4j-Chart-26-Jaid-patch2.patch,Overfitting,LLM4PC,['tmp/methods/llm4pc-defects4j-Chart-26-Jaid-patch2/source-0.java'],['tmp/methods/llm4pc-defects4j-Chart-26-Jaid-patch2/target-0.java'],jaid,['tmp/files/llm4pc-defects4j-Chart-26-Jaid-patch2/source-0-Axis.java'],['tmp/files/llm4pc-defects4j-Chart-26-Jaid-patch2/target-0-Axis.java'],correct
llm4pc-defects4j-Chart-26-Jaid-patch1,defects4j-Chart-26,Jaid,tmp/patches/cleaned/llm4pc-defects4j-Chart-26-Jaid-patch1.patch,Overfitting,LLM4PC,['tmp/methods/llm4pc-defects4j-Chart-26-Jaid-patch1/source-0.java'],['tmp/methods/llm4pc-defects4j-Chart-26-Jaid-patch1/target-0.java'],jaid,['tmp/files/llm4pc-defects4j-Chart-26-Jaid-patch1/source-0-Axis.java'],['tmp/files/llm4pc-defects4j-Chart-26-Jaid-patch1/target-0-Axis.java'],correct
llm4pc-defects4j-Chart-1-Jaid-patch1,defects4j-Chart-1,Jaid,tmp/patches/cleaned/llm4pc-defects4j-Chart-1-Jaid-patch1.patch,Overfitting,LLM4PC,['tmp/methods/llm4pc-defects4j-Chart-1-Jaid-patch1/source-0.java'],['tmp/methods/llm4pc-defects4j-Chart-1-Jaid-patch1/target-0.java'],jaid,['tmp/files/llm4pc-defects4j-Chart-1-Jaid-patch1/source-0-AbstractCategoryItemRenderer.java'],['tmp/files/llm4pc-defects4j-Chart-1-Jaid-patch1/target-0-AbstractCategoryItemRenderer.java'],correct
llm4pc-defects4j-Chart-1-Jaid-patch2,defects4j-Chart-1,Jaid,tmp/patches/cleaned/llm4pc-defects4j-Chart-1-Jaid-patch2.patch,Overfitting,LLM4PC,['tmp/methods/llm4pc-defects4j-Chart-1-Jaid-patch2/source-0.java'],['tmp/methods/llm4pc-defects4j-Chart-1-Jaid-patch2/target-0.java'],jaid,['tmp/files/llm4pc-defects4j-Chart-1-Jaid-patch2/source-0-AbstractCategoryItemRenderer.java'],['tmp/files/llm4pc-defects4j-Chart-1-Jaid-patch2/target-0-AbstractCategoryItemRenderer.java'],correct
llm4pc-defects4j-Chart-1-Jaid-patch3,defects4j-Chart-1,Jaid,tmp/patches/cleaned/llm4pc-defects4j-Chart-1-Jaid-patch3.patch,Overfitting,LLM4PC,['tmp/methods/llm4pc-defects4j-Chart-1-Jaid-patch3/source-0.java'],['tmp/methods/llm4pc-defects4j-Chart-1-Jaid-patch3/target-0.java'],jaid,['tmp/files/llm4pc-defects4j-Chart-1-Jaid-patch3/source-0-AbstractCategoryItemRenderer.java'],['tmp/files/llm4pc-defects4j-Chart-1-Jaid-patch3/target-0-AbstractCategoryItemRenderer.java'],correct
llm4pc-defects4j-Chart-9-Jaid-patch3,defects4j-Chart-9,Jaid,tmp/patches/cleaned/llm4pc-defects4j-Chart-9-Jaid-patch3.patch,Overfitting,LLM4PC,['tmp/methods/llm4pc-defects4j-Chart-9-Jaid-patch3/source-0.java'],['tmp/methods/llm4pc-defects4j-Chart-9-Jaid-patch3/target-0.java'],jaid,['tmp/files/llm4pc-defects4j-Chart-9-Jaid-patch3/source-0-TimeSeries.java'],['tmp/files/llm4pc-defects4j-Chart-9-Jaid-patch3/target-0-TimeSeries.java'],overfitting
llm4pc-defects4j-Math-53-Jaid-patch3,defects4j-Math-53,Jaid,tmp/patches/cleaned/llm4pc-defects4j-Math-53-Jaid-patch3.patch,Overfitting,LLM4PC,['tmp/methods/llm4pc-defects4j-Math-53-Jaid-patch3/source-0.java'],['tmp/methods/llm4pc-defects4j-Math-53-Jaid-patch3/target-0.java'],jaid,['tmp/files/llm4pc-defects4j-Math-53-Jaid-patch3/source-0-Complex.java'],['tmp/files/llm4pc-defects4j-Math-53-Jaid-patch3/target-0-Complex.java'],correct
llm4pc-defects4j-Math-82-Jaid-patch4,defects4j-Math-82,Jaid,tmp/patches/cleaned/llm4pc-defects4j-Math-82-Jaid-patch4.patch,Overfitting,LLM4PC,['tmp/methods/llm4pc-defects4j-Math-82-Jaid-patch4/source-0.java'],['tmp/methods/llm4pc-defects4j-Math-82-Jaid-patch4/target-0.java'],jaid,['tmp/files/llm4pc-defects4j-Math-82-Jaid-patch4/source-0-SimplexSolver.java'],['tmp/files/llm4pc-defects4j-Math-82-Jaid-patch4/target-0-SimplexSolver.java'],unknown
llm4pc-defects4j-Math-80-Jaid-patch2,defects4j-Math-80,Jaid,tmp/patches/cleaned/llm4pc-defects4j-Math-80-Jaid-patch2.patch,Overfitting,LLM4PC,['tmp/methods/llm4pc-defects4j-Math-80-Jaid-patch2/source-0.java'],['tmp/methods/llm4pc-defects4j-Math-80-Jaid-patch2/target-0.java'],jaid,['tmp/files/llm4pc-defects4j-Math-80-Jaid-patch2/source-0-EigenDecompositionImpl.java'],['tmp/files/llm4pc-defects4j-Math-80-Jaid-patch2/target-0-EigenDecompositionImpl.java'],overfitting
llm4pc-defects4j-Math-50-Jaid-patch3,defects4j-Math-50,Jaid,tmp/patches/cleaned/llm4pc-defects4j-Math-50-Jaid-patch3.patch,Overfitting,LLM4PC,['tmp/methods/llm4pc-defects4j-Math-50-Jaid-patch3/source-0.java'],['tmp/methods/llm4pc-defects4j-Math-50-Jaid-patch3/target-0.java'],jaid,['tmp/files/llm4pc-defects4j-Math-50-Jaid-patch3/source-0-BaseSecantSolver.java'],['tmp/files/llm4pc-defects4j-Math-50-Jaid-patch3/target-0-BaseSecantSolver.java'],unknown
llm4pc-defects4j-Math-80-Jaid-patch1,defects4j-Math-80,Jaid,tmp/patches/cleaned/llm4pc-defects4j-Math-80-Jaid-patch1.patch,Overfitting,LLM4PC,['tmp/methods/llm4pc-defects4j-Math-80-Jaid-patch1/source-0.java'],['tmp/methods/llm4pc-defects4j-Math-80-Jaid-patch1/target-0.java'],jaid,['tmp/files/llm4pc-defects4j-Math-80-Jaid-patch1/source-0-EigenDecompositionImpl.java'],['tmp/files/llm4pc-defects4j-Math-80-Jaid-patch1/target-0-EigenDecompositionImpl.java'],overfitting
llm4pc-defects4j-Math-32-Jaid-patch1,defects4j-Math-32,Jaid,tmp/patches/cleaned/llm4pc-defects4j-Math-32-Jaid-patch1.patch,Overfitting,LLM4PC,['tmp/methods/llm4pc-defects4j-Math-32-Jaid-patch1/source-0.java'],['tmp/methods/llm4pc-defects4j-Math-32-Jaid-patch1/target-0.java'],jaid,['tmp/files/llm4pc-defects4j-Math-32-Jaid-patch1/source-0-PolygonsSet.java'],['tmp/files/llm4pc-defects4j-Math-32-Jaid-patch1/target-0-PolygonsSet.java'],correct
llm4pc-defects4j-Math-50-Jaid-patch1,defects4j-Math-50,Jaid,tmp/patches/cleaned/llm4pc-defects4j-Math-50-Jaid-patch1.patch,Overfitting,LLM4PC,['tmp/methods/llm4pc-defects4j-Math-50-Jaid-patch1/source-0.java'],['tmp/methods/llm4pc-defects4j-Math-50-Jaid-patch1/target-0.java'],jaid,['tmp/files/llm4pc-defects4j-Math-50-Jaid-patch1/source-0-BaseSecantSolver.java'],['tmp/files/llm4pc-defects4j-Math-50-Jaid-patch1/target-0-BaseSecantSolver.java'],correct
llm4pc-defects4j-Math-80-Jaid-patch3,defects4j-Math-80,Jaid,tmp/patches/cleaned/llm4pc-defects4j-Math-80-Jaid-patch3.patch,Overfitting,LLM4PC,['tmp/methods/llm4pc-defects4j-Math-80-Jaid-patch3/source-0.java'],['tmp/methods/llm4pc-defects4j-Math-80-Jaid-patch3/target-0.java'],jaid,['tmp/files/llm4pc-defects4j-Math-80-Jaid-patch3/source-0-EigenDecompositionImpl.java'],['tmp/files/llm4pc-defects4j-Math-80-Jaid-patch3/target-0-EigenDecompositionImpl.java'],overfitting
llm4pc-defects4j-Math-82-Jaid-patch2,defects4j-Math-82,Jaid,tmp/patches/cleaned/llm4pc-defects4j-Math-82-Jaid-patch2.patch,Overfitting,LLM4PC,['tmp/methods/llm4pc-defects4j-Math-82-Jaid-patch2/source-0.java'],['tmp/methods/llm4pc-defects4j-Math-82-Jaid-patch2/target-0.java'],jaid,['tmp/files/llm4pc-defects4j-Math-82-Jaid-patch2/source-0-SimplexSolver.java'],['tmp/files/llm4pc-defects4j-Math-82-Jaid-patch2/target-0-SimplexSolver.java'],overfitting
llm4pc-defects4j-Math-53-Jaid-patch4,defects4j-Math-53,Jaid,tmp/patches/cleaned/llm4pc-defects4j-Math-53-Jaid-patch4.patch,Overfitting,LLM4PC,['tmp/methods/llm4pc-defects4j-Math-53-Jaid-patch4/source-0.java'],['tmp/methods/llm4pc-defects4j-Math-53-Jaid-patch4/target-0.java'],jaid,['tmp/files/llm4pc-defects4j-Math-53-Jaid-patch4/source-0-Complex.java'],['tmp/files/llm4pc-defects4j-Math-53-Jaid-patch4/target-0-Complex.java'],overfitting
llm4pc-defects4j-Math-53-Jaid-patch1,defects4j-Math-53,Jaid,tmp/patches/cleaned/llm4pc-defects4j-Math-53-Jaid-patch1.patch,Overfitting,LLM4PC,['tmp/methods/llm4pc-defects4j-Math-53-Jaid-patch1/source-0.java'],['tmp/methods/llm4pc-defects4j-Math-53-Jaid-patch1/target-0.java'],jaid,['tmp/files/llm4pc-defects4j-Math-53-Jaid-patch1/source-0-Complex.java'],['tmp/files/llm4pc-defects4j-Math-53-Jaid-patch1/target-0-Complex.java'],correct
llm4pc-defects4j-Math-85-Jaid-patch4,defects4j-Math-85,Jaid,tmp/patches/cleaned/llm4pc-defects4j-Math-85-Jaid-patch4.patch,Overfitting,LLM4PC,['tmp/methods/llm4pc-defects4j-Math-85-Jaid-patch4/source-0.java'],['tmp/methods/llm4pc-defects4j-Math-85-Jaid-patch4/target-0.java'],jaid,['tmp/files/llm4pc-defects4j-Math-85-Jaid-patch4/source-0-UnivariateRealSolverUtils.java'],['tmp/files/llm4pc-defects4j-Math-85-Jaid-patch4/target-0-UnivariateRealSolverUtils.java'],correct
llm4pc-defects4j-Math-85-Jaid-patch3,defects4j-Math-85,Jaid,tmp/patches/cleaned/llm4pc-defects4j-Math-85-Jaid-patch3.patch,Overfitting,LLM4PC,['tmp/methods/llm4pc-defects4j-Math-85-Jaid-patch3/source-0.java'],['tmp/methods/llm4pc-defects4j-Math-85-Jaid-patch3/target-0.java'],jaid,['tmp/files/llm4pc-defects4j-Math-85-Jaid-patch3/source-0-UnivariateRealSolverUtils.java'],['tmp/files/llm4pc-defects4j-Math-85-Jaid-patch3/target-0-UnivariateRealSolverUtils.java'],correct
llm4pc-defects4j-Math-85-Jaid-patch2,defects4j-Math-85,Jaid,tmp/patches/cleaned/llm4pc-defects4j-Math-85-Jaid-patch2.patch,Overfitting,LLM4PC,['tmp/methods/llm4pc-defects4j-Math-85-Jaid-patch2/source-0.java'],['tmp/methods/llm4pc-defects4j-Math-85-Jaid-patch2/target-0.java'],jaid,['tmp/files/llm4pc-defects4j-Math-85-Jaid-patch2/source-0-UnivariateRealSolverUtils.java'],['tmp/files/llm4pc-defects4j-Math-85-Jaid-patch2/target-0-UnivariateRealSolverUtils.java'],correct
llm4pc-defects4j-Math-85-Jaid-patch1,defects4j-Math-85,Jaid,tmp/patches/cleaned/llm4pc-defects4j-Math-85-Jaid-patch1.patch,Overfitting,LLM4PC,['tmp/methods/llm4pc-defects4j-Math-85-Jaid-patch1/source-0.java'],['tmp/methods/llm4pc-defects4j-Math-85-Jaid-patch1/target-0.java'],jaid,['tmp/files/llm4pc-defects4j-Math-85-Jaid-patch1/source-0-UnivariateRealSolverUtils.java'],['tmp/files/llm4pc-defects4j-Math-85-Jaid-patch1/target-0-UnivariateRealSolverUtils.java'],correct
llm4pc-defects4j-Math-82-Jaid-patch3,defects4j-Math-82,Jaid,tmp/patches/cleaned/llm4pc-defects4j-Math-82-Jaid-patch3.patch,Overfitting,LLM4PC,['tmp/methods/llm4pc-defects4j-Math-82-Jaid-patch3/source-0.java'],['tmp/methods/llm4pc-defects4j-Math-82-Jaid-patch3/target-0.java'],jaid,['tmp/files/llm4pc-defects4j-Math-82-Jaid-patch3/source-0-SimplexSolver.java'],['tmp/files/llm4pc-defects4j-Math-82-Jaid-patch3/target-0-SimplexSolver.java'],correct
llm4pc-defects4j-Math-53-Jaid-patch2,defects4j-Math-53,Jaid,tmp/patches/cleaned/llm4pc-defects4j-Math-53-Jaid-patch2.patch,Overfitting,LLM4PC,['tmp/methods/llm4pc-defects4j-Math-53-Jaid-patch2/source-0.java'],['tmp/methods/llm4pc-defects4j-Math-53-Jaid-patch2/target-0.java'],jaid,['tmp/files/llm4pc-defects4j-Math-53-Jaid-patch2/source-0-Complex.java'],['tmp/files/llm4pc-defects4j-Math-53-Jaid-patch2/target-0-Complex.java'],correct
llm4pc-defects4j-Math-82-Jaid-patch1,defects4j-Math-82,Jaid,tmp/patches/cleaned/llm4pc-defects4j-Math-82-Jaid-patch1.patch,Overfitting,LLM4PC,['tmp/methods/llm4pc-defects4j-Math-82-Jaid-patch1/source-0.java'],['tmp/methods/llm4pc-defects4j-Math-82-Jaid-patch1/target-0.java'],jaid,['tmp/files/llm4pc-defects4j-Math-82-Jaid-patch1/source-0-SimplexSolver.java'],['tmp/files/llm4pc-defects4j-Math-82-Jaid-patch1/target-0-SimplexSolver.java'],overfitting
llm4pc-defects4j-Lang-51-TBar-patch1,defects4j-Lang-51,TBar,tmp/patches/cleaned/llm4pc-defects4j-Lang-51-TBar-patch1.patch,Overfitting,LLM4PC,['tmp/methods/llm4pc-defects4j-Lang-51-TBar-patch1/source-0.java'],['tmp/methods/llm4pc-defects4j-Lang-51-TBar-patch1/target-0.java'],tbar,['tmp/files/llm4pc-defects4j-Lang-51-TBar-patch1/source-0-BooleanUtils.java'],['tmp/files/llm4pc-defects4j-Lang-51-TBar-patch1/target-0-BooleanUtils.java'],overfitting
llm4pc-defects4j-Lang-22-TBar-patch1,defects4j-Lang-22,TBar,tmp/patches/cleaned/llm4pc-defects4j-Lang-22-TBar-patch1.patch,Overfitting,LLM4PC,['tmp/methods/llm4pc-defects4j-Lang-22-TBar-patch1/source-0.java'],['tmp/methods/llm4pc-defects4j-Lang-22-TBar-patch1/target-0.java'],tbar,['tmp/files/llm4pc-defects4j-Lang-22-TBar-patch1/source-0-Fraction.java'],['tmp/files/llm4pc-defects4j-Lang-22-TBar-patch1/target-0-Fraction.java'],overfitting
llm4pc-defects4j-Lang-39-TBar-patch1,defects4j-Lang-39,TBar,tmp/patches/cleaned/llm4pc-defects4j-Lang-39-TBar-patch1.patch,Overfitting,LLM4PC,['tmp/methods/llm4pc-defects4j-Lang-39-TBar-patch1/source-0.java'],['tmp/methods/llm4pc-defects4j-Lang-39-TBar-patch1/target-0.java'],tbar,['tmp/files/llm4pc-defects4j-Lang-39-TBar-patch1/source-0-StringUtils.java'],['tmp/files/llm4pc-defects4j-Lang-39-TBar-patch1/target-0-StringUtils.java'],overfitting
llm4pc-defects4j-Lang-20-TBar-patch1,defects4j-Lang-20,TBar,tmp/patches/cleaned/llm4pc-defects4j-Lang-20-TBar-patch1.patch,Overfitting,LLM4PC,['tmp/methods/llm4pc-defects4j-Lang-20-TBar-patch1/source-0.java'],['tmp/methods/llm4pc-defects4j-Lang-20-TBar-patch1/target-0.java'],tbar,['tmp/files/llm4pc-defects4j-Lang-20-TBar-patch1/source-0-StringUtils.java'],['tmp/files/llm4pc-defects4j-Lang-20-TBar-patch1/target-0-StringUtils.java'],overfitting
llm4pc-defects4j-Lang-63-TBar-patch1,defects4j-Lang-63,TBar,tmp/patches/cleaned/llm4pc-defects4j-Lang-63-TBar-patch1.patch,Overfitting,LLM4PC,['tmp/methods/llm4pc-defects4j-Lang-63-TBar-patch1/source-0.java'],['tmp/methods/llm4pc-defects4j-Lang-63-TBar-patch1/target-0.java'],tbar,['tmp/files/llm4pc-defects4j-Lang-63-TBar-patch1/source-0-DurationFormatUtils.java'],['tmp/files/llm4pc-defects4j-Lang-63-TBar-patch1/target-0-DurationFormatUtils.java'],overfitting
llm4pc-defects4j-Lang-27-TBar-patch1,defects4j-Lang-27,TBar,tmp/patches/cleaned/llm4pc-defects4j-Lang-27-TBar-patch1.patch,Overfitting,LLM4PC,['tmp/methods/llm4pc-defects4j-Lang-27-TBar-patch1/source-0.java'],['tmp/methods/llm4pc-defects4j-Lang-27-TBar-patch1/target-0.java'],tbar,['tmp/files/llm4pc-defects4j-Lang-27-TBar-patch1/source-0-NumberUtils.java'],['tmp/files/llm4pc-defects4j-Lang-27-TBar-patch1/target-0-NumberUtils.java'],overfitting
llm4pc-defects4j-Lang-58-TBar-patch1,defects4j-Lang-58,TBar,tmp/patches/cleaned/llm4pc-defects4j-Lang-58-TBar-patch1.patch,Overfitting,LLM4PC,['tmp/methods/llm4pc-defects4j-Lang-58-TBar-patch1/source-0.java'],['tmp/methods/llm4pc-defects4j-Lang-58-TBar-patch1/target-0.java'],tbar,['tmp/files/llm4pc-defects4j-Lang-58-TBar-patch1/source-0-NumberUtils.java'],['tmp/files/llm4pc-defects4j-Lang-58-TBar-patch1/target-0-NumberUtils.java'],correct
llm4pc-defects4j-Lang-60-TBar-patch1,defects4j-Lang-60,TBar,tmp/patches/cleaned/llm4pc-defects4j-Lang-60-TBar-patch1.patch,Overfitting,LLM4PC,['tmp/methods/llm4pc-defects4j-Lang-60-TBar-patch1/source-0.java'],['tmp/methods/llm4pc-defects4j-Lang-60-TBar-patch1/target-0.java'],tbar,['tmp/files/llm4pc-defects4j-Lang-60-TBar-patch1/source-0-StrBuilder.java'],['tmp/files/llm4pc-defects4j-Lang-60-TBar-patch1/target-0-StrBuilder.java'],overfitting
llm4pc-defects4j-Lang-44-TBar-patch1,defects4j-Lang-44,TBar,tmp/patches/cleaned/llm4pc-defects4j-Lang-44-TBar-patch1.patch,Overfitting,LLM4PC,['tmp/methods/llm4pc-defects4j-Lang-44-TBar-patch1/source-0.java'],['tmp/methods/llm4pc-defects4j-Lang-44-TBar-patch1/target-0.java'],tbar,['tmp/files/llm4pc-defects4j-Lang-44-TBar-patch1/source-0-NumberUtils.java'],['tmp/files/llm4pc-defects4j-Lang-44-TBar-patch1/target-0-NumberUtils.java'],correct
llm4pc-defects4j-Closure-107-TBar-patch1,defects4j-Closure-107,TBar,tmp/patches/cleaned/llm4pc-defects4j-Closure-107-TBar-patch1.patch,Overfitting,LLM4PC,['tmp/methods/llm4pc-defects4j-Closure-107-TBar-patch1/source-0.java'],['tmp/methods/llm4pc-defects4j-Closure-107-TBar-patch1/target-0.java'],tbar,['tmp/files/llm4pc-defects4j-Closure-107-TBar-patch1/source-0-CommandLineRunner.java'],['tmp/files/llm4pc-defects4j-Closure-107-TBar-patch1/target-0-CommandLineRunner.java'],overfitting
llm4pc-defects4j-Closure-115-TBar-patch1,defects4j-Closure-115,TBar,tmp/patches/cleaned/llm4pc-defects4j-Closure-115-TBar-patch1.patch,Overfitting,LLM4PC,['tmp/methods/llm4pc-defects4j-Closure-115-TBar-patch1/source-0.java'],['tmp/methods/llm4pc-defects4j-Closure-115-TBar-patch1/target-0.java'],tbar,['tmp/files/llm4pc-defects4j-Closure-115-TBar-patch1/source-0-FunctionInjector.java'],['tmp/files/llm4pc-defects4j-Closure-115-TBar-patch1/target-0-FunctionInjector.java'],correct
llm4pc-defects4j-Closure-126-TBar-patch1,defects4j-Closure-126,TBar,tmp/patches/cleaned/llm4pc-defects4j-Closure-126-TBar-patch1.patch,Overfitting,LLM4PC,['tmp/methods/llm4pc-defects4j-Closure-126-TBar-patch1/source-0.java'],['tmp/methods/llm4pc-defects4j-Closure-126-TBar-patch1/target-0.java'],tbar,['tmp/files/llm4pc-defects4j-Closure-126-TBar-patch1/source-0-MinimizeExitPoints.java'],['tmp/files/llm4pc-defects4j-Closure-126-TBar-patch1/target-0-MinimizeExitPoints.java'],overfitting
llm4pc-defects4j-Closure-22-TBar-patch1,defects4j-Closure-22,TBar,tmp/patches/cleaned/llm4pc-defects4j-Closure-22-TBar-patch1.patch,Overfitting,LLM4PC,['tmp/methods/llm4pc-defects4j-Closure-22-TBar-patch1/source-0.java'],['tmp/methods/llm4pc-defects4j-Closure-22-TBar-patch1/target-0.java'],tbar,['tmp/files/llm4pc-defects4j-Closure-22-TBar-patch1/source-0-CheckSideEffects.java'],['tmp/files/llm4pc-defects4j-Closure-22-TBar-patch1/target-0-CheckSideEffects.java'],overfitting
llm4pc-defects4j-Closure-21-TBar-patch1,defects4j-Closure-21,TBar,tmp/patches/cleaned/llm4pc-defects4j-Closure-21-TBar-patch1.patch,Overfitting,LLM4PC,['tmp/methods/llm4pc-defects4j-Closure-21-TBar-patch1/source-0.java'],['tmp/methods/llm4pc-defects4j-Closure-21-TBar-patch1/target-0.java'],tbar,['tmp/files/llm4pc-defects4j-Closure-21-TBar-patch1/source-0-CheckSideEffects.java'],['tmp/files/llm4pc-defects4j-Closure-21-TBar-patch1/target-0-CheckSideEffects.java'],correct
llm4pc-defects4j-Closure-133-TBar-patch1,defects4j-Closure-133,TBar,tmp/patches/cleaned/llm4pc-defects4j-Closure-133-TBar-patch1.patch,Overfitting,LLM4PC,['tmp/methods/llm4pc-defects4j-Closure-133-TBar-patch1/source-0.java'],['tmp/methods/llm4pc-defects4j-Closure-133-TBar-patch1/target-0.java'],tbar,['tmp/files/llm4pc-defects4j-Closure-133-TBar-patch1/source-0-JsDocInfoParser.java'],['tmp/files/llm4pc-defects4j-Closure-133-TBar-patch1/target-0-JsDocInfoParser.java'],overfitting
llm4pc-defects4j-Chart-26-TBar-patch1,defects4j-Chart-26,TBar,tmp/patches/cleaned/llm4pc-defects4j-Chart-26-TBar-patch1.patch,Overfitting,LLM4PC,['tmp/methods/llm4pc-defects4j-Chart-26-TBar-patch1/source-0.java'],['tmp/methods/llm4pc-defects4j-Chart-26-TBar-patch1/target-0.java'],tbar,['tmp/files/llm4pc-defects4j-Chart-26-TBar-patch1/source-0-CategoryPlot.java'],['tmp/files/llm4pc-defects4j-Chart-26-TBar-patch1/target-0-CategoryPlot.java'],overfitting
llm4pc-defects4j-Chart-5-TBar-patch1,defects4j-Chart-5,TBar,tmp/patches/cleaned/llm4pc-defects4j-Chart-5-TBar-patch1.patch,Overfitting,LLM4PC,['tmp/methods/llm4pc-defects4j-Chart-5-TBar-patch1/source-0.java'],['tmp/methods/llm4pc-defects4j-Chart-5-TBar-patch1/target-0.java'],tbar,['tmp/files/llm4pc-defects4j-Chart-5-TBar-patch1/source-0-XYSeries.java'],['tmp/files/llm4pc-defects4j-Chart-5-TBar-patch1/target-0-XYSeries.java'],overfitting
llm4pc-defects4j-Chart-12-TBar-patch1,defects4j-Chart-12,TBar,tmp/patches/cleaned/llm4pc-defects4j-Chart-12-TBar-patch1.patch,Overfitting,LLM4PC,['tmp/methods/llm4pc-defects4j-Chart-12-TBar-patch1/source-0.java'],['tmp/methods/llm4pc-defects4j-Chart-12-TBar-patch1/target-0.java'],tbar,['tmp/files/llm4pc-defects4j-Chart-12-TBar-patch1/source-0-AbstractDataset.java'],['tmp/files/llm4pc-defects4j-Chart-12-TBar-patch1/target-0-AbstractDataset.java'],correct
llm4pc-defects4j-Chart-13-TBar-patch1,defects4j-Chart-13,TBar,tmp/patches/cleaned/llm4pc-defects4j-Chart-13-TBar-patch1.patch,Overfitting,LLM4PC,['tmp/methods/llm4pc-defects4j-Chart-13-TBar-patch1/source-0.java'],['tmp/methods/llm4pc-defects4j-Chart-13-TBar-patch1/target-0.java'],tbar,['tmp/files/llm4pc-defects4j-Chart-13-TBar-patch1/source-0-Range.java'],['tmp/files/llm4pc-defects4j-Chart-13-TBar-patch1/target-0-Range.java'],overfitting
llm4pc-defects4j-Chart-3-TBar-patch1,defects4j-Chart-3,TBar,tmp/patches/cleaned/llm4pc-defects4j-Chart-3-TBar-patch1.patch,Overfitting,LLM4PC,['tmp/methods/llm4pc-defects4j-Chart-3-TBar-patch1/source-0.java'],['tmp/methods/llm4pc-defects4j-Chart-3-TBar-patch1/target-0.java'],tbar,['tmp/files/llm4pc-defects4j-Chart-3-TBar-patch1/source-0-TimeSeries.java'],['tmp/files/llm4pc-defects4j-Chart-3-TBar-patch1/target-0-TimeSeries.java'],overfitting
llm4pc-defects4j-Chart-14-TBar-patch1,defects4j-Chart-14,TBar,tmp/patches/cleaned/llm4pc-defects4j-Chart-14-TBar-patch1.patch,Overfitting,LLM4PC,['tmp/methods/llm4pc-defects4j-Chart-14-TBar-patch1/source-0.java'],['tmp/methods/llm4pc-defects4j-Chart-14-TBar-patch1/target-0.java'],tbar,['tmp/files/llm4pc-defects4j-Chart-14-TBar-patch1/source-0-XYPlot.java'],['tmp/files/llm4pc-defects4j-Chart-14-TBar-patch1/target-0-XYPlot.java'],overfitting
llm4pc-defects4j-Chart-7-TBar-patch1,defects4j-Chart-7,TBar,tmp/patches/cleaned/llm4pc-defects4j-Chart-7-TBar-patch1.patch,Overfitting,LLM4PC,['tmp/methods/llm4pc-defects4j-Chart-7-TBar-patch1/source-0.java'],['tmp/methods/llm4pc-defects4j-Chart-7-TBar-patch1/target-0.java'],tbar,['tmp/files/llm4pc-defects4j-Chart-7-TBar-patch1/source-0-TimePeriodValues.java'],['tmp/files/llm4pc-defects4j-Chart-7-TBar-patch1/target-0-TimePeriodValues.java'],overfitting
llm4pc-defects4j-Math-63-TBar-patch1,defects4j-Math-63,TBar,tmp/patches/cleaned/llm4pc-defects4j-Math-63-TBar-patch1.patch,Overfitting,LLM4PC,['tmp/methods/llm4pc-defects4j-Math-63-TBar-patch1/source-0.java'],['tmp/methods/llm4pc-defects4j-Math-63-TBar-patch1/target-0.java'],tbar,['tmp/files/llm4pc-defects4j-Math-63-TBar-patch1/source-0-MathUtils.java'],['tmp/files/llm4pc-defects4j-Math-63-TBar-patch1/target-0-MathUtils.java'],overfitting
llm4pc-defects4j-Math-50-TBar-patch1,defects4j-Math-50,TBar,tmp/patches/cleaned/llm4pc-defects4j-Math-50-TBar-patch1.patch,Overfitting,LLM4PC,['tmp/methods/llm4pc-defects4j-Math-50-TBar-patch1/source-0.java'],['tmp/methods/llm4pc-defects4j-Math-50-TBar-patch1/target-0.java'],tbar,['tmp/files/llm4pc-defects4j-Math-50-TBar-patch1/source-0-BaseSecantSolver.java'],['tmp/files/llm4pc-defects4j-Math-50-TBar-patch1/target-0-BaseSecantSolver.java'],correct
llm4pc-defects4j-Math-82-TBar-patch1,defects4j-Math-82,TBar,tmp/patches/cleaned/llm4pc-defects4j-Math-82-TBar-patch1.patch,Overfitting,LLM4PC,['tmp/methods/llm4pc-defects4j-Math-82-TBar-patch1/source-0.java'],['tmp/methods/llm4pc-defects4j-Math-82-TBar-patch1/target-0.java'],tbar,['tmp/files/llm4pc-defects4j-Math-82-TBar-patch1/source-0-SimplexSolver.java'],['tmp/files/llm4pc-defects4j-Math-82-TBar-patch1/target-0-SimplexSolver.java'],correct
llm4pc-defects4j-Math-15-TBar-patch1,defects4j-Math-15,TBar,tmp/patches/cleaned/llm4pc-defects4j-Math-15-TBar-patch1.patch,Overfitting,LLM4PC,['tmp/methods/llm4pc-defects4j-Math-15-TBar-patch1/source-0.java'],['tmp/methods/llm4pc-defects4j-Math-15-TBar-patch1/target-0.java'],tbar,['tmp/files/llm4pc-defects4j-Math-15-TBar-patch1/source-0-FastMath.java'],['tmp/files/llm4pc-defects4j-Math-15-TBar-patch1/target-0-FastMath.java'],correct
llm4pc-defects4j-Math-2-TBar-patch1,defects4j-Math-2,TBar,tmp/patches/cleaned/llm4pc-defects4j-Math-2-TBar-patch1.patch,Overfitting,LLM4PC,['tmp/methods/llm4pc-defects4j-Math-2-TBar-patch1/source-0.java'],['tmp/methods/llm4pc-defects4j-Math-2-TBar-patch1/target-0.java'],tbar,['tmp/files/llm4pc-defects4j-Math-2-TBar-patch1/source-0-HypergeometricDistribution.java'],['tmp/files/llm4pc-defects4j-Math-2-TBar-patch1/target-0-HypergeometricDistribution.java'],overfitting
llm4pc-defects4j-Math-95-TBar-patch1,defects4j-Math-95,TBar,tmp/patches/cleaned/llm4pc-defects4j-Math-95-TBar-patch1.patch,Overfitting,LLM4PC,['tmp/methods/llm4pc-defects4j-Math-95-TBar-patch1/source-0.java'],['tmp/methods/llm4pc-defects4j-Math-95-TBar-patch1/target-0.java'],tbar,['tmp/files/llm4pc-defects4j-Math-95-TBar-patch1/source-0-FDistributionImpl.java'],['tmp/files/llm4pc-defects4j-Math-95-TBar-patch1/target-0-FDistributionImpl.java'],overfitting
llm4pc-defects4j-Math-96-TBar-patch1,defects4j-Math-96,TBar,tmp/patches/cleaned/llm4pc-defects4j-Math-96-TBar-patch1.patch,Overfitting,LLM4PC,['tmp/methods/llm4pc-defects4j-Math-96-TBar-patch1/source-0.java'],['tmp/methods/llm4pc-defects4j-Math-96-TBar-patch1/target-0.java'],tbar,['tmp/files/llm4pc-defects4j-Math-96-TBar-patch1/source-0-Complex.java'],['tmp/files/llm4pc-defects4j-Math-96-TBar-patch1/target-0-Complex.java'],overfitting
llm4pc-defects4j-Math-88-TBar-patch1,defects4j-Math-88,TBar,tmp/patches/cleaned/llm4pc-defects4j-Math-88-TBar-patch1.patch,Overfitting,LLM4PC,['tmp/methods/llm4pc-defects4j-Math-88-TBar-patch1/source-0.java'],['tmp/methods/llm4pc-defects4j-Math-88-TBar-patch1/target-0.java'],tbar,['tmp/files/llm4pc-defects4j-Math-88-TBar-patch1/source-0-SimplexTableau.java'],['tmp/files/llm4pc-defects4j-Math-88-TBar-patch1/target-0-SimplexTableau.java'],correct
llm4pc-defects4j-Math-81-TBar-patch1,defects4j-Math-81,TBar,tmp/patches/cleaned/llm4pc-defects4j-Math-81-TBar-patch1.patch,Overfitting,LLM4PC,['tmp/methods/llm4pc-defects4j-Math-81-TBar-patch1/source-0.java'],['tmp/methods/llm4pc-defects4j-Math-81-TBar-patch1/target-0.java'],tbar,['tmp/files/llm4pc-defects4j-Math-81-TBar-patch1/source-0-EigenDecompositionImpl.java'],['tmp/files/llm4pc-defects4j-Math-81-TBar-patch1/target-0-EigenDecompositionImpl.java'],overfitting
llm4pc-defects4j-Math-84-TBar-patch1,defects4j-Math-84,TBar,tmp/patches/cleaned/llm4pc-defects4j-Math-84-TBar-patch1.patch,Overfitting,LLM4PC,['tmp/methods/llm4pc-defects4j-Math-84-TBar-patch1/source-0.java'],['tmp/methods/llm4pc-defects4j-Math-84-TBar-patch1/target-0.java'],tbar,['tmp/files/llm4pc-defects4j-Math-84-TBar-patch1/source-0-MultiDirectional.java'],['tmp/files/llm4pc-defects4j-Math-84-TBar-patch1/target-0-MultiDirectional.java'],overfitting
llm4pc-defects4j-Math-8-TBar-patch1,defects4j-Math-8,TBar,tmp/patches/cleaned/llm4pc-defects4j-Math-8-TBar-patch1.patch,Overfitting,LLM4PC,['tmp/methods/llm4pc-defects4j-Math-8-TBar-patch1/source-0.java'],['tmp/methods/llm4pc-defects4j-Math-8-TBar-patch1/target-0.java'],tbar,['tmp/files/llm4pc-defects4j-Math-8-TBar-patch1/source-0-DiscreteDistribution.java'],['tmp/files/llm4pc-defects4j-Math-8-TBar-patch1/target-0-DiscreteDistribution.java'],overfitting
llm4pc-defects4j-Lang-57-FixMiner-patch1,defects4j-Lang-57,FixMiner,tmp/patches/cleaned/llm4pc-defects4j-Lang-57-FixMiner-patch1.patch,Overfitting,LLM4PC,['tmp/methods/llm4pc-defects4j-Lang-57-FixMiner-patch1/source-0.java'],['tmp/methods/llm4pc-defects4j-Lang-57-FixMiner-patch1/target-0.java'],fixminer,['tmp/files/llm4pc-defects4j-Lang-57-FixMiner-patch1/source-0-LocaleUtils.java'],['tmp/files/llm4pc-defects4j-Lang-57-FixMiner-patch1/target-0-LocaleUtils.java'],overfitting
llm4pc-defects4j-Lang-63-FixMiner-patch1,defects4j-Lang-63,FixMiner,tmp/patches/cleaned/llm4pc-defects4j-Lang-63-FixMiner-patch1.patch,Overfitting,LLM4PC,['tmp/methods/llm4pc-defects4j-Lang-63-FixMiner-patch1/source-0.java'],['tmp/methods/llm4pc-defects4j-Lang-63-FixMiner-patch1/target-0.java'],fixminer,['tmp/files/llm4pc-defects4j-Lang-63-FixMiner-patch1/source-0-DurationFormatUtils.java'],['tmp/files/llm4pc-defects4j-Lang-63-FixMiner-patch1/target-0-DurationFormatUtils.java'],overfitting
llm4pc-defects4j-Closure-129-FixMiner-patch1,defects4j-Closure-129,FixMiner,tmp/patches/cleaned/llm4pc-defects4j-Closure-129-FixMiner-patch1.patch,Overfitting,LLM4PC,['tmp/methods/llm4pc-defects4j-Closure-129-FixMiner-patch1/source-0.java'],['tmp/methods/llm4pc-defects4j-Closure-129-FixMiner-patch1/target-0.java'],fixminer,['tmp/files/llm4pc-defects4j-Closure-129-FixMiner-patch1/source-0-Node.java'],['tmp/files/llm4pc-defects4j-Closure-129-FixMiner-patch1/target-0-Node.java'],overfitting
llm4pc-defects4j-Closure-19-FixMiner-patch1,defects4j-Closure-19,FixMiner,tmp/patches/cleaned/llm4pc-defects4j-Closure-19-FixMiner-patch1.patch,Overfitting,LLM4PC,['tmp/methods/llm4pc-defects4j-Closure-19-FixMiner-patch1/source-0.java'],['tmp/methods/llm4pc-defects4j-Closure-19-FixMiner-patch1/target-0.java'],fixminer,['tmp/files/llm4pc-defects4j-Closure-19-FixMiner-patch1/source-0-ChainableReverseAbstractInterpreter.java'],['tmp/files/llm4pc-defects4j-Closure-19-FixMiner-patch1/target-0-ChainableReverseAbstractInterpreter.java'],overfitting
llm4pc-defects4j-Chart-13-FixMiner-patch1,defects4j-Chart-13,FixMiner,tmp/patches/cleaned/llm4pc-defects4j-Chart-13-FixMiner-patch1.patch,Overfitting,LLM4PC,['tmp/methods/llm4pc-defects4j-Chart-13-FixMiner-patch1/source-0.java'],['tmp/methods/llm4pc-defects4j-Chart-13-FixMiner-patch1/target-0.java'],fixminer,['tmp/files/llm4pc-defects4j-Chart-13-FixMiner-patch1/source-0-BorderArrangement.java'],['tmp/files/llm4pc-defects4j-Chart-13-FixMiner-patch1/target-0-BorderArrangement.java'],correct
llm4pc-defects4j-Chart-7-FixMiner-patch1,defects4j-Chart-7,FixMiner,tmp/patches/cleaned/llm4pc-defects4j-Chart-7-FixMiner-patch1.patch,Overfitting,LLM4PC,['tmp/methods/llm4pc-defects4j-Chart-7-FixMiner-patch1/source-0.java'],['tmp/methods/llm4pc-defects4j-Chart-7-FixMiner-patch1/target-0.java'],fixminer,['tmp/files/llm4pc-defects4j-Chart-7-FixMiner-patch1/source-0-TimePeriodValues.java'],['tmp/files/llm4pc-defects4j-Chart-7-FixMiner-patch1/target-0-TimePeriodValues.java'],overfitting
llm4pc-defects4j-Chart-14-FixMiner-patch1,defects4j-Chart-14,FixMiner,tmp/patches/cleaned/llm4pc-defects4j-Chart-14-FixMiner-patch1.patch,Overfitting,LLM4PC,['tmp/methods/llm4pc-defects4j-Chart-14-FixMiner-patch1/source-0.java'],['tmp/methods/llm4pc-defects4j-Chart-14-FixMiner-patch1/target-0.java'],fixminer,['tmp/files/llm4pc-defects4j-Chart-14-FixMiner-patch1/source-0-XYPlot.java'],['tmp/files/llm4pc-defects4j-Chart-14-FixMiner-patch1/target-0-XYPlot.java'],correct
llm4pc-defects4j-Chart-15-FixMiner-patch1,defects4j-Chart-15,FixMiner,tmp/patches/cleaned/llm4pc-defects4j-Chart-15-FixMiner-patch1.patch,Overfitting,LLM4PC,['tmp/methods/llm4pc-defects4j-Chart-15-FixMiner-patch1/source-0.java'],['tmp/methods/llm4pc-defects4j-Chart-15-FixMiner-patch1/target-0.java'],fixminer,['tmp/files/llm4pc-defects4j-Chart-15-FixMiner-patch1/source-0-PiePlot3D.java'],['tmp/files/llm4pc-defects4j-Chart-15-FixMiner-patch1/target-0-PiePlot3D.java'],overfitting
llm4pc-defects4j-Chart-26-FixMiner-patch1,defects4j-Chart-26,FixMiner,tmp/patches/cleaned/llm4pc-defects4j-Chart-26-FixMiner-patch1.patch,Overfitting,LLM4PC,['tmp/methods/llm4pc-defects4j-Chart-26-FixMiner-patch1/source-0.java'],['tmp/methods/llm4pc-defects4j-Chart-26-FixMiner-patch1/target-0.java'],fixminer,['tmp/files/llm4pc-defects4j-Chart-26-FixMiner-patch1/source-0-CategoryPlot.java'],['tmp/files/llm4pc-defects4j-Chart-26-FixMiner-patch1/target-0-CategoryPlot.java'],overfitting
llm4pc-defects4j-Chart-25-FixMiner-patch1,defects4j-Chart-25,FixMiner,tmp/patches/cleaned/llm4pc-defects4j-Chart-25-FixMiner-patch1.patch,Overfitting,LLM4PC,['tmp/methods/llm4pc-defects4j-Chart-25-FixMiner-patch1/source-0.java'],['tmp/methods/llm4pc-defects4j-Chart-25-FixMiner-patch1/target-0.java'],fixminer,['tmp/files/llm4pc-defects4j-Chart-25-FixMiner-patch1/source-0-DefaultStatisticalCategoryDataset.java'],['tmp/files/llm4pc-defects4j-Chart-25-FixMiner-patch1/target-0-DefaultStatisticalCategoryDataset.java'],overfitting
llm4pc-defects4j-Chart-3-FixMiner-patch1,defects4j-Chart-3,FixMiner,tmp/patches/cleaned/llm4pc-defects4j-Chart-3-FixMiner-patch1.patch,Overfitting,LLM4PC,['tmp/methods/llm4pc-defects4j-Chart-3-FixMiner-patch1/source-0.java'],['tmp/methods/llm4pc-defects4j-Chart-3-FixMiner-patch1/target-0.java'],fixminer,['tmp/files/llm4pc-defects4j-Chart-3-FixMiner-patch1/source-0-TimeSeries.java'],['tmp/files/llm4pc-defects4j-Chart-3-FixMiner-patch1/target-0-TimeSeries.java'],overfitting
llm4pc-defects4j-Chart-17-FixMiner-patch1,defects4j-Chart-17,FixMiner,tmp/patches/cleaned/llm4pc-defects4j-Chart-17-FixMiner-patch1.patch,Overfitting,LLM4PC,['tmp/methods/llm4pc-defects4j-Chart-17-FixMiner-patch1/source-0.java'],['tmp/methods/llm4pc-defects4j-Chart-17-FixMiner-patch1/target-0.java'],fixminer,['tmp/files/llm4pc-defects4j-Chart-17-FixMiner-patch1/source-0-TimeSeries.java'],['tmp/files/llm4pc-defects4j-Chart-17-FixMiner-patch1/target-0-TimeSeries.java'],correct
llm4pc-defects4j-Math-50-FixMiner-patch1,defects4j-Math-50,FixMiner,tmp/patches/cleaned/llm4pc-defects4j-Math-50-FixMiner-patch1.patch,Overfitting,LLM4PC,['tmp/methods/llm4pc-defects4j-Math-50-FixMiner-patch1/source-0.java'],['tmp/methods/llm4pc-defects4j-Math-50-FixMiner-patch1/target-0.java'],fixminer,['tmp/files/llm4pc-defects4j-Math-50-FixMiner-patch1/source-0-BaseSecantSolver.java'],['tmp/files/llm4pc-defects4j-Math-50-FixMiner-patch1/target-0-BaseSecantSolver.java'],correct
llm4pc-defects4j-Math-81-FixMiner-patch1,defects4j-Math-81,FixMiner,tmp/patches/cleaned/llm4pc-defects4j-Math-81-FixMiner-patch1.patch,Overfitting,LLM4PC,['tmp/methods/llm4pc-defects4j-Math-81-FixMiner-patch1/source-0.java'],['tmp/methods/llm4pc-defects4j-Math-81-FixMiner-patch1/target-0.java'],fixminer,['tmp/files/llm4pc-defects4j-Math-81-FixMiner-patch1/source-0-EigenDecompositionImpl.java'],['tmp/files/llm4pc-defects4j-Math-81-FixMiner-patch1/target-0-EigenDecompositionImpl.java'],overfitting
llm4pc-defects4j-Math-80-FixMiner-patch1,defects4j-Math-80,FixMiner,tmp/patches/cleaned/llm4pc-defects4j-Math-80-FixMiner-patch1.patch,Overfitting,LLM4PC,['tmp/methods/llm4pc-defects4j-Math-80-FixMiner-patch1/source-0.java'],['tmp/methods/llm4pc-defects4j-Math-80-FixMiner-patch1/target-0.java'],fixminer,['tmp/files/llm4pc-defects4j-Math-80-FixMiner-patch1/source-0-EigenDecompositionImpl.java'],['tmp/files/llm4pc-defects4j-Math-80-FixMiner-patch1/target-0-EigenDecompositionImpl.java'],overfitting
llm4pc-defects4j-Math-85-FixMiner-patch1,defects4j-Math-85,FixMiner,tmp/patches/cleaned/llm4pc-defects4j-Math-85-FixMiner-patch1.patch,Overfitting,LLM4PC,['tmp/methods/llm4pc-defects4j-Math-85-FixMiner-patch1/source-0.java'],['tmp/methods/llm4pc-defects4j-Math-85-FixMiner-patch1/target-0.java'],fixminer,['tmp/files/llm4pc-defects4j-Math-85-FixMiner-patch1/source-0-UnivariateRealSolverUtils.java'],['tmp/files/llm4pc-defects4j-Math-85-FixMiner-patch1/target-0-UnivariateRealSolverUtils.java'],overfitting
llm4pc-defects4j-Math-63-FixMiner-patch1,defects4j-Math-63,FixMiner,tmp/patches/cleaned/llm4pc-defects4j-Math-63-FixMiner-patch1.patch,Overfitting,LLM4PC,['tmp/methods/llm4pc-defects4j-Math-63-FixMiner-patch1/source-0.java'],['tmp/methods/llm4pc-defects4j-Math-63-FixMiner-patch1/target-0.java'],fixminer,['tmp/files/llm4pc-defects4j-Math-63-FixMiner-patch1/source-0-MathUtils.java'],['tmp/files/llm4pc-defects4j-Math-63-FixMiner-patch1/target-0-MathUtils.java'],correct
llm4pc-defects4j-Math-20-FixMiner-patch1,defects4j-Math-20,FixMiner,tmp/patches/cleaned/llm4pc-defects4j-Math-20-FixMiner-patch1.patch,Overfitting,LLM4PC,['tmp/methods/llm4pc-defects4j-Math-20-FixMiner-patch1/source-0.java'],['tmp/methods/llm4pc-defects4j-Math-20-FixMiner-patch1/target-0.java'],fixminer,['tmp/files/llm4pc-defects4j-Math-20-FixMiner-patch1/source-0-CMAESOptimizer.java'],['tmp/files/llm4pc-defects4j-Math-20-FixMiner-patch1/target-0-CMAESOptimizer.java'],overfitting
llm4pc-defects4j-Time-11-FixMiner-patch1,defects4j-Time-11,FixMiner,tmp/patches/cleaned/llm4pc-defects4j-Time-11-FixMiner-patch1.patch,Overfitting,LLM4PC,['tmp/methods/llm4pc-defects4j-Time-11-FixMiner-patch1/source-0.java'],['tmp/methods/llm4pc-defects4j-Time-11-FixMiner-patch1/target-0.java'],fixminer,['tmp/files/llm4pc-defects4j-Time-11-FixMiner-patch1/source-0-ZoneInfoCompiler.java'],['tmp/files/llm4pc-defects4j-Time-11-FixMiner-patch1/target-0-ZoneInfoCompiler.java'],correct
llm4pc-defects4j-Lang-27-jKali-patch1,defects4j-Lang-27,jKali,tmp/patches/cleaned/llm4pc-defects4j-Lang-27-jKali-patch1.patch,Overfitting,LLM4PC,['tmp/methods/llm4pc-defects4j-Lang-27-jKali-patch1/source-0.java'],['tmp/methods/llm4pc-defects4j-Lang-27-jKali-patch1/target-0.java'],jkali,['tmp/files/llm4pc-defects4j-Lang-27-jKali-patch1/source-0-NumberUtils.java'],['tmp/files/llm4pc-defects4j-Lang-27-jKali-patch1/target-0-NumberUtils.java'],overfitting
llm4pc-defects4j-Lang-22-jKali-patch1,defects4j-Lang-22,jKali,tmp/patches/cleaned/llm4pc-defects4j-Lang-22-jKali-patch1.patch,Overfitting,LLM4PC,['tmp/methods/llm4pc-defects4j-Lang-22-jKali-patch1/source-0.java'],['tmp/methods/llm4pc-defects4j-Lang-22-jKali-patch1/target-0.java'],jkali,['tmp/files/llm4pc-defects4j-Lang-22-jKali-patch1/source-0-Fraction.java'],['tmp/files/llm4pc-defects4j-Lang-22-jKali-patch1/target-0-Fraction.java'],overfitting
llm4pc-defects4j-Closure-45-jKali-patch1,defects4j-Closure-45,jKali,tmp/patches/cleaned/llm4pc-defects4j-Closure-45-jKali-patch1.patch,Overfitting,LLM4PC,['tmp/methods/llm4pc-defects4j-Closure-45-jKali-patch1/source-0.java'],['tmp/methods/llm4pc-defects4j-Closure-45-jKali-patch1/target-0.java'],jkali,['tmp/files/llm4pc-defects4j-Closure-45-jKali-patch1/source-0-RemoveUnusedVars.java'],['tmp/files/llm4pc-defects4j-Closure-45-jKali-patch1/target-0-RemoveUnusedVars.java'],overfitting
llm4pc-defects4j-Closure-22-jKali-patch1,defects4j-Closure-22,jKali,tmp/patches/cleaned/llm4pc-defects4j-Closure-22-jKali-patch1.patch,Overfitting,LLM4PC,['tmp/methods/llm4pc-defects4j-Closure-22-jKali-patch1/source-0.java'],['tmp/methods/llm4pc-defects4j-Closure-22-jKali-patch1/target-0.java'],jkali,['tmp/files/llm4pc-defects4j-Closure-22-jKali-patch1/source-0-CheckSideEffects.java'],['tmp/files/llm4pc-defects4j-Closure-22-jKali-patch1/target-0-CheckSideEffects.java'],overfitting
llm4pc-defects4j-Closure-46-jKali-patch1,defects4j-Closure-46,jKali,tmp/patches/cleaned/llm4pc-defects4j-Closure-46-jKali-patch1.patch,Overfitting,LLM4PC,['tmp/methods/llm4pc-defects4j-Closure-46-jKali-patch1/source-0.java'],['tmp/methods/llm4pc-defects4j-Closure-46-jKali-patch1/target-0.java'],jkali,['tmp/files/llm4pc-defects4j-Closure-46-jKali-patch1/source-0-RecordType.java'],['tmp/files/llm4pc-defects4j-Closure-46-jKali-patch1/target-0-RecordType.java'],overfitting
llm4pc-defects4j-Closure-62-jKali-patch1,defects4j-Closure-62,jKali,tmp/patches/cleaned/llm4pc-defects4j-Closure-62-jKali-patch1.patch,Overfitting,LLM4PC,['tmp/methods/llm4pc-defects4j-Closure-62-jKali-patch1/source-0.java'],['tmp/methods/llm4pc-defects4j-Closure-62-jKali-patch1/target-0.java'],jkali,['tmp/files/llm4pc-defects4j-Closure-62-jKali-patch1/source-0-LightweightMessageFormatter.java'],['tmp/files/llm4pc-defects4j-Closure-62-jKali-patch1/target-0-LightweightMessageFormatter.java'],overfitting
llm4pc-defects4j-Closure-21-jKali-patch1,defects4j-Closure-21,jKali,tmp/patches/cleaned/llm4pc-defects4j-Closure-21-jKali-patch1.patch,Overfitting,LLM4PC,['tmp/methods/llm4pc-defects4j-Closure-21-jKali-patch1/source-0.java'],['tmp/methods/llm4pc-defects4j-Closure-21-jKali-patch1/target-0.java'],jkali,['tmp/files/llm4pc-defects4j-Closure-21-jKali-patch1/source-0-CheckSideEffects.java'],['tmp/files/llm4pc-defects4j-Closure-21-jKali-patch1/target-0-CheckSideEffects.java'],correct
llm4pc-defects4j-Closure-101-jKali-patch1,defects4j-Closure-101,jKali,tmp/patches/cleaned/llm4pc-defects4j-Closure-101-jKali-patch1.patch,Overfitting,LLM4PC,['tmp/methods/llm4pc-defects4j-Closure-101-jKali-patch1/source-0.java'],['tmp/methods/llm4pc-defects4j-Closure-101-jKali-patch1/target-0.java'],jkali,['tmp/files/llm4pc-defects4j-Closure-101-jKali-patch1/source-0-CompilationLevel.java'],['tmp/files/llm4pc-defects4j-Closure-101-jKali-patch1/target-0-CompilationLevel.java'],overfitting
llm4pc-defects4j-Chart-5-jKali-patch2,defects4j-Chart-5,jKali,tmp/patches/cleaned/llm4pc-defects4j-Chart-5-jKali-patch2.patch,Overfitting,LLM4PC,['tmp/methods/llm4pc-defects4j-Chart-5-jKali-patch2/source-0.java'],['tmp/methods/llm4pc-defects4j-Chart-5-jKali-patch2/target-0.java'],jkali,['tmp/files/llm4pc-defects4j-Chart-5-jKali-patch2/source-0-XYSeries.java'],['tmp/files/llm4pc-defects4j-Chart-5-jKali-patch2/target-0-XYSeries.java'],overfitting
llm4pc-defects4j-Chart-1-jKali-patch1,defects4j-Chart-1,jKali,tmp/patches/cleaned/llm4pc-defects4j-Chart-1-jKali-patch1.patch,Overfitting,LLM4PC,['tmp/methods/llm4pc-defects4j-Chart-1-jKali-patch1/source-0.java'],['tmp/methods/llm4pc-defects4j-Chart-1-jKali-patch1/target-0.java'],jkali,['tmp/files/llm4pc-defects4j-Chart-1-jKali-patch1/source-0-AbstractCategoryItemRenderer.java'],['tmp/files/llm4pc-defects4j-Chart-1-jKali-patch1/target-0-AbstractCategoryItemRenderer.java'],overfitting
llm4pc-defects4j-Chart-13-jKali-patch2,defects4j-Chart-13,jKali,tmp/patches/cleaned/llm4pc-defects4j-Chart-13-jKali-patch2.patch,Overfitting,LLM4PC,['tmp/methods/llm4pc-defects4j-Chart-13-jKali-patch2/source-0.java'],['tmp/methods/llm4pc-defects4j-Chart-13-jKali-patch2/target-0.java'],jkali,['tmp/files/llm4pc-defects4j-Chart-13-jKali-patch2/source-0-BorderArrangement.java'],['tmp/files/llm4pc-defects4j-Chart-13-jKali-patch2/target-0-BorderArrangement.java'],overfitting
llm4pc-defects4j-Math-32-jKali-patch2,defects4j-Math-32,jKali,tmp/patches/cleaned/llm4pc-defects4j-Math-32-jKali-patch2.patch,Overfitting,LLM4PC,['tmp/methods/llm4pc-defects4j-Math-32-jKali-patch2/source-0.java'],['tmp/methods/llm4pc-defects4j-Math-32-jKali-patch2/target-0.java'],jkali,['tmp/files/llm4pc-defects4j-Math-32-jKali-patch2/source-0-PolygonsSet.java'],['tmp/files/llm4pc-defects4j-Math-32-jKali-patch2/target-0-PolygonsSet.java'],overfitting
llm4pc-defects4j-Math-71-jKali-patch1,defects4j-Math-71,jKali,tmp/patches/cleaned/llm4pc-defects4j-Math-71-jKali-patch1.patch,Overfitting,LLM4PC,['tmp/methods/llm4pc-defects4j-Math-71-jKali-patch1/source-0.java'],['tmp/methods/llm4pc-defects4j-Math-71-jKali-patch1/target-0.java'],jkali,['tmp/files/llm4pc-defects4j-Math-71-jKali-patch1/source-0-ConvergingAlgorithmImpl.java'],['tmp/files/llm4pc-defects4j-Math-71-jKali-patch1/target-0-ConvergingAlgorithmImpl.java'],overfitting
llm4pc-defects4j-Math-49-jKali-patch1,defects4j-Math-49,jKali,tmp/patches/cleaned/llm4pc-defects4j-Math-49-jKali-patch1.patch,Overfitting,LLM4PC,['tmp/methods/llm4pc-defects4j-Math-49-jKali-patch1/source-0.java'],['tmp/methods/llm4pc-defects4j-Math-49-jKali-patch1/target-0.java'],jkali,['tmp/files/llm4pc-defects4j-Math-49-jKali-patch1/source-0-OpenMapRealVector.java'],['tmp/files/llm4pc-defects4j-Math-49-jKali-patch1/target-0-OpenMapRealVector.java'],overfitting
llm4pc-defects4j-Math-80-jKali-patch1,defects4j-Math-80,jKali,tmp/patches/cleaned/llm4pc-defects4j-Math-80-jKali-patch1.patch,Overfitting,LLM4PC,['tmp/methods/llm4pc-defects4j-Math-80-jKali-patch1/source-0.java'],['tmp/methods/llm4pc-defects4j-Math-80-jKali-patch1/target-0.java'],jkali,['tmp/files/llm4pc-defects4j-Math-80-jKali-patch1/source-0-EigenDecompositionImpl.java'],['tmp/files/llm4pc-defects4j-Math-80-jKali-patch1/target-0-EigenDecompositionImpl.java'],overfitting
llm4pc-defects4j-Math-2-jKali-patch2,defects4j-Math-2,jKali,tmp/patches/cleaned/llm4pc-defects4j-Math-2-jKali-patch2.patch,Overfitting,LLM4PC,['tmp/methods/llm4pc-defects4j-Math-2-jKali-patch2/source-0.java'],['tmp/methods/llm4pc-defects4j-Math-2-jKali-patch2/target-0.java'],jkali,['tmp/files/llm4pc-defects4j-Math-2-jKali-patch2/source-0-AbstractIntegerDistribution.java'],['tmp/files/llm4pc-defects4j-Math-2-jKali-patch2/target-0-AbstractIntegerDistribution.java'],overfitting
llm4pc-defects4j-Math-8-jKali-patch1,defects4j-Math-8,jKali,tmp/patches/cleaned/llm4pc-defects4j-Math-8-jKali-patch1.patch,Overfitting,LLM4PC,['tmp/methods/llm4pc-defects4j-Math-8-jKali-patch1/source-0.java'],['tmp/methods/llm4pc-defects4j-Math-8-jKali-patch1/target-0.java'],jkali,['tmp/files/llm4pc-defects4j-Math-8-jKali-patch1/source-0-DiscreteDistribution.java'],['tmp/files/llm4pc-defects4j-Math-8-jKali-patch1/target-0-DiscreteDistribution.java'],overfitting
llm4pc-defects4j-Math-29-jKali-patch1,defects4j-Math-29,jKali,tmp/patches/cleaned/llm4pc-defects4j-Math-29-jKali-patch1.patch,Overfitting,LLM4PC,['tmp/methods/llm4pc-defects4j-Math-29-jKali-patch1/source-0.java'],['tmp/methods/llm4pc-defects4j-Math-29-jKali-patch1/target-0.java'],jkali,['tmp/files/llm4pc-defects4j-Math-29-jKali-patch1/source-0-OpenMapRealVector.java'],['tmp/files/llm4pc-defects4j-Math-29-jKali-patch1/target-0-OpenMapRealVector.java'],overfitting
llm4pc-defects4j-Math-2-jKali-patch1,defects4j-Math-2,jKali,tmp/patches/cleaned/llm4pc-defects4j-Math-2-jKali-patch1.patch,Overfitting,LLM4PC,['tmp/methods/llm4pc-defects4j-Math-2-jKali-patch1/source-0.java'],['tmp/methods/llm4pc-defects4j-Math-2-jKali-patch1/target-0.java'],jkali,['tmp/files/llm4pc-defects4j-Math-2-jKali-patch1/source-0-AbstractIntegerDistribution.java'],['tmp/files/llm4pc-defects4j-Math-2-jKali-patch1/target-0-AbstractIntegerDistribution.java'],overfitting
llm4pc-defects4j-Math-85-Nopol-patch1,defects4j-Math-85,Nopol,tmp/patches/cleaned/llm4pc-defects4j-Math-85-Nopol-patch1.patch,Overfitting,LLM4PC,['tmp/methods/llm4pc-defects4j-Math-85-Nopol-patch1/source-0.java'],['tmp/methods/llm4pc-defects4j-Math-85-Nopol-patch1/target-0.java'],nopol,['tmp/files/llm4pc-defects4j-Math-85-Nopol-patch1/source-0-UnivariateRealSolverUtils.java'],['tmp/files/llm4pc-defects4j-Math-85-Nopol-patch1/target-0-UnivariateRealSolverUtils.java'],overfitting
llm4pc-defects4j-Math-95-jKali-patch1,defects4j-Math-95,jKali,tmp/patches/cleaned/llm4pc-defects4j-Math-95-jKali-patch1.patch,Overfitting,LLM4PC,['tmp/methods/llm4pc-defects4j-Math-95-jKali-patch1/source-0.java'],['tmp/methods/llm4pc-defects4j-Math-95-jKali-patch1/target-0.java'],jkali,['tmp/files/llm4pc-defects4j-Math-95-jKali-patch1/source-0-FDistributionImpl.java'],['tmp/files/llm4pc-defects4j-Math-95-jKali-patch1/target-0-FDistributionImpl.java'],overfitting
llm4pc-defects4j-Math-105-Nopol-patch1,defects4j-Math-105,Nopol,tmp/patches/cleaned/llm4pc-defects4j-Math-105-Nopol-patch1.patch,Overfitting,LLM4PC,['tmp/methods/llm4pc-defects4j-Math-105-Nopol-patch1/source-0.java'],['tmp/methods/llm4pc-defects4j-Math-105-Nopol-patch1/target-0.java'],nopol,['tmp/files/llm4pc-defects4j-Math-105-Nopol-patch1/source-0-SimpleRegression.java'],['tmp/files/llm4pc-defects4j-Math-105-Nopol-patch1/target-0-SimpleRegression.java'],overfitting
llm4pc-defects4j-Time-4-Nopol-patch1,defects4j-Time-4,Nopol,tmp/patches/cleaned/llm4pc-defects4j-Time-4-Nopol-patch1.patch,Overfitting,LLM4PC,['tmp/methods/llm4pc-defects4j-Time-4-Nopol-patch1/source-0.java'],['tmp/methods/llm4pc-defects4j-Time-4-Nopol-patch1/target-0.java'],nopol,['tmp/files/llm4pc-defects4j-Time-4-Nopol-patch1/source-0-Partial.java'],['tmp/files/llm4pc-defects4j-Time-4-Nopol-patch1/target-0-Partial.java'],overfitting
llm4pc-defects4j-Math-53-HDRepair-patch1,defects4j-Math-53,HDRepair,tmp/patches/cleaned/llm4pc-defects4j-Math-53-HDRepair-patch1.patch,Overfitting,LLM4PC,['tmp/methods/llm4pc-defects4j-Math-53-HDRepair-patch1/source-0.java'],['tmp/methods/llm4pc-defects4j-Math-53-HDRepair-patch1/target-0.java'],hdrepair,['tmp/files/llm4pc-defects4j-Math-53-HDRepair-patch1/source-0-Complex.java'],['tmp/files/llm4pc-defects4j-Math-53-HDRepair-patch1/target-0-Complex.java'],correct
llm4pc-defects4j-Math-57-Nopol-patch1,defects4j-Math-57,Nopol,tmp/patches/cleaned/llm4pc-defects4j-Math-57-Nopol-patch1.patch,Overfitting,LLM4PC,['tmp/methods/llm4pc-defects4j-Math-57-Nopol-patch1/source-0.java'],['tmp/methods/llm4pc-defects4j-Math-57-Nopol-patch1/target-0.java'],nopol,['tmp/files/llm4pc-defects4j-Math-57-Nopol-patch1/source-0-EuclideanIntegerPoint.java'],['tmp/files/llm4pc-defects4j-Math-57-Nopol-patch1/target-0-EuclideanIntegerPoint.java'],correct
llm4pc-defects4j-Lang-46-Nopol-patch1,defects4j-Lang-46,Nopol,tmp/patches/cleaned/llm4pc-defects4j-Lang-46-Nopol-patch1.patch,Overfitting,LLM4PC,['tmp/methods/llm4pc-defects4j-Lang-46-Nopol-patch1/source-0.java'],['tmp/methods/llm4pc-defects4j-Lang-46-Nopol-patch1/target-0.java'],nopol,['tmp/files/llm4pc-defects4j-Lang-46-Nopol-patch1/source-0-StringEscapeUtils.java'],['tmp/files/llm4pc-defects4j-Lang-46-Nopol-patch1/target-0-StringEscapeUtils.java'],overfitting
llm4pc-defects4j-Math-81-ACS-patch1,defects4j-Math-81,ACS,tmp/patches/cleaned/llm4pc-defects4j-Math-81-ACS-patch1.patch,Overfitting,LLM4PC,['tmp/methods/llm4pc-defects4j-Math-81-ACS-patch1/source-0.java'],['tmp/methods/llm4pc-defects4j-Math-81-ACS-patch1/target-0.java'],acs,['tmp/files/llm4pc-defects4j-Math-81-ACS-patch1/source-0-EigenDecompositionImpl.java'],['tmp/files/llm4pc-defects4j-Math-81-ACS-patch1/target-0-EigenDecompositionImpl.java'],correct
llm4pc-defects4j-Math-28-jGenProg-patch1,defects4j-Math-28,jGenProg,tmp/patches/cleaned/llm4pc-defects4j-Math-28-jGenProg-patch1.patch,Overfitting,LLM4PC,['tmp/methods/llm4pc-defects4j-Math-28-jGenProg-patch1/source-0.java'],['tmp/methods/llm4pc-defects4j-Math-28-jGenProg-patch1/target-0.java'],jgenprog,['tmp/files/llm4pc-defects4j-Math-28-jGenProg-patch1/source-0-SimplexSolver.java'],['tmp/files/llm4pc-defects4j-Math-28-jGenProg-patch1/target-0-SimplexSolver.java'],overfitting
llm4pc-defects4j-Math-82-jGenProg-patch1,defects4j-Math-82,jGenProg,tmp/patches/cleaned/llm4pc-defects4j-Math-82-jGenProg-patch1.patch,Overfitting,LLM4PC,['tmp/methods/llm4pc-defects4j-Math-82-jGenProg-patch1/source-0.java'],['tmp/methods/llm4pc-defects4j-Math-82-jGenProg-patch1/target-0.java'],jgenprog,['tmp/files/llm4pc-defects4j-Math-82-jGenProg-patch1/source-0-SimplexSolver.java'],['tmp/files/llm4pc-defects4j-Math-82-jGenProg-patch1/target-0-SimplexSolver.java'],overfitting
llm4pc-defects4j-Math-4-Nopol-patch1,defects4j-Math-4,Nopol,tmp/patches/cleaned/llm4pc-defects4j-Math-4-Nopol-patch1.patch,Overfitting,LLM4PC,['tmp/methods/llm4pc-defects4j-Math-4-Nopol-patch1/source-0.java'],['tmp/methods/llm4pc-defects4j-Math-4-Nopol-patch1/target-0.java'],nopol,['tmp/files/llm4pc-defects4j-Math-4-Nopol-patch1/source-0-Line.java'],['tmp/files/llm4pc-defects4j-Math-4-Nopol-patch1/target-0-Line.java'],overfitting
llm4pc-defects4j-Math-87-Nopol-patch1,defects4j-Math-87,Nopol,tmp/patches/cleaned/llm4pc-defects4j-Math-87-Nopol-patch1.patch,Overfitting,LLM4PC,['tmp/methods/llm4pc-defects4j-Math-87-Nopol-patch1/source-0.java'],['tmp/methods/llm4pc-defects4j-Math-87-Nopol-patch1/target-0.java'],nopol,['tmp/files/llm4pc-defects4j-Math-87-Nopol-patch1/source-0-SimplexTableau.java'],['tmp/files/llm4pc-defects4j-Math-87-Nopol-patch1/target-0-SimplexTableau.java'],overfitting
llm4pc-defects4j-Chart-25-Nopol-patch1,defects4j-Chart-25,Nopol,tmp/patches/cleaned/llm4pc-defects4j-Chart-25-Nopol-patch1.patch,Overfitting,LLM4PC,['tmp/methods/llm4pc-defects4j-Chart-25-Nopol-patch1/source-0.java'],['tmp/methods/llm4pc-defects4j-Chart-25-Nopol-patch1/target-0.java'],nopol,['tmp/files/llm4pc-defects4j-Chart-25-Nopol-patch1/source-0-StatisticalBarRenderer.java'],['tmp/files/llm4pc-defects4j-Chart-25-Nopol-patch1/target-0-StatisticalBarRenderer.java'],correct
llm4pc-defects4j-Math-40-jGenProg-patch1,defects4j-Math-40,jGenProg,tmp/patches/cleaned/llm4pc-defects4j-Math-40-jGenProg-patch1.patch,Overfitting,LLM4PC,['tmp/methods/llm4pc-defects4j-Math-40-jGenProg-patch1/source-0.java'],['tmp/methods/llm4pc-defects4j-Math-40-jGenProg-patch1/target-0.java'],jgenprog,['tmp/files/llm4pc-defects4j-Math-40-jGenProg-patch1/source-0-BracketingNthOrderBrentSolver.java'],['tmp/files/llm4pc-defects4j-Math-40-jGenProg-patch1/target-0-BracketingNthOrderBrentSolver.java'],overfitting
llm4pc-defects4j-Chart-21-Nopol-patch1,defects4j-Chart-21,Nopol,tmp/patches/cleaned/llm4pc-defects4j-Chart-21-Nopol-patch1.patch,Overfitting,LLM4PC,['tmp/methods/llm4pc-defects4j-Chart-21-Nopol-patch1/source-0.java'],['tmp/methods/llm4pc-defects4j-Chart-21-Nopol-patch1/target-0.java'],nopol,['tmp/files/llm4pc-defects4j-Chart-21-Nopol-patch1/source-0-Range.java'],['tmp/files/llm4pc-defects4j-Chart-21-Nopol-patch1/target-0-Range.java'],overfitting
llm4pc-defects4j-Math-78-Nopol-patch1,defects4j-Math-78,Nopol,tmp/patches/cleaned/llm4pc-defects4j-Math-78-Nopol-patch1.patch,Overfitting,LLM4PC,['tmp/methods/llm4pc-defects4j-Math-78-Nopol-patch1/source-0.java'],['tmp/methods/llm4pc-defects4j-Math-78-Nopol-patch1/target-0.java'],nopol,['tmp/files/llm4pc-defects4j-Math-78-Nopol-patch1/source-0-BrentSolver.java'],['tmp/files/llm4pc-defects4j-Math-78-Nopol-patch1/target-0-BrentSolver.java'],correct
llm4pc-defects4j-Math-85-Nopol-patch1,defects4j-Math-85,Nopol,tmp/patches/cleaned/llm4pc-defects4j-Math-85-Nopol-patch1.patch,Overfitting,LLM4PC,['tmp/methods/llm4pc-defects4j-Math-85-Nopol-patch1/source-0.java'],['tmp/methods/llm4pc-defects4j-Math-85-Nopol-patch1/target-0.java'],nopol,['tmp/files/llm4pc-defects4j-Math-85-Nopol-patch1/source-0-UnivariateRealSolverUtils.java'],['tmp/files/llm4pc-defects4j-Math-85-Nopol-patch1/target-0-UnivariateRealSolverUtils.java'],overfitting
llm4pc-defects4j-Lang-39-Nopol-patch1,defects4j-Lang-39,Nopol,tmp/patches/cleaned/llm4pc-defects4j-Lang-39-Nopol-patch1.patch,Overfitting,LLM4PC,['tmp/methods/llm4pc-defects4j-Lang-39-Nopol-patch1/source-0.java'],['tmp/methods/llm4pc-defects4j-Lang-39-Nopol-patch1/target-0.java'],nopol,['tmp/files/llm4pc-defects4j-Lang-39-Nopol-patch1/source-0-StringUtils.java'],['tmp/files/llm4pc-defects4j-Lang-39-Nopol-patch1/target-0-StringUtils.java'],overfitting
llm4pc-defects4j-Time-7-Nopol-patch1,defects4j-Time-7,Nopol,tmp/patches/cleaned/llm4pc-defects4j-Time-7-Nopol-patch1.patch,Overfitting,LLM4PC,['tmp/methods/llm4pc-defects4j-Time-7-Nopol-patch1/source-0.java'],['tmp/methods/llm4pc-defects4j-Time-7-Nopol-patch1/target-0.java'],nopol,['tmp/files/llm4pc-defects4j-Time-7-Nopol-patch1/source-0-DateTimeParserBucket.java'],['tmp/files/llm4pc-defects4j-Time-7-Nopol-patch1/target-0-DateTimeParserBucket.java'],overfitting
llm4pc-defects4j-Chart-25-jKali-patch1,defects4j-Chart-25,jKali,tmp/patches/cleaned/llm4pc-defects4j-Chart-25-jKali-patch1.patch,Overfitting,LLM4PC,['tmp/methods/llm4pc-defects4j-Chart-25-jKali-patch1/source-0.java'],['tmp/methods/llm4pc-defects4j-Chart-25-jKali-patch1/target-0.java'],jkali,['tmp/files/llm4pc-defects4j-Chart-25-jKali-patch1/source-0-StatisticalBarRenderer.java'],['tmp/files/llm4pc-defects4j-Chart-25-jKali-patch1/target-0-StatisticalBarRenderer.java'],overfitting
llm4pc-defects4j-Math-33-Nopol-patch1,defects4j-Math-33,Nopol,tmp/patches/cleaned/llm4pc-defects4j-Math-33-Nopol-patch1.patch,Overfitting,LLM4PC,['tmp/methods/llm4pc-defects4j-Math-33-Nopol-patch1/source-0.java'],['tmp/methods/llm4pc-defects4j-Math-33-Nopol-patch1/target-0.java'],nopol,['tmp/files/llm4pc-defects4j-Math-33-Nopol-patch1/source-0-SimplexTableau.java'],['tmp/files/llm4pc-defects4j-Math-33-Nopol-patch1/target-0-SimplexTableau.java'],overfitting
llm4pc-defects4j-Math-32-jKali-patch1,defects4j-Math-32,jKali,tmp/patches/cleaned/llm4pc-defects4j-Math-32-jKali-patch1.patch,Overfitting,LLM4PC,['tmp/methods/llm4pc-defects4j-Math-32-jKali-patch1/source-0.java'],['tmp/methods/llm4pc-defects4j-Math-32-jKali-patch1/target-0.java'],jkali,['tmp/files/llm4pc-defects4j-Math-32-jKali-patch1/source-0-PolygonsSet.java'],['tmp/files/llm4pc-defects4j-Math-32-jKali-patch1/target-0-PolygonsSet.java'],overfitting
llm4pc-defects4j-Lang-53-Nopol-patch1,defects4j-Lang-53,Nopol,tmp/patches/cleaned/llm4pc-defects4j-Lang-53-Nopol-patch1.patch,Overfitting,LLM4PC,['tmp/methods/llm4pc-defects4j-Lang-53-Nopol-patch1/source-0.java'],['tmp/methods/llm4pc-defects4j-Lang-53-Nopol-patch1/target-0.java'],nopol,['tmp/files/llm4pc-defects4j-Lang-53-Nopol-patch1/source-0-DateUtils.java'],['tmp/files/llm4pc-defects4j-Lang-53-Nopol-patch1/target-0-DateUtils.java'],overfitting
llm4pc-defects4j-Math-73-Nopol-patch1,defects4j-Math-73,Nopol,tmp/patches/cleaned/llm4pc-defects4j-Math-73-Nopol-patch1.patch,Overfitting,LLM4PC,['tmp/methods/llm4pc-defects4j-Math-73-Nopol-patch1/source-0.java'],['tmp/methods/llm4pc-defects4j-Math-73-Nopol-patch1/target-0.java'],nopol,['tmp/files/llm4pc-defects4j-Math-73-Nopol-patch1/source-0-UnivariateRealSolverImpl.java'],['tmp/files/llm4pc-defects4j-Math-73-Nopol-patch1/target-0-UnivariateRealSolverImpl.java'],overfitting
llm4pc-defects4j-Math-81-Nopol-patch1,defects4j-Math-81,Nopol,tmp/patches/cleaned/llm4pc-defects4j-Math-81-Nopol-patch1.patch,Overfitting,LLM4PC,['tmp/methods/llm4pc-defects4j-Math-81-Nopol-patch1/source-0.java'],['tmp/methods/llm4pc-defects4j-Math-81-Nopol-patch1/target-0.java'],nopol,['tmp/files/llm4pc-defects4j-Math-81-Nopol-patch1/source-0-EigenDecompositionImpl.java'],['tmp/files/llm4pc-defects4j-Math-81-Nopol-patch1/target-0-EigenDecompositionImpl.java'],overfitting
llm4pc-defects4j-Math-71-Nopol-patch1,defects4j-Math-71,Nopol,tmp/patches/cleaned/llm4pc-defects4j-Math-71-Nopol-patch1.patch,Overfitting,LLM4PC,['tmp/methods/llm4pc-defects4j-Math-71-Nopol-patch1/source-0.java'],['tmp/methods/llm4pc-defects4j-Math-71-Nopol-patch1/target-0.java'],nopol,['tmp/files/llm4pc-defects4j-Math-71-Nopol-patch1/source-0-BrentSolver.java'],['tmp/files/llm4pc-defects4j-Math-71-Nopol-patch1/target-0-BrentSolver.java'],correct
llm4pc-defects4j-Chart-25-Nopol-patch1,defects4j-Chart-25,Nopol,tmp/patches/cleaned/llm4pc-defects4j-Chart-25-Nopol-patch1.patch,Overfitting,LLM4PC,['tmp/methods/llm4pc-defects4j-Chart-25-Nopol-patch1/source-0.java'],['tmp/methods/llm4pc-defects4j-Chart-25-Nopol-patch1/target-0.java'],nopol,['tmp/files/llm4pc-defects4j-Chart-25-Nopol-patch1/source-0-StatisticalBarRenderer.java'],['tmp/files/llm4pc-defects4j-Chart-25-Nopol-patch1/target-0-StatisticalBarRenderer.java'],correct
llm4pc-defects4j-Math-40-jKali-patch1,defects4j-Math-40,jKali,tmp/patches/cleaned/llm4pc-defects4j-Math-40-jKali-patch1.patch,Overfitting,LLM4PC,['tmp/methods/llm4pc-defects4j-Math-40-jKali-patch1/source-0.java'],['tmp/methods/llm4pc-defects4j-Math-40-jKali-patch1/target-0.java'],jkali,['tmp/files/llm4pc-defects4j-Math-40-jKali-patch1/source-0-BracketingNthOrderBrentSolver.java'],['tmp/files/llm4pc-defects4j-Math-40-jKali-patch1/target-0-BracketingNthOrderBrentSolver.java'],overfitting
llm4pc-defects4j-Math-2-Nopol-patch1,defects4j-Math-2,Nopol,tmp/patches/cleaned/llm4pc-defects4j-Math-2-Nopol-patch1.patch,Overfitting,LLM4PC,['tmp/methods/llm4pc-defects4j-Math-2-Nopol-patch1/source-0.java'],['tmp/methods/llm4pc-defects4j-Math-2-Nopol-patch1/target-0.java'],nopol,['tmp/files/llm4pc-defects4j-Math-2-Nopol-patch1/source-0-AbstractIntegerDistribution.java'],['tmp/files/llm4pc-defects4j-Math-2-Nopol-patch1/target-0-AbstractIntegerDistribution.java'],overfitting
llm4pc-defects4j-Math-58-Nopol-patch1,defects4j-Math-58,Nopol,tmp/patches/cleaned/llm4pc-defects4j-Math-58-Nopol-patch1.patch,Overfitting,LLM4PC,['tmp/methods/llm4pc-defects4j-Math-58-Nopol-patch1/source-0.java'],['tmp/methods/llm4pc-defects4j-Math-58-Nopol-patch1/target-0.java'],nopol,['tmp/files/llm4pc-defects4j-Math-58-Nopol-patch1/source-0-Gaussian.java'],['tmp/files/llm4pc-defects4j-Math-58-Nopol-patch1/target-0-Gaussian.java'],correct
llm4pc-defects4j-Chart-13-Nopol-patch1,defects4j-Chart-13,Nopol,tmp/patches/cleaned/llm4pc-defects4j-Chart-13-Nopol-patch1.patch,Overfitting,LLM4PC,['tmp/methods/llm4pc-defects4j-Chart-13-Nopol-patch1/source-0.java'],['tmp/methods/llm4pc-defects4j-Chart-13-Nopol-patch1/target-0.java'],nopol,['tmp/files/llm4pc-defects4j-Chart-13-Nopol-patch1/source-0-BorderArrangement.java'],['tmp/files/llm4pc-defects4j-Chart-13-Nopol-patch1/target-0-BorderArrangement.java'],overfitting
llm4pc-defects4j-Math-88-Nopol-patch1,defects4j-Math-88,Nopol,tmp/patches/cleaned/llm4pc-defects4j-Math-88-Nopol-patch1.patch,Overfitting,LLM4PC,['tmp/methods/llm4pc-defects4j-Math-88-Nopol-patch1/source-0.java'],['tmp/methods/llm4pc-defects4j-Math-88-Nopol-patch1/target-0.java'],nopol,['tmp/files/llm4pc-defects4j-Math-88-Nopol-patch1/source-0-SimplexTableau.java'],['tmp/files/llm4pc-defects4j-Math-88-Nopol-patch1/target-0-SimplexTableau.java'],overfitting
llm4pc-defects4j-Chart-15-jGenProg-patch1,defects4j-Chart-15,jGenProg,tmp/patches/cleaned/llm4pc-defects4j-Chart-15-jGenProg-patch1.patch,Overfitting,LLM4PC,['tmp/methods/llm4pc-defects4j-Chart-15-jGenProg-patch1/source-0.java'],['tmp/methods/llm4pc-defects4j-Chart-15-jGenProg-patch1/target-0.java'],jgenprog,['tmp/files/llm4pc-defects4j-Chart-15-jGenProg-patch1/source-0-JFreeChart.java'],['tmp/files/llm4pc-defects4j-Chart-15-jGenProg-patch1/target-0-JFreeChart.java'],overfitting
llm4pc-defects4j-Math-58-Nopol-patch1,defects4j-Math-58,Nopol,tmp/patches/cleaned/llm4pc-defects4j-Math-58-Nopol-patch1.patch,Overfitting,LLM4PC,['tmp/methods/llm4pc-defects4j-Math-58-Nopol-patch1/source-0.java'],['tmp/methods/llm4pc-defects4j-Math-58-Nopol-patch1/target-0.java'],nopol,['tmp/files/llm4pc-defects4j-Math-58-Nopol-patch1/source-0-Gaussian.java'],['tmp/files/llm4pc-defects4j-Math-58-Nopol-patch1/target-0-Gaussian.java'],correct
llm4pc-defects4j-Time-11-Nopol-patch1,defects4j-Time-11,Nopol,tmp/patches/cleaned/llm4pc-defects4j-Time-11-Nopol-patch1.patch,Overfitting,LLM4PC,['tmp/methods/llm4pc-defects4j-Time-11-Nopol-patch1/source-0.java'],['tmp/methods/llm4pc-defects4j-Time-11-Nopol-patch1/target-0.java'],nopol,['tmp/files/llm4pc-defects4j-Time-11-Nopol-patch1/source-0-DateTimeZoneBuilder.java'],['tmp/files/llm4pc-defects4j-Time-11-Nopol-patch1/target-0-DateTimeZoneBuilder.java'],overfitting
llm4pc-defects4j-Math-69-Nopol-patch1,defects4j-Math-69,Nopol,tmp/patches/cleaned/llm4pc-defects4j-Math-69-Nopol-patch1.patch,Overfitting,LLM4PC,['tmp/methods/llm4pc-defects4j-Math-69-Nopol-patch1/source-0.java'],['tmp/methods/llm4pc-defects4j-Math-69-Nopol-patch1/target-0.java'],nopol,['tmp/files/llm4pc-defects4j-Math-69-Nopol-patch1/source-0-PearsonsCorrelation.java'],['tmp/files/llm4pc-defects4j-Math-69-Nopol-patch1/target-0-PearsonsCorrelation.java'],overfitting
llm4pc-defects4j-Math-50-Nopol-patch1,defects4j-Math-50,Nopol,tmp/patches/cleaned/llm4pc-defects4j-Math-50-Nopol-patch1.patch,Overfitting,LLM4PC,['tmp/methods/llm4pc-defects4j-Math-50-Nopol-patch1/source-0.java'],['tmp/methods/llm4pc-defects4j-Math-50-Nopol-patch1/target-0.java'],nopol,['tmp/files/llm4pc-defects4j-Math-50-Nopol-patch1/source-0-BaseSecantSolver.java'],['tmp/files/llm4pc-defects4j-Math-50-Nopol-patch1/target-0-BaseSecantSolver.java'],overfitting
llm4pc-defects4j-Chart-21-Nopol-patch1,defects4j-Chart-21,Nopol,tmp/patches/cleaned/llm4pc-defects4j-Chart-21-Nopol-patch1.patch,Overfitting,LLM4PC,['tmp/methods/llm4pc-defects4j-Chart-21-Nopol-patch1/source-0.java'],['tmp/methods/llm4pc-defects4j-Chart-21-Nopol-patch1/target-0.java'],nopol,['tmp/files/llm4pc-defects4j-Chart-21-Nopol-patch1/source-0-Range.java'],['tmp/files/llm4pc-defects4j-Chart-21-Nopol-patch1/target-0-Range.java'],overfitting
llm4pc-defects4j-Math-41-Nopol-patch1,defects4j-Math-41,Nopol,tmp/patches/cleaned/llm4pc-defects4j-Math-41-Nopol-patch1.patch,Overfitting,LLM4PC,['tmp/methods/llm4pc-defects4j-Math-41-Nopol-patch1/source-0.java'],['tmp/methods/llm4pc-defects4j-Math-41-Nopol-patch1/target-0.java'],nopol,['tmp/files/llm4pc-defects4j-Math-41-Nopol-patch1/source-0-Mean.java'],['tmp/files/llm4pc-defects4j-Math-41-Nopol-patch1/target-0-Mean.java'],overfitting
llm4pc-defects4j-Time-4-jGenProg-patch1,defects4j-Time-4,jGenProg,tmp/patches/cleaned/llm4pc-defects4j-Time-4-jGenProg-patch1.patch,Overfitting,LLM4PC,['tmp/methods/llm4pc-defects4j-Time-4-jGenProg-patch1/source-0.java'],['tmp/methods/llm4pc-defects4j-Time-4-jGenProg-patch1/target-0.java'],jgenprog,['tmp/files/llm4pc-defects4j-Time-4-jGenProg-patch1/source-0-ZeroIsMaxDateTimeField.java'],['tmp/files/llm4pc-defects4j-Time-4-jGenProg-patch1/target-0-ZeroIsMaxDateTimeField.java'],overfitting
llm4pc-defects4j-Lang-53-Nopol-patch1,defects4j-Lang-53,Nopol,tmp/patches/cleaned/llm4pc-defects4j-Lang-53-Nopol-patch1.patch,Overfitting,LLM4PC,['tmp/methods/llm4pc-defects4j-Lang-53-Nopol-patch1/source-0.java'],['tmp/methods/llm4pc-defects4j-Lang-53-Nopol-patch1/target-0.java'],nopol,['tmp/files/llm4pc-defects4j-Lang-53-Nopol-patch1/source-0-DateUtils.java'],['tmp/files/llm4pc-defects4j-Lang-53-Nopol-patch1/target-0-DateUtils.java'],overfitting
llm4pc-defects4j-Math-80-Nopol-patch1,defects4j-Math-80,Nopol,tmp/patches/cleaned/llm4pc-defects4j-Math-80-Nopol-patch1.patch,Overfitting,LLM4PC,['tmp/methods/llm4pc-defects4j-Math-80-Nopol-patch1/source-0.java'],['tmp/methods/llm4pc-defects4j-Math-80-Nopol-patch1/target-0.java'],nopol,['tmp/files/llm4pc-defects4j-Math-80-Nopol-patch1/source-0-EigenDecompositionImpl.java'],['tmp/files/llm4pc-defects4j-Math-80-Nopol-patch1/target-0-EigenDecompositionImpl.java'],overfitting
llm4pc-defects4j-Math-88-Nopol-patch1,defects4j-Math-88,Nopol,tmp/patches/cleaned/llm4pc-defects4j-Math-88-Nopol-patch1.patch,Overfitting,LLM4PC,['tmp/methods/llm4pc-defects4j-Math-88-Nopol-patch1/source-0.java'],['tmp/methods/llm4pc-defects4j-Math-88-Nopol-patch1/target-0.java'],nopol,['tmp/files/llm4pc-defects4j-Math-88-Nopol-patch1/source-0-SimplexTableau.java'],['tmp/files/llm4pc-defects4j-Math-88-Nopol-patch1/target-0-SimplexTableau.java'],overfitting
llm4pc-defects4j-Math-28-jKali-patch1,defects4j-Math-28,jKali,tmp/patches/cleaned/llm4pc-defects4j-Math-28-jKali-patch1.patch,Overfitting,LLM4PC,['tmp/methods/llm4pc-defects4j-Math-28-jKali-patch1/source-0.java'],['tmp/methods/llm4pc-defects4j-Math-28-jKali-patch1/target-0.java'],jkali,['tmp/files/llm4pc-defects4j-Math-28-jKali-patch1/source-0-SimplexSolver.java'],['tmp/files/llm4pc-defects4j-Math-28-jKali-patch1/target-0-SimplexSolver.java'],overfitting
llm4pc-defects4j-Math-81-jKali-patch1,defects4j-Math-81,jKali,tmp/patches/cleaned/llm4pc-defects4j-Math-81-jKali-patch1.patch,Overfitting,LLM4PC,['tmp/methods/llm4pc-defects4j-Math-81-jKali-patch1/source-0.java'],['tmp/methods/llm4pc-defects4j-Math-81-jKali-patch1/target-0.java'],jkali,['tmp/files/llm4pc-defects4j-Math-81-jKali-patch1/source-0-EigenDecompositionImpl.java'],['tmp/files/llm4pc-defects4j-Math-81-jKali-patch1/target-0-EigenDecompositionImpl.java'],overfitting
llm4pc-defects4j-Math-49-Nopol-patch1,defects4j-Math-49,Nopol,tmp/patches/cleaned/llm4pc-defects4j-Math-49-Nopol-patch1.patch,Overfitting,LLM4PC,['tmp/methods/llm4pc-defects4j-Math-49-Nopol-patch1/source-0.java'],['tmp/methods/llm4pc-defects4j-Math-49-Nopol-patch1/target-0.java'],nopol,['tmp/files/llm4pc-defects4j-Math-49-Nopol-patch1/source-0-OpenMapRealVector.java'],['tmp/files/llm4pc-defects4j-Math-49-Nopol-patch1/target-0-OpenMapRealVector.java'],overfitting
llm4pc-defects4j-Math-57-Nopol-patch1,defects4j-Math-57,Nopol,tmp/patches/cleaned/llm4pc-defects4j-Math-57-Nopol-patch1.patch,Overfitting,LLM4PC,['tmp/methods/llm4pc-defects4j-Math-57-Nopol-patch1/source-0.java'],['tmp/methods/llm4pc-defects4j-Math-57-Nopol-patch1/target-0.java'],nopol,['tmp/files/llm4pc-defects4j-Math-57-Nopol-patch1/source-0-EuclideanIntegerPoint.java'],['tmp/files/llm4pc-defects4j-Math-57-Nopol-patch1/target-0-EuclideanIntegerPoint.java'],correct
llm4pc-defects4j-Math-105-Nopol-patch1,defects4j-Math-105,Nopol,tmp/patches/cleaned/llm4pc-defects4j-Math-105-Nopol-patch1.patch,Overfitting,LLM4PC,['tmp/methods/llm4pc-defects4j-Math-105-Nopol-patch1/source-0.java'],['tmp/methods/llm4pc-defects4j-Math-105-Nopol-patch1/target-0.java'],nopol,['tmp/files/llm4pc-defects4j-Math-105-Nopol-patch1/source-0-SimpleRegression.java'],['tmp/files/llm4pc-defects4j-Math-105-Nopol-patch1/target-0-SimpleRegression.java'],overfitting
llm4pc-defects4j-Chart-9-Nopol-patch1,defects4j-Chart-9,Nopol,tmp/patches/cleaned/llm4pc-defects4j-Chart-9-Nopol-patch1.patch,Overfitting,LLM4PC,['tmp/methods/llm4pc-defects4j-Chart-9-Nopol-patch1/source-0.java'],['tmp/methods/llm4pc-defects4j-Chart-9-Nopol-patch1/target-0.java'],nopol,['tmp/files/llm4pc-defects4j-Chart-9-Nopol-patch1/source-0-TimeSeries.java'],['tmp/files/llm4pc-defects4j-Chart-9-Nopol-patch1/target-0-TimeSeries.java'],overfitting
llm4pc-defects4j-Math-40-Nopol-patch1,defects4j-Math-40,Nopol,tmp/patches/cleaned/llm4pc-defects4j-Math-40-Nopol-patch1.patch,Overfitting,LLM4PC,['tmp/methods/llm4pc-defects4j-Math-40-Nopol-patch1/source-0.java'],['tmp/methods/llm4pc-defects4j-Math-40-Nopol-patch1/target-0.java'],nopol,['tmp/files/llm4pc-defects4j-Math-40-Nopol-patch1/source-0-BracketingNthOrderBrentSolver.java'],['tmp/files/llm4pc-defects4j-Math-40-Nopol-patch1/target-0-BracketingNthOrderBrentSolver.java'],correct
llm4pc-defects4j-Math-82-HDRepair-patch1,defects4j-Math-82,HDRepair,tmp/patches/cleaned/llm4pc-defects4j-Math-82-HDRepair-patch1.patch,Overfitting,LLM4PC,['tmp/methods/llm4pc-defects4j-Math-82-HDRepair-patch1/source-0.java'],['tmp/methods/llm4pc-defects4j-Math-82-HDRepair-patch1/target-0.java'],hdrepair,['tmp/files/llm4pc-defects4j-Math-82-HDRepair-patch1/source-0-SimplexSolver.java'],['tmp/files/llm4pc-defects4j-Math-82-HDRepair-patch1/target-0-SimplexSolver.java'],overfitting
llm4pc-defects4j-Math-84-jGenProg-patch1,defects4j-Math-84,jGenProg,tmp/patches/cleaned/llm4pc-defects4j-Math-84-jGenProg-patch1.patch,Overfitting,LLM4PC,['tmp/methods/llm4pc-defects4j-Math-84-jGenProg-patch1/source-0.java'],['tmp/methods/llm4pc-defects4j-Math-84-jGenProg-patch1/target-0.java'],jgenprog,['tmp/files/llm4pc-defects4j-Math-84-jGenProg-patch1/source-0-MultiDirectional.java'],['tmp/files/llm4pc-defects4j-Math-84-jGenProg-patch1/target-0-MultiDirectional.java'],overfitting
llm4pc-defects4j-Math-28-ACS-patch1,defects4j-Math-28,ACS,tmp/patches/cleaned/llm4pc-defects4j-Math-28-ACS-patch1.patch,Overfitting,LLM4PC,['tmp/methods/llm4pc-defects4j-Math-28-ACS-patch1/source-0.java'],['tmp/methods/llm4pc-defects4j-Math-28-ACS-patch1/target-0.java'],acs,['tmp/files/llm4pc-defects4j-Math-28-ACS-patch1/source-0-SimplexSolver.java'],['tmp/files/llm4pc-defects4j-Math-28-ACS-patch1/target-0-SimplexSolver.java'],correct
llm4pc-defects4j-Chart-25-jGenProg-patch1,defects4j-Chart-25,jGenProg,tmp/patches/cleaned/llm4pc-defects4j-Chart-25-jGenProg-patch1.patch,Overfitting,LLM4PC,['tmp/methods/llm4pc-defects4j-Chart-25-jGenProg-patch1/source-0.java'],['tmp/methods/llm4pc-defects4j-Chart-25-jGenProg-patch1/target-0.java'],jgenprog,['tmp/files/llm4pc-defects4j-Chart-25-jGenProg-patch1/source-0-StatisticalBarRenderer.java'],['tmp/files/llm4pc-defects4j-Chart-25-jGenProg-patch1/target-0-StatisticalBarRenderer.java'],overfitting
llm4pc-defects4j-Lang-44-Nopol-patch1,defects4j-Lang-44,Nopol,tmp/patches/cleaned/llm4pc-defects4j-Lang-44-Nopol-patch1.patch,Overfitting,LLM4PC,['tmp/methods/llm4pc-defects4j-Lang-44-Nopol-patch1/source-0.java'],['tmp/methods/llm4pc-defects4j-Lang-44-Nopol-patch1/target-0.java'],nopol,['tmp/files/llm4pc-defects4j-Lang-44-Nopol-patch1/source-0-NumberUtils.java'],['tmp/files/llm4pc-defects4j-Lang-44-Nopol-patch1/target-0-NumberUtils.java'],unknown
llm4pc-defects4j-Math-97-Nopol-patch1,defects4j-Math-97,Nopol,tmp/patches/cleaned/llm4pc-defects4j-Math-97-Nopol-patch1.patch,Overfitting,LLM4PC,['tmp/methods/llm4pc-defects4j-Math-97-Nopol-patch1/source-0.java'],['tmp/methods/llm4pc-defects4j-Math-97-Nopol-patch1/target-0.java'],nopol,['tmp/files/llm4pc-defects4j-Math-97-Nopol-patch1/source-0-BrentSolver.java'],['tmp/files/llm4pc-defects4j-Math-97-Nopol-patch1/target-0-BrentSolver.java'],correct
llm4pc-defects4j-Lang-39-ACS-patch1,defects4j-Lang-39,ACS,tmp/patches/cleaned/llm4pc-defects4j-Lang-39-ACS-patch1.patch,Overfitting,LLM4PC,['tmp/methods/llm4pc-defects4j-Lang-39-ACS-patch1/source-0.java'],['tmp/methods/llm4pc-defects4j-Lang-39-ACS-patch1/target-0.java'],acs,['tmp/files/llm4pc-defects4j-Lang-39-ACS-patch1/source-0-StringUtils.java'],['tmp/files/llm4pc-defects4j-Lang-39-ACS-patch1/target-0-StringUtils.java'],overfitting
llm4pc-defects4j-Math-24-Nopol-patch1,defects4j-Math-24,Nopol,tmp/patches/cleaned/llm4pc-defects4j-Math-24-Nopol-patch1.patch,Overfitting,LLM4PC,['tmp/methods/llm4pc-defects4j-Math-24-Nopol-patch1/source-0.java'],['tmp/methods/llm4pc-defects4j-Math-24-Nopol-patch1/target-0.java'],nopol,['tmp/files/llm4pc-defects4j-Math-24-Nopol-patch1/source-0-FunctionUtils.java'],['tmp/files/llm4pc-defects4j-Math-24-Nopol-patch1/target-0-FunctionUtils.java'],overfitting
llm4pc-defects4j-Math-85-HDRepair-patch1,defects4j-Math-85,HDRepair,tmp/patches/cleaned/llm4pc-defects4j-Math-85-HDRepair-patch1.patch,Overfitting,LLM4PC,['tmp/methods/llm4pc-defects4j-Math-85-HDRepair-patch1/source-0.java'],['tmp/methods/llm4pc-defects4j-Math-85-HDRepair-patch1/target-0.java'],hdrepair,['tmp/files/llm4pc-defects4j-Math-85-HDRepair-patch1/source-0-UnivariateRealSolverUtils.java'],['tmp/files/llm4pc-defects4j-Math-85-HDRepair-patch1/target-0-UnivariateRealSolverUtils.java'],overfitting
llm4pc-defects4j-Math-39-Nopol-patch1,defects4j-Math-39,Nopol,tmp/patches/cleaned/llm4pc-defects4j-Math-39-Nopol-patch1.patch,Overfitting,LLM4PC,['tmp/methods/llm4pc-defects4j-Math-39-Nopol-patch1/source-0.java'],['tmp/methods/llm4pc-defects4j-Math-39-Nopol-patch1/target-0.java'],nopol,['tmp/files/llm4pc-defects4j-Math-39-Nopol-patch1/source-0-AdaptiveStepsizeIntegrator.java'],['tmp/files/llm4pc-defects4j-Math-39-Nopol-patch1/target-0-AdaptiveStepsizeIntegrator.java'],overfitting
llm4pc-defects4j-Chart-13-jKali-patch1,defects4j-Chart-13,jKali,tmp/patches/cleaned/llm4pc-defects4j-Chart-13-jKali-patch1.patch,Overfitting,LLM4PC,['tmp/methods/llm4pc-defects4j-Chart-13-jKali-patch1/source-0.java'],['tmp/methods/llm4pc-defects4j-Chart-13-jKali-patch1/target-0.java'],jkali,['tmp/files/llm4pc-defects4j-Chart-13-jKali-patch1/source-0-BorderArrangement.java'],['tmp/files/llm4pc-defects4j-Chart-13-jKali-patch1/target-0-BorderArrangement.java'],overfitting
llm4pc-defects4j-Chart-1-jGenProg-patch1,defects4j-Chart-1,jGenProg,tmp/patches/cleaned/llm4pc-defects4j-Chart-1-jGenProg-patch1.patch,Overfitting,LLM4PC,['tmp/methods/llm4pc-defects4j-Chart-1-jGenProg-patch1/source-0.java'],['tmp/methods/llm4pc-defects4j-Chart-1-jGenProg-patch1/target-0.java'],jgenprog,['tmp/files/llm4pc-defects4j-Chart-1-jGenProg-patch1/source-0-AbstractCategoryItemRenderer.java'],['tmp/files/llm4pc-defects4j-Chart-1-jGenProg-patch1/target-0-AbstractCategoryItemRenderer.java'],overfitting
llm4pc-defects4j-Math-8-jGenProg-patch1,defects4j-Math-8,jGenProg,tmp/patches/cleaned/llm4pc-defects4j-Math-8-jGenProg-patch1.patch,Overfitting,LLM4PC,['tmp/methods/llm4pc-defects4j-Math-8-jGenProg-patch1/source-0.java'],['tmp/methods/llm4pc-defects4j-Math-8-jGenProg-patch1/target-0.java'],jgenprog,['tmp/files/llm4pc-defects4j-Math-8-jGenProg-patch1/source-0-DiscreteDistribution.java'],['tmp/files/llm4pc-defects4j-Math-8-jGenProg-patch1/target-0-DiscreteDistribution.java'],overfitting
llm4pc-defects4j-Math-50-HDRepair-patch1,defects4j-Math-50,HDRepair,tmp/patches/cleaned/llm4pc-defects4j-Math-50-HDRepair-patch1.patch,Overfitting,LLM4PC,['tmp/methods/llm4pc-defects4j-Math-50-HDRepair-patch1/source-0.java'],['tmp/methods/llm4pc-defects4j-Math-50-HDRepair-patch1/target-0.java'],hdrepair,['tmp/files/llm4pc-defects4j-Math-50-HDRepair-patch1/source-0-BaseSecantSolver.java'],['tmp/files/llm4pc-defects4j-Math-50-HDRepair-patch1/target-0-BaseSecantSolver.java'],unknown
llm4pc-defects4j-Lang-58-Nopol-patch1,defects4j-Lang-58,Nopol,tmp/patches/cleaned/llm4pc-defects4j-Lang-58-Nopol-patch1.patch,Overfitting,LLM4PC,['tmp/methods/llm4pc-defects4j-Lang-58-Nopol-patch1/source-0.java'],['tmp/methods/llm4pc-defects4j-Lang-58-Nopol-patch1/target-0.java'],nopol,['tmp/files/llm4pc-defects4j-Lang-58-Nopol-patch1/source-0-NumberUtils.java'],['tmp/files/llm4pc-defects4j-Lang-58-Nopol-patch1/target-0-NumberUtils.java'],correct
llm4pc-defects4j-Math-81-jGenProg-patch1,defects4j-Math-81,jGenProg,tmp/patches/cleaned/llm4pc-defects4j-Math-81-jGenProg-patch1.patch,Overfitting,LLM4PC,['tmp/methods/llm4pc-defects4j-Math-81-jGenProg-patch1/source-0.java'],['tmp/methods/llm4pc-defects4j-Math-81-jGenProg-patch1/target-0.java'],jgenprog,['tmp/files/llm4pc-defects4j-Math-81-jGenProg-patch1/source-0-EigenDecompositionImpl.java'],['tmp/files/llm4pc-defects4j-Math-81-jGenProg-patch1/target-0-EigenDecompositionImpl.java'],overfitting
llm4pc-defects4j-Time-11-jGenProg-patch1,defects4j-Time-11,jGenProg,tmp/patches/cleaned/llm4pc-defects4j-Time-11-jGenProg-patch1.patch,Overfitting,LLM4PC,['tmp/methods/llm4pc-defects4j-Time-11-jGenProg-patch1/source-0.java'],['tmp/methods/llm4pc-defects4j-Time-11-jGenProg-patch1/target-0.java'],jgenprog,['tmp/files/llm4pc-defects4j-Time-11-jGenProg-patch1/source-0-DateTimeZoneBuilder.java'],['tmp/files/llm4pc-defects4j-Time-11-jGenProg-patch1/target-0-DateTimeZoneBuilder.java'],overfitting
llm4pc-defects4j-Math-81-Nopol-patch1,defects4j-Math-81,Nopol,tmp/patches/cleaned/llm4pc-defects4j-Math-81-Nopol-patch1.patch,Overfitting,LLM4PC,['tmp/methods/llm4pc-defects4j-Math-81-Nopol-patch1/source-0.java'],['tmp/methods/llm4pc-defects4j-Math-81-Nopol-patch1/target-0.java'],nopol,['tmp/files/llm4pc-defects4j-Math-81-Nopol-patch1/source-0-EigenDecompositionImpl.java'],['tmp/files/llm4pc-defects4j-Math-81-Nopol-patch1/target-0-EigenDecompositionImpl.java'],overfitting
llm4pc-defects4j-Math-28-Nopol-patch1,defects4j-Math-28,Nopol,tmp/patches/cleaned/llm4pc-defects4j-Math-28-Nopol-patch1.patch,Overfitting,LLM4PC,['tmp/methods/llm4pc-defects4j-Math-28-Nopol-patch1/source-0.java'],['tmp/methods/llm4pc-defects4j-Math-28-Nopol-patch1/target-0.java'],nopol,['tmp/files/llm4pc-defects4j-Math-28-Nopol-patch1/source-0-SimplexSolver.java'],['tmp/files/llm4pc-defects4j-Math-28-Nopol-patch1/target-0-SimplexSolver.java'],overfitting
llm4pc-defects4j-Time-12-Nopol-patch1,defects4j-Time-12,Nopol,tmp/patches/cleaned/llm4pc-defects4j-Time-12-Nopol-patch1.patch,Overfitting,LLM4PC,['tmp/methods/llm4pc-defects4j-Time-12-Nopol-patch1/source-0.java'],['tmp/methods/llm4pc-defects4j-Time-12-Nopol-patch1/target-0.java'],nopol,['tmp/files/llm4pc-defects4j-Time-12-Nopol-patch1/source-0-LocalDateTime.java'],['tmp/files/llm4pc-defects4j-Time-12-Nopol-patch1/target-0-LocalDateTime.java'],correct
llm4pc-defects4j-Math-104-Nopol-patch1,defects4j-Math-104,Nopol,tmp/patches/cleaned/llm4pc-defects4j-Math-104-Nopol-patch1.patch,Overfitting,LLM4PC,['tmp/methods/llm4pc-defects4j-Math-104-Nopol-patch1/source-0.java'],['tmp/methods/llm4pc-defects4j-Math-104-Nopol-patch1/target-0.java'],nopol,['tmp/files/llm4pc-defects4j-Math-104-Nopol-patch1/source-0-Gamma.java'],['tmp/files/llm4pc-defects4j-Math-104-Nopol-patch1/target-0-Gamma.java'],correct
llm4pc-defects4j-Chart-5-jGenProg-patch1,defects4j-Chart-5,jGenProg,tmp/patches/cleaned/llm4pc-defects4j-Chart-5-jGenProg-patch1.patch,Overfitting,LLM4PC,['tmp/methods/llm4pc-defects4j-Chart-5-jGenProg-patch1/source-0.java'],['tmp/methods/llm4pc-defects4j-Chart-5-jGenProg-patch1/target-0.java'],jgenprog,['tmp/files/llm4pc-defects4j-Chart-5-jGenProg-patch1/source-0-XYSeries.java'],['tmp/files/llm4pc-defects4j-Chart-5-jGenProg-patch1/target-0-XYSeries.java'],overfitting
llm4pc-defects4j-Chart-7-jGenProg-patch1,defects4j-Chart-7,jGenProg,tmp/patches/cleaned/llm4pc-defects4j-Chart-7-jGenProg-patch1.patch,Overfitting,LLM4PC,['tmp/methods/llm4pc-defects4j-Chart-7-jGenProg-patch1/source-0.java'],['tmp/methods/llm4pc-defects4j-Chart-7-jGenProg-patch1/target-0.java'],jgenprog,['tmp/files/llm4pc-defects4j-Chart-7-jGenProg-patch1/source-0-TimePeriodValues.java'],['tmp/files/llm4pc-defects4j-Chart-7-jGenProg-patch1/target-0-TimePeriodValues.java'],overfitting
llm4pc-defects4j-Chart-26-Nopol-patch1,defects4j-Chart-26,Nopol,tmp/patches/cleaned/llm4pc-defects4j-Chart-26-Nopol-patch1.patch,Overfitting,LLM4PC,['tmp/methods/llm4pc-defects4j-Chart-26-Nopol-patch1/source-0.java'],['tmp/methods/llm4pc-defects4j-Chart-26-Nopol-patch1/target-0.java'],nopol,['tmp/files/llm4pc-defects4j-Chart-26-Nopol-patch1/source-0-AxisCollection.java'],['tmp/files/llm4pc-defects4j-Chart-26-Nopol-patch1/target-0-AxisCollection.java'],correct
llm4pc-defects4j-Math-95-jGenProg-patch1,defects4j-Math-95,jGenProg,tmp/patches/cleaned/llm4pc-defects4j-Math-95-jGenProg-patch1.patch,Overfitting,LLM4PC,['tmp/methods/llm4pc-defects4j-Math-95-jGenProg-patch1/source-0.java'],['tmp/methods/llm4pc-defects4j-Math-95-jGenProg-patch1/target-0.java'],jgenprog,['tmp/files/llm4pc-defects4j-Math-95-jGenProg-patch1/source-0-FDistributionImpl.java'],['tmp/files/llm4pc-defects4j-Math-95-jGenProg-patch1/target-0-FDistributionImpl.java'],overfitting
llm4pc-defects4j-Chart-5-jKali-patch1,defects4j-Chart-5,jKali,tmp/patches/cleaned/llm4pc-defects4j-Chart-5-jKali-patch1.patch,Overfitting,LLM4PC,['tmp/methods/llm4pc-defects4j-Chart-5-jKali-patch1/source-0.java'],['tmp/methods/llm4pc-defects4j-Chart-5-jKali-patch1/target-0.java'],jkali,['tmp/files/llm4pc-defects4j-Chart-5-jKali-patch1/source-0-XYSeries.java'],['tmp/files/llm4pc-defects4j-Chart-5-jKali-patch1/target-0-XYSeries.java'],overfitting
llm4pc-defects4j-Math-80-jGenProg-patch1,defects4j-Math-80,jGenProg,tmp/patches/cleaned/llm4pc-defects4j-Math-80-jGenProg-patch1.patch,Overfitting,LLM4PC,['tmp/methods/llm4pc-defects4j-Math-80-jGenProg-patch1/source-0.java'],['tmp/methods/llm4pc-defects4j-Math-80-jGenProg-patch1/target-0.java'],jgenprog,['tmp/files/llm4pc-defects4j-Math-80-jGenProg-patch1/source-0-EigenDecompositionImpl.java'],['tmp/files/llm4pc-defects4j-Math-80-jGenProg-patch1/target-0-EigenDecompositionImpl.java'],overfitting
llm4pc-defects4j-Time-18-Nopol-patch1,defects4j-Time-18,Nopol,tmp/patches/cleaned/llm4pc-defects4j-Time-18-Nopol-patch1.patch,Overfitting,LLM4PC,['tmp/methods/llm4pc-defects4j-Time-18-Nopol-patch1/source-0.java'],['tmp/methods/llm4pc-defects4j-Time-18-Nopol-patch1/target-0.java'],nopol,['tmp/files/llm4pc-defects4j-Time-18-Nopol-patch1/source-0-BasicChronology.java'],['tmp/files/llm4pc-defects4j-Time-18-Nopol-patch1/target-0-BasicChronology.java'],overfitting
llm4pc-defects4j-Math-82-Nopol-patch1,defects4j-Math-82,Nopol,tmp/patches/cleaned/llm4pc-defects4j-Math-82-Nopol-patch1.patch,Overfitting,LLM4PC,['tmp/methods/llm4pc-defects4j-Math-82-Nopol-patch1/source-0.java'],['tmp/methods/llm4pc-defects4j-Math-82-Nopol-patch1/target-0.java'],nopol,['tmp/files/llm4pc-defects4j-Math-82-Nopol-patch1/source-0-SimplexSolver.java'],['tmp/files/llm4pc-defects4j-Math-82-Nopol-patch1/target-0-SimplexSolver.java'],overfitting
llm4pc-defects4j-Time-4-jKali-patch1,defects4j-Time-4,jKali,tmp/patches/cleaned/llm4pc-defects4j-Time-4-jKali-patch1.patch,Overfitting,LLM4PC,['tmp/methods/llm4pc-defects4j-Time-4-jKali-patch1/source-0.java'],['tmp/methods/llm4pc-defects4j-Time-4-jKali-patch1/target-0.java'],jkali,['tmp/files/llm4pc-defects4j-Time-4-jKali-patch1/source-0-ZeroIsMaxDateTimeField.java'],['tmp/files/llm4pc-defects4j-Time-4-jKali-patch1/target-0-ZeroIsMaxDateTimeField.java'],overfitting
llm4pc-defects4j-Math-78-Nopol-patch1,defects4j-Math-78,Nopol,tmp/patches/cleaned/llm4pc-defects4j-Math-78-Nopol-patch1.patch,Overfitting,LLM4PC,['tmp/methods/llm4pc-defects4j-Math-78-Nopol-patch1/source-0.java'],['tmp/methods/llm4pc-defects4j-Math-78-Nopol-patch1/target-0.java'],nopol,['tmp/files/llm4pc-defects4j-Math-78-Nopol-patch1/source-0-BrentSolver.java'],['tmp/files/llm4pc-defects4j-Math-78-Nopol-patch1/target-0-BrentSolver.java'],correct
llm4pc-defects4j-Math-84-jKali-patch1,defects4j-Math-84,jKali,tmp/patches/cleaned/llm4pc-defects4j-Math-84-jKali-patch1.patch,Overfitting,LLM4PC,['tmp/methods/llm4pc-defects4j-Math-84-jKali-patch1/source-0.java'],['tmp/methods/llm4pc-defects4j-Math-84-jKali-patch1/target-0.java'],jkali,['tmp/files/llm4pc-defects4j-Math-84-jKali-patch1/source-0-MultiDirectional.java'],['tmp/files/llm4pc-defects4j-Math-84-jKali-patch1/target-0-MultiDirectional.java'],overfitting
llm4pc-defects4j-Chart-13-jGenProg-patch1,defects4j-Chart-13,jGenProg,tmp/patches/cleaned/llm4pc-defects4j-Chart-13-jGenProg-patch1.patch,Overfitting,LLM4PC,['tmp/methods/llm4pc-defects4j-Chart-13-jGenProg-patch1/source-0.java'],['tmp/methods/llm4pc-defects4j-Chart-13-jGenProg-patch1/target-0.java'],jgenprog,['tmp/files/llm4pc-defects4j-Chart-13-jGenProg-patch1/source-0-BorderArrangement.java'],['tmp/files/llm4pc-defects4j-Chart-13-jGenProg-patch1/target-0-BorderArrangement.java'],correct
llm4pc-defects4j-Chart-26-Nopol-patch1,defects4j-Chart-26,Nopol,tmp/patches/cleaned/llm4pc-defects4j-Chart-26-Nopol-patch1.patch,Overfitting,LLM4PC,['tmp/methods/llm4pc-defects4j-Chart-26-Nopol-patch1/source-0.java'],['tmp/methods/llm4pc-defects4j-Chart-26-Nopol-patch1/target-0.java'],nopol,['tmp/files/llm4pc-defects4j-Chart-26-Nopol-patch1/source-0-AxisCollection.java'],['tmp/files/llm4pc-defects4j-Chart-26-Nopol-patch1/target-0-AxisCollection.java'],correct
llm4pc-defects4j-Chart-13-Nopol-patch1,defects4j-Chart-13,Nopol,tmp/patches/cleaned/llm4pc-defects4j-Chart-13-Nopol-patch1.patch,Overfitting,LLM4PC,['tmp/methods/llm4pc-defects4j-Chart-13-Nopol-patch1/source-0.java'],['tmp/methods/llm4pc-defects4j-Chart-13-Nopol-patch1/target-0.java'],nopol,['tmp/files/llm4pc-defects4j-Chart-13-Nopol-patch1/source-0-BorderArrangement.java'],['tmp/files/llm4pc-defects4j-Chart-13-Nopol-patch1/target-0-BorderArrangement.java'],overfitting
llm4pc-defects4j-Math-97-ACS-patch1,defects4j-Math-97,ACS,tmp/patches/cleaned/llm4pc-defects4j-Math-97-ACS-patch1.patch,Overfitting,LLM4PC,['tmp/methods/llm4pc-defects4j-Math-97-ACS-patch1/source-0.java'],['tmp/methods/llm4pc-defects4j-Math-97-ACS-patch1/target-0.java'],acs,['tmp/files/llm4pc-defects4j-Math-97-ACS-patch1/source-0-BrentSolver.java'],['tmp/files/llm4pc-defects4j-Math-97-ACS-patch1/target-0-BrentSolver.java'],correct
llm4pc-defects4j-Math-87-Nopol-patch1,defects4j-Math-87,Nopol,tmp/patches/cleaned/llm4pc-defects4j-Math-87-Nopol-patch1.patch,Overfitting,LLM4PC,['tmp/methods/llm4pc-defects4j-Math-87-Nopol-patch1/source-0.java'],['tmp/methods/llm4pc-defects4j-Math-87-Nopol-patch1/target-0.java'],nopol,['tmp/files/llm4pc-defects4j-Math-87-Nopol-patch1/source-0-SimplexTableau.java'],['tmp/files/llm4pc-defects4j-Math-87-Nopol-patch1/target-0-SimplexTableau.java'],overfitting
llm4pc-defects4j-Time-14-Nopol-patch1,defects4j-Time-14,Nopol,tmp/patches/cleaned/llm4pc-defects4j-Time-14-Nopol-patch1.patch,Overfitting,LLM4PC,['tmp/methods/llm4pc-defects4j-Time-14-Nopol-patch1/source-0.java'],['tmp/methods/llm4pc-defects4j-Time-14-Nopol-patch1/target-0.java'],nopol,['tmp/files/llm4pc-defects4j-Time-14-Nopol-patch1/source-0-BasicMonthOfYearDateTimeField.java'],['tmp/files/llm4pc-defects4j-Time-14-Nopol-patch1/target-0-BasicMonthOfYearDateTimeField.java'],overfitting
llm4pc-defects4j-Chart-3-Nopol-patch1,defects4j-Chart-3,Nopol,tmp/patches/cleaned/llm4pc-defects4j-Chart-3-Nopol-patch1.patch,Overfitting,LLM4PC,['tmp/methods/llm4pc-defects4j-Chart-3-Nopol-patch1/source-0.java'],['tmp/methods/llm4pc-defects4j-Chart-3-Nopol-patch1/target-0.java'],nopol,['tmp/files/llm4pc-defects4j-Chart-3-Nopol-patch1/source-0-TimeSeries.java'],['tmp/files/llm4pc-defects4j-Chart-3-Nopol-patch1/target-0-TimeSeries.java'],overfitting
llm4pc-defects4j-Math-42-Nopol-patch1,defects4j-Math-42,Nopol,tmp/patches/cleaned/llm4pc-defects4j-Math-42-Nopol-patch1.patch,Overfitting,LLM4PC,['tmp/methods/llm4pc-defects4j-Math-42-Nopol-patch1/source-0.java'],['tmp/methods/llm4pc-defects4j-Math-42-Nopol-patch1/target-0.java'],nopol,['tmp/files/llm4pc-defects4j-Math-42-Nopol-patch1/source-0-SimplexTableau.java'],['tmp/files/llm4pc-defects4j-Math-42-Nopol-patch1/target-0-SimplexTableau.java'],overfitting
llm4pc-defects4j-Math-33-Nopol-patch1,defects4j-Math-33,Nopol,tmp/patches/cleaned/llm4pc-defects4j-Math-33-Nopol-patch1.patch,Overfitting,LLM4PC,['tmp/methods/llm4pc-defects4j-Math-33-Nopol-patch1/source-0.java'],['tmp/methods/llm4pc-defects4j-Math-33-Nopol-patch1/target-0.java'],nopol,['tmp/files/llm4pc-defects4j-Math-33-Nopol-patch1/source-0-SimplexTableau.java'],['tmp/files/llm4pc-defects4j-Math-33-Nopol-patch1/target-0-SimplexTableau.java'],overfitting
llm4pc-defects4j-Time-11-Nopol-patch1,defects4j-Time-11,Nopol,tmp/patches/cleaned/llm4pc-defects4j-Time-11-Nopol-patch1.patch,Overfitting,LLM4PC,['tmp/methods/llm4pc-defects4j-Time-11-Nopol-patch1/source-0.java'],['tmp/methods/llm4pc-defects4j-Time-11-Nopol-patch1/target-0.java'],nopol,['tmp/files/llm4pc-defects4j-Time-11-Nopol-patch1/source-0-DateTimeZoneBuilder.java'],['tmp/files/llm4pc-defects4j-Time-11-Nopol-patch1/target-0-DateTimeZoneBuilder.java'],overfitting
llm4pc-defects4j-Math-2-jGenProg-patch1,defects4j-Math-2,jGenProg,tmp/patches/cleaned/llm4pc-defects4j-Math-2-jGenProg-patch1.patch,Overfitting,LLM4PC,['tmp/methods/llm4pc-defects4j-Math-2-jGenProg-patch1/source-0.java'],['tmp/methods/llm4pc-defects4j-Math-2-jGenProg-patch1/target-0.java'],jgenprog,['tmp/files/llm4pc-defects4j-Math-2-jGenProg-patch1/source-0-AbstractIntegerDistribution.java'],['tmp/files/llm4pc-defects4j-Math-2-jGenProg-patch1/target-0-AbstractIntegerDistribution.java'],overfitting
llm4pc-defects4j-Lang-51-Nopol-patch1,defects4j-Lang-51,Nopol,tmp/patches/cleaned/llm4pc-defects4j-Lang-51-Nopol-patch1.patch,Overfitting,LLM4PC,['tmp/methods/llm4pc-defects4j-Lang-51-Nopol-patch1/source-0.java'],['tmp/methods/llm4pc-defects4j-Lang-51-Nopol-patch1/target-0.java'],nopol,['tmp/files/llm4pc-defects4j-Lang-51-Nopol-patch1/source-0-BooleanUtils.java'],['tmp/files/llm4pc-defects4j-Lang-51-Nopol-patch1/target-0-BooleanUtils.java'],overfitting
llm4pc-defects4j-Chart-26-jKali-patch1,defects4j-Chart-26,jKali,tmp/patches/cleaned/llm4pc-defects4j-Chart-26-jKali-patch1.patch,Overfitting,LLM4PC,['tmp/methods/llm4pc-defects4j-Chart-26-jKali-patch1/source-0.java'],['tmp/methods/llm4pc-defects4j-Chart-26-jKali-patch1/target-0.java'],jkali,['tmp/files/llm4pc-defects4j-Chart-26-jKali-patch1/source-0-CategoryPlot.java'],['tmp/files/llm4pc-defects4j-Chart-26-jKali-patch1/target-0-CategoryPlot.java'],overfitting
llm4pc-defects4j-Time-19-Nopol-patch1,defects4j-Time-19,Nopol,tmp/patches/cleaned/llm4pc-defects4j-Time-19-Nopol-patch1.patch,Overfitting,LLM4PC,['tmp/methods/llm4pc-defects4j-Time-19-Nopol-patch1/source-0.java'],['tmp/methods/llm4pc-defects4j-Time-19-Nopol-patch1/target-0.java'],nopol,['tmp/files/llm4pc-defects4j-Time-19-Nopol-patch1/source-0-DateTimeZone.java'],['tmp/files/llm4pc-defects4j-Time-19-Nopol-patch1/target-0-DateTimeZone.java'],overfitting
llm4pc-defects4j-Chart-15-jKali-patch1,defects4j-Chart-15,jKali,tmp/patches/cleaned/llm4pc-defects4j-Chart-15-jKali-patch1.patch,Overfitting,LLM4PC,['tmp/methods/llm4pc-defects4j-Chart-15-jKali-patch1/source-0.java'],['tmp/methods/llm4pc-defects4j-Chart-15-jKali-patch1/target-0.java'],jkali,['tmp/files/llm4pc-defects4j-Chart-15-jKali-patch1/source-0-PiePlot3D.java'],['tmp/files/llm4pc-defects4j-Chart-15-jKali-patch1/target-0-PiePlot3D.java'],overfitting
llm4pc-defects4j-Chart-1-SketchFix-patch2,defects4j-Chart-1,SketchFix,tmp/patches/cleaned/llm4pc-defects4j-Chart-1-SketchFix-patch2.patch,Overfitting,LLM4PC,['tmp/methods/llm4pc-defects4j-Chart-1-SketchFix-patch2/source-0.java'],['tmp/methods/llm4pc-defects4j-Chart-1-SketchFix-patch2/target-0.java'],sketchfix,['tmp/files/llm4pc-defects4j-Chart-1-SketchFix-patch2/source-0-AbstractCategoryItemRenderer.java'],['tmp/files/llm4pc-defects4j-Chart-1-SketchFix-patch2/target-0-AbstractCategoryItemRenderer.java'],correct
llm4pc-defects4j-Chart-1-SketchFix-patch1,defects4j-Chart-1,SketchFix,tmp/patches/cleaned/llm4pc-defects4j-Chart-1-SketchFix-patch1.patch,Overfitting,LLM4PC,['tmp/methods/llm4pc-defects4j-Chart-1-SketchFix-patch1/source-0.java'],['tmp/methods/llm4pc-defects4j-Chart-1-SketchFix-patch1/target-0.java'],sketchfix,['tmp/files/llm4pc-defects4j-Chart-1-SketchFix-patch1/source-0-AbstractCategoryItemRenderer.java'],['tmp/files/llm4pc-defects4j-Chart-1-SketchFix-patch1/target-0-AbstractCategoryItemRenderer.java'],correct
llm4pc-defects4j-Math-82-SketchFix-patch1,defects4j-Math-82,SketchFix,tmp/patches/cleaned/llm4pc-defects4j-Math-82-SketchFix-patch1.patch,Overfitting,LLM4PC,['tmp/methods/llm4pc-defects4j-Math-82-SketchFix-patch1/source-0.java'],['tmp/methods/llm4pc-defects4j-Math-82-SketchFix-patch1/target-0.java'],sketchfix,['tmp/files/llm4pc-defects4j-Math-82-SketchFix-patch1/source-0-SimplexSolver.java'],['tmp/files/llm4pc-defects4j-Math-82-SketchFix-patch1/target-0-SimplexSolver.java'],overfitting
llm4pc-defects4j-Math-70-SketchFix-patch1,defects4j-Math-70,SketchFix,tmp/patches/cleaned/llm4pc-defects4j-Math-70-SketchFix-patch1.patch,Overfitting,LLM4PC,['tmp/methods/llm4pc-defects4j-Math-70-SketchFix-patch1/source-0.java'],['tmp/methods/llm4pc-defects4j-Math-70-SketchFix-patch1/target-0.java'],sketchfix,['tmp/files/llm4pc-defects4j-Math-70-SketchFix-patch1/source-0-BisectionSolver.java'],['tmp/files/llm4pc-defects4j-Math-70-SketchFix-patch1/target-0-BisectionSolver.java'],correct
llm4pc-defects4j-Math-33-SketchFix-patch1,defects4j-Math-33,SketchFix,tmp/patches/cleaned/llm4pc-defects4j-Math-33-SketchFix-patch1.patch,Overfitting,LLM4PC,['tmp/methods/llm4pc-defects4j-Math-33-SketchFix-patch1/source-0.java'],['tmp/methods/llm4pc-defects4j-Math-33-SketchFix-patch1/target-0.java'],sketchfix,['tmp/files/llm4pc-defects4j-Math-33-SketchFix-patch1/source-0-SimplexSolver.java'],['tmp/files/llm4pc-defects4j-Math-33-SketchFix-patch1/target-0-SimplexSolver.java'],overfitting
llm4pc-defects4j-Math-82-SketchFix-patch2,defects4j-Math-82,SketchFix,tmp/patches/cleaned/llm4pc-defects4j-Math-82-SketchFix-patch2.patch,Overfitting,LLM4PC,['tmp/methods/llm4pc-defects4j-Math-82-SketchFix-patch2/source-0.java'],['tmp/methods/llm4pc-defects4j-Math-82-SketchFix-patch2/target-0.java'],sketchfix,['tmp/files/llm4pc-defects4j-Math-82-SketchFix-patch2/source-0-SimplexSolver.java'],['tmp/files/llm4pc-defects4j-Math-82-SketchFix-patch2/target-0-SimplexSolver.java'],correct
llm4pc-defects4j-Math-70-SketchFix-patch2,defects4j-Math-70,SketchFix,tmp/patches/cleaned/llm4pc-defects4j-Math-70-SketchFix-patch2.patch,Overfitting,LLM4PC,['tmp/methods/llm4pc-defects4j-Math-70-SketchFix-patch2/source-0.java'],['tmp/methods/llm4pc-defects4j-Math-70-SketchFix-patch2/target-0.java'],sketchfix,['tmp/files/llm4pc-defects4j-Math-70-SketchFix-patch2/source-0-BisectionSolver.java'],['tmp/files/llm4pc-defects4j-Math-70-SketchFix-patch2/target-0-BisectionSolver.java'],correct
llm4pc-defects4j-Lang-39-jGenProg-patch1,defects4j-Lang-39,jGenProg,tmp/patches/cleaned/llm4pc-defects4j-Lang-39-jGenProg-patch1.patch,Overfitting,LLM4PC,['tmp/methods/llm4pc-defects4j-Lang-39-jGenProg-patch1/source-0.java'],['tmp/methods/llm4pc-defects4j-Lang-39-jGenProg-patch1/target-0.java'],jgenprog,['tmp/files/llm4pc-defects4j-Lang-39-jGenProg-patch1/source-0-StringUtils.java'],['tmp/files/llm4pc-defects4j-Lang-39-jGenProg-patch1/target-0-StringUtils.java'],overfitting
llm4pc-defects4j-Lang-27-jGenProg-patch1,defects4j-Lang-27,jGenProg,tmp/patches/cleaned/llm4pc-defects4j-Lang-27-jGenProg-patch1.patch,Overfitting,LLM4PC,['tmp/methods/llm4pc-defects4j-Lang-27-jGenProg-patch1/source-0.java'],['tmp/methods/llm4pc-defects4j-Lang-27-jGenProg-patch1/target-0.java'],jgenprog,['tmp/files/llm4pc-defects4j-Lang-27-jGenProg-patch1/source-0-NumberUtils.java'],['tmp/files/llm4pc-defects4j-Lang-27-jGenProg-patch1/target-0-NumberUtils.java'],overfitting
llm4pc-defects4j-Closure-21-jGenProg-patch1,defects4j-Closure-21,jGenProg,tmp/patches/cleaned/llm4pc-defects4j-Closure-21-jGenProg-patch1.patch,Overfitting,LLM4PC,['tmp/methods/llm4pc-defects4j-Closure-21-jGenProg-patch1/source-0.java'],['tmp/methods/llm4pc-defects4j-Closure-21-jGenProg-patch1/target-0.java'],jgenprog,['tmp/files/llm4pc-defects4j-Closure-21-jGenProg-patch1/source-0-CheckSideEffects.java'],['tmp/files/llm4pc-defects4j-Closure-21-jGenProg-patch1/target-0-CheckSideEffects.java'],correct
llm4pc-defects4j-Closure-22-jGenProg-patch1,defects4j-Closure-22,jGenProg,tmp/patches/cleaned/llm4pc-defects4j-Closure-22-jGenProg-patch1.patch,Overfitting,LLM4PC,['tmp/methods/llm4pc-defects4j-Closure-22-jGenProg-patch1/source-0.java'],['tmp/methods/llm4pc-defects4j-Closure-22-jGenProg-patch1/target-0.java'],jgenprog,['tmp/files/llm4pc-defects4j-Closure-22-jGenProg-patch1/source-0-CheckSideEffects.java'],['tmp/files/llm4pc-defects4j-Closure-22-jGenProg-patch1/target-0-CheckSideEffects.java'],unknown
llm4pc-defects4j-Chart-5-jGenProg-patch2,defects4j-Chart-5,jGenProg,tmp/patches/cleaned/llm4pc-defects4j-Chart-5-jGenProg-patch2.patch,Overfitting,LLM4PC,['tmp/methods/llm4pc-defects4j-Chart-5-jGenProg-patch2/source-0.java'],['tmp/methods/llm4pc-defects4j-Chart-5-jGenProg-patch2/target-0.java'],jgenprog,['tmp/files/llm4pc-defects4j-Chart-5-jGenProg-patch2/source-0-XYSeries.java'],['tmp/files/llm4pc-defects4j-Chart-5-jGenProg-patch2/target-0-XYSeries.java'],overfitting
llm4pc-defects4j-Chart-13-jGenProg-patch2,defects4j-Chart-13,jGenProg,tmp/patches/cleaned/llm4pc-defects4j-Chart-13-jGenProg-patch2.patch,Overfitting,LLM4PC,['tmp/methods/llm4pc-defects4j-Chart-13-jGenProg-patch2/source-0.java'],['tmp/methods/llm4pc-defects4j-Chart-13-jGenProg-patch2/target-0.java'],jgenprog,['tmp/files/llm4pc-defects4j-Chart-13-jGenProg-patch2/source-0-BorderArrangement.java'],['tmp/files/llm4pc-defects4j-Chart-13-jGenProg-patch2/target-0-BorderArrangement.java'],correct
llm4pc-defects4j-Chart-3-jGenProg-patch1,defects4j-Chart-3,jGenProg,tmp/patches/cleaned/llm4pc-defects4j-Chart-3-jGenProg-patch1.patch,Overfitting,LLM4PC,['tmp/methods/llm4pc-defects4j-Chart-3-jGenProg-patch1/source-0.java'],['tmp/methods/llm4pc-defects4j-Chart-3-jGenProg-patch1/target-0.java'],jgenprog,['tmp/files/llm4pc-defects4j-Chart-3-jGenProg-patch1/source-0-TimeSeries.java'],['tmp/files/llm4pc-defects4j-Chart-3-jGenProg-patch1/target-0-TimeSeries.java'],overfitting
llm4pc-defects4j-Chart-25-jGenProg-patch2,defects4j-Chart-25,jGenProg,tmp/patches/cleaned/llm4pc-defects4j-Chart-25-jGenProg-patch2.patch,Overfitting,LLM4PC,['tmp/methods/llm4pc-defects4j-Chart-25-jGenProg-patch2/source-0.java'],['tmp/methods/llm4pc-defects4j-Chart-25-jGenProg-patch2/target-0.java'],jgenprog,['tmp/files/llm4pc-defects4j-Chart-25-jGenProg-patch2/source-0-StatisticalBarRenderer.java'],['tmp/files/llm4pc-defects4j-Chart-25-jGenProg-patch2/target-0-StatisticalBarRenderer.java'],overfitting
llm4pc-defects4j-Math-73-jGenProg-patch1,defects4j-Math-73,jGenProg,tmp/patches/cleaned/llm4pc-defects4j-Math-73-jGenProg-patch1.patch,Overfitting,LLM4PC,['tmp/methods/llm4pc-defects4j-Math-73-jGenProg-patch1/source-0.java'],['tmp/methods/llm4pc-defects4j-Math-73-jGenProg-patch1/target-0.java'],jgenprog,['tmp/files/llm4pc-defects4j-Math-73-jGenProg-patch1/source-0-BrentSolver.java'],['tmp/files/llm4pc-defects4j-Math-73-jGenProg-patch1/target-0-BrentSolver.java'],overfitting
llm4pc-defects4j-Math-60-jGenProg-patch1,defects4j-Math-60,jGenProg,tmp/patches/cleaned/llm4pc-defects4j-Math-60-jGenProg-patch1.patch,Overfitting,LLM4PC,['tmp/methods/llm4pc-defects4j-Math-60-jGenProg-patch1/source-0.java'],['tmp/methods/llm4pc-defects4j-Math-60-jGenProg-patch1/target-0.java'],jgenprog,['tmp/files/llm4pc-defects4j-Math-60-jGenProg-patch1/source-0-ContinuedFraction.java'],['tmp/files/llm4pc-defects4j-Math-60-jGenProg-patch1/target-0-ContinuedFraction.java'],overfitting
llm4pc-defects4j-Math-95-jGenProg-patch2,defects4j-Math-95,jGenProg,tmp/patches/cleaned/llm4pc-defects4j-Math-95-jGenProg-patch2.patch,Overfitting,LLM4PC,['tmp/methods/llm4pc-defects4j-Math-95-jGenProg-patch2/source-0.java'],['tmp/methods/llm4pc-defects4j-Math-95-jGenProg-patch2/target-0.java'],jgenprog,['tmp/files/llm4pc-defects4j-Math-95-jGenProg-patch2/source-0-FDistributionImpl.java'],['tmp/files/llm4pc-defects4j-Math-95-jGenProg-patch2/target-0-FDistributionImpl.java'],overfitting
llm4pc-defects4j-Math-50-jGenProg-patch1,defects4j-Math-50,jGenProg,tmp/patches/cleaned/llm4pc-defects4j-Math-50-jGenProg-patch1.patch,Overfitting,LLM4PC,['tmp/methods/llm4pc-defects4j-Math-50-jGenProg-patch1/source-0.java'],['tmp/methods/llm4pc-defects4j-Math-50-jGenProg-patch1/target-0.java'],jgenprog,['tmp/files/llm4pc-defects4j-Math-50-jGenProg-patch1/source-0-BaseSecantSolver.java'],['tmp/files/llm4pc-defects4j-Math-50-jGenProg-patch1/target-0-BaseSecantSolver.java'],overfitting
llm4pc-defects4j-Math-8-jGenProg-patch2,defects4j-Math-8,jGenProg,tmp/patches/cleaned/llm4pc-defects4j-Math-8-jGenProg-patch2.patch,Overfitting,LLM4PC,['tmp/methods/llm4pc-defects4j-Math-8-jGenProg-patch2/source-0.java'],['tmp/methods/llm4pc-defects4j-Math-8-jGenProg-patch2/target-0.java'],jgenprog,['tmp/files/llm4pc-defects4j-Math-8-jGenProg-patch2/source-0-DiscreteDistribution.java'],['tmp/files/llm4pc-defects4j-Math-8-jGenProg-patch2/target-0-DiscreteDistribution.java'],overfitting
llm4pc-defects4j-Math-81-jGenProg-patch2,defects4j-Math-81,jGenProg,tmp/patches/cleaned/llm4pc-defects4j-Math-81-jGenProg-patch2.patch,Overfitting,LLM4PC,['tmp/methods/llm4pc-defects4j-Math-81-jGenProg-patch2/source-0.java'],['tmp/methods/llm4pc-defects4j-Math-81-jGenProg-patch2/target-0.java'],jgenprog,['tmp/files/llm4pc-defects4j-Math-81-jGenProg-patch2/source-0-EigenDecompositionImpl.java'],['tmp/files/llm4pc-defects4j-Math-81-jGenProg-patch2/target-0-EigenDecompositionImpl.java'],overfitting
llm4pc-defects4j-Math-85-jGenProg-patch1,defects4j-Math-85,jGenProg,tmp/patches/cleaned/llm4pc-defects4j-Math-85-jGenProg-patch1.patch,Overfitting,LLM4PC,['tmp/methods/llm4pc-defects4j-Math-85-jGenProg-patch1/source-0.java'],['tmp/methods/llm4pc-defects4j-Math-85-jGenProg-patch1/target-0.java'],jgenprog,['tmp/files/llm4pc-defects4j-Math-85-jGenProg-patch1/source-0-UnivariateRealSolverUtils.java'],['tmp/files/llm4pc-defects4j-Math-85-jGenProg-patch1/target-0-UnivariateRealSolverUtils.java'],overfitting
llm4pc-defects4j-Math-84-jGenProg-patch2,defects4j-Math-84,jGenProg,tmp/patches/cleaned/llm4pc-defects4j-Math-84-jGenProg-patch2.patch,Overfitting,LLM4PC,['tmp/methods/llm4pc-defects4j-Math-84-jGenProg-patch2/source-0.java'],['tmp/methods/llm4pc-defects4j-Math-84-jGenProg-patch2/target-0.java'],jgenprog,['tmp/files/llm4pc-defects4j-Math-84-jGenProg-patch2/source-0-MultiDirectional.java'],['tmp/files/llm4pc-defects4j-Math-84-jGenProg-patch2/target-0-MultiDirectional.java'],overfitting
llm4pc-defects4j-Math-81-ACS-patch2,defects4j-Math-81,ACS,tmp/patches/cleaned/llm4pc-defects4j-Math-81-ACS-patch2.patch,Overfitting,LLM4PC,['tmp/methods/llm4pc-defects4j-Math-81-ACS-patch2/source-0.java'],['tmp/methods/llm4pc-defects4j-Math-81-ACS-patch2/target-0.java'],acs,['tmp/files/llm4pc-defects4j-Math-81-ACS-patch2/source-0-EigenDecompositionImpl.java'],['tmp/files/llm4pc-defects4j-Math-81-ACS-patch2/target-0-EigenDecompositionImpl.java'],correct
llm4pc-defects4j-Math-97-ACS-patch2,defects4j-Math-97,ACS,tmp/patches/cleaned/llm4pc-defects4j-Math-97-ACS-patch2.patch,Overfitting,LLM4PC,['tmp/methods/llm4pc-defects4j-Math-97-ACS-patch2/source-0.java'],['tmp/methods/llm4pc-defects4j-Math-97-ACS-patch2/target-0.java'],acs,['tmp/files/llm4pc-defects4j-Math-97-ACS-patch2/source-0-BrentSolver.java'],['tmp/files/llm4pc-defects4j-Math-97-ACS-patch2/target-0-BrentSolver.java'],correct
llm4pc-defects4j-Math-73-ACS-patch1,defects4j-Math-73,ACS,tmp/patches/cleaned/llm4pc-defects4j-Math-73-ACS-patch1.patch,Overfitting,LLM4PC,['tmp/methods/llm4pc-defects4j-Math-73-ACS-patch1/source-0.java'],['tmp/methods/llm4pc-defects4j-Math-73-ACS-patch1/target-0.java'],acs,['tmp/files/llm4pc-defects4j-Math-73-ACS-patch1/source-0-BrentSolver.java'],['tmp/files/llm4pc-defects4j-Math-73-ACS-patch1/target-0-BrentSolver.java'],overfitting
llm4pc-defects4j-Math-93-ACS-patch1,defects4j-Math-93,ACS,tmp/patches/cleaned/llm4pc-defects4j-Math-93-ACS-patch1.patch,Overfitting,LLM4PC,['tmp/methods/llm4pc-defects4j-Math-93-ACS-patch1/source-0.java'],['tmp/methods/llm4pc-defects4j-Math-93-ACS-patch1/target-0.java'],acs,['tmp/files/llm4pc-defects4j-Math-93-ACS-patch1/source-0-MathUtils.java'],['tmp/files/llm4pc-defects4j-Math-93-ACS-patch1/target-0-MathUtils.java'],correct
llm4pc-defects4j-Lang-16-SimFix-patch1,defects4j-Lang-16,SimFix,tmp/patches/cleaned/llm4pc-defects4j-Lang-16-SimFix-patch1.patch,Overfitting,LLM4PC,['tmp/methods/llm4pc-defects4j-Lang-16-SimFix-patch1/source-0.java'],['tmp/methods/llm4pc-defects4j-Lang-16-SimFix-patch1/target-0.java'],simfix,['tmp/files/llm4pc-defects4j-Lang-16-SimFix-patch1/source-0-NumberUtils.java'],['tmp/files/llm4pc-defects4j-Lang-16-SimFix-patch1/target-0-NumberUtils.java'],overfitting
llm4pc-defects4j-Lang-41-SimFix-patch1,defects4j-Lang-41,SimFix,tmp/patches/cleaned/llm4pc-defects4j-Lang-41-SimFix-patch1.patch,Overfitting,LLM4PC,['tmp/methods/llm4pc-defects4j-Lang-41-SimFix-patch1/source-0.java'],['tmp/methods/llm4pc-defects4j-Lang-41-SimFix-patch1/target-0.java'],simfix,['tmp/files/llm4pc-defects4j-Lang-41-SimFix-patch1/source-0-ClassUtils.java'],['tmp/files/llm4pc-defects4j-Lang-41-SimFix-patch1/target-0-ClassUtils.java'],overfitting
llm4pc-defects4j-Lang-50-SimFix-patch1,defects4j-Lang-50,SimFix,tmp/patches/cleaned/llm4pc-defects4j-Lang-50-SimFix-patch1.patch,Overfitting,LLM4PC,['tmp/methods/llm4pc-defects4j-Lang-50-SimFix-patch1/source-0.java'],['tmp/methods/llm4pc-defects4j-Lang-50-SimFix-patch1/target-0.java'],simfix,['tmp/files/llm4pc-defects4j-Lang-50-SimFix-patch1/source-0-FastDateFormat.java'],['tmp/files/llm4pc-defects4j-Lang-50-SimFix-patch1/target-0-FastDateFormat.java'],correct
llm4pc-defects4j-Lang-45-SimFix-patch1,defects4j-Lang-45,SimFix,tmp/patches/cleaned/llm4pc-defects4j-Lang-45-SimFix-patch1.patch,Overfitting,LLM4PC,['tmp/methods/llm4pc-defects4j-Lang-45-SimFix-patch1/source-0.java'],['tmp/methods/llm4pc-defects4j-Lang-45-SimFix-patch1/target-0.java'],simfix,['tmp/files/llm4pc-defects4j-Lang-45-SimFix-patch1/source-0-WordUtils.java'],['tmp/files/llm4pc-defects4j-Lang-45-SimFix-patch1/target-0-WordUtils.java'],overfitting
llm4pc-defects4j-Lang-27-SimFix-patch1,defects4j-Lang-27,SimFix,tmp/patches/cleaned/llm4pc-defects4j-Lang-27-SimFix-patch1.patch,Overfitting,LLM4PC,['tmp/methods/llm4pc-defects4j-Lang-27-SimFix-patch1/source-0.java'],['tmp/methods/llm4pc-defects4j-Lang-27-SimFix-patch1/target-0.java'],simfix,['tmp/files/llm4pc-defects4j-Lang-27-SimFix-patch1/source-0-NumberUtils.java'],['tmp/files/llm4pc-defects4j-Lang-27-SimFix-patch1/target-0-NumberUtils.java'],overfitting
llm4pc-defects4j-Lang-10-SimFix-patch1,defects4j-Lang-10,SimFix,tmp/patches/cleaned/llm4pc-defects4j-Lang-10-SimFix-patch1.patch,Overfitting,LLM4PC,['tmp/methods/llm4pc-defects4j-Lang-10-SimFix-patch1/source-0.java'],['tmp/methods/llm4pc-defects4j-Lang-10-SimFix-patch1/target-0.java'],simfix,['tmp/files/llm4pc-defects4j-Lang-10-SimFix-patch1/source-0-EventListenerSupport.java'],['tmp/files/llm4pc-defects4j-Lang-10-SimFix-patch1/target-0-EventListenerSupport.java'],overfitting
llm4pc-defects4j-Lang-1-SimFix-patch1,defects4j-Lang-1,SimFix,tmp/patches/cleaned/llm4pc-defects4j-Lang-1-SimFix-patch1.patch,Overfitting,LLM4PC,['tmp/methods/llm4pc-defects4j-Lang-1-SimFix-patch1/source-0.java'],['tmp/methods/llm4pc-defects4j-Lang-1-SimFix-patch1/target-0.java'],simfix,['tmp/files/llm4pc-defects4j-Lang-1-SimFix-patch1/source-0-NumberUtils.java'],['tmp/files/llm4pc-defects4j-Lang-1-SimFix-patch1/target-0-NumberUtils.java'],overfitting
llm4pc-defects4j-Lang-63-SimFix-patch1,defects4j-Lang-63,SimFix,tmp/patches/cleaned/llm4pc-defects4j-Lang-63-SimFix-patch1.patch,Overfitting,LLM4PC,['tmp/methods/llm4pc-defects4j-Lang-63-SimFix-patch1/source-0.java'],['tmp/methods/llm4pc-defects4j-Lang-63-SimFix-patch1/target-0.java'],simfix,['tmp/files/llm4pc-defects4j-Lang-63-SimFix-patch1/source-0-DurationFormatUtils.java'],['tmp/files/llm4pc-defects4j-Lang-63-SimFix-patch1/target-0-DurationFormatUtils.java'],overfitting
llm4pc-defects4j-Lang-12-SimFix-patch1,defects4j-Lang-12,SimFix,tmp/patches/cleaned/llm4pc-defects4j-Lang-12-SimFix-patch1.patch,Overfitting,LLM4PC,['tmp/methods/llm4pc-defects4j-Lang-12-SimFix-patch1/source-0.java'],['tmp/methods/llm4pc-defects4j-Lang-12-SimFix-patch1/target-0.java'],simfix,['tmp/files/llm4pc-defects4j-Lang-12-SimFix-patch1/source-0-RandomStringUtils.java'],['tmp/files/llm4pc-defects4j-Lang-12-SimFix-patch1/target-0-RandomStringUtils.java'],overfitting
llm4pc-defects4j-Lang-61-SimFix-patch1,defects4j-Lang-61,SimFix,tmp/patches/cleaned/llm4pc-defects4j-Lang-61-SimFix-patch1.patch,Overfitting,LLM4PC,['tmp/methods/llm4pc-defects4j-Lang-61-SimFix-patch1/source-0.java'],['tmp/methods/llm4pc-defects4j-Lang-61-SimFix-patch1/target-0.java'],simfix,['tmp/files/llm4pc-defects4j-Lang-61-SimFix-patch1/source-0-StrBuilder.java'],['tmp/files/llm4pc-defects4j-Lang-61-SimFix-patch1/target-0-StrBuilder.java'],overfitting
llm4pc-defects4j-Closure-108-SimFix-patch1,defects4j-Closure-108,SimFix,tmp/patches/cleaned/llm4pc-defects4j-Closure-108-SimFix-patch1.patch,Overfitting,LLM4PC,['tmp/methods/llm4pc-defects4j-Closure-108-SimFix-patch1/source-0.java'],['tmp/methods/llm4pc-defects4j-Closure-108-SimFix-patch1/target-0.java'],simfix,['tmp/files/llm4pc-defects4j-Closure-108-SimFix-patch1/source-0-Node.java'],['tmp/files/llm4pc-defects4j-Closure-108-SimFix-patch1/target-0-Node.java'],overfitting
llm4pc-defects4j-Closure-107-SimFix-patch1,defects4j-Closure-107,SimFix,tmp/patches/cleaned/llm4pc-defects4j-Closure-107-SimFix-patch1.patch,Overfitting,LLM4PC,['tmp/methods/llm4pc-defects4j-Closure-107-SimFix-patch1/source-0.java'],['tmp/methods/llm4pc-defects4j-Closure-107-SimFix-patch1/target-0.java'],simfix,['tmp/files/llm4pc-defects4j-Closure-107-SimFix-patch1/source-0-CommandLineRunner.java'],['tmp/files/llm4pc-defects4j-Closure-107-SimFix-patch1/target-0-CommandLineRunner.java'],overfitting
llm4pc-defects4j-Closure-22-SimFix-patch1,defects4j-Closure-22,SimFix,tmp/patches/cleaned/llm4pc-defects4j-Closure-22-SimFix-patch1.patch,Overfitting,LLM4PC,['tmp/methods/llm4pc-defects4j-Closure-22-SimFix-patch1/source-0.java'],['tmp/methods/llm4pc-defects4j-Closure-22-SimFix-patch1/target-0.java'],simfix,['tmp/files/llm4pc-defects4j-Closure-22-SimFix-patch1/source-0-CheckSideEffects.java'],['tmp/files/llm4pc-defects4j-Closure-22-SimFix-patch1/target-0-CheckSideEffects.java'],overfitting
llm4pc-defects4j-Closure-126-SimFix-patch1,defects4j-Closure-126,SimFix,tmp/patches/cleaned/llm4pc-defects4j-Closure-126-SimFix-patch1.patch,Overfitting,LLM4PC,['tmp/methods/llm4pc-defects4j-Closure-126-SimFix-patch1/source-0.java'],['tmp/methods/llm4pc-defects4j-Closure-126-SimFix-patch1/target-0.java'],simfix,['tmp/files/llm4pc-defects4j-Closure-126-SimFix-patch1/source-0-MinimizeExitPoints.java'],['tmp/files/llm4pc-defects4j-Closure-126-SimFix-patch1/target-0-MinimizeExitPoints.java'],overfitting
llm4pc-defects4j-Closure-57-SimFix-patch1,defects4j-Closure-57,SimFix,tmp/patches/cleaned/llm4pc-defects4j-Closure-57-SimFix-patch1.patch,Overfitting,LLM4PC,['tmp/methods/llm4pc-defects4j-Closure-57-SimFix-patch1/source-0.java'],['tmp/methods/llm4pc-defects4j-Closure-57-SimFix-patch1/target-0.java'],simfix,['tmp/files/llm4pc-defects4j-Closure-57-SimFix-patch1/source-0-ClosureCodingConvention.java'],['tmp/files/llm4pc-defects4j-Closure-57-SimFix-patch1/target-0-ClosureCodingConvention.java'],correct
llm4pc-defects4j-Closure-46-SimFix-patch1,defects4j-Closure-46,SimFix,tmp/patches/cleaned/llm4pc-defects4j-Closure-46-SimFix-patch1.patch,Overfitting,LLM4PC,['tmp/methods/llm4pc-defects4j-Closure-46-SimFix-patch1/source-0.java'],['tmp/methods/llm4pc-defects4j-Closure-46-SimFix-patch1/target-0.java'],simfix,['tmp/files/llm4pc-defects4j-Closure-46-SimFix-patch1/source-0-RecordType.java'],['tmp/files/llm4pc-defects4j-Closure-46-SimFix-patch1/target-0-RecordType.java'],overfitting
llm4pc-defects4j-Closure-38-SimFix-patch1,defects4j-Closure-38,SimFix,tmp/patches/cleaned/llm4pc-defects4j-Closure-38-SimFix-patch1.patch,Overfitting,LLM4PC,['tmp/methods/llm4pc-defects4j-Closure-38-SimFix-patch1/source-0.java'],['tmp/methods/llm4pc-defects4j-Closure-38-SimFix-patch1/target-0.java'],simfix,['tmp/files/llm4pc-defects4j-Closure-38-SimFix-patch1/source-0-CodeConsumer.java'],['tmp/files/llm4pc-defects4j-Closure-38-SimFix-patch1/target-0-CodeConsumer.java'],correct
llm4pc-defects4j-Closure-26-SimFix-patch1,defects4j-Closure-26,SimFix,tmp/patches/cleaned/llm4pc-defects4j-Closure-26-SimFix-patch1.patch,Overfitting,LLM4PC,['tmp/methods/llm4pc-defects4j-Closure-26-SimFix-patch1/source-0.java'],['tmp/methods/llm4pc-defects4j-Closure-26-SimFix-patch1/target-0.java'],simfix,['tmp/files/llm4pc-defects4j-Closure-26-SimFix-patch1/source-0-PeepholeFoldConstants.java'],['tmp/files/llm4pc-defects4j-Closure-26-SimFix-patch1/target-0-PeepholeFoldConstants.java'],overfitting
llm4pc-defects4j-Closure-109-SimFix-patch1,defects4j-Closure-109,SimFix,tmp/patches/cleaned/llm4pc-defects4j-Closure-109-SimFix-patch1.patch,Overfitting,LLM4PC,['tmp/methods/llm4pc-defects4j-Closure-109-SimFix-patch1/source-0.java'],['tmp/methods/llm4pc-defects4j-Closure-109-SimFix-patch1/target-0.java'],simfix,['tmp/files/llm4pc-defects4j-Closure-109-SimFix-patch1/source-0-JsDocInfoParser.java'],['tmp/files/llm4pc-defects4j-Closure-109-SimFix-patch1/target-0-JsDocInfoParser.java'],overfitting
llm4pc-defects4j-Closure-21-SimFix-patch1,defects4j-Closure-21,SimFix,tmp/patches/cleaned/llm4pc-defects4j-Closure-21-SimFix-patch1.patch,Overfitting,LLM4PC,['tmp/methods/llm4pc-defects4j-Closure-21-SimFix-patch1/source-0.java'],['tmp/methods/llm4pc-defects4j-Closure-21-SimFix-patch1/target-0.java'],simfix,['tmp/files/llm4pc-defects4j-Closure-21-SimFix-patch1/source-0-CheckSideEffects.java'],['tmp/files/llm4pc-defects4j-Closure-21-SimFix-patch1/target-0-CheckSideEffects.java'],overfitting
llm4pc-defects4j-Closure-14-SimFix-patch1,defects4j-Closure-14,SimFix,tmp/patches/cleaned/llm4pc-defects4j-Closure-14-SimFix-patch1.patch,Overfitting,LLM4PC,['tmp/methods/llm4pc-defects4j-Closure-14-SimFix-patch1/source-0.java'],['tmp/methods/llm4pc-defects4j-Closure-14-SimFix-patch1/target-0.java'],simfix,['tmp/files/llm4pc-defects4j-Closure-14-SimFix-patch1/source-0-ControlFlowAnalysis.java'],['tmp/files/llm4pc-defects4j-Closure-14-SimFix-patch1/target-0-ControlFlowAnalysis.java'],overfitting
llm4pc-defects4j-Closure-106-SimFix-patch1,defects4j-Closure-106,SimFix,tmp/patches/cleaned/llm4pc-defects4j-Closure-106-SimFix-patch1.patch,Overfitting,LLM4PC,['tmp/methods/llm4pc-defects4j-Closure-106-SimFix-patch1/source-0.java'],['tmp/methods/llm4pc-defects4j-Closure-106-SimFix-patch1/target-0.java'],simfix,['tmp/files/llm4pc-defects4j-Closure-106-SimFix-patch1/source-0-JsDocInfoParser.java'],['tmp/files/llm4pc-defects4j-Closure-106-SimFix-patch1/target-0-JsDocInfoParser.java'],overfitting
llm4pc-defects4j-Chart-25-SimFix-patch1,defects4j-Chart-25,SimFix,tmp/patches/cleaned/llm4pc-defects4j-Chart-25-SimFix-patch1.patch,Overfitting,LLM4PC,['tmp/methods/llm4pc-defects4j-Chart-25-SimFix-patch1/source-0.java'],['tmp/methods/llm4pc-defects4j-Chart-25-SimFix-patch1/target-0.java'],simfix,['tmp/files/llm4pc-defects4j-Chart-25-SimFix-patch1/source-0-StatisticalBarRenderer.java'],['tmp/files/llm4pc-defects4j-Chart-25-SimFix-patch1/target-0-StatisticalBarRenderer.java'],correct
llm4pc-defects4j-Chart-12-SimFix-patch1,defects4j-Chart-12,SimFix,tmp/patches/cleaned/llm4pc-defects4j-Chart-12-SimFix-patch1.patch,Overfitting,LLM4PC,['tmp/methods/llm4pc-defects4j-Chart-12-SimFix-patch1/source-0.java'],['tmp/methods/llm4pc-defects4j-Chart-12-SimFix-patch1/target-0.java'],simfix,['tmp/files/llm4pc-defects4j-Chart-12-SimFix-patch1/source-0-MultiplePiePlot.java'],['tmp/files/llm4pc-defects4j-Chart-12-SimFix-patch1/target-0-MultiplePiePlot.java'],correct
llm4pc-defects4j-Chart-18-SimFix-patch1,defects4j-Chart-18,SimFix,tmp/patches/cleaned/llm4pc-defects4j-Chart-18-SimFix-patch1.patch,Overfitting,LLM4PC,['tmp/methods/llm4pc-defects4j-Chart-18-SimFix-patch1/source-0.java'],['tmp/methods/llm4pc-defects4j-Chart-18-SimFix-patch1/target-0.java'],simfix,['tmp/files/llm4pc-defects4j-Chart-18-SimFix-patch1/source-0-DefaultKeyedValues.java'],['tmp/files/llm4pc-defects4j-Chart-18-SimFix-patch1/target-0-DefaultKeyedValues.java'],overfitting
llm4pc-defects4j-Chart-22-SimFix-patch1,defects4j-Chart-22,SimFix,tmp/patches/cleaned/llm4pc-defects4j-Chart-22-SimFix-patch1.patch,Overfitting,LLM4PC,['tmp/methods/llm4pc-defects4j-Chart-22-SimFix-patch1/source-0.java'],['tmp/methods/llm4pc-defects4j-Chart-22-SimFix-patch1/target-0.java'],simfix,['tmp/files/llm4pc-defects4j-Chart-22-SimFix-patch1/source-0-KeyedObjects2D.java'],['tmp/files/llm4pc-defects4j-Chart-22-SimFix-patch1/target-0-KeyedObjects2D.java'],correct
llm4pc-defects4j-Chart-3-SimFix-patch1,defects4j-Chart-3,SimFix,tmp/patches/cleaned/llm4pc-defects4j-Chart-3-SimFix-patch1.patch,Overfitting,LLM4PC,['tmp/methods/llm4pc-defects4j-Chart-3-SimFix-patch1/source-0.java'],['tmp/methods/llm4pc-defects4j-Chart-3-SimFix-patch1/target-0.java'],simfix,['tmp/files/llm4pc-defects4j-Chart-3-SimFix-patch1/source-0-TimeSeries.java'],['tmp/files/llm4pc-defects4j-Chart-3-SimFix-patch1/target-0-TimeSeries.java'],overfitting
llm4pc-defects4j-Math-81-SimFix-patch1,defects4j-Math-81,SimFix,tmp/patches/cleaned/llm4pc-defects4j-Math-81-SimFix-patch1.patch,Overfitting,LLM4PC,['tmp/methods/llm4pc-defects4j-Math-81-SimFix-patch1/source-0.java'],['tmp/methods/llm4pc-defects4j-Math-81-SimFix-patch1/target-0.java'],simfix,['tmp/files/llm4pc-defects4j-Math-81-SimFix-patch1/source-0-EigenDecompositionImpl.java'],['tmp/files/llm4pc-defects4j-Math-81-SimFix-patch1/target-0-EigenDecompositionImpl.java'],overfitting
llm4pc-defects4j-Math-73-SimFix-patch1,defects4j-Math-73,SimFix,tmp/patches/cleaned/llm4pc-defects4j-Math-73-SimFix-patch1.patch,Overfitting,LLM4PC,['tmp/methods/llm4pc-defects4j-Math-73-SimFix-patch1/source-0.java'],['tmp/methods/llm4pc-defects4j-Math-73-SimFix-patch1/target-0.java'],simfix,['tmp/files/llm4pc-defects4j-Math-73-SimFix-patch1/source-0-BrentSolver.java'],['tmp/files/llm4pc-defects4j-Math-73-SimFix-patch1/target-0-BrentSolver.java'],overfitting
llm4pc-defects4j-Math-44-SimFix-patch1,defects4j-Math-44,SimFix,tmp/patches/cleaned/llm4pc-defects4j-Math-44-SimFix-patch1.patch,Overfitting,LLM4PC,['tmp/methods/llm4pc-defects4j-Math-44-SimFix-patch1/source-0.java'],['tmp/methods/llm4pc-defects4j-Math-44-SimFix-patch1/target-0.java'],simfix,['tmp/files/llm4pc-defects4j-Math-44-SimFix-patch1/source-0-EventState.java'],['tmp/files/llm4pc-defects4j-Math-44-SimFix-patch1/target-0-EventState.java'],overfitting
llm4pc-defects4j-Math-6-SimFix-patch1,defects4j-Math-6,SimFix,tmp/patches/cleaned/llm4pc-defects4j-Math-6-SimFix-patch1.patch,Overfitting,LLM4PC,['tmp/methods/llm4pc-defects4j-Math-6-SimFix-patch1/source-0.java'],['tmp/methods/llm4pc-defects4j-Math-6-SimFix-patch1/target-0.java'],simfix,['tmp/files/llm4pc-defects4j-Math-6-SimFix-patch1/source-0-BaseOptimizer.java'],['tmp/files/llm4pc-defects4j-Math-6-SimFix-patch1/target-0-BaseOptimizer.java'],overfitting
llm4pc-defects4j-Math-8-SimFix-patch1,defects4j-Math-8,SimFix,tmp/patches/cleaned/llm4pc-defects4j-Math-8-SimFix-patch1.patch,Overfitting,LLM4PC,['tmp/methods/llm4pc-defects4j-Math-8-SimFix-patch1/source-0.java'],['tmp/methods/llm4pc-defects4j-Math-8-SimFix-patch1/target-0.java'],simfix,['tmp/files/llm4pc-defects4j-Math-8-SimFix-patch1/source-0-DiscreteDistribution.java'],['tmp/files/llm4pc-defects4j-Math-8-SimFix-patch1/target-0-DiscreteDistribution.java'],overfitting
llm4pc-defects4j-Math-85-SimFix-patch1,defects4j-Math-85,SimFix,tmp/patches/cleaned/llm4pc-defects4j-Math-85-SimFix-patch1.patch,Overfitting,LLM4PC,['tmp/methods/llm4pc-defects4j-Math-85-SimFix-patch1/source-0.java'],['tmp/methods/llm4pc-defects4j-Math-85-SimFix-patch1/target-0.java'],simfix,['tmp/files/llm4pc-defects4j-Math-85-SimFix-patch1/source-0-UnivariateRealSolverUtils.java'],['tmp/files/llm4pc-defects4j-Math-85-SimFix-patch1/target-0-UnivariateRealSolverUtils.java'],unknown
llm4pc-defects4j-Math-82-SimFix-patch1,defects4j-Math-82,SimFix,tmp/patches/cleaned/llm4pc-defects4j-Math-82-SimFix-patch1.patch,Overfitting,LLM4PC,['tmp/methods/llm4pc-defects4j-Math-82-SimFix-patch1/source-0.java'],['tmp/methods/llm4pc-defects4j-Math-82-SimFix-patch1/target-0.java'],simfix,['tmp/files/llm4pc-defects4j-Math-82-SimFix-patch1/source-0-SimplexSolver.java'],['tmp/files/llm4pc-defects4j-Math-82-SimFix-patch1/target-0-SimplexSolver.java'],overfitting
llm4pc-defects4j-Math-84-SimFix-patch1,defects4j-Math-84,SimFix,tmp/patches/cleaned/llm4pc-defects4j-Math-84-SimFix-patch1.patch,Overfitting,LLM4PC,['tmp/methods/llm4pc-defects4j-Math-84-SimFix-patch1/source-0.java'],['tmp/methods/llm4pc-defects4j-Math-84-SimFix-patch1/target-0.java'],simfix,['tmp/files/llm4pc-defects4j-Math-84-SimFix-patch1/source-0-MultiDirectional.java'],['tmp/files/llm4pc-defects4j-Math-84-SimFix-patch1/target-0-MultiDirectional.java'],overfitting
llm4pc-defects4j-Math-69-SimFix-patch1,defects4j-Math-69,SimFix,tmp/patches/cleaned/llm4pc-defects4j-Math-69-SimFix-patch1.patch,Overfitting,LLM4PC,['tmp/methods/llm4pc-defects4j-Math-69-SimFix-patch1/source-0.java'],['tmp/methods/llm4pc-defects4j-Math-69-SimFix-patch1/target-0.java'],simfix,['tmp/files/llm4pc-defects4j-Math-69-SimFix-patch1/source-0-PearsonsCorrelation.java'],['tmp/files/llm4pc-defects4j-Math-69-SimFix-patch1/target-0-PearsonsCorrelation.java'],correct
llm4pc-defects4j-Math-63-SimFix-patch1,defects4j-Math-63,SimFix,tmp/patches/cleaned/llm4pc-defects4j-Math-63-SimFix-patch1.patch,Overfitting,LLM4PC,['tmp/methods/llm4pc-defects4j-Math-63-SimFix-patch1/source-0.java'],['tmp/methods/llm4pc-defects4j-Math-63-SimFix-patch1/target-0.java'],simfix,['tmp/files/llm4pc-defects4j-Math-63-SimFix-patch1/source-0-MathUtils.java'],['tmp/files/llm4pc-defects4j-Math-63-SimFix-patch1/target-0-MathUtils.java'],overfitting
llm4pc-defects4j-Math-43-SimFix-patch1,defects4j-Math-43,SimFix,tmp/patches/cleaned/llm4pc-defects4j-Math-43-SimFix-patch1.patch,Overfitting,LLM4PC,['tmp/methods/llm4pc-defects4j-Math-43-SimFix-patch1/source-0.java'],['tmp/methods/llm4pc-defects4j-Math-43-SimFix-patch1/target-0.java'],simfix,['tmp/files/llm4pc-defects4j-Math-43-SimFix-patch1/source-0-SummaryStatistics.java'],['tmp/files/llm4pc-defects4j-Math-43-SimFix-patch1/target-0-SummaryStatistics.java'],overfitting
llm4pc-defects4j-Math-50-SimFix-patch1,defects4j-Math-50,SimFix,tmp/patches/cleaned/llm4pc-defects4j-Math-50-SimFix-patch1.patch,Overfitting,LLM4PC,['tmp/methods/llm4pc-defects4j-Math-50-SimFix-patch1/source-0.java'],['tmp/methods/llm4pc-defects4j-Math-50-SimFix-patch1/target-0.java'],simfix,['tmp/files/llm4pc-defects4j-Math-50-SimFix-patch1/source-0-BaseSecantSolver.java'],['tmp/files/llm4pc-defects4j-Math-50-SimFix-patch1/target-0-BaseSecantSolver.java'],overfitting
llm4pc-defects4j-Math-88-SimFix-patch1,defects4j-Math-88,SimFix,tmp/patches/cleaned/llm4pc-defects4j-Math-88-SimFix-patch1.patch,Overfitting,LLM4PC,['tmp/methods/llm4pc-defects4j-Math-88-SimFix-patch1/source-0.java'],['tmp/methods/llm4pc-defects4j-Math-88-SimFix-patch1/target-0.java'],simfix,['tmp/files/llm4pc-defects4j-Math-88-SimFix-patch1/source-0-SimplexSolver.java'],['tmp/files/llm4pc-defects4j-Math-88-SimFix-patch1/target-0-SimplexSolver.java'],overfitting
llm4pc-defects4j-Math-80-SimFix-patch1,defects4j-Math-80,SimFix,tmp/patches/cleaned/llm4pc-defects4j-Math-80-SimFix-patch1.patch,Overfitting,LLM4PC,['tmp/methods/llm4pc-defects4j-Math-80-SimFix-patch1/source-0.java'],['tmp/methods/llm4pc-defects4j-Math-80-SimFix-patch1/target-0.java'],simfix,['tmp/files/llm4pc-defects4j-Math-80-SimFix-patch1/source-0-EigenDecompositionImpl.java'],['tmp/files/llm4pc-defects4j-Math-80-SimFix-patch1/target-0-EigenDecompositionImpl.java'],overfitting
llm4pc-defects4j-Math-1-SimFix-patch1,defects4j-Math-1,SimFix,tmp/patches/cleaned/llm4pc-defects4j-Math-1-SimFix-patch1.patch,Overfitting,LLM4PC,['tmp/methods/llm4pc-defects4j-Math-1-SimFix-patch1/source-0.java'],['tmp/methods/llm4pc-defects4j-Math-1-SimFix-patch1/target-0.java'],simfix,['tmp/files/llm4pc-defects4j-Math-1-SimFix-patch1/source-0-BigFraction.java'],['tmp/files/llm4pc-defects4j-Math-1-SimFix-patch1/target-0-BigFraction.java'],overfitting
llm4pc-defects4j-Lang-22-AVATAR-patch1,defects4j-Lang-22,AVATAR,tmp/patches/cleaned/llm4pc-defects4j-Lang-22-AVATAR-patch1.patch,Overfitting,LLM4PC,['tmp/methods/llm4pc-defects4j-Lang-22-AVATAR-patch1/source-0.java'],['tmp/methods/llm4pc-defects4j-Lang-22-AVATAR-patch1/target-0.java'],avatar,['tmp/files/llm4pc-defects4j-Lang-22-AVATAR-patch1/source-0-Fraction.java'],['tmp/files/llm4pc-defects4j-Lang-22-AVATAR-patch1/target-0-Fraction.java'],correct
llm4pc-defects4j-Lang-20-AVATAR-patch1,defects4j-Lang-20,AVATAR,tmp/patches/cleaned/llm4pc-defects4j-Lang-20-AVATAR-patch1.patch,Overfitting,LLM4PC,['tmp/methods/llm4pc-defects4j-Lang-20-AVATAR-patch1/source-0.java'],['tmp/methods/llm4pc-defects4j-Lang-20-AVATAR-patch1/target-0.java'],avatar,['tmp/files/llm4pc-defects4j-Lang-20-AVATAR-patch1/source-0-StringUtils.java'],['tmp/files/llm4pc-defects4j-Lang-20-AVATAR-patch1/target-0-StringUtils.java'],correct
llm4pc-defects4j-Lang-58-AVATAR-patch1,defects4j-Lang-58,AVATAR,tmp/patches/cleaned/llm4pc-defects4j-Lang-58-AVATAR-patch1.patch,Overfitting,LLM4PC,['tmp/methods/llm4pc-defects4j-Lang-58-AVATAR-patch1/source-0.java'],['tmp/methods/llm4pc-defects4j-Lang-58-AVATAR-patch1/target-0.java'],avatar,['tmp/files/llm4pc-defects4j-Lang-58-AVATAR-patch1/source-0-NumberUtils.java'],['tmp/files/llm4pc-defects4j-Lang-58-AVATAR-patch1/target-0-NumberUtils.java'],correct
llm4pc-defects4j-Lang-39-AVATAR-patch1,defects4j-Lang-39,AVATAR,tmp/patches/cleaned/llm4pc-defects4j-Lang-39-AVATAR-patch1.patch,Overfitting,LLM4PC,['tmp/methods/llm4pc-defects4j-Lang-39-AVATAR-patch1/source-0.java'],['tmp/methods/llm4pc-defects4j-Lang-39-AVATAR-patch1/target-0.java'],avatar,['tmp/files/llm4pc-defects4j-Lang-39-AVATAR-patch1/source-0-StringUtils.java'],['tmp/files/llm4pc-defects4j-Lang-39-AVATAR-patch1/target-0-StringUtils.java'],overfitting
llm4pc-defects4j-Lang-51-AVATAR-patch1,defects4j-Lang-51,AVATAR,tmp/patches/cleaned/llm4pc-defects4j-Lang-51-AVATAR-patch1.patch,Overfitting,LLM4PC,['tmp/methods/llm4pc-defects4j-Lang-51-AVATAR-patch1/source-0.java'],['tmp/methods/llm4pc-defects4j-Lang-51-AVATAR-patch1/target-0.java'],avatar,['tmp/files/llm4pc-defects4j-Lang-51-AVATAR-patch1/source-0-BooleanUtils.java'],['tmp/files/llm4pc-defects4j-Lang-51-AVATAR-patch1/target-0-BooleanUtils.java'],overfitting
llm4pc-defects4j-Lang-63-AVATAR-patch1,defects4j-Lang-63,AVATAR,tmp/patches/cleaned/llm4pc-defects4j-Lang-63-AVATAR-patch1.patch,Overfitting,LLM4PC,['tmp/methods/llm4pc-defects4j-Lang-63-AVATAR-patch1/source-0.java'],['tmp/methods/llm4pc-defects4j-Lang-63-AVATAR-patch1/target-0.java'],avatar,['tmp/files/llm4pc-defects4j-Lang-63-AVATAR-patch1/source-0-DurationFormatUtils.java'],['tmp/files/llm4pc-defects4j-Lang-63-AVATAR-patch1/target-0-DurationFormatUtils.java'],overfitting
llm4pc-defects4j-Lang-59-AVATAR-patch1,defects4j-Lang-59,AVATAR,tmp/patches/cleaned/llm4pc-defects4j-Lang-59-AVATAR-patch1.patch,Overfitting,LLM4PC,['tmp/methods/llm4pc-defects4j-Lang-59-AVATAR-patch1/source-0.java'],['tmp/methods/llm4pc-defects4j-Lang-59-AVATAR-patch1/target-0.java'],avatar,['tmp/files/llm4pc-defects4j-Lang-59-AVATAR-patch1/source-0-StrBuilder.java'],['tmp/files/llm4pc-defects4j-Lang-59-AVATAR-patch1/target-0-StrBuilder.java'],overfitting
llm4pc-defects4j-Lang-13-AVATAR-patch1,defects4j-Lang-13,AVATAR,tmp/patches/cleaned/llm4pc-defects4j-Lang-13-AVATAR-patch1.patch,Overfitting,LLM4PC,['tmp/methods/llm4pc-defects4j-Lang-13-AVATAR-patch1/source-0.java'],['tmp/methods/llm4pc-defects4j-Lang-13-AVATAR-patch1/target-0.java'],avatar,['tmp/files/llm4pc-defects4j-Lang-13-AVATAR-patch1/source-0-SerializationUtils.java'],['tmp/files/llm4pc-defects4j-Lang-13-AVATAR-patch1/target-0-SerializationUtils.java'],overfitting
llm4pc-defects4j-Closure-48-AVATAR-patch1,defects4j-Closure-48,AVATAR,tmp/patches/cleaned/llm4pc-defects4j-Closure-48-AVATAR-patch1.patch,Overfitting,LLM4PC,['tmp/methods/llm4pc-defects4j-Closure-48-AVATAR-patch1/source-0.java'],['tmp/methods/llm4pc-defects4j-Closure-48-AVATAR-patch1/target-0.java'],avatar,['tmp/files/llm4pc-defects4j-Closure-48-AVATAR-patch1/source-0-TypedScopeCreator.java'],['tmp/files/llm4pc-defects4j-Closure-48-AVATAR-patch1/target-0-TypedScopeCreator.java'],overfitting
llm4pc-defects4j-Closure-21-AVATAR-patch1,defects4j-Closure-21,AVATAR,tmp/patches/cleaned/llm4pc-defects4j-Closure-21-AVATAR-patch1.patch,Overfitting,LLM4PC,['tmp/methods/llm4pc-defects4j-Closure-21-AVATAR-patch1/source-0.java'],['tmp/methods/llm4pc-defects4j-Closure-21-AVATAR-patch1/target-0.java'],avatar,['tmp/files/llm4pc-defects4j-Closure-21-AVATAR-patch1/source-0-CheckSideEffects.java'],['tmp/files/llm4pc-defects4j-Closure-21-AVATAR-patch1/target-0-CheckSideEffects.java'],overfitting
llm4pc-defects4j-Closure-45-AVATAR-patch1,defects4j-Closure-45,AVATAR,tmp/patches/cleaned/llm4pc-defects4j-Closure-45-AVATAR-patch1.patch,Overfitting,LLM4PC,['tmp/methods/llm4pc-defects4j-Closure-45-AVATAR-patch1/source-0.java'],['tmp/methods/llm4pc-defects4j-Closure-45-AVATAR-patch1/target-0.java'],avatar,['tmp/files/llm4pc-defects4j-Closure-45-AVATAR-patch1/source-0-RemoveUnusedVars.java'],['tmp/files/llm4pc-defects4j-Closure-45-AVATAR-patch1/target-0-RemoveUnusedVars.java'],unknown
llm4pc-defects4j-Closure-12-AVATAR-patch1,defects4j-Closure-12,AVATAR,tmp/patches/cleaned/llm4pc-defects4j-Closure-12-AVATAR-patch1.patch,Overfitting,LLM4PC,['tmp/methods/llm4pc-defects4j-Closure-12-AVATAR-patch1/source-0.java'],['tmp/methods/llm4pc-defects4j-Closure-12-AVATAR-patch1/target-0.java'],avatar,['tmp/files/llm4pc-defects4j-Closure-12-AVATAR-patch1/source-0-FlowSensitiveInlineVariables.java'],['tmp/files/llm4pc-defects4j-Closure-12-AVATAR-patch1/target-0-FlowSensitiveInlineVariables.java'],correct
llm4pc-defects4j-Closure-126-AVATAR-patch1,defects4j-Closure-126,AVATAR,tmp/patches/cleaned/llm4pc-defects4j-Closure-126-AVATAR-patch1.patch,Overfitting,LLM4PC,['tmp/methods/llm4pc-defects4j-Closure-126-AVATAR-patch1/source-0.java'],['tmp/methods/llm4pc-defects4j-Closure-126-AVATAR-patch1/target-0.java'],avatar,['tmp/files/llm4pc-defects4j-Closure-126-AVATAR-patch1/source-0-MinimizeExitPoints.java'],['tmp/files/llm4pc-defects4j-Closure-126-AVATAR-patch1/target-0-MinimizeExitPoints.java'],overfitting
llm4pc-defects4j-Closure-108-AVATAR-patch1,defects4j-Closure-108,AVATAR,tmp/patches/cleaned/llm4pc-defects4j-Closure-108-AVATAR-patch1.patch,Overfitting,LLM4PC,['tmp/methods/llm4pc-defects4j-Closure-108-AVATAR-patch1/source-0.java'],['tmp/methods/llm4pc-defects4j-Closure-108-AVATAR-patch1/target-0.java'],avatar,['tmp/files/llm4pc-defects4j-Closure-108-AVATAR-patch1/source-0-ScopedAliases.java'],['tmp/files/llm4pc-defects4j-Closure-108-AVATAR-patch1/target-0-ScopedAliases.java'],overfitting
llm4pc-defects4j-Closure-22-AVATAR-patch1,defects4j-Closure-22,AVATAR,tmp/patches/cleaned/llm4pc-defects4j-Closure-22-AVATAR-patch1.patch,Overfitting,LLM4PC,['tmp/methods/llm4pc-defects4j-Closure-22-AVATAR-patch1/source-0.java'],['tmp/methods/llm4pc-defects4j-Closure-22-AVATAR-patch1/target-0.java'],avatar,['tmp/files/llm4pc-defects4j-Closure-22-AVATAR-patch1/source-0-CheckSideEffects.java'],['tmp/files/llm4pc-defects4j-Closure-22-AVATAR-patch1/target-0-CheckSideEffects.java'],overfitting
llm4pc-defects4j-Closure-66-AVATAR-patch1,defects4j-Closure-66,AVATAR,tmp/patches/cleaned/llm4pc-defects4j-Closure-66-AVATAR-patch1.patch,Overfitting,LLM4PC,['tmp/methods/llm4pc-defects4j-Closure-66-AVATAR-patch1/source-0.java'],['tmp/methods/llm4pc-defects4j-Closure-66-AVATAR-patch1/target-0.java'],avatar,['tmp/files/llm4pc-defects4j-Closure-66-AVATAR-patch1/source-0-TypeCheck.java'],['tmp/files/llm4pc-defects4j-Closure-66-AVATAR-patch1/target-0-TypeCheck.java'],overfitting
llm4pc-defects4j-Chart-26-AVATAR-patch1,defects4j-Chart-26,AVATAR,tmp/patches/cleaned/llm4pc-defects4j-Chart-26-AVATAR-patch1.patch,Overfitting,LLM4PC,['tmp/methods/llm4pc-defects4j-Chart-26-AVATAR-patch1/source-0.java'],['tmp/methods/llm4pc-defects4j-Chart-26-AVATAR-patch1/target-0.java'],avatar,['tmp/files/llm4pc-defects4j-Chart-26-AVATAR-patch1/source-0-CategoryPlot.java'],['tmp/files/llm4pc-defects4j-Chart-26-AVATAR-patch1/target-0-CategoryPlot.java'],overfitting
llm4pc-defects4j-Chart-5-AVATAR-patch1,defects4j-Chart-5,AVATAR,tmp/patches/cleaned/llm4pc-defects4j-Chart-5-AVATAR-patch1.patch,Overfitting,LLM4PC,['tmp/methods/llm4pc-defects4j-Chart-5-AVATAR-patch1/source-0.java'],['tmp/methods/llm4pc-defects4j-Chart-5-AVATAR-patch1/target-0.java'],avatar,['tmp/files/llm4pc-defects4j-Chart-5-AVATAR-patch1/source-0-XYSeries.java'],['tmp/files/llm4pc-defects4j-Chart-5-AVATAR-patch1/target-0-XYSeries.java'],overfitting
llm4pc-defects4j-Chart-25-AVATAR-patch1,defects4j-Chart-25,AVATAR,tmp/patches/cleaned/llm4pc-defects4j-Chart-25-AVATAR-patch1.patch,Overfitting,LLM4PC,['tmp/methods/llm4pc-defects4j-Chart-25-AVATAR-patch1/source-0.java'],['tmp/methods/llm4pc-defects4j-Chart-25-AVATAR-patch1/target-0.java'],avatar,['tmp/files/llm4pc-defects4j-Chart-25-AVATAR-patch1/source-0-StatisticalBarRenderer.java'],['tmp/files/llm4pc-defects4j-Chart-25-AVATAR-patch1/target-0-StatisticalBarRenderer.java'],overfitting
llm4pc-defects4j-Chart-7-AVATAR-patch1,defects4j-Chart-7,AVATAR,tmp/patches/cleaned/llm4pc-defects4j-Chart-7-AVATAR-patch1.patch,Overfitting,LLM4PC,['tmp/methods/llm4pc-defects4j-Chart-7-AVATAR-patch1/source-0.java'],['tmp/methods/llm4pc-defects4j-Chart-7-AVATAR-patch1/target-0.java'],avatar,['tmp/files/llm4pc-defects4j-Chart-7-AVATAR-patch1/source-0-TimePeriodValues.java'],['tmp/files/llm4pc-defects4j-Chart-7-AVATAR-patch1/target-0-TimePeriodValues.java'],overfitting
llm4pc-defects4j-Chart-14-AVATAR-patch1,defects4j-Chart-14,AVATAR,tmp/patches/cleaned/llm4pc-defects4j-Chart-14-AVATAR-patch1.patch,Overfitting,LLM4PC,['tmp/methods/llm4pc-defects4j-Chart-14-AVATAR-patch1/source-0.java'],['tmp/methods/llm4pc-defects4j-Chart-14-AVATAR-patch1/target-0.java'],avatar,['tmp/files/llm4pc-defects4j-Chart-14-AVATAR-patch1/source-0-XYPlot.java'],['tmp/files/llm4pc-defects4j-Chart-14-AVATAR-patch1/target-0-XYPlot.java'],overfitting
llm4pc-defects4j-Chart-13-AVATAR-patch1,defects4j-Chart-13,AVATAR,tmp/patches/cleaned/llm4pc-defects4j-Chart-13-AVATAR-patch1.patch,Overfitting,LLM4PC,['tmp/methods/llm4pc-defects4j-Chart-13-AVATAR-patch1/source-0.java'],['tmp/methods/llm4pc-defects4j-Chart-13-AVATAR-patch1/target-0.java'],avatar,['tmp/files/llm4pc-defects4j-Chart-13-AVATAR-patch1/source-0-Range.java'],['tmp/files/llm4pc-defects4j-Chart-13-AVATAR-patch1/target-0-Range.java'],overfitting
llm4pc-defects4j-Chart-15-AVATAR-patch1,defects4j-Chart-15,AVATAR,tmp/patches/cleaned/llm4pc-defects4j-Chart-15-AVATAR-patch1.patch,Overfitting,LLM4PC,['tmp/methods/llm4pc-defects4j-Chart-15-AVATAR-patch1/source-0.java'],['tmp/methods/llm4pc-defects4j-Chart-15-AVATAR-patch1/target-0.java'],avatar,['tmp/files/llm4pc-defects4j-Chart-15-AVATAR-patch1/source-0-PiePlot3D.java'],['tmp/files/llm4pc-defects4j-Chart-15-AVATAR-patch1/target-0-PiePlot3D.java'],overfitting
llm4pc-defects4j-Math-50-AVATAR-patch1,defects4j-Math-50,AVATAR,tmp/patches/cleaned/llm4pc-defects4j-Math-50-AVATAR-patch1.patch,Overfitting,LLM4PC,['tmp/methods/llm4pc-defects4j-Math-50-AVATAR-patch1/source-0.java'],['tmp/methods/llm4pc-defects4j-Math-50-AVATAR-patch1/target-0.java'],avatar,['tmp/files/llm4pc-defects4j-Math-50-AVATAR-patch1/source-0-BaseSecantSolver.java'],['tmp/files/llm4pc-defects4j-Math-50-AVATAR-patch1/target-0-BaseSecantSolver.java'],overfitting
llm4pc-defects4j-Math-104-AVATAR-patch1,defects4j-Math-104,AVATAR,tmp/patches/cleaned/llm4pc-defects4j-Math-104-AVATAR-patch1.patch,Overfitting,LLM4PC,['tmp/methods/llm4pc-defects4j-Math-104-AVATAR-patch1/source-0.java'],['tmp/methods/llm4pc-defects4j-Math-104-AVATAR-patch1/target-0.java'],avatar,['tmp/files/llm4pc-defects4j-Math-104-AVATAR-patch1/source-0-Gamma.java'],['tmp/files/llm4pc-defects4j-Math-104-AVATAR-patch1/target-0-Gamma.java'],overfitting
llm4pc-defects4j-Math-88-AVATAR-patch1,defects4j-Math-88,AVATAR,tmp/patches/cleaned/llm4pc-defects4j-Math-88-AVATAR-patch1.patch,Overfitting,LLM4PC,['tmp/methods/llm4pc-defects4j-Math-88-AVATAR-patch1/source-0.java'],['tmp/methods/llm4pc-defects4j-Math-88-AVATAR-patch1/target-0.java'],avatar,['tmp/files/llm4pc-defects4j-Math-88-AVATAR-patch1/source-0-SimplexTableau.java'],['tmp/files/llm4pc-defects4j-Math-88-AVATAR-patch1/target-0-SimplexTableau.java'],overfitting
llm4pc-defects4j-Math-57-AVATAR-patch1,defects4j-Math-57,AVATAR,tmp/patches/cleaned/llm4pc-defects4j-Math-57-AVATAR-patch1.patch,Overfitting,LLM4PC,['tmp/methods/llm4pc-defects4j-Math-57-AVATAR-patch1/source-0.java'],['tmp/methods/llm4pc-defects4j-Math-57-AVATAR-patch1/target-0.java'],avatar,['tmp/files/llm4pc-defects4j-Math-57-AVATAR-patch1/source-0-KMeansPlusPlusClusterer.java'],['tmp/files/llm4pc-defects4j-Math-57-AVATAR-patch1/target-0-KMeansPlusPlusClusterer.java'],overfitting
llm4pc-defects4j-Math-84-AVATAR-patch1,defects4j-Math-84,AVATAR,tmp/patches/cleaned/llm4pc-defects4j-Math-84-AVATAR-patch1.patch,Overfitting,LLM4PC,['tmp/methods/llm4pc-defects4j-Math-84-AVATAR-patch1/source-0.java'],['tmp/methods/llm4pc-defects4j-Math-84-AVATAR-patch1/target-0.java'],avatar,['tmp/files/llm4pc-defects4j-Math-84-AVATAR-patch1/source-0-MultiDirectional.java'],['tmp/files/llm4pc-defects4j-Math-84-AVATAR-patch1/target-0-MultiDirectional.java'],overfitting
llm4pc-defects4j-Math-95-AVATAR-patch1,defects4j-Math-95,AVATAR,tmp/patches/cleaned/llm4pc-defects4j-Math-95-AVATAR-patch1.patch,Overfitting,LLM4PC,['tmp/methods/llm4pc-defects4j-Math-95-AVATAR-patch1/source-0.java'],['tmp/methods/llm4pc-defects4j-Math-95-AVATAR-patch1/target-0.java'],avatar,['tmp/files/llm4pc-defects4j-Math-95-AVATAR-patch1/source-0-FDistributionImpl.java'],['tmp/files/llm4pc-defects4j-Math-95-AVATAR-patch1/target-0-FDistributionImpl.java'],overfitting
llm4pc-defects4j-Math-82-AVATAR-patch1,defects4j-Math-82,AVATAR,tmp/patches/cleaned/llm4pc-defects4j-Math-82-AVATAR-patch1.patch,Overfitting,LLM4PC,['tmp/methods/llm4pc-defects4j-Math-82-AVATAR-patch1/source-0.java'],['tmp/methods/llm4pc-defects4j-Math-82-AVATAR-patch1/target-0.java'],avatar,['tmp/files/llm4pc-defects4j-Math-82-AVATAR-patch1/source-0-SimplexSolver.java'],['tmp/files/llm4pc-defects4j-Math-82-AVATAR-patch1/target-0-SimplexSolver.java'],overfitting
llm4pc-defects4j-Math-6-AVATAR-patch1,defects4j-Math-6,AVATAR,tmp/patches/cleaned/llm4pc-defects4j-Math-6-AVATAR-patch1.patch,Overfitting,LLM4PC,['tmp/methods/llm4pc-defects4j-Math-6-AVATAR-patch1/source-0.java'],['tmp/methods/llm4pc-defects4j-Math-6-AVATAR-patch1/target-0.java'],avatar,['tmp/files/llm4pc-defects4j-Math-6-AVATAR-patch1/source-0-BaseOptimizer.java'],['tmp/files/llm4pc-defects4j-Math-6-AVATAR-patch1/target-0-BaseOptimizer.java'],overfitting
llm4pc-defects4j-Math-81-AVATAR-patch1,defects4j-Math-81,AVATAR,tmp/patches/cleaned/llm4pc-defects4j-Math-81-AVATAR-patch1.patch,Overfitting,LLM4PC,['tmp/methods/llm4pc-defects4j-Math-81-AVATAR-patch1/source-0.java'],['tmp/methods/llm4pc-defects4j-Math-81-AVATAR-patch1/target-0.java'],avatar,['tmp/files/llm4pc-defects4j-Math-81-AVATAR-patch1/source-0-EigenDecompositionImpl.java'],['tmp/files/llm4pc-defects4j-Math-81-AVATAR-patch1/target-0-EigenDecompositionImpl.java'],overfitting
llm4pc-defects4j-Math-2-AVATAR-patch1,defects4j-Math-2,AVATAR,tmp/patches/cleaned/llm4pc-defects4j-Math-2-AVATAR-patch1.patch,Overfitting,LLM4PC,['tmp/methods/llm4pc-defects4j-Math-2-AVATAR-patch1/source-0.java'],['tmp/methods/llm4pc-defects4j-Math-2-AVATAR-patch1/target-0.java'],avatar,['tmp/files/llm4pc-defects4j-Math-2-AVATAR-patch1/source-0-AbstractIntegerDistribution.java'],['tmp/files/llm4pc-defects4j-Math-2-AVATAR-patch1/target-0-AbstractIntegerDistribution.java'],overfitting
llm4pc-defects4j-Math-80-AVATAR-patch1,defects4j-Math-80,AVATAR,tmp/patches/cleaned/llm4pc-defects4j-Math-80-AVATAR-patch1.patch,Overfitting,LLM4PC,['tmp/methods/llm4pc-defects4j-Math-80-AVATAR-patch1/source-0.java'],['tmp/methods/llm4pc-defects4j-Math-80-AVATAR-patch1/target-0.java'],avatar,['tmp/files/llm4pc-defects4j-Math-80-AVATAR-patch1/source-0-EigenDecompositionImpl.java'],['tmp/files/llm4pc-defects4j-Math-80-AVATAR-patch1/target-0-EigenDecompositionImpl.java'],overfitting
llm4pc-defects4j-Math-62-AVATAR-patch1,defects4j-Math-62,AVATAR,tmp/patches/cleaned/llm4pc-defects4j-Math-62-AVATAR-patch1.patch,Overfitting,LLM4PC,['tmp/methods/llm4pc-defects4j-Math-62-AVATAR-patch1/source-0.java'],['tmp/methods/llm4pc-defects4j-Math-62-AVATAR-patch1/target-0.java'],avatar,['tmp/files/llm4pc-defects4j-Math-62-AVATAR-patch1/source-0-MultiStartUnivariateRealOptimizer.java'],['tmp/files/llm4pc-defects4j-Math-62-AVATAR-patch1/target-0-MultiStartUnivariateRealOptimizer.java'],overfitting
llm4pc-defects4j-Math-78-AVATAR-patch1,defects4j-Math-78,AVATAR,tmp/patches/cleaned/llm4pc-defects4j-Math-78-AVATAR-patch1.patch,Overfitting,LLM4PC,['tmp/methods/llm4pc-defects4j-Math-78-AVATAR-patch1/source-0.java'],['tmp/methods/llm4pc-defects4j-Math-78-AVATAR-patch1/target-0.java'],avatar,['tmp/files/llm4pc-defects4j-Math-78-AVATAR-patch1/source-0-BrentSolver.java'],['tmp/files/llm4pc-defects4j-Math-78-AVATAR-patch1/target-0-BrentSolver.java'],overfitting
llm4pc-defects4j-Math-49-AVATAR-patch1,defects4j-Math-49,AVATAR,tmp/patches/cleaned/llm4pc-defects4j-Math-49-AVATAR-patch1.patch,Overfitting,LLM4PC,['tmp/methods/llm4pc-defects4j-Math-49-AVATAR-patch1/source-0.java'],['tmp/methods/llm4pc-defects4j-Math-49-AVATAR-patch1/target-0.java'],avatar,['tmp/files/llm4pc-defects4j-Math-49-AVATAR-patch1/source-0-MathRuntimeException.java'],['tmp/files/llm4pc-defects4j-Math-49-AVATAR-patch1/target-0-MathRuntimeException.java'],overfitting
llm4pc-defects4j-Lang-7-GenProg-patch1,defects4j-Lang-7,GenProg,tmp/patches/cleaned/llm4pc-defects4j-Lang-7-GenProg-patch1.patch,Overfitting,LLM4PC,['tmp/methods/llm4pc-defects4j-Lang-7-GenProg-patch1/source-0.java'],['tmp/methods/llm4pc-defects4j-Lang-7-GenProg-patch1/target-0.java'],genprog,['tmp/files/llm4pc-defects4j-Lang-7-GenProg-patch1/source-0-NumberUtils.java'],['tmp/files/llm4pc-defects4j-Lang-7-GenProg-patch1/target-0-NumberUtils.java'],overfitting
llm4pc-defects4j-Closure-22-GenProg-patch1,defects4j-Closure-22,GenProg,tmp/patches/cleaned/llm4pc-defects4j-Closure-22-GenProg-patch1.patch,Overfitting,LLM4PC,['tmp/methods/llm4pc-defects4j-Closure-22-GenProg-patch1/source-0.java'],['tmp/methods/llm4pc-defects4j-Closure-22-GenProg-patch1/target-0.java'],genprog,['tmp/files/llm4pc-defects4j-Closure-22-GenProg-patch1/source-0-CheckSideEffects.java'],['tmp/files/llm4pc-defects4j-Closure-22-GenProg-patch1/target-0-CheckSideEffects.java'],overfitting
llm4pc-defects4j-Closure-78-GenProg-patch1,defects4j-Closure-78,GenProg,tmp/patches/cleaned/llm4pc-defects4j-Closure-78-GenProg-patch1.patch,Overfitting,LLM4PC,['tmp/methods/llm4pc-defects4j-Closure-78-GenProg-patch1/source-0.java'],['tmp/methods/llm4pc-defects4j-Closure-78-GenProg-patch1/target-0.java'],genprog,['tmp/files/llm4pc-defects4j-Closure-78-GenProg-patch1/source-0-AbstractPeepholeOptimization.java'],['tmp/files/llm4pc-defects4j-Closure-78-GenProg-patch1/target-0-AbstractPeepholeOptimization.java'],overfitting
llm4pc-defects4j-Closure-55-GenProg-patch1,defects4j-Closure-55,GenProg,tmp/patches/cleaned/llm4pc-defects4j-Closure-55-GenProg-patch1.patch,Overfitting,LLM4PC,['tmp/methods/llm4pc-defects4j-Closure-55-GenProg-patch1/source-0.java'],['tmp/methods/llm4pc-defects4j-Closure-55-GenProg-patch1/target-0.java'],genprog,['tmp/files/llm4pc-defects4j-Closure-55-GenProg-patch1/source-0-FunctionRewriter.java'],['tmp/files/llm4pc-defects4j-Closure-55-GenProg-patch1/target-0-FunctionRewriter.java'],overfitting
llm4pc-defects4j-Closure-114-GenProg-patch1,defects4j-Closure-114,GenProg,tmp/patches/cleaned/llm4pc-defects4j-Closure-114-GenProg-patch1.patch,Overfitting,LLM4PC,"['tmp/methods/llm4pc-defects4j-Closure-114-GenProg-patch1/source-0.java', 'tmp/methods/llm4pc-defects4j-Closure-114-GenProg-patch1/source-1.java']","['tmp/methods/llm4pc-defects4j-Closure-114-GenProg-patch1/target-0.java', 'tmp/methods/llm4pc-defects4j-Closure-114-GenProg-patch1/target-1.java']",genprog,"['tmp/files/llm4pc-defects4j-Closure-114-GenProg-patch1/source-0-AstChangeProxy.java', 'tmp/files/llm4pc-defects4j-Closure-114-GenProg-patch1/source-1-NameAnalyzer.java']","['tmp/files/llm4pc-defects4j-Closure-114-GenProg-patch1/target-0-AstChangeProxy.java', 'tmp/files/llm4pc-defects4j-Closure-114-GenProg-patch1/target-1-NameAnalyzer.java']",overfitting
llm4pc-defects4j-Closure-75-GenProg-patch1,defects4j-Closure-75,GenProg,tmp/patches/cleaned/llm4pc-defects4j-Closure-75-GenProg-patch1.patch,Overfitting,LLM4PC,"['tmp/methods/llm4pc-defects4j-Closure-75-GenProg-patch1/source-0.java', 'tmp/methods/llm4pc-defects4j-Closure-75-GenProg-patch1/source-1.java', 'tmp/methods/llm4pc-defects4j-Closure-75-GenProg-patch1/source-2.java']","['tmp/methods/llm4pc-defects4j-Closure-75-GenProg-patch1/target-0.java', 'tmp/methods/llm4pc-defects4j-Closure-75-GenProg-patch1/target-1.java', 'tmp/methods/llm4pc-defects4j-Closure-75-GenProg-patch1/target-2.java']",genprog,"['tmp/files/llm4pc-defects4j-Closure-75-GenProg-patch1/source-0-Token.java', 'tmp/files/llm4pc-defects4j-Closure-75-GenProg-patch1/source-1-NodeUtil.java', 'tmp/files/llm4pc-defects4j-Closure-75-GenProg-patch1/source-2-PeepholeFoldConstants.java']","['tmp/files/llm4pc-defects4j-Closure-75-GenProg-patch1/target-0-Token.java', 'tmp/files/llm4pc-defects4j-Closure-75-GenProg-patch1/target-1-NodeUtil.java', 'tmp/files/llm4pc-defects4j-Closure-75-GenProg-patch1/target-2-PeepholeFoldConstants.java']",overfitting
llm4pc-defects4j-Closure-21-GenProg-patch1,defects4j-Closure-21,GenProg,tmp/patches/cleaned/llm4pc-defects4j-Closure-21-GenProg-patch1.patch,Overfitting,LLM4PC,['tmp/methods/llm4pc-defects4j-Closure-21-GenProg-patch1/source-0.java'],['tmp/methods/llm4pc-defects4j-Closure-21-GenProg-patch1/target-0.java'],genprog,['tmp/files/llm4pc-defects4j-Closure-21-GenProg-patch1/source-0-CheckSideEffects.java'],['tmp/files/llm4pc-defects4j-Closure-21-GenProg-patch1/target-0-CheckSideEffects.java'],correct
llm4pc-defects4j-Closure-10-GenProg-patch1,defects4j-Closure-10,GenProg,tmp/patches/cleaned/llm4pc-defects4j-Closure-10-GenProg-patch1.patch,Overfitting,LLM4PC,['tmp/methods/llm4pc-defects4j-Closure-10-GenProg-patch1/source-0.java'],['tmp/methods/llm4pc-defects4j-Closure-10-GenProg-patch1/target-0.java'],genprog,['tmp/files/llm4pc-defects4j-Closure-10-GenProg-patch1/source-0-PeepholeFoldConstants.java'],['tmp/files/llm4pc-defects4j-Closure-10-GenProg-patch1/target-0-PeepholeFoldConstants.java'],overfitting
llm4pc-defects4j-Closure-59-GenProg-patch1,defects4j-Closure-59,GenProg,tmp/patches/cleaned/llm4pc-defects4j-Closure-59-GenProg-patch1.patch,Overfitting,LLM4PC,['tmp/methods/llm4pc-defects4j-Closure-59-GenProg-patch1/source-0.java'],['tmp/methods/llm4pc-defects4j-Closure-59-GenProg-patch1/target-0.java'],genprog,['tmp/files/llm4pc-defects4j-Closure-59-GenProg-patch1/source-0-WarningLevel.java'],['tmp/files/llm4pc-defects4j-Closure-59-GenProg-patch1/target-0-WarningLevel.java'],overfitting
llm4pc-defects4j-Closure-124-GenProg-patch1,defects4j-Closure-124,GenProg,tmp/patches/cleaned/llm4pc-defects4j-Closure-124-GenProg-patch1.patch,Overfitting,LLM4PC,['tmp/methods/llm4pc-defects4j-Closure-124-GenProg-patch1/source-0.java'],['tmp/methods/llm4pc-defects4j-Closure-124-GenProg-patch1/target-0.java'],genprog,['tmp/files/llm4pc-defects4j-Closure-124-GenProg-patch1/source-0-ExploitAssigns.java'],['tmp/files/llm4pc-defects4j-Closure-124-GenProg-patch1/target-0-ExploitAssigns.java'],unknown
llm4pc-defects4j-Closure-67-GenProg-patch1,defects4j-Closure-67,GenProg,tmp/patches/cleaned/llm4pc-defects4j-Closure-67-GenProg-patch1.patch,Overfitting,LLM4PC,['tmp/methods/llm4pc-defects4j-Closure-67-GenProg-patch1/source-0.java'],['tmp/methods/llm4pc-defects4j-Closure-67-GenProg-patch1/target-0.java'],genprog,['tmp/files/llm4pc-defects4j-Closure-67-GenProg-patch1/source-0-RemoveUnusedPrototypeProperties.java'],['tmp/files/llm4pc-defects4j-Closure-67-GenProg-patch1/target-0-RemoveUnusedPrototypeProperties.java'],overfitting
llm4pc-defects4j-Closure-112-GenProg-patch1,defects4j-Closure-112,GenProg,tmp/patches/cleaned/llm4pc-defects4j-Closure-112-GenProg-patch1.patch,Overfitting,LLM4PC,['tmp/methods/llm4pc-defects4j-Closure-112-GenProg-patch1/source-0.java'],['tmp/methods/llm4pc-defects4j-Closure-112-GenProg-patch1/target-0.java'],genprog,['tmp/files/llm4pc-defects4j-Closure-112-GenProg-patch1/source-0-TypeInference.java'],['tmp/files/llm4pc-defects4j-Closure-112-GenProg-patch1/target-0-TypeInference.java'],overfitting
llm4pc-defects4j-Chart-1-GenProg-patch1,defects4j-Chart-1,GenProg,tmp/patches/cleaned/llm4pc-defects4j-Chart-1-GenProg-patch1.patch,Overfitting,LLM4PC,"['tmp/methods/llm4pc-defects4j-Chart-1-GenProg-patch1/source-0.java', 'tmp/methods/llm4pc-defects4j-Chart-1-GenProg-patch1/source-1.java']","['tmp/methods/llm4pc-defects4j-Chart-1-GenProg-patch1/target-0.java', 'tmp/methods/llm4pc-defects4j-Chart-1-GenProg-patch1/target-1.java']",genprog,"['tmp/files/llm4pc-defects4j-Chart-1-GenProg-patch1/source-0-CategoryPlot.java', 'tmp/files/llm4pc-defects4j-Chart-1-GenProg-patch1/source-1-AbstractCategoryItemRenderer.java']","['tmp/files/llm4pc-defects4j-Chart-1-GenProg-patch1/target-0-CategoryPlot.java', 'tmp/files/llm4pc-defects4j-Chart-1-GenProg-patch1/target-1-AbstractCategoryItemRenderer.java']",overfitting
llm4pc-defects4j-Chart-25-GenProg-patch1,defects4j-Chart-25,GenProg,tmp/patches/cleaned/llm4pc-defects4j-Chart-25-GenProg-patch1.patch,Overfitting,LLM4PC,['tmp/methods/llm4pc-defects4j-Chart-25-GenProg-patch1/source-0.java'],['tmp/methods/llm4pc-defects4j-Chart-25-GenProg-patch1/target-0.java'],genprog,['tmp/files/llm4pc-defects4j-Chart-25-GenProg-patch1/source-0-DefaultStatisticalCategoryDataset.java'],['tmp/files/llm4pc-defects4j-Chart-25-GenProg-patch1/target-0-DefaultStatisticalCategoryDataset.java'],overfitting
llm4pc-defects4j-Chart-3-GenProg-patch1,defects4j-Chart-3,GenProg,tmp/patches/cleaned/llm4pc-defects4j-Chart-3-GenProg-patch1.patch,Overfitting,LLM4PC,['tmp/methods/llm4pc-defects4j-Chart-3-GenProg-patch1/source-0.java'],['tmp/methods/llm4pc-defects4j-Chart-3-GenProg-patch1/target-0.java'],genprog,['tmp/files/llm4pc-defects4j-Chart-3-GenProg-patch1/source-0-TimeSeries.java'],['tmp/files/llm4pc-defects4j-Chart-3-GenProg-patch1/target-0-TimeSeries.java'],overfitting
llm4pc-defects4j-Chart-13-GenProg-patch1,defects4j-Chart-13,GenProg,tmp/patches/cleaned/llm4pc-defects4j-Chart-13-GenProg-patch1.patch,Overfitting,LLM4PC,['tmp/methods/llm4pc-defects4j-Chart-13-GenProg-patch1/source-0.java'],['tmp/methods/llm4pc-defects4j-Chart-13-GenProg-patch1/target-0.java'],genprog,['tmp/files/llm4pc-defects4j-Chart-13-GenProg-patch1/source-0-BorderArrangement.java'],['tmp/files/llm4pc-defects4j-Chart-13-GenProg-patch1/target-0-BorderArrangement.java'],unknown
llm4pc-defects4j-Chart-12-GenProg-patch1,defects4j-Chart-12,GenProg,tmp/patches/cleaned/llm4pc-defects4j-Chart-12-GenProg-patch1.patch,Overfitting,LLM4PC,"['tmp/methods/llm4pc-defects4j-Chart-12-GenProg-patch1/source-0.java', 'tmp/methods/llm4pc-defects4j-Chart-12-GenProg-patch1/source-1.java']","['tmp/methods/llm4pc-defects4j-Chart-12-GenProg-patch1/target-0.java', 'tmp/methods/llm4pc-defects4j-Chart-12-GenProg-patch1/target-1.java']",genprog,"['tmp/files/llm4pc-defects4j-Chart-12-GenProg-patch1/source-0-JFreeChart.java', 'tmp/files/llm4pc-defects4j-Chart-12-GenProg-patch1/source-1-MultiplePiePlot.java']","['tmp/files/llm4pc-defects4j-Chart-12-GenProg-patch1/target-0-JFreeChart.java', 'tmp/files/llm4pc-defects4j-Chart-12-GenProg-patch1/target-1-MultiplePiePlot.java']",overfitting
llm4pc-defects4j-Math-40-GenProg-patch1,defects4j-Math-40,GenProg,tmp/patches/cleaned/llm4pc-defects4j-Math-40-GenProg-patch1.patch,Overfitting,LLM4PC,"['tmp/methods/llm4pc-defects4j-Math-40-GenProg-patch1/source-0.java', 'tmp/methods/llm4pc-defects4j-Math-40-GenProg-patch1/source-1.java']","['tmp/methods/llm4pc-defects4j-Math-40-GenProg-patch1/target-0.java', 'tmp/methods/llm4pc-defects4j-Math-40-GenProg-patch1/target-1.java']",genprog,"['tmp/files/llm4pc-defects4j-Math-40-GenProg-patch1/source-0-BracketingNthOrderBrentSolver.java', 'tmp/files/llm4pc-defects4j-Math-40-GenProg-patch1/source-1-BaseAbstractUnivariateRealSolver.java']","['tmp/files/llm4pc-defects4j-Math-40-GenProg-patch1/target-0-BracketingNthOrderBrentSolver.java', 'tmp/files/llm4pc-defects4j-Math-40-GenProg-patch1/target-1-BaseAbstractUnivariateRealSolver.java']",overfitting
llm4pc-defects4j-Math-80-GenProg-patch1,defects4j-Math-80,GenProg,tmp/patches/cleaned/llm4pc-defects4j-Math-80-GenProg-patch1.patch,Overfitting,LLM4PC,['tmp/methods/llm4pc-defects4j-Math-80-GenProg-patch1/source-0.java'],['tmp/methods/llm4pc-defects4j-Math-80-GenProg-patch1/target-0.java'],genprog,['tmp/files/llm4pc-defects4j-Math-80-GenProg-patch1/source-0-EigenDecompositionImpl.java'],['tmp/files/llm4pc-defects4j-Math-80-GenProg-patch1/target-0-EigenDecompositionImpl.java'],unknown
llm4pc-defects4j-Math-81-GenProg-patch1,defects4j-Math-81,GenProg,tmp/patches/cleaned/llm4pc-defects4j-Math-81-GenProg-patch1.patch,Overfitting,LLM4PC,['tmp/methods/llm4pc-defects4j-Math-81-GenProg-patch1/source-0.java'],['tmp/methods/llm4pc-defects4j-Math-81-GenProg-patch1/target-0.java'],genprog,['tmp/files/llm4pc-defects4j-Math-81-GenProg-patch1/source-0-EigenDecompositionImpl.java'],['tmp/files/llm4pc-defects4j-Math-81-GenProg-patch1/target-0-EigenDecompositionImpl.java'],overfitting
llm4pc-defects4j-Math-2-GenProg-patch1,defects4j-Math-2,GenProg,tmp/patches/cleaned/llm4pc-defects4j-Math-2-GenProg-patch1.patch,Overfitting,LLM4PC,"['tmp/methods/llm4pc-defects4j-Math-2-GenProg-patch1/source-0.java', 'tmp/methods/llm4pc-defects4j-Math-2-GenProg-patch1/source-1.java']","['tmp/methods/llm4pc-defects4j-Math-2-GenProg-patch1/target-0.java', 'tmp/methods/llm4pc-defects4j-Math-2-GenProg-patch1/target-1.java']",genprog,"['tmp/files/llm4pc-defects4j-Math-2-GenProg-patch1/source-0-AbstractIntegerDistribution.java', 'tmp/files/llm4pc-defects4j-Math-2-GenProg-patch1/source-1-FuzzyKMeansClusterer.java']","['tmp/files/llm4pc-defects4j-Math-2-GenProg-patch1/target-0-AbstractIntegerDistribution.java', 'tmp/files/llm4pc-defects4j-Math-2-GenProg-patch1/target-1-FuzzyKMeansClusterer.java']",overfitting
llm4pc-defects4j-Math-95-GenProg-patch1,defects4j-Math-95,GenProg,tmp/patches/cleaned/llm4pc-defects4j-Math-95-GenProg-patch1.patch,Overfitting,LLM4PC,"['tmp/methods/llm4pc-defects4j-Math-95-GenProg-patch1/source-0.java', 'tmp/methods/llm4pc-defects4j-Math-95-GenProg-patch1/source-1.java']","['tmp/methods/llm4pc-defects4j-Math-95-GenProg-patch1/target-0.java', 'tmp/methods/llm4pc-defects4j-Math-95-GenProg-patch1/target-1.java']",genprog,"['tmp/files/llm4pc-defects4j-Math-95-GenProg-patch1/source-0-FDistributionImpl.java', 'tmp/files/llm4pc-defects4j-Math-95-GenProg-patch1/source-1-UnivariateRealSolverUtils.java']","['tmp/files/llm4pc-defects4j-Math-95-GenProg-patch1/target-0-FDistributionImpl.java', 'tmp/files/llm4pc-defects4j-Math-95-GenProg-patch1/target-1-UnivariateRealSolverUtils.java']",overfitting
llm4pc-defects4j-Math-31-GenProg-patch1,defects4j-Math-31,GenProg,tmp/patches/cleaned/llm4pc-defects4j-Math-31-GenProg-patch1.patch,Overfitting,LLM4PC,"['tmp/methods/llm4pc-defects4j-Math-31-GenProg-patch1/source-0.java', 'tmp/methods/llm4pc-defects4j-Math-31-GenProg-patch1/source-1.java', 'tmp/methods/llm4pc-defects4j-Math-31-GenProg-patch1/source-2.java']","['tmp/methods/llm4pc-defects4j-Math-31-GenProg-patch1/target-0.java', 'tmp/methods/llm4pc-defects4j-Math-31-GenProg-patch1/target-1.java', 'tmp/methods/llm4pc-defects4j-Math-31-GenProg-patch1/target-2.java']",genprog,"['tmp/files/llm4pc-defects4j-Math-31-GenProg-patch1/source-0-FDistribution.java', 'tmp/files/llm4pc-defects4j-Math-31-GenProg-patch1/source-1-ContinuedFraction.java', 'tmp/files/llm4pc-defects4j-Math-31-GenProg-patch1/source-2-MathIllegalStateException.java']","['tmp/files/llm4pc-defects4j-Math-31-GenProg-patch1/target-0-FDistribution.java', 'tmp/files/llm4pc-defects4j-Math-31-GenProg-patch1/target-1-ContinuedFraction.java', 'tmp/files/llm4pc-defects4j-Math-31-GenProg-patch1/target-2-MathIllegalStateException.java']",overfitting
llm4pc-defects4j-Math-85-GenProg-patch1,defects4j-Math-85,GenProg,tmp/patches/cleaned/llm4pc-defects4j-Math-85-GenProg-patch1.patch,Overfitting,LLM4PC,"['tmp/methods/llm4pc-defects4j-Math-85-GenProg-patch1/source-0.java', 'tmp/methods/llm4pc-defects4j-Math-85-GenProg-patch1/source-1.java']","['tmp/methods/llm4pc-defects4j-Math-85-GenProg-patch1/target-0.java', 'tmp/methods/llm4pc-defects4j-Math-85-GenProg-patch1/target-1.java']",genprog,"['tmp/files/llm4pc-defects4j-Math-85-GenProg-patch1/source-0-UnivariateRealSolverUtils.java', 'tmp/files/llm4pc-defects4j-Math-85-GenProg-patch1/source-1-AbstractContinuousDistribution.java']","['tmp/files/llm4pc-defects4j-Math-85-GenProg-patch1/target-0-UnivariateRealSolverUtils.java', 'tmp/files/llm4pc-defects4j-Math-85-GenProg-patch1/target-1-AbstractContinuousDistribution.java']",overfitting
llm4pc-defects4j-Lang-44-Nopol-patch1,defects4j-Lang-44,Nopol,tmp/patches/cleaned/llm4pc-defects4j-Lang-44-Nopol-patch1.patch,Overfitting,LLM4PC,['tmp/methods/llm4pc-defects4j-Lang-44-Nopol-patch1/source-0.java'],['tmp/methods/llm4pc-defects4j-Lang-44-Nopol-patch1/target-0.java'],nopol,['tmp/files/llm4pc-defects4j-Lang-44-Nopol-patch1/source-0-NumberUtils.java'],['tmp/files/llm4pc-defects4j-Lang-44-Nopol-patch1/target-0-NumberUtils.java'],unknown
llm4pc-defects4j-Lang-55-Nopol-patch1,defects4j-Lang-55,Nopol,tmp/patches/cleaned/llm4pc-defects4j-Lang-55-Nopol-patch1.patch,Overfitting,LLM4PC,['tmp/methods/llm4pc-defects4j-Lang-55-Nopol-patch1/source-0.java'],['tmp/methods/llm4pc-defects4j-Lang-55-Nopol-patch1/target-0.java'],nopol,['tmp/files/llm4pc-defects4j-Lang-55-Nopol-patch1/source-0-StopWatch.java'],['tmp/files/llm4pc-defects4j-Lang-55-Nopol-patch1/target-0-StopWatch.java'],overfitting
llm4pc-defects4j-Lang-58-Nopol-patch1,defects4j-Lang-58,Nopol,tmp/patches/cleaned/llm4pc-defects4j-Lang-58-Nopol-patch1.patch,Overfitting,LLM4PC,['tmp/methods/llm4pc-defects4j-Lang-58-Nopol-patch1/source-0.java'],['tmp/methods/llm4pc-defects4j-Lang-58-Nopol-patch1/target-0.java'],nopol,['tmp/files/llm4pc-defects4j-Lang-58-Nopol-patch1/source-0-NumberUtils.java'],['tmp/files/llm4pc-defects4j-Lang-58-Nopol-patch1/target-0-NumberUtils.java'],correct
llm4pc-defects4j-Lang-53-Nopol-patch1,defects4j-Lang-53,Nopol,tmp/patches/cleaned/llm4pc-defects4j-Lang-53-Nopol-patch1.patch,Overfitting,LLM4PC,['tmp/methods/llm4pc-defects4j-Lang-53-Nopol-patch1/source-0.java'],['tmp/methods/llm4pc-defects4j-Lang-53-Nopol-patch1/target-0.java'],nopol,['tmp/files/llm4pc-defects4j-Lang-53-Nopol-patch1/source-0-DateUtils.java'],['tmp/files/llm4pc-defects4j-Lang-53-Nopol-patch1/target-0-DateUtils.java'],overfitting
llm4pc-defects4j-Lang-51-Nopol-patch1,defects4j-Lang-51,Nopol,tmp/patches/cleaned/llm4pc-defects4j-Lang-51-Nopol-patch1.patch,Overfitting,LLM4PC,['tmp/methods/llm4pc-defects4j-Lang-51-Nopol-patch1/source-0.java'],['tmp/methods/llm4pc-defects4j-Lang-51-Nopol-patch1/target-0.java'],nopol,['tmp/files/llm4pc-defects4j-Lang-51-Nopol-patch1/source-0-BooleanUtils.java'],['tmp/files/llm4pc-defects4j-Lang-51-Nopol-patch1/target-0-BooleanUtils.java'],overfitting
llm4pc-defects4j-Chart-25-Nopol-patch1,defects4j-Chart-25,Nopol,tmp/patches/cleaned/llm4pc-defects4j-Chart-25-Nopol-patch1.patch,Overfitting,LLM4PC,['tmp/methods/llm4pc-defects4j-Chart-25-Nopol-patch1/source-0.java'],['tmp/methods/llm4pc-defects4j-Chart-25-Nopol-patch1/target-0.java'],nopol,['tmp/files/llm4pc-defects4j-Chart-25-Nopol-patch1/source-0-StatisticalBarRenderer.java'],['tmp/files/llm4pc-defects4j-Chart-25-Nopol-patch1/target-0-StatisticalBarRenderer.java'],correct
llm4pc-defects4j-Chart-9-Nopol-patch1,defects4j-Chart-9,Nopol,tmp/patches/cleaned/llm4pc-defects4j-Chart-9-Nopol-patch1.patch,Overfitting,LLM4PC,['tmp/methods/llm4pc-defects4j-Chart-9-Nopol-patch1/source-0.java'],['tmp/methods/llm4pc-defects4j-Chart-9-Nopol-patch1/target-0.java'],nopol,['tmp/files/llm4pc-defects4j-Chart-9-Nopol-patch1/source-0-TimeSeries.java'],['tmp/files/llm4pc-defects4j-Chart-9-Nopol-patch1/target-0-TimeSeries.java'],overfitting
llm4pc-defects4j-Chart-13-Nopol-patch1,defects4j-Chart-13,Nopol,tmp/patches/cleaned/llm4pc-defects4j-Chart-13-Nopol-patch1.patch,Overfitting,LLM4PC,['tmp/methods/llm4pc-defects4j-Chart-13-Nopol-patch1/source-0.java'],['tmp/methods/llm4pc-defects4j-Chart-13-Nopol-patch1/target-0.java'],nopol,['tmp/files/llm4pc-defects4j-Chart-13-Nopol-patch1/source-0-BorderArrangement.java'],['tmp/files/llm4pc-defects4j-Chart-13-Nopol-patch1/target-0-BorderArrangement.java'],overfitting
llm4pc-defects4j-Chart-21-Nopol-patch1,defects4j-Chart-21,Nopol,tmp/patches/cleaned/llm4pc-defects4j-Chart-21-Nopol-patch1.patch,Overfitting,LLM4PC,['tmp/methods/llm4pc-defects4j-Chart-21-Nopol-patch1/source-0.java'],['tmp/methods/llm4pc-defects4j-Chart-21-Nopol-patch1/target-0.java'],nopol,['tmp/files/llm4pc-defects4j-Chart-21-Nopol-patch1/source-0-Range.java'],['tmp/files/llm4pc-defects4j-Chart-21-Nopol-patch1/target-0-Range.java'],overfitting
llm4pc-defects4j-Chart-5-Nopol-patch1,defects4j-Chart-5,Nopol,tmp/patches/cleaned/llm4pc-defects4j-Chart-5-Nopol-patch1.patch,Overfitting,LLM4PC,['tmp/methods/llm4pc-defects4j-Chart-5-Nopol-patch1/source-0.java'],['tmp/methods/llm4pc-defects4j-Chart-5-Nopol-patch1/target-0.java'],nopol,['tmp/files/llm4pc-defects4j-Chart-5-Nopol-patch1/source-0-XYSeries.java'],['tmp/files/llm4pc-defects4j-Chart-5-Nopol-patch1/target-0-XYSeries.java'],overfitting
llm4pc-defects4j-Math-80-Nopol-patch1,defects4j-Math-80,Nopol,tmp/patches/cleaned/llm4pc-defects4j-Math-80-Nopol-patch1.patch,Overfitting,LLM4PC,['tmp/methods/llm4pc-defects4j-Math-80-Nopol-patch1/source-0.java'],['tmp/methods/llm4pc-defects4j-Math-80-Nopol-patch1/target-0.java'],nopol,['tmp/files/llm4pc-defects4j-Math-80-Nopol-patch1/source-0-EigenDecompositionImpl.java'],['tmp/files/llm4pc-defects4j-Math-80-Nopol-patch1/target-0-EigenDecompositionImpl.java'],overfitting
llm4pc-defects4j-Math-20-Nopol-patch1,defects4j-Math-20,Nopol,tmp/patches/cleaned/llm4pc-defects4j-Math-20-Nopol-patch1.patch,Overfitting,LLM4PC,['tmp/methods/llm4pc-defects4j-Math-20-Nopol-patch1/source-0.java'],['tmp/methods/llm4pc-defects4j-Math-20-Nopol-patch1/target-0.java'],nopol,['tmp/files/llm4pc-defects4j-Math-20-Nopol-patch1/source-0-CMAESOptimizer.java'],['tmp/files/llm4pc-defects4j-Math-20-Nopol-patch1/target-0-CMAESOptimizer.java'],overfitting
llm4pc-defects4j-Math-87-Nopol-patch1,defects4j-Math-87,Nopol,tmp/patches/cleaned/llm4pc-defects4j-Math-87-Nopol-patch1.patch,Overfitting,LLM4PC,['tmp/methods/llm4pc-defects4j-Math-87-Nopol-patch1/source-0.java'],['tmp/methods/llm4pc-defects4j-Math-87-Nopol-patch1/target-0.java'],nopol,['tmp/files/llm4pc-defects4j-Math-87-Nopol-patch1/source-0-SimplexTableau.java'],['tmp/files/llm4pc-defects4j-Math-87-Nopol-patch1/target-0-SimplexTableau.java'],overfitting
llm4pc-defects4j-Math-58-Nopol-patch1,defects4j-Math-58,Nopol,tmp/patches/cleaned/llm4pc-defects4j-Math-58-Nopol-patch1.patch,Overfitting,LLM4PC,['tmp/methods/llm4pc-defects4j-Math-58-Nopol-patch1/source-0.java'],['tmp/methods/llm4pc-defects4j-Math-58-Nopol-patch1/target-0.java'],nopol,['tmp/files/llm4pc-defects4j-Math-58-Nopol-patch1/source-0-Gaussian.java'],['tmp/files/llm4pc-defects4j-Math-58-Nopol-patch1/target-0-Gaussian.java'],correct
llm4pc-defects4j-Math-81-Nopol-patch1,defects4j-Math-81,Nopol,tmp/patches/cleaned/llm4pc-defects4j-Math-81-Nopol-patch1.patch,Overfitting,LLM4PC,['tmp/methods/llm4pc-defects4j-Math-81-Nopol-patch1/source-0.java'],['tmp/methods/llm4pc-defects4j-Math-81-Nopol-patch1/target-0.java'],nopol,['tmp/files/llm4pc-defects4j-Math-81-Nopol-patch1/source-0-EigenDecompositionImpl.java'],['tmp/files/llm4pc-defects4j-Math-81-Nopol-patch1/target-0-EigenDecompositionImpl.java'],overfitting
llm4pc-defects4j-Math-105-Nopol-patch1,defects4j-Math-105,Nopol,tmp/patches/cleaned/llm4pc-defects4j-Math-105-Nopol-patch1.patch,Overfitting,LLM4PC,['tmp/methods/llm4pc-defects4j-Math-105-Nopol-patch1/source-0.java'],['tmp/methods/llm4pc-defects4j-Math-105-Nopol-patch1/target-0.java'],nopol,['tmp/files/llm4pc-defects4j-Math-105-Nopol-patch1/source-0-SimpleRegression.java'],['tmp/files/llm4pc-defects4j-Math-105-Nopol-patch1/target-0-SimpleRegression.java'],overfitting
llm4pc-defects4j-Math-73-Nopol-patch1,defects4j-Math-73,Nopol,tmp/patches/cleaned/llm4pc-defects4j-Math-73-Nopol-patch1.patch,Overfitting,LLM4PC,['tmp/methods/llm4pc-defects4j-Math-73-Nopol-patch1/source-0.java'],['tmp/methods/llm4pc-defects4j-Math-73-Nopol-patch1/target-0.java'],nopol,['tmp/files/llm4pc-defects4j-Math-73-Nopol-patch1/source-0-UnivariateRealSolverImpl.java'],['tmp/files/llm4pc-defects4j-Math-73-Nopol-patch1/target-0-UnivariateRealSolverImpl.java'],overfitting
llm4pc-defects4j-Math-42-Nopol-patch1,defects4j-Math-42,Nopol,tmp/patches/cleaned/llm4pc-defects4j-Math-42-Nopol-patch1.patch,Overfitting,LLM4PC,['tmp/methods/llm4pc-defects4j-Math-42-Nopol-patch1/source-0.java'],['tmp/methods/llm4pc-defects4j-Math-42-Nopol-patch1/target-0.java'],nopol,['tmp/files/llm4pc-defects4j-Math-42-Nopol-patch1/source-0-SimplexTableau.java'],['tmp/files/llm4pc-defects4j-Math-42-Nopol-patch1/target-0-SimplexTableau.java'],overfitting
llm4pc-defects4j-Math-4-Nopol-patch1,defects4j-Math-4,Nopol,tmp/patches/cleaned/llm4pc-defects4j-Math-4-Nopol-patch1.patch,Overfitting,LLM4PC,['tmp/methods/llm4pc-defects4j-Math-4-Nopol-patch1/source-0.java'],['tmp/methods/llm4pc-defects4j-Math-4-Nopol-patch1/target-0.java'],nopol,['tmp/files/llm4pc-defects4j-Math-4-Nopol-patch1/source-0-Line.java'],['tmp/files/llm4pc-defects4j-Math-4-Nopol-patch1/target-0-Line.java'],overfitting
llm4pc-defects4j-Math-18-Nopol-patch1,defects4j-Math-18,Nopol,tmp/patches/cleaned/llm4pc-defects4j-Math-18-Nopol-patch1.patch,Overfitting,LLM4PC,['tmp/methods/llm4pc-defects4j-Math-18-Nopol-patch1/source-0.java'],['tmp/methods/llm4pc-defects4j-Math-18-Nopol-patch1/target-0.java'],nopol,['tmp/files/llm4pc-defects4j-Math-18-Nopol-patch1/source-0-CMAESOptimizer.java'],['tmp/files/llm4pc-defects4j-Math-18-Nopol-patch1/target-0-CMAESOptimizer.java'],overfitting
llm4pc-defects4j-Math-41-Nopol-patch1,defects4j-Math-41,Nopol,tmp/patches/cleaned/llm4pc-defects4j-Math-41-Nopol-patch1.patch,Overfitting,LLM4PC,['tmp/methods/llm4pc-defects4j-Math-41-Nopol-patch1/source-0.java'],['tmp/methods/llm4pc-defects4j-Math-41-Nopol-patch1/target-0.java'],nopol,['tmp/files/llm4pc-defects4j-Math-41-Nopol-patch1/source-0-Mean.java'],['tmp/files/llm4pc-defects4j-Math-41-Nopol-patch1/target-0-Mean.java'],overfitting
llm4pc-defects4j-Math-82-Nopol-patch1,defects4j-Math-82,Nopol,tmp/patches/cleaned/llm4pc-defects4j-Math-82-Nopol-patch1.patch,Overfitting,LLM4PC,['tmp/methods/llm4pc-defects4j-Math-82-Nopol-patch1/source-0.java'],['tmp/methods/llm4pc-defects4j-Math-82-Nopol-patch1/target-0.java'],nopol,['tmp/files/llm4pc-defects4j-Math-82-Nopol-patch1/source-0-SimplexSolver.java'],['tmp/files/llm4pc-defects4j-Math-82-Nopol-patch1/target-0-SimplexSolver.java'],overfitting
llm4pc-defects4j-Math-49-Nopol-patch1,defects4j-Math-49,Nopol,tmp/patches/cleaned/llm4pc-defects4j-Math-49-Nopol-patch1.patch,Overfitting,LLM4PC,['tmp/methods/llm4pc-defects4j-Math-49-Nopol-patch1/source-0.java'],['tmp/methods/llm4pc-defects4j-Math-49-Nopol-patch1/target-0.java'],nopol,['tmp/files/llm4pc-defects4j-Math-49-Nopol-patch1/source-0-OpenMapRealVector.java'],['tmp/files/llm4pc-defects4j-Math-49-Nopol-patch1/target-0-OpenMapRealVector.java'],overfitting
llm4pc-defects4j-Math-7-Nopol-patch1,defects4j-Math-7,Nopol,tmp/patches/cleaned/llm4pc-defects4j-Math-7-Nopol-patch1.patch,Overfitting,LLM4PC,['tmp/methods/llm4pc-defects4j-Math-7-Nopol-patch1/source-0.java'],['tmp/methods/llm4pc-defects4j-Math-7-Nopol-patch1/target-0.java'],nopol,['tmp/files/llm4pc-defects4j-Math-7-Nopol-patch1/source-0-AbstractIntegrator.java'],['tmp/files/llm4pc-defects4j-Math-7-Nopol-patch1/target-0-AbstractIntegrator.java'],correct
llm4pc-defects4j-Math-33-Nopol-patch1,defects4j-Math-33,Nopol,tmp/patches/cleaned/llm4pc-defects4j-Math-33-Nopol-patch1.patch,Overfitting,LLM4PC,['tmp/methods/llm4pc-defects4j-Math-33-Nopol-patch1/source-0.java'],['tmp/methods/llm4pc-defects4j-Math-33-Nopol-patch1/target-0.java'],nopol,['tmp/files/llm4pc-defects4j-Math-33-Nopol-patch1/source-0-SimplexTableau.java'],['tmp/files/llm4pc-defects4j-Math-33-Nopol-patch1/target-0-SimplexTableau.java'],overfitting
llm4pc-defects4j-Math-78-Nopol-patch1,defects4j-Math-78,Nopol,tmp/patches/cleaned/llm4pc-defects4j-Math-78-Nopol-patch1.patch,Overfitting,LLM4PC,['tmp/methods/llm4pc-defects4j-Math-78-Nopol-patch1/source-0.java'],['tmp/methods/llm4pc-defects4j-Math-78-Nopol-patch1/target-0.java'],nopol,['tmp/files/llm4pc-defects4j-Math-78-Nopol-patch1/source-0-BrentSolver.java'],['tmp/files/llm4pc-defects4j-Math-78-Nopol-patch1/target-0-BrentSolver.java'],correct
llm4pc-defects4j-Math-2-Nopol-patch1,defects4j-Math-2,Nopol,tmp/patches/cleaned/llm4pc-defects4j-Math-2-Nopol-patch1.patch,Overfitting,LLM4PC,['tmp/methods/llm4pc-defects4j-Math-2-Nopol-patch1/source-0.java'],['tmp/methods/llm4pc-defects4j-Math-2-Nopol-patch1/target-0.java'],nopol,['tmp/files/llm4pc-defects4j-Math-2-Nopol-patch1/source-0-AbstractIntegerDistribution.java'],['tmp/files/llm4pc-defects4j-Math-2-Nopol-patch1/target-0-AbstractIntegerDistribution.java'],overfitting
llm4pc-defects4j-Math-69-Nopol-patch1,defects4j-Math-69,Nopol,tmp/patches/cleaned/llm4pc-defects4j-Math-69-Nopol-patch1.patch,Overfitting,LLM4PC,['tmp/methods/llm4pc-defects4j-Math-69-Nopol-patch1/source-0.java'],['tmp/methods/llm4pc-defects4j-Math-69-Nopol-patch1/target-0.java'],nopol,['tmp/files/llm4pc-defects4j-Math-69-Nopol-patch1/source-0-PearsonsCorrelation.java'],['tmp/files/llm4pc-defects4j-Math-69-Nopol-patch1/target-0-PearsonsCorrelation.java'],overfitting
llm4pc-defects4j-Time-14-Nopol-patch1,defects4j-Time-14,Nopol,tmp/patches/cleaned/llm4pc-defects4j-Time-14-Nopol-patch1.patch,Overfitting,LLM4PC,['tmp/methods/llm4pc-defects4j-Time-14-Nopol-patch1/source-0.java'],['tmp/methods/llm4pc-defects4j-Time-14-Nopol-patch1/target-0.java'],nopol,['tmp/files/llm4pc-defects4j-Time-14-Nopol-patch1/source-0-BasicMonthOfYearDateTimeField.java'],['tmp/files/llm4pc-defects4j-Time-14-Nopol-patch1/target-0-BasicMonthOfYearDateTimeField.java'],overfitting
llm4pc-defects4j-Lang-41-kPAR-patch1,defects4j-Lang-41,kPAR,tmp/patches/cleaned/llm4pc-defects4j-Lang-41-kPAR-patch1.patch,Overfitting,LLM4PC,['tmp/methods/llm4pc-defects4j-Lang-41-kPAR-patch1/source-0.java'],['tmp/methods/llm4pc-defects4j-Lang-41-kPAR-patch1/target-0.java'],kpar,['tmp/files/llm4pc-defects4j-Lang-41-kPAR-patch1/source-0-ClassUtils.java'],['tmp/files/llm4pc-defects4j-Lang-41-kPAR-patch1/target-0-ClassUtils.java'],overfitting
llm4pc-defects4j-Lang-58-kPAR-patch1,defects4j-Lang-58,kPAR,tmp/patches/cleaned/llm4pc-defects4j-Lang-58-kPAR-patch1.patch,Overfitting,LLM4PC,['tmp/methods/llm4pc-defects4j-Lang-58-kPAR-patch1/source-0.java'],['tmp/methods/llm4pc-defects4j-Lang-58-kPAR-patch1/target-0.java'],kpar,['tmp/files/llm4pc-defects4j-Lang-58-kPAR-patch1/source-0-NumberUtils.java'],['tmp/files/llm4pc-defects4j-Lang-58-kPAR-patch1/target-0-NumberUtils.java'],unknown
llm4pc-defects4j-Lang-59-kPAR-patch1,defects4j-Lang-59,kPAR,tmp/patches/cleaned/llm4pc-defects4j-Lang-59-kPAR-patch1.patch,Overfitting,LLM4PC,['tmp/methods/llm4pc-defects4j-Lang-59-kPAR-patch1/source-0.java'],['tmp/methods/llm4pc-defects4j-Lang-59-kPAR-patch1/target-0.java'],kpar,['tmp/files/llm4pc-defects4j-Lang-59-kPAR-patch1/source-0-StrBuilder.java'],['tmp/files/llm4pc-defects4j-Lang-59-kPAR-patch1/target-0-StrBuilder.java'],overfitting
llm4pc-defects4j-Lang-45-kPAR-patch1,defects4j-Lang-45,kPAR,tmp/patches/cleaned/llm4pc-defects4j-Lang-45-kPAR-patch1.patch,Overfitting,LLM4PC,['tmp/methods/llm4pc-defects4j-Lang-45-kPAR-patch1/source-0.java'],['tmp/methods/llm4pc-defects4j-Lang-45-kPAR-patch1/target-0.java'],kpar,['tmp/files/llm4pc-defects4j-Lang-45-kPAR-patch1/source-0-WordUtils.java'],['tmp/files/llm4pc-defects4j-Lang-45-kPAR-patch1/target-0-WordUtils.java'],correct
llm4pc-defects4j-Lang-10-kPAR-patch1,defects4j-Lang-10,kPAR,tmp/patches/cleaned/llm4pc-defects4j-Lang-10-kPAR-patch1.patch,Overfitting,LLM4PC,['tmp/methods/llm4pc-defects4j-Lang-10-kPAR-patch1/source-0.java'],['tmp/methods/llm4pc-defects4j-Lang-10-kPAR-patch1/target-0.java'],kpar,['tmp/files/llm4pc-defects4j-Lang-10-kPAR-patch1/source-0-FastDateParser.java'],['tmp/files/llm4pc-defects4j-Lang-10-kPAR-patch1/target-0-FastDateParser.java'],correct
llm4pc-defects4j-Lang-20-kPAR-patch1,defects4j-Lang-20,kPAR,tmp/patches/cleaned/llm4pc-defects4j-Lang-20-kPAR-patch1.patch,Overfitting,LLM4PC,['tmp/methods/llm4pc-defects4j-Lang-20-kPAR-patch1/source-0.java'],['tmp/methods/llm4pc-defects4j-Lang-20-kPAR-patch1/target-0.java'],kpar,['tmp/files/llm4pc-defects4j-Lang-20-kPAR-patch1/source-0-StringUtils.java'],['tmp/files/llm4pc-defects4j-Lang-20-kPAR-patch1/target-0-StringUtils.java'],correct
llm4pc-defects4j-Lang-16-kPAR-patch1,defects4j-Lang-16,kPAR,tmp/patches/cleaned/llm4pc-defects4j-Lang-16-kPAR-patch1.patch,Overfitting,LLM4PC,['tmp/methods/llm4pc-defects4j-Lang-16-kPAR-patch1/source-0.java'],['tmp/methods/llm4pc-defects4j-Lang-16-kPAR-patch1/target-0.java'],kpar,['tmp/files/llm4pc-defects4j-Lang-16-kPAR-patch1/source-0-NumberUtils.java'],['tmp/files/llm4pc-defects4j-Lang-16-kPAR-patch1/target-0-NumberUtils.java'],correct
llm4pc-defects4j-Lang-43-kPAR-patch1,defects4j-Lang-43,kPAR,tmp/patches/cleaned/llm4pc-defects4j-Lang-43-kPAR-patch1.patch,Overfitting,LLM4PC,['tmp/methods/llm4pc-defects4j-Lang-43-kPAR-patch1/source-0.java'],['tmp/methods/llm4pc-defects4j-Lang-43-kPAR-patch1/target-0.java'],kpar,['tmp/files/llm4pc-defects4j-Lang-43-kPAR-patch1/source-0-ExtendedMessageFormat.java'],['tmp/files/llm4pc-defects4j-Lang-43-kPAR-patch1/target-0-ExtendedMessageFormat.java'],overfitting
llm4pc-defects4j-Lang-44-kPAR-patch1,defects4j-Lang-44,kPAR,tmp/patches/cleaned/llm4pc-defects4j-Lang-44-kPAR-patch1.patch,Overfitting,LLM4PC,['tmp/methods/llm4pc-defects4j-Lang-44-kPAR-patch1/source-0.java'],['tmp/methods/llm4pc-defects4j-Lang-44-kPAR-patch1/target-0.java'],kpar,['tmp/files/llm4pc-defects4j-Lang-44-kPAR-patch1/source-0-NumberUtils.java'],['tmp/files/llm4pc-defects4j-Lang-44-kPAR-patch1/target-0-NumberUtils.java'],overfitting
llm4pc-defects4j-Lang-21-kPAR-patch1,defects4j-Lang-21,kPAR,tmp/patches/cleaned/llm4pc-defects4j-Lang-21-kPAR-patch1.patch,Overfitting,LLM4PC,['tmp/methods/llm4pc-defects4j-Lang-21-kPAR-patch1/source-0.java'],['tmp/methods/llm4pc-defects4j-Lang-21-kPAR-patch1/target-0.java'],kpar,['tmp/files/llm4pc-defects4j-Lang-21-kPAR-patch1/source-0-DateUtils.java'],['tmp/files/llm4pc-defects4j-Lang-21-kPAR-patch1/target-0-DateUtils.java'],overfitting
llm4pc-defects4j-Lang-18-kPAR-patch1,defects4j-Lang-18,kPAR,tmp/patches/cleaned/llm4pc-defects4j-Lang-18-kPAR-patch1.patch,Overfitting,LLM4PC,['tmp/methods/llm4pc-defects4j-Lang-18-kPAR-patch1/source-0.java'],['tmp/methods/llm4pc-defects4j-Lang-18-kPAR-patch1/target-0.java'],kpar,['tmp/files/llm4pc-defects4j-Lang-18-kPAR-patch1/source-0-FastDateFormat.java'],['tmp/files/llm4pc-defects4j-Lang-18-kPAR-patch1/target-0-FastDateFormat.java'],correct
llm4pc-defects4j-Lang-24-kPAR-patch1,defects4j-Lang-24,kPAR,tmp/patches/cleaned/llm4pc-defects4j-Lang-24-kPAR-patch1.patch,Overfitting,LLM4PC,['tmp/methods/llm4pc-defects4j-Lang-24-kPAR-patch1/source-0.java'],['tmp/methods/llm4pc-defects4j-Lang-24-kPAR-patch1/target-0.java'],kpar,['tmp/files/llm4pc-defects4j-Lang-24-kPAR-patch1/source-0-NumberUtils.java'],['tmp/files/llm4pc-defects4j-Lang-24-kPAR-patch1/target-0-NumberUtils.java'],correct
llm4pc-defects4j-Lang-53-kPAR-patch1,defects4j-Lang-53,kPAR,tmp/patches/cleaned/llm4pc-defects4j-Lang-53-kPAR-patch1.patch,Overfitting,LLM4PC,['tmp/methods/llm4pc-defects4j-Lang-53-kPAR-patch1/source-0.java'],['tmp/methods/llm4pc-defects4j-Lang-53-kPAR-patch1/target-0.java'],kpar,['tmp/files/llm4pc-defects4j-Lang-53-kPAR-patch1/source-0-DateUtils.java'],['tmp/files/llm4pc-defects4j-Lang-53-kPAR-patch1/target-0-DateUtils.java'],overfitting
llm4pc-defects4j-Lang-51-kPAR-patch1,defects4j-Lang-51,kPAR,tmp/patches/cleaned/llm4pc-defects4j-Lang-51-kPAR-patch1.patch,Overfitting,LLM4PC,['tmp/methods/llm4pc-defects4j-Lang-51-kPAR-patch1/source-0.java'],['tmp/methods/llm4pc-defects4j-Lang-51-kPAR-patch1/target-0.java'],kpar,['tmp/files/llm4pc-defects4j-Lang-51-kPAR-patch1/source-0-BooleanUtils.java'],['tmp/files/llm4pc-defects4j-Lang-51-kPAR-patch1/target-0-BooleanUtils.java'],correct
llm4pc-defects4j-Lang-27-kPAR-patch1,defects4j-Lang-27,kPAR,tmp/patches/cleaned/llm4pc-defects4j-Lang-27-kPAR-patch1.patch,Overfitting,LLM4PC,['tmp/methods/llm4pc-defects4j-Lang-27-kPAR-patch1/source-0.java'],['tmp/methods/llm4pc-defects4j-Lang-27-kPAR-patch1/target-0.java'],kpar,['tmp/files/llm4pc-defects4j-Lang-27-kPAR-patch1/source-0-NumberUtils.java'],['tmp/files/llm4pc-defects4j-Lang-27-kPAR-patch1/target-0-NumberUtils.java'],overfitting
llm4pc-defects4j-Closure-115-kPAR-patch1,defects4j-Closure-115,kPAR,tmp/patches/cleaned/llm4pc-defects4j-Closure-115-kPAR-patch1.patch,Overfitting,LLM4PC,['tmp/methods/llm4pc-defects4j-Closure-115-kPAR-patch1/source-0.java'],['tmp/methods/llm4pc-defects4j-Closure-115-kPAR-patch1/target-0.java'],kpar,['tmp/files/llm4pc-defects4j-Closure-115-kPAR-patch1/source-0-FunctionInjector.java'],['tmp/files/llm4pc-defects4j-Closure-115-kPAR-patch1/target-0-FunctionInjector.java'],overfitting
llm4pc-defects4j-Closure-109-kPAR-patch1,defects4j-Closure-109,kPAR,tmp/patches/cleaned/llm4pc-defects4j-Closure-109-kPAR-patch1.patch,Overfitting,LLM4PC,['tmp/methods/llm4pc-defects4j-Closure-109-kPAR-patch1/source-0.java'],['tmp/methods/llm4pc-defects4j-Closure-109-kPAR-patch1/target-0.java'],kpar,['tmp/files/llm4pc-defects4j-Closure-109-kPAR-patch1/source-0-JsDocInfoParser.java'],['tmp/files/llm4pc-defects4j-Closure-109-kPAR-patch1/target-0-JsDocInfoParser.java'],overfitting
llm4pc-defects4j-Closure-46-kPAR-patch1,defects4j-Closure-46,kPAR,tmp/patches/cleaned/llm4pc-defects4j-Closure-46-kPAR-patch1.patch,Overfitting,LLM4PC,['tmp/methods/llm4pc-defects4j-Closure-46-kPAR-patch1/source-0.java'],['tmp/methods/llm4pc-defects4j-Closure-46-kPAR-patch1/target-0.java'],kpar,['tmp/files/llm4pc-defects4j-Closure-46-kPAR-patch1/source-0-RecordType.java'],['tmp/files/llm4pc-defects4j-Closure-46-kPAR-patch1/target-0-RecordType.java'],overfitting
llm4pc-defects4j-Closure-62-kPAR-patch1,defects4j-Closure-62,kPAR,tmp/patches/cleaned/llm4pc-defects4j-Closure-62-kPAR-patch1.patch,Overfitting,LLM4PC,['tmp/methods/llm4pc-defects4j-Closure-62-kPAR-patch1/source-0.java'],['tmp/methods/llm4pc-defects4j-Closure-62-kPAR-patch1/target-0.java'],kpar,['tmp/files/llm4pc-defects4j-Closure-62-kPAR-patch1/source-0-LightweightMessageFormatter.java'],['tmp/files/llm4pc-defects4j-Closure-62-kPAR-patch1/target-0-LightweightMessageFormatter.java'],unknown
llm4pc-defects4j-Closure-35-kPAR-patch1,defects4j-Closure-35,kPAR,tmp/patches/cleaned/llm4pc-defects4j-Closure-35-kPAR-patch1.patch,Overfitting,LLM4PC,['tmp/methods/llm4pc-defects4j-Closure-35-kPAR-patch1/source-0.java'],['tmp/methods/llm4pc-defects4j-Closure-35-kPAR-patch1/target-0.java'],kpar,['tmp/files/llm4pc-defects4j-Closure-35-kPAR-patch1/source-0-TypeInference.java'],['tmp/files/llm4pc-defects4j-Closure-35-kPAR-patch1/target-0-TypeInference.java'],overfitting
llm4pc-defects4j-Closure-126-kPAR-patch1,defects4j-Closure-126,kPAR,tmp/patches/cleaned/llm4pc-defects4j-Closure-126-kPAR-patch1.patch,Overfitting,LLM4PC,['tmp/methods/llm4pc-defects4j-Closure-126-kPAR-patch1/source-0.java'],['tmp/methods/llm4pc-defects4j-Closure-126-kPAR-patch1/target-0.java'],kpar,['tmp/files/llm4pc-defects4j-Closure-126-kPAR-patch1/source-0-MinimizeExitPoints.java'],['tmp/files/llm4pc-defects4j-Closure-126-kPAR-patch1/target-0-MinimizeExitPoints.java'],overfitting
llm4pc-defects4j-Chart-5-kPAR-patch1,defects4j-Chart-5,kPAR,tmp/patches/cleaned/llm4pc-defects4j-Chart-5-kPAR-patch1.patch,Overfitting,LLM4PC,['tmp/methods/llm4pc-defects4j-Chart-5-kPAR-patch1/source-0.java'],['tmp/methods/llm4pc-defects4j-Chart-5-kPAR-patch1/target-0.java'],kpar,['tmp/files/llm4pc-defects4j-Chart-5-kPAR-patch1/source-0-XYSeries.java'],['tmp/files/llm4pc-defects4j-Chart-5-kPAR-patch1/target-0-XYSeries.java'],overfitting
llm4pc-defects4j-Math-62-kPAR-patch1,defects4j-Math-62,kPAR,tmp/patches/cleaned/llm4pc-defects4j-Math-62-kPAR-patch1.patch,Overfitting,LLM4PC,['tmp/methods/llm4pc-defects4j-Math-62-kPAR-patch1/source-0.java'],['tmp/methods/llm4pc-defects4j-Math-62-kPAR-patch1/target-0.java'],kpar,['tmp/files/llm4pc-defects4j-Math-62-kPAR-patch1/source-0-MultiStartUnivariateRealOptimizer.java'],['tmp/files/llm4pc-defects4j-Math-62-kPAR-patch1/target-0-MultiStartUnivariateRealOptimizer.java'],overfitting
llm4pc-defects4j-Math-2-kPAR-patch1,defects4j-Math-2,kPAR,tmp/patches/cleaned/llm4pc-defects4j-Math-2-kPAR-patch1.patch,Overfitting,LLM4PC,['tmp/methods/llm4pc-defects4j-Math-2-kPAR-patch1/source-0.java'],['tmp/methods/llm4pc-defects4j-Math-2-kPAR-patch1/target-0.java'],kpar,['tmp/files/llm4pc-defects4j-Math-2-kPAR-patch1/source-0-AbstractIntegerDistribution.java'],['tmp/files/llm4pc-defects4j-Math-2-kPAR-patch1/target-0-AbstractIntegerDistribution.java'],overfitting
llm4pc-defects4j-Math-43-kPAR-patch1,defects4j-Math-43,kPAR,tmp/patches/cleaned/llm4pc-defects4j-Math-43-kPAR-patch1.patch,Overfitting,LLM4PC,['tmp/methods/llm4pc-defects4j-Math-43-kPAR-patch1/source-0.java'],['tmp/methods/llm4pc-defects4j-Math-43-kPAR-patch1/target-0.java'],kpar,['tmp/files/llm4pc-defects4j-Math-43-kPAR-patch1/source-0-SummaryStatistics.java'],['tmp/files/llm4pc-defects4j-Math-43-kPAR-patch1/target-0-SummaryStatistics.java'],correct
llm4pc-defects4j-Math-15-kPAR-patch1,defects4j-Math-15,kPAR,tmp/patches/cleaned/llm4pc-defects4j-Math-15-kPAR-patch1.patch,Overfitting,LLM4PC,['tmp/methods/llm4pc-defects4j-Math-15-kPAR-patch1/source-0.java'],['tmp/methods/llm4pc-defects4j-Math-15-kPAR-patch1/target-0.java'],kpar,['tmp/files/llm4pc-defects4j-Math-15-kPAR-patch1/source-0-FastMath.java'],['tmp/files/llm4pc-defects4j-Math-15-kPAR-patch1/target-0-FastMath.java'],correct
llm4pc-defects4j-Math-8-kPAR-patch1,defects4j-Math-8,kPAR,tmp/patches/cleaned/llm4pc-defects4j-Math-8-kPAR-patch1.patch,Overfitting,LLM4PC,['tmp/methods/llm4pc-defects4j-Math-8-kPAR-patch1/source-0.java'],['tmp/methods/llm4pc-defects4j-Math-8-kPAR-patch1/target-0.java'],kpar,['tmp/files/llm4pc-defects4j-Math-8-kPAR-patch1/source-0-DiscreteDistribution.java'],['tmp/files/llm4pc-defects4j-Math-8-kPAR-patch1/target-0-DiscreteDistribution.java'],overfitting
llm4pc-defects4j-Math-40-kPAR-patch1,defects4j-Math-40,kPAR,tmp/patches/cleaned/llm4pc-defects4j-Math-40-kPAR-patch1.patch,Overfitting,LLM4PC,['tmp/methods/llm4pc-defects4j-Math-40-kPAR-patch1/source-0.java'],['tmp/methods/llm4pc-defects4j-Math-40-kPAR-patch1/target-0.java'],kpar,['tmp/files/llm4pc-defects4j-Math-40-kPAR-patch1/source-0-BracketingNthOrderBrentSolver.java'],['tmp/files/llm4pc-defects4j-Math-40-kPAR-patch1/target-0-BracketingNthOrderBrentSolver.java'],correct
llm4pc-defects4j-Math-42-kPAR-patch1,defects4j-Math-42,kPAR,tmp/patches/cleaned/llm4pc-defects4j-Math-42-kPAR-patch1.patch,Overfitting,LLM4PC,['tmp/methods/llm4pc-defects4j-Math-42-kPAR-patch1/source-0.java'],['tmp/methods/llm4pc-defects4j-Math-42-kPAR-patch1/target-0.java'],kpar,['tmp/files/llm4pc-defects4j-Math-42-kPAR-patch1/source-0-SimplexTableau.java'],['tmp/files/llm4pc-defects4j-Math-42-kPAR-patch1/target-0-SimplexTableau.java'],correct
llm4pc-defects4j-Math-82-kPAR-patch1,defects4j-Math-82,kPAR,tmp/patches/cleaned/llm4pc-defects4j-Math-82-kPAR-patch1.patch,Overfitting,LLM4PC,['tmp/methods/llm4pc-defects4j-Math-82-kPAR-patch1/source-0.java'],['tmp/methods/llm4pc-defects4j-Math-82-kPAR-patch1/target-0.java'],kpar,['tmp/files/llm4pc-defects4j-Math-82-kPAR-patch1/source-0-SimplexSolver.java'],['tmp/files/llm4pc-defects4j-Math-82-kPAR-patch1/target-0-SimplexSolver.java'],overfitting
llm4pc-defects4j-Math-7-kPAR-patch1,defects4j-Math-7,kPAR,tmp/patches/cleaned/llm4pc-defects4j-Math-7-kPAR-patch1.patch,Overfitting,LLM4PC,['tmp/methods/llm4pc-defects4j-Math-7-kPAR-patch1/source-0.java'],['tmp/methods/llm4pc-defects4j-Math-7-kPAR-patch1/target-0.java'],kpar,['tmp/files/llm4pc-defects4j-Math-7-kPAR-patch1/source-0-AbstractIntegrator.java'],['tmp/files/llm4pc-defects4j-Math-7-kPAR-patch1/target-0-AbstractIntegrator.java'],overfitting
llm4pc-defects4j-Time-17-kPAR-patch1,defects4j-Time-17,kPAR,tmp/patches/cleaned/llm4pc-defects4j-Time-17-kPAR-patch1.patch,Overfitting,LLM4PC,['tmp/methods/llm4pc-defects4j-Time-17-kPAR-patch1/source-0.java'],['tmp/methods/llm4pc-defects4j-Time-17-kPAR-patch1/target-0.java'],kpar,['tmp/files/llm4pc-defects4j-Time-17-kPAR-patch1/source-0-DateTimeZone.java'],['tmp/files/llm4pc-defects4j-Time-17-kPAR-patch1/target-0-DateTimeZone.java'],overfitting
llm4pc-defects4j-Closure-62-Cardumen-patch1,defects4j-Closure-62,Cardumen,tmp/patches/cleaned/llm4pc-defects4j-Closure-62-Cardumen-patch1.patch,Overfitting,LLM4PC,['tmp/methods/llm4pc-defects4j-Closure-62-Cardumen-patch1/source-0.java'],['tmp/methods/llm4pc-defects4j-Closure-62-Cardumen-patch1/target-0.java'],cardumen,['tmp/files/llm4pc-defects4j-Closure-62-Cardumen-patch1/source-0-LightweightMessageFormatter.java'],['tmp/files/llm4pc-defects4j-Closure-62-Cardumen-patch1/target-0-LightweightMessageFormatter.java'],overfitting
llm4pc-defects4j-Chart-6-Cardumen-patch1,defects4j-Chart-6,Cardumen,tmp/patches/cleaned/llm4pc-defects4j-Chart-6-Cardumen-patch1.patch,Overfitting,LLM4PC,['tmp/methods/llm4pc-defects4j-Chart-6-Cardumen-patch1/source-0.java'],['tmp/methods/llm4pc-defects4j-Chart-6-Cardumen-patch1/target-0.java'],cardumen,['tmp/files/llm4pc-defects4j-Chart-6-Cardumen-patch1/source-0-ShapeList.java'],['tmp/files/llm4pc-defects4j-Chart-6-Cardumen-patch1/target-0-ShapeList.java'],overfitting
llm4pc-defects4j-Chart-13-Cardumen-patch1,defects4j-Chart-13,Cardumen,tmp/patches/cleaned/llm4pc-defects4j-Chart-13-Cardumen-patch1.patch,Overfitting,LLM4PC,['tmp/methods/llm4pc-defects4j-Chart-13-Cardumen-patch1/source-0.java'],['tmp/methods/llm4pc-defects4j-Chart-13-Cardumen-patch1/target-0.java'],cardumen,['tmp/files/llm4pc-defects4j-Chart-13-Cardumen-patch1/source-0-BorderArrangement.java'],['tmp/files/llm4pc-defects4j-Chart-13-Cardumen-patch1/target-0-BorderArrangement.java'],correct
llm4pc-defects4j-Chart-24-Cardumen-patch1,defects4j-Chart-24,Cardumen,tmp/patches/cleaned/llm4pc-defects4j-Chart-24-Cardumen-patch1.patch,Overfitting,LLM4PC,['tmp/methods/llm4pc-defects4j-Chart-24-Cardumen-patch1/source-0.java'],['tmp/methods/llm4pc-defects4j-Chart-24-Cardumen-patch1/target-0.java'],cardumen,['tmp/files/llm4pc-defects4j-Chart-24-Cardumen-patch1/source-0-GrayPaintScale.java'],['tmp/files/llm4pc-defects4j-Chart-24-Cardumen-patch1/target-0-GrayPaintScale.java'],overfitting
llm4pc-defects4j-Math-73-Cardumen-patch1,defects4j-Math-73,Cardumen,tmp/patches/cleaned/llm4pc-defects4j-Math-73-Cardumen-patch1.patch,Overfitting,LLM4PC,['tmp/methods/llm4pc-defects4j-Math-73-Cardumen-patch1/source-0.java'],['tmp/methods/llm4pc-defects4j-Math-73-Cardumen-patch1/target-0.java'],cardumen,['tmp/files/llm4pc-defects4j-Math-73-Cardumen-patch1/source-0-BrentSolver.java'],['tmp/files/llm4pc-defects4j-Math-73-Cardumen-patch1/target-0-BrentSolver.java'],overfitting
llm4pc-defects4j-Math-95-Cardumen-patch1,defects4j-Math-95,Cardumen,tmp/patches/cleaned/llm4pc-defects4j-Math-95-Cardumen-patch1.patch,Overfitting,LLM4PC,['tmp/methods/llm4pc-defects4j-Math-95-Cardumen-patch1/source-0.java'],['tmp/methods/llm4pc-defects4j-Math-95-Cardumen-patch1/target-0.java'],cardumen,['tmp/files/llm4pc-defects4j-Math-95-Cardumen-patch1/source-0-FDistributionImpl.java'],['tmp/files/llm4pc-defects4j-Math-95-Cardumen-patch1/target-0-FDistributionImpl.java'],overfitting
llm4pc-defects4j-Math-85-Cardumen-patch1,defects4j-Math-85,Cardumen,tmp/patches/cleaned/llm4pc-defects4j-Math-85-Cardumen-patch1.patch,Overfitting,LLM4PC,['tmp/methods/llm4pc-defects4j-Math-85-Cardumen-patch1/source-0.java'],['tmp/methods/llm4pc-defects4j-Math-85-Cardumen-patch1/target-0.java'],cardumen,['tmp/files/llm4pc-defects4j-Math-85-Cardumen-patch1/source-0-NormalDistributionImpl.java'],['tmp/files/llm4pc-defects4j-Math-85-Cardumen-patch1/target-0-NormalDistributionImpl.java'],overfitting
llm4pc-defects4j-Math-63-Cardumen-patch1,defects4j-Math-63,Cardumen,tmp/patches/cleaned/llm4pc-defects4j-Math-63-Cardumen-patch1.patch,Overfitting,LLM4PC,['tmp/methods/llm4pc-defects4j-Math-63-Cardumen-patch1/source-0.java'],['tmp/methods/llm4pc-defects4j-Math-63-Cardumen-patch1/target-0.java'],cardumen,['tmp/files/llm4pc-defects4j-Math-63-Cardumen-patch1/source-0-MathUtils.java'],['tmp/files/llm4pc-defects4j-Math-63-Cardumen-patch1/target-0-MathUtils.java'],overfitting
llm4pc-defects4j-Math-5-Cardumen-patch1,defects4j-Math-5,Cardumen,tmp/patches/cleaned/llm4pc-defects4j-Math-5-Cardumen-patch1.patch,Overfitting,LLM4PC,['tmp/methods/llm4pc-defects4j-Math-5-Cardumen-patch1/source-0.java'],['tmp/methods/llm4pc-defects4j-Math-5-Cardumen-patch1/target-0.java'],cardumen,['tmp/files/llm4pc-defects4j-Math-5-Cardumen-patch1/source-0-Complex.java'],['tmp/files/llm4pc-defects4j-Math-5-Cardumen-patch1/target-0-Complex.java'],overfitting
llm4pc-defects4j-Lang-6-SequenceR-patch2,defects4j-Lang-6,SequenceR,tmp/patches/cleaned/llm4pc-defects4j-Lang-6-SequenceR-patch2.patch,Overfitting,LLM4PC,['tmp/methods/llm4pc-defects4j-Lang-6-SequenceR-patch2/source-0.java'],['tmp/methods/llm4pc-defects4j-Lang-6-SequenceR-patch2/target-0.java'],sequencer,['tmp/files/llm4pc-defects4j-Lang-6-SequenceR-patch2/source-0-CharSequenceTranslator.java'],['tmp/files/llm4pc-defects4j-Lang-6-SequenceR-patch2/target-0-CharSequenceTranslator.java'],overfitting
llm4pc-defects4j-Closure-73-SequenceR-patch1,defects4j-Closure-73,SequenceR,tmp/patches/cleaned/llm4pc-defects4j-Closure-73-SequenceR-patch1.patch,Overfitting,LLM4PC,['tmp/methods/llm4pc-defects4j-Closure-73-SequenceR-patch1/source-0.java'],['tmp/methods/llm4pc-defects4j-Closure-73-SequenceR-patch1/target-0.java'],sequencer,['tmp/files/llm4pc-defects4j-Closure-73-SequenceR-patch1/source-0-CodeGenerator.java'],['tmp/files/llm4pc-defects4j-Closure-73-SequenceR-patch1/target-0-CodeGenerator.java'],overfitting
llm4pc-defects4j-Closure-92-SequenceR-patch7,defects4j-Closure-92,SequenceR,tmp/patches/cleaned/llm4pc-defects4j-Closure-92-SequenceR-patch7.patch,Overfitting,LLM4PC,['tmp/methods/llm4pc-defects4j-Closure-92-SequenceR-patch7/source-0.java'],['tmp/methods/llm4pc-defects4j-Closure-92-SequenceR-patch7/target-0.java'],sequencer,['tmp/files/llm4pc-defects4j-Closure-92-SequenceR-patch7/source-0-ProcessClosurePrimitives.java'],['tmp/files/llm4pc-defects4j-Closure-92-SequenceR-patch7/target-0-ProcessClosurePrimitives.java'],overfitting
llm4pc-defects4j-Closure-86-SequenceR-patch3,defects4j-Closure-86,SequenceR,tmp/patches/cleaned/llm4pc-defects4j-Closure-86-SequenceR-patch3.patch,Overfitting,LLM4PC,['tmp/methods/llm4pc-defects4j-Closure-86-SequenceR-patch3/source-0.java'],['tmp/methods/llm4pc-defects4j-Closure-86-SequenceR-patch3/target-0.java'],sequencer,['tmp/files/llm4pc-defects4j-Closure-86-SequenceR-patch3/source-0-NodeUtil.java'],['tmp/files/llm4pc-defects4j-Closure-86-SequenceR-patch3/target-0-NodeUtil.java'],overfitting
llm4pc-defects4j-Closure-86-SequenceR-patch5,defects4j-Closure-86,SequenceR,tmp/patches/cleaned/llm4pc-defects4j-Closure-86-SequenceR-patch5.patch,Overfitting,LLM4PC,['tmp/methods/llm4pc-defects4j-Closure-86-SequenceR-patch5/source-0.java'],['tmp/methods/llm4pc-defects4j-Closure-86-SequenceR-patch5/target-0.java'],sequencer,['tmp/files/llm4pc-defects4j-Closure-86-SequenceR-patch5/source-0-NodeUtil.java'],['tmp/files/llm4pc-defects4j-Closure-86-SequenceR-patch5/target-0-NodeUtil.java'],overfitting
llm4pc-defects4j-Closure-18-SequenceR-patch3,defects4j-Closure-18,SequenceR,tmp/patches/cleaned/llm4pc-defects4j-Closure-18-SequenceR-patch3.patch,Overfitting,LLM4PC,['tmp/methods/llm4pc-defects4j-Closure-18-SequenceR-patch3/source-0.java'],['tmp/methods/llm4pc-defects4j-Closure-18-SequenceR-patch3/target-0.java'],sequencer,['tmp/files/llm4pc-defects4j-Closure-18-SequenceR-patch3/source-0-Compiler.java'],['tmp/files/llm4pc-defects4j-Closure-18-SequenceR-patch3/target-0-Compiler.java'],correct
llm4pc-defects4j-Closure-123-SequenceR-patch1,defects4j-Closure-123,SequenceR,tmp/patches/cleaned/llm4pc-defects4j-Closure-123-SequenceR-patch1.patch,Overfitting,LLM4PC,['tmp/methods/llm4pc-defects4j-Closure-123-SequenceR-patch1/source-0.java'],['tmp/methods/llm4pc-defects4j-Closure-123-SequenceR-patch1/target-0.java'],sequencer,['tmp/files/llm4pc-defects4j-Closure-123-SequenceR-patch1/source-0-CodeGenerator.java'],['tmp/files/llm4pc-defects4j-Closure-123-SequenceR-patch1/target-0-CodeGenerator.java'],overfitting
llm4pc-defects4j-Closure-86-SequenceR-patch2,defects4j-Closure-86,SequenceR,tmp/patches/cleaned/llm4pc-defects4j-Closure-86-SequenceR-patch2.patch,Overfitting,LLM4PC,['tmp/methods/llm4pc-defects4j-Closure-86-SequenceR-patch2/source-0.java'],['tmp/methods/llm4pc-defects4j-Closure-86-SequenceR-patch2/target-0.java'],sequencer,['tmp/files/llm4pc-defects4j-Closure-86-SequenceR-patch2/source-0-NodeUtil.java'],['tmp/files/llm4pc-defects4j-Closure-86-SequenceR-patch2/target-0-NodeUtil.java'],overfitting
llm4pc-defects4j-Closure-18-SequenceR-patch4,defects4j-Closure-18,SequenceR,tmp/patches/cleaned/llm4pc-defects4j-Closure-18-SequenceR-patch4.patch,Overfitting,LLM4PC,['tmp/methods/llm4pc-defects4j-Closure-18-SequenceR-patch4/source-0.java'],['tmp/methods/llm4pc-defects4j-Closure-18-SequenceR-patch4/target-0.java'],sequencer,['tmp/files/llm4pc-defects4j-Closure-18-SequenceR-patch4/source-0-Compiler.java'],['tmp/files/llm4pc-defects4j-Closure-18-SequenceR-patch4/target-0-Compiler.java'],overfitting
llm4pc-defects4j-Closure-18-SequenceR-patch5,defects4j-Closure-18,SequenceR,tmp/patches/cleaned/llm4pc-defects4j-Closure-18-SequenceR-patch5.patch,Overfitting,LLM4PC,['tmp/methods/llm4pc-defects4j-Closure-18-SequenceR-patch5/source-0.java'],['tmp/methods/llm4pc-defects4j-Closure-18-SequenceR-patch5/target-0.java'],sequencer,['tmp/files/llm4pc-defects4j-Closure-18-SequenceR-patch5/source-0-Compiler.java'],['tmp/files/llm4pc-defects4j-Closure-18-SequenceR-patch5/target-0-Compiler.java'],correct
llm4pc-defects4j-Closure-38-SequenceR-patch3,defects4j-Closure-38,SequenceR,tmp/patches/cleaned/llm4pc-defects4j-Closure-38-SequenceR-patch3.patch,Overfitting,LLM4PC,['tmp/methods/llm4pc-defects4j-Closure-38-SequenceR-patch3/source-0.java'],['tmp/methods/llm4pc-defects4j-Closure-38-SequenceR-patch3/target-0.java'],sequencer,['tmp/files/llm4pc-defects4j-Closure-38-SequenceR-patch3/source-0-CodeConsumer.java'],['tmp/files/llm4pc-defects4j-Closure-38-SequenceR-patch3/target-0-CodeConsumer.java'],overfitting
llm4pc-defects4j-Closure-86-SequenceR-patch4,defects4j-Closure-86,SequenceR,tmp/patches/cleaned/llm4pc-defects4j-Closure-86-SequenceR-patch4.patch,Overfitting,LLM4PC,['tmp/methods/llm4pc-defects4j-Closure-86-SequenceR-patch4/source-0.java'],['tmp/methods/llm4pc-defects4j-Closure-86-SequenceR-patch4/target-0.java'],sequencer,['tmp/files/llm4pc-defects4j-Closure-86-SequenceR-patch4/source-0-NodeUtil.java'],['tmp/files/llm4pc-defects4j-Closure-86-SequenceR-patch4/target-0-NodeUtil.java'],overfitting
llm4pc-defects4j-Closure-18-SequenceR-patch1,defects4j-Closure-18,SequenceR,tmp/patches/cleaned/llm4pc-defects4j-Closure-18-SequenceR-patch1.patch,Overfitting,LLM4PC,['tmp/methods/llm4pc-defects4j-Closure-18-SequenceR-patch1/source-0.java'],['tmp/methods/llm4pc-defects4j-Closure-18-SequenceR-patch1/target-0.java'],sequencer,['tmp/files/llm4pc-defects4j-Closure-18-SequenceR-patch1/source-0-Compiler.java'],['tmp/files/llm4pc-defects4j-Closure-18-SequenceR-patch1/target-0-Compiler.java'],correct
llm4pc-defects4j-Closure-38-SequenceR-patch2,defects4j-Closure-38,SequenceR,tmp/patches/cleaned/llm4pc-defects4j-Closure-38-SequenceR-patch2.patch,Overfitting,LLM4PC,['tmp/methods/llm4pc-defects4j-Closure-38-SequenceR-patch2/source-0.java'],['tmp/methods/llm4pc-defects4j-Closure-38-SequenceR-patch2/target-0.java'],sequencer,['tmp/files/llm4pc-defects4j-Closure-38-SequenceR-patch2/source-0-CodeConsumer.java'],['tmp/files/llm4pc-defects4j-Closure-38-SequenceR-patch2/target-0-CodeConsumer.java'],overfitting
llm4pc-defects4j-Chart-1-SequenceR-patch3,defects4j-Chart-1,SequenceR,tmp/patches/cleaned/llm4pc-defects4j-Chart-1-SequenceR-patch3.patch,Overfitting,LLM4PC,['tmp/methods/llm4pc-defects4j-Chart-1-SequenceR-patch3/source-0.java'],['tmp/methods/llm4pc-defects4j-Chart-1-SequenceR-patch3/target-0.java'],sequencer,['tmp/files/llm4pc-defects4j-Chart-1-SequenceR-patch3/source-0-AbstractCategoryItemRenderer.java'],['tmp/files/llm4pc-defects4j-Chart-1-SequenceR-patch3/target-0-AbstractCategoryItemRenderer.java'],correct
llm4pc-defects4j-Chart-1-SequenceR-patch4,defects4j-Chart-1,SequenceR,tmp/patches/cleaned/llm4pc-defects4j-Chart-1-SequenceR-patch4.patch,Overfitting,LLM4PC,['tmp/methods/llm4pc-defects4j-Chart-1-SequenceR-patch4/source-0.java'],['tmp/methods/llm4pc-defects4j-Chart-1-SequenceR-patch4/target-0.java'],sequencer,['tmp/files/llm4pc-defects4j-Chart-1-SequenceR-patch4/source-0-AbstractCategoryItemRenderer.java'],['tmp/files/llm4pc-defects4j-Chart-1-SequenceR-patch4/target-0-AbstractCategoryItemRenderer.java'],correct
llm4pc-defects4j-Chart-1-SequenceR-patch2,defects4j-Chart-1,SequenceR,tmp/patches/cleaned/llm4pc-defects4j-Chart-1-SequenceR-patch2.patch,Overfitting,LLM4PC,['tmp/methods/llm4pc-defects4j-Chart-1-SequenceR-patch2/source-0.java'],['tmp/methods/llm4pc-defects4j-Chart-1-SequenceR-patch2/target-0.java'],sequencer,['tmp/files/llm4pc-defects4j-Chart-1-SequenceR-patch2/source-0-AbstractCategoryItemRenderer.java'],['tmp/files/llm4pc-defects4j-Chart-1-SequenceR-patch2/target-0-AbstractCategoryItemRenderer.java'],correct
llm4pc-defects4j-Math-85-SequenceR-patch14,defects4j-Math-85,SequenceR,tmp/patches/cleaned/llm4pc-defects4j-Math-85-SequenceR-patch14.patch,Overfitting,LLM4PC,['tmp/methods/llm4pc-defects4j-Math-85-SequenceR-patch14/source-0.java'],['tmp/methods/llm4pc-defects4j-Math-85-SequenceR-patch14/target-0.java'],sequencer,['tmp/files/llm4pc-defects4j-Math-85-SequenceR-patch14/source-0-UnivariateRealSolverUtils.java'],['tmp/files/llm4pc-defects4j-Math-85-SequenceR-patch14/target-0-UnivariateRealSolverUtils.java'],overfitting
llm4pc-defects4j-Math-85-SequenceR-patch3,defects4j-Math-85,SequenceR,tmp/patches/cleaned/llm4pc-defects4j-Math-85-SequenceR-patch3.patch,Overfitting,LLM4PC,['tmp/methods/llm4pc-defects4j-Math-85-SequenceR-patch3/source-0.java'],['tmp/methods/llm4pc-defects4j-Math-85-SequenceR-patch3/target-0.java'],sequencer,['tmp/files/llm4pc-defects4j-Math-85-SequenceR-patch3/source-0-UnivariateRealSolverUtils.java'],['tmp/files/llm4pc-defects4j-Math-85-SequenceR-patch3/target-0-UnivariateRealSolverUtils.java'],overfitting
llm4pc-defects4j-Math-85-SequenceR-patch10,defects4j-Math-85,SequenceR,tmp/patches/cleaned/llm4pc-defects4j-Math-85-SequenceR-patch10.patch,Overfitting,LLM4PC,['tmp/methods/llm4pc-defects4j-Math-85-SequenceR-patch10/source-0.java'],['tmp/methods/llm4pc-defects4j-Math-85-SequenceR-patch10/target-0.java'],sequencer,['tmp/files/llm4pc-defects4j-Math-85-SequenceR-patch10/source-0-UnivariateRealSolverUtils.java'],['tmp/files/llm4pc-defects4j-Math-85-SequenceR-patch10/target-0-UnivariateRealSolverUtils.java'],correct
llm4pc-defects4j-Math-85-SequenceR-patch17,defects4j-Math-85,SequenceR,tmp/patches/cleaned/llm4pc-defects4j-Math-85-SequenceR-patch17.patch,Overfitting,LLM4PC,['tmp/methods/llm4pc-defects4j-Math-85-SequenceR-patch17/source-0.java'],['tmp/methods/llm4pc-defects4j-Math-85-SequenceR-patch17/target-0.java'],sequencer,['tmp/files/llm4pc-defects4j-Math-85-SequenceR-patch17/source-0-UnivariateRealSolverUtils.java'],['tmp/files/llm4pc-defects4j-Math-85-SequenceR-patch17/target-0-UnivariateRealSolverUtils.java'],overfitting
llm4pc-defects4j-Math-85-SequenceR-patch4,defects4j-Math-85,SequenceR,tmp/patches/cleaned/llm4pc-defects4j-Math-85-SequenceR-patch4.patch,Overfitting,LLM4PC,['tmp/methods/llm4pc-defects4j-Math-85-SequenceR-patch4/source-0.java'],['tmp/methods/llm4pc-defects4j-Math-85-SequenceR-patch4/target-0.java'],sequencer,['tmp/files/llm4pc-defects4j-Math-85-SequenceR-patch4/source-0-UnivariateRealSolverUtils.java'],['tmp/files/llm4pc-defects4j-Math-85-SequenceR-patch4/target-0-UnivariateRealSolverUtils.java'],overfitting
llm4pc-defects4j-Math-82-SequenceR-patch3,defects4j-Math-82,SequenceR,tmp/patches/cleaned/llm4pc-defects4j-Math-82-SequenceR-patch3.patch,Overfitting,LLM4PC,['tmp/methods/llm4pc-defects4j-Math-82-SequenceR-patch3/source-0.java'],['tmp/methods/llm4pc-defects4j-Math-82-SequenceR-patch3/target-0.java'],sequencer,['tmp/files/llm4pc-defects4j-Math-82-SequenceR-patch3/source-0-SimplexSolver.java'],['tmp/files/llm4pc-defects4j-Math-82-SequenceR-patch3/target-0-SimplexSolver.java'],overfitting
llm4pc-defects4j-Math-85-SequenceR-patch8,defects4j-Math-85,SequenceR,tmp/patches/cleaned/llm4pc-defects4j-Math-85-SequenceR-patch8.patch,Overfitting,LLM4PC,['tmp/methods/llm4pc-defects4j-Math-85-SequenceR-patch8/source-0.java'],['tmp/methods/llm4pc-defects4j-Math-85-SequenceR-patch8/target-0.java'],sequencer,['tmp/files/llm4pc-defects4j-Math-85-SequenceR-patch8/source-0-UnivariateRealSolverUtils.java'],['tmp/files/llm4pc-defects4j-Math-85-SequenceR-patch8/target-0-UnivariateRealSolverUtils.java'],overfitting
llm4pc-defects4j-Math-80-SequenceR-patch1,defects4j-Math-80,SequenceR,tmp/patches/cleaned/llm4pc-defects4j-Math-80-SequenceR-patch1.patch,Overfitting,LLM4PC,['tmp/methods/llm4pc-defects4j-Math-80-SequenceR-patch1/source-0.java'],['tmp/methods/llm4pc-defects4j-Math-80-SequenceR-patch1/target-0.java'],sequencer,['tmp/files/llm4pc-defects4j-Math-80-SequenceR-patch1/source-0-EigenDecompositionImpl.java'],['tmp/files/llm4pc-defects4j-Math-80-SequenceR-patch1/target-0-EigenDecompositionImpl.java'],overfitting
llm4pc-defects4j-Math-85-SequenceR-patch11,defects4j-Math-85,SequenceR,tmp/patches/cleaned/llm4pc-defects4j-Math-85-SequenceR-patch11.patch,Overfitting,LLM4PC,['tmp/methods/llm4pc-defects4j-Math-85-SequenceR-patch11/source-0.java'],['tmp/methods/llm4pc-defects4j-Math-85-SequenceR-patch11/target-0.java'],sequencer,['tmp/files/llm4pc-defects4j-Math-85-SequenceR-patch11/source-0-UnivariateRealSolverUtils.java'],['tmp/files/llm4pc-defects4j-Math-85-SequenceR-patch11/target-0-UnivariateRealSolverUtils.java'],overfitting
llm4pc-defects4j-Math-85-SequenceR-patch7,defects4j-Math-85,SequenceR,tmp/patches/cleaned/llm4pc-defects4j-Math-85-SequenceR-patch7.patch,Overfitting,LLM4PC,['tmp/methods/llm4pc-defects4j-Math-85-SequenceR-patch7/source-0.java'],['tmp/methods/llm4pc-defects4j-Math-85-SequenceR-patch7/target-0.java'],sequencer,['tmp/files/llm4pc-defects4j-Math-85-SequenceR-patch7/source-0-UnivariateRealSolverUtils.java'],['tmp/files/llm4pc-defects4j-Math-85-SequenceR-patch7/target-0-UnivariateRealSolverUtils.java'],overfitting
llm4pc-defects4j-Math-85-SequenceR-patch15,defects4j-Math-85,SequenceR,tmp/patches/cleaned/llm4pc-defects4j-Math-85-SequenceR-patch15.patch,Overfitting,LLM4PC,['tmp/methods/llm4pc-defects4j-Math-85-SequenceR-patch15/source-0.java'],['tmp/methods/llm4pc-defects4j-Math-85-SequenceR-patch15/target-0.java'],sequencer,['tmp/files/llm4pc-defects4j-Math-85-SequenceR-patch15/source-0-UnivariateRealSolverUtils.java'],['tmp/files/llm4pc-defects4j-Math-85-SequenceR-patch15/target-0-UnivariateRealSolverUtils.java'],correct
llm4pc-defects4j-Math-85-SequenceR-patch16,defects4j-Math-85,SequenceR,tmp/patches/cleaned/llm4pc-defects4j-Math-85-SequenceR-patch16.patch,Overfitting,LLM4PC,['tmp/methods/llm4pc-defects4j-Math-85-SequenceR-patch16/source-0.java'],['tmp/methods/llm4pc-defects4j-Math-85-SequenceR-patch16/target-0.java'],sequencer,['tmp/files/llm4pc-defects4j-Math-85-SequenceR-patch16/source-0-UnivariateRealSolverUtils.java'],['tmp/files/llm4pc-defects4j-Math-85-SequenceR-patch16/target-0-UnivariateRealSolverUtils.java'],overfitting
llm4pc-defects4j-Math-85-SequenceR-patch6,defects4j-Math-85,SequenceR,tmp/patches/cleaned/llm4pc-defects4j-Math-85-SequenceR-patch6.patch,Overfitting,LLM4PC,['tmp/methods/llm4pc-defects4j-Math-85-SequenceR-patch6/source-0.java'],['tmp/methods/llm4pc-defects4j-Math-85-SequenceR-patch6/target-0.java'],sequencer,['tmp/files/llm4pc-defects4j-Math-85-SequenceR-patch6/source-0-UnivariateRealSolverUtils.java'],['tmp/files/llm4pc-defects4j-Math-85-SequenceR-patch6/target-0-UnivariateRealSolverUtils.java'],correct
llm4pc-defects4j-Math-85-SequenceR-patch9,defects4j-Math-85,SequenceR,tmp/patches/cleaned/llm4pc-defects4j-Math-85-SequenceR-patch9.patch,Overfitting,LLM4PC,['tmp/methods/llm4pc-defects4j-Math-85-SequenceR-patch9/source-0.java'],['tmp/methods/llm4pc-defects4j-Math-85-SequenceR-patch9/target-0.java'],sequencer,['tmp/files/llm4pc-defects4j-Math-85-SequenceR-patch9/source-0-UnivariateRealSolverUtils.java'],['tmp/files/llm4pc-defects4j-Math-85-SequenceR-patch9/target-0-UnivariateRealSolverUtils.java'],overfitting
llm4pc-defects4j-Math-85-SequenceR-patch2,defects4j-Math-85,SequenceR,tmp/patches/cleaned/llm4pc-defects4j-Math-85-SequenceR-patch2.patch,Overfitting,LLM4PC,['tmp/methods/llm4pc-defects4j-Math-85-SequenceR-patch2/source-0.java'],['tmp/methods/llm4pc-defects4j-Math-85-SequenceR-patch2/target-0.java'],sequencer,['tmp/files/llm4pc-defects4j-Math-85-SequenceR-patch2/source-0-UnivariateRealSolverUtils.java'],['tmp/files/llm4pc-defects4j-Math-85-SequenceR-patch2/target-0-UnivariateRealSolverUtils.java'],overfitting
llm4pc-defects4j-Math-85-SequenceR-patch5,defects4j-Math-85,SequenceR,tmp/patches/cleaned/llm4pc-defects4j-Math-85-SequenceR-patch5.patch,Overfitting,LLM4PC,['tmp/methods/llm4pc-defects4j-Math-85-SequenceR-patch5/source-0.java'],['tmp/methods/llm4pc-defects4j-Math-85-SequenceR-patch5/target-0.java'],sequencer,['tmp/files/llm4pc-defects4j-Math-85-SequenceR-patch5/source-0-UnivariateRealSolverUtils.java'],['tmp/files/llm4pc-defects4j-Math-85-SequenceR-patch5/target-0-UnivariateRealSolverUtils.java'],overfitting
llm4pc-defects4j-Math-85-SequenceR-patch12,defects4j-Math-85,SequenceR,tmp/patches/cleaned/llm4pc-defects4j-Math-85-SequenceR-patch12.patch,Overfitting,LLM4PC,['tmp/methods/llm4pc-defects4j-Math-85-SequenceR-patch12/source-0.java'],['tmp/methods/llm4pc-defects4j-Math-85-SequenceR-patch12/target-0.java'],sequencer,['tmp/files/llm4pc-defects4j-Math-85-SequenceR-patch12/source-0-UnivariateRealSolverUtils.java'],['tmp/files/llm4pc-defects4j-Math-85-SequenceR-patch12/target-0-UnivariateRealSolverUtils.java'],correct
llm4pc-defects4j-Math-85-SequenceR-patch13,defects4j-Math-85,SequenceR,tmp/patches/cleaned/llm4pc-defects4j-Math-85-SequenceR-patch13.patch,Overfitting,LLM4PC,['tmp/methods/llm4pc-defects4j-Math-85-SequenceR-patch13/source-0.java'],['tmp/methods/llm4pc-defects4j-Math-85-SequenceR-patch13/target-0.java'],sequencer,['tmp/files/llm4pc-defects4j-Math-85-SequenceR-patch13/source-0-UnivariateRealSolverUtils.java'],['tmp/files/llm4pc-defects4j-Math-85-SequenceR-patch13/target-0-UnivariateRealSolverUtils.java'],overfitting
llm4pc-defects4j-Math-59-SequenceR-patch1,defects4j-Math-59,SequenceR,tmp/patches/cleaned/llm4pc-defects4j-Math-59-SequenceR-patch1.patch,Overfitting,LLM4PC,['tmp/methods/llm4pc-defects4j-Math-59-SequenceR-patch1/source-0.java'],['tmp/methods/llm4pc-defects4j-Math-59-SequenceR-patch1/target-0.java'],sequencer,['tmp/files/llm4pc-defects4j-Math-59-SequenceR-patch1/source-0-FastMath.java'],['tmp/files/llm4pc-defects4j-Math-59-SequenceR-patch1/target-0-FastMath.java'],overfitting
llm4pc-defects4j-Closure-64-Kali-patch1,defects4j-Closure-64,Kali,tmp/patches/cleaned/llm4pc-defects4j-Closure-64-Kali-patch1.patch,Overfitting,LLM4PC,['tmp/methods/llm4pc-defects4j-Closure-64-Kali-patch1/source-0.java'],['tmp/methods/llm4pc-defects4j-Closure-64-Kali-patch1/target-0.java'],kali,['tmp/files/llm4pc-defects4j-Closure-64-Kali-patch1/source-0-StatementFusion.java'],['tmp/files/llm4pc-defects4j-Closure-64-Kali-patch1/target-0-StatementFusion.java'],unknown
llm4pc-defects4j-Closure-127-Kali-patch1,defects4j-Closure-127,Kali,tmp/patches/cleaned/llm4pc-defects4j-Closure-127-Kali-patch1.patch,Overfitting,LLM4PC,['tmp/methods/llm4pc-defects4j-Closure-127-Kali-patch1/source-0.java'],['tmp/methods/llm4pc-defects4j-Closure-127-Kali-patch1/target-0.java'],kali,['tmp/files/llm4pc-defects4j-Closure-127-Kali-patch1/source-0-UnreachableCodeElimination.java'],['tmp/files/llm4pc-defects4j-Closure-127-Kali-patch1/target-0-UnreachableCodeElimination.java'],overfitting
llm4pc-defects4j-Closure-55-Kali-patch1,defects4j-Closure-55,Kali,tmp/patches/cleaned/llm4pc-defects4j-Closure-55-Kali-patch1.patch,Overfitting,LLM4PC,['tmp/methods/llm4pc-defects4j-Closure-55-Kali-patch1/source-0.java'],['tmp/methods/llm4pc-defects4j-Closure-55-Kali-patch1/target-0.java'],kali,['tmp/files/llm4pc-defects4j-Closure-55-Kali-patch1/source-0-FunctionRewriter.java'],['tmp/files/llm4pc-defects4j-Closure-55-Kali-patch1/target-0-FunctionRewriter.java'],overfitting
llm4pc-defects4j-Closure-76-Kali-patch1,defects4j-Closure-76,Kali,tmp/patches/cleaned/llm4pc-defects4j-Closure-76-Kali-patch1.patch,Overfitting,LLM4PC,['tmp/methods/llm4pc-defects4j-Closure-76-Kali-patch1/source-0.java'],['tmp/methods/llm4pc-defects4j-Closure-76-Kali-patch1/target-0.java'],kali,['tmp/files/llm4pc-defects4j-Closure-76-Kali-patch1/source-0-Node.java'],['tmp/files/llm4pc-defects4j-Closure-76-Kali-patch1/target-0-Node.java'],unknown
llm4pc-defects4j-Closure-75-Kali-patch1,defects4j-Closure-75,Kali,tmp/patches/cleaned/llm4pc-defects4j-Closure-75-Kali-patch1.patch,Overfitting,LLM4PC,['tmp/methods/llm4pc-defects4j-Closure-75-Kali-patch1/source-0.java'],['tmp/methods/llm4pc-defects4j-Closure-75-Kali-patch1/target-0.java'],kali,['tmp/files/llm4pc-defects4j-Closure-75-Kali-patch1/source-0-NodeUtil.java'],['tmp/files/llm4pc-defects4j-Closure-75-Kali-patch1/target-0-NodeUtil.java'],overfitting
llm4pc-defects4j-Closure-21-Kali-patch1,defects4j-Closure-21,Kali,tmp/patches/cleaned/llm4pc-defects4j-Closure-21-Kali-patch1.patch,Overfitting,LLM4PC,['tmp/methods/llm4pc-defects4j-Closure-21-Kali-patch1/source-0.java'],['tmp/methods/llm4pc-defects4j-Closure-21-Kali-patch1/target-0.java'],kali,['tmp/files/llm4pc-defects4j-Closure-21-Kali-patch1/source-0-CheckSideEffects.java'],['tmp/files/llm4pc-defects4j-Closure-21-Kali-patch1/target-0-CheckSideEffects.java'],overfitting
llm4pc-defects4j-Closure-112-Kali-patch1,defects4j-Closure-112,Kali,tmp/patches/cleaned/llm4pc-defects4j-Closure-112-Kali-patch1.patch,Overfitting,LLM4PC,['tmp/methods/llm4pc-defects4j-Closure-112-Kali-patch1/source-0.java'],['tmp/methods/llm4pc-defects4j-Closure-112-Kali-patch1/target-0.java'],kali,['tmp/files/llm4pc-defects4j-Closure-112-Kali-patch1/source-0-TypeInference.java'],['tmp/files/llm4pc-defects4j-Closure-112-Kali-patch1/target-0-TypeInference.java'],overfitting
llm4pc-defects4j-Closure-1-Kali-patch1,defects4j-Closure-1,Kali,tmp/patches/cleaned/llm4pc-defects4j-Closure-1-Kali-patch1.patch,Overfitting,LLM4PC,['tmp/methods/llm4pc-defects4j-Closure-1-Kali-patch1/source-0.java'],['tmp/methods/llm4pc-defects4j-Closure-1-Kali-patch1/target-0.java'],kali,['tmp/files/llm4pc-defects4j-Closure-1-Kali-patch1/source-0-RemoveUnusedVars.java'],['tmp/files/llm4pc-defects4j-Closure-1-Kali-patch1/target-0-RemoveUnusedVars.java'],overfitting
llm4pc-defects4j-Closure-78-Kali-patch1,defects4j-Closure-78,Kali,tmp/patches/cleaned/llm4pc-defects4j-Closure-78-Kali-patch1.patch,Overfitting,LLM4PC,['tmp/methods/llm4pc-defects4j-Closure-78-Kali-patch1/source-0.java'],['tmp/methods/llm4pc-defects4j-Closure-78-Kali-patch1/target-0.java'],kali,['tmp/files/llm4pc-defects4j-Closure-78-Kali-patch1/source-0-AbstractPeepholeOptimization.java'],['tmp/files/llm4pc-defects4j-Closure-78-Kali-patch1/target-0-AbstractPeepholeOptimization.java'],overfitting
llm4pc-defects4j-Closure-67-Kali-patch1,defects4j-Closure-67,Kali,tmp/patches/cleaned/llm4pc-defects4j-Closure-67-Kali-patch1.patch,Overfitting,LLM4PC,['tmp/methods/llm4pc-defects4j-Closure-67-Kali-patch1/source-0.java'],['tmp/methods/llm4pc-defects4j-Closure-67-Kali-patch1/target-0.java'],kali,['tmp/files/llm4pc-defects4j-Closure-67-Kali-patch1/source-0-RemoveUnusedPrototypeProperties.java'],['tmp/files/llm4pc-defects4j-Closure-67-Kali-patch1/target-0-RemoveUnusedPrototypeProperties.java'],overfitting
llm4pc-defects4j-Closure-130-Kali-patch1,defects4j-Closure-130,Kali,tmp/patches/cleaned/llm4pc-defects4j-Closure-130-Kali-patch1.patch,Overfitting,LLM4PC,['tmp/methods/llm4pc-defects4j-Closure-130-Kali-patch1/source-0.java'],['tmp/methods/llm4pc-defects4j-Closure-130-Kali-patch1/target-0.java'],kali,['tmp/files/llm4pc-defects4j-Closure-130-Kali-patch1/source-0-ReferenceCollectingCallback.java'],['tmp/files/llm4pc-defects4j-Closure-130-Kali-patch1/target-0-ReferenceCollectingCallback.java'],overfitting
llm4pc-defects4j-Closure-10-Kali-patch1,defects4j-Closure-10,Kali,tmp/patches/cleaned/llm4pc-defects4j-Closure-10-Kali-patch1.patch,Overfitting,LLM4PC,['tmp/methods/llm4pc-defects4j-Closure-10-Kali-patch1/source-0.java'],['tmp/methods/llm4pc-defects4j-Closure-10-Kali-patch1/target-0.java'],kali,['tmp/files/llm4pc-defects4j-Closure-10-Kali-patch1/source-0-NodeUtil.java'],['tmp/files/llm4pc-defects4j-Closure-10-Kali-patch1/target-0-NodeUtil.java'],overfitting
llm4pc-defects4j-Closure-22-Kali-patch1,defects4j-Closure-22,Kali,tmp/patches/cleaned/llm4pc-defects4j-Closure-22-Kali-patch1.patch,Overfitting,LLM4PC,['tmp/methods/llm4pc-defects4j-Closure-22-Kali-patch1/source-0.java'],['tmp/methods/llm4pc-defects4j-Closure-22-Kali-patch1/target-0.java'],kali,['tmp/files/llm4pc-defects4j-Closure-22-Kali-patch1/source-0-CheckSideEffects.java'],['tmp/files/llm4pc-defects4j-Closure-22-Kali-patch1/target-0-CheckSideEffects.java'],overfitting
llm4pc-defects4j-Closure-117-Kali-patch1,defects4j-Closure-117,Kali,tmp/patches/cleaned/llm4pc-defects4j-Closure-117-Kali-patch1.patch,Overfitting,LLM4PC,['tmp/methods/llm4pc-defects4j-Closure-117-Kali-patch1/source-0.java'],['tmp/methods/llm4pc-defects4j-Closure-117-Kali-patch1/target-0.java'],kali,['tmp/files/llm4pc-defects4j-Closure-117-Kali-patch1/source-0-TypedScopeCreator.java'],['tmp/files/llm4pc-defects4j-Closure-117-Kali-patch1/target-0-TypedScopeCreator.java'],overfitting
llm4pc-defects4j-Closure-68-Kali-patch1,defects4j-Closure-68,Kali,tmp/patches/cleaned/llm4pc-defects4j-Closure-68-Kali-patch1.patch,Overfitting,LLM4PC,['tmp/methods/llm4pc-defects4j-Closure-68-Kali-patch1/source-0.java'],['tmp/methods/llm4pc-defects4j-Closure-68-Kali-patch1/target-0.java'],kali,['tmp/files/llm4pc-defects4j-Closure-68-Kali-patch1/source-0-JsDocInfoParser.java'],['tmp/files/llm4pc-defects4j-Closure-68-Kali-patch1/target-0-JsDocInfoParser.java'],overfitting
llm4pc-defects4j-Closure-59-Kali-patch1,defects4j-Closure-59,Kali,tmp/patches/cleaned/llm4pc-defects4j-Closure-59-Kali-patch1.patch,Overfitting,LLM4PC,['tmp/methods/llm4pc-defects4j-Closure-59-Kali-patch1/source-0.java'],['tmp/methods/llm4pc-defects4j-Closure-59-Kali-patch1/target-0.java'],kali,['tmp/files/llm4pc-defects4j-Closure-59-Kali-patch1/source-0-DefaultPassConfig.java'],['tmp/files/llm4pc-defects4j-Closure-59-Kali-patch1/target-0-DefaultPassConfig.java'],unknown
llm4pc-defects4j-Closure-33-Kali-patch1,defects4j-Closure-33,Kali,tmp/patches/cleaned/llm4pc-defects4j-Closure-33-Kali-patch1.patch,Overfitting,LLM4PC,['tmp/methods/llm4pc-defects4j-Closure-33-Kali-patch1/source-0.java'],['tmp/methods/llm4pc-defects4j-Closure-33-Kali-patch1/target-0.java'],kali,['tmp/files/llm4pc-defects4j-Closure-33-Kali-patch1/source-0-PrototypeObjectType.java'],['tmp/files/llm4pc-defects4j-Closure-33-Kali-patch1/target-0-PrototypeObjectType.java'],overfitting
llm4pc-defects4j-Closure-125-Kali-patch1,defects4j-Closure-125,Kali,tmp/patches/cleaned/llm4pc-defects4j-Closure-125-Kali-patch1.patch,Overfitting,LLM4PC,['tmp/methods/llm4pc-defects4j-Closure-125-Kali-patch1/source-0.java'],['tmp/methods/llm4pc-defects4j-Closure-125-Kali-patch1/target-0.java'],kali,['tmp/files/llm4pc-defects4j-Closure-125-Kali-patch1/source-0-SemanticReverseAbstractInterpreter.java'],['tmp/files/llm4pc-defects4j-Closure-125-Kali-patch1/target-0-SemanticReverseAbstractInterpreter.java'],overfitting
llm4pc-defects4j-Closure-119-Kali-patch1,defects4j-Closure-119,Kali,tmp/patches/cleaned/llm4pc-defects4j-Closure-119-Kali-patch1.patch,Overfitting,LLM4PC,['tmp/methods/llm4pc-defects4j-Closure-119-Kali-patch1/source-0.java'],['tmp/methods/llm4pc-defects4j-Closure-119-Kali-patch1/target-0.java'],kali,['tmp/files/llm4pc-defects4j-Closure-119-Kali-patch1/source-0-CheckGlobalNames.java'],['tmp/files/llm4pc-defects4j-Closure-119-Kali-patch1/target-0-CheckGlobalNames.java'],overfitting
llm4pc-defects4j-Closure-3-Kali-patch1,defects4j-Closure-3,Kali,tmp/patches/cleaned/llm4pc-defects4j-Closure-3-Kali-patch1.patch,Overfitting,LLM4PC,['tmp/methods/llm4pc-defects4j-Closure-3-Kali-patch1/source-0.java'],['tmp/methods/llm4pc-defects4j-Closure-3-Kali-patch1/target-0.java'],kali,['tmp/files/llm4pc-defects4j-Closure-3-Kali-patch1/source-0-FlowSensitiveInlineVariables.java'],['tmp/files/llm4pc-defects4j-Closure-3-Kali-patch1/target-0-FlowSensitiveInlineVariables.java'],overfitting
llm4pc-defects4j-Closure-122-Kali-patch1,defects4j-Closure-122,Kali,tmp/patches/cleaned/llm4pc-defects4j-Closure-122-Kali-patch1.patch,Overfitting,LLM4PC,['tmp/methods/llm4pc-defects4j-Closure-122-Kali-patch1/source-0.java'],['tmp/methods/llm4pc-defects4j-Closure-122-Kali-patch1/target-0.java'],kali,['tmp/files/llm4pc-defects4j-Closure-122-Kali-patch1/source-0-IRFactory.java'],['tmp/files/llm4pc-defects4j-Closure-122-Kali-patch1/target-0-IRFactory.java'],overfitting
llm4pc-defects4j-Closure-124-Kali-patch1,defects4j-Closure-124,Kali,tmp/patches/cleaned/llm4pc-defects4j-Closure-124-Kali-patch1.patch,Overfitting,LLM4PC,['tmp/methods/llm4pc-defects4j-Closure-124-Kali-patch1/source-0.java'],['tmp/methods/llm4pc-defects4j-Closure-124-Kali-patch1/target-0.java'],kali,['tmp/files/llm4pc-defects4j-Closure-124-Kali-patch1/source-0-ExploitAssigns.java'],['tmp/files/llm4pc-defects4j-Closure-124-Kali-patch1/target-0-ExploitAssigns.java'],overfitting
llm4pc-defects4j-Closure-129-Kali-patch1,defects4j-Closure-129,Kali,tmp/patches/cleaned/llm4pc-defects4j-Closure-129-Kali-patch1.patch,Overfitting,LLM4PC,['tmp/methods/llm4pc-defects4j-Closure-129-Kali-patch1/source-0.java'],['tmp/methods/llm4pc-defects4j-Closure-129-Kali-patch1/target-0.java'],kali,['tmp/files/llm4pc-defects4j-Closure-129-Kali-patch1/source-0-Node.java'],['tmp/files/llm4pc-defects4j-Closure-129-Kali-patch1/target-0-Node.java'],unknown
llm4pc-defects4j-Closure-7-Kali-patch1,defects4j-Closure-7,Kali,tmp/patches/cleaned/llm4pc-defects4j-Closure-7-Kali-patch1.patch,Overfitting,LLM4PC,['tmp/methods/llm4pc-defects4j-Closure-7-Kali-patch1/source-0.java'],['tmp/methods/llm4pc-defects4j-Closure-7-Kali-patch1/target-0.java'],kali,['tmp/files/llm4pc-defects4j-Closure-7-Kali-patch1/source-0-ChainableReverseAbstractInterpreter.java'],['tmp/files/llm4pc-defects4j-Closure-7-Kali-patch1/target-0-ChainableReverseAbstractInterpreter.java'],overfitting
llm4pc-defects4j-Chart-1-Kali-patch1,defects4j-Chart-1,Kali,tmp/patches/cleaned/llm4pc-defects4j-Chart-1-Kali-patch1.patch,Overfitting,LLM4PC,['tmp/methods/llm4pc-defects4j-Chart-1-Kali-patch1/source-0.java'],['tmp/methods/llm4pc-defects4j-Chart-1-Kali-patch1/target-0.java'],kali,['tmp/files/llm4pc-defects4j-Chart-1-Kali-patch1/source-0-AbstractCategoryItemRenderer.java'],['tmp/files/llm4pc-defects4j-Chart-1-Kali-patch1/target-0-AbstractCategoryItemRenderer.java'],overfitting
llm4pc-defects4j-Chart-25-Kali-patch1,defects4j-Chart-25,Kali,tmp/patches/cleaned/llm4pc-defects4j-Chart-25-Kali-patch1.patch,Overfitting,LLM4PC,['tmp/methods/llm4pc-defects4j-Chart-25-Kali-patch1/source-0.java'],['tmp/methods/llm4pc-defects4j-Chart-25-Kali-patch1/target-0.java'],kali,['tmp/files/llm4pc-defects4j-Chart-25-Kali-patch1/source-0-DefaultStatisticalCategoryDataset.java'],['tmp/files/llm4pc-defects4j-Chart-25-Kali-patch1/target-0-DefaultStatisticalCategoryDataset.java'],overfitting
llm4pc-defects4j-Chart-26-Kali-patch1,defects4j-Chart-26,Kali,tmp/patches/cleaned/llm4pc-defects4j-Chart-26-Kali-patch1.patch,Overfitting,LLM4PC,['tmp/methods/llm4pc-defects4j-Chart-26-Kali-patch1/source-0.java'],['tmp/methods/llm4pc-defects4j-Chart-26-Kali-patch1/target-0.java'],kali,['tmp/files/llm4pc-defects4j-Chart-26-Kali-patch1/source-0-CategoryPlot.java'],['tmp/files/llm4pc-defects4j-Chart-26-Kali-patch1/target-0-CategoryPlot.java'],overfitting
llm4pc-defects4j-Chart-5-Kali-patch1,defects4j-Chart-5,Kali,tmp/patches/cleaned/llm4pc-defects4j-Chart-5-Kali-patch1.patch,Overfitting,LLM4PC,['tmp/methods/llm4pc-defects4j-Chart-5-Kali-patch1/source-0.java'],['tmp/methods/llm4pc-defects4j-Chart-5-Kali-patch1/target-0.java'],kali,['tmp/files/llm4pc-defects4j-Chart-5-Kali-patch1/source-0-XYSeries.java'],['tmp/files/llm4pc-defects4j-Chart-5-Kali-patch1/target-0-XYSeries.java'],overfitting
llm4pc-defects4j-Chart-12-Kali-patch1,defects4j-Chart-12,Kali,tmp/patches/cleaned/llm4pc-defects4j-Chart-12-Kali-patch1.patch,Overfitting,LLM4PC,['tmp/methods/llm4pc-defects4j-Chart-12-Kali-patch1/source-0.java'],['tmp/methods/llm4pc-defects4j-Chart-12-Kali-patch1/target-0.java'],kali,['tmp/files/llm4pc-defects4j-Chart-12-Kali-patch1/source-0-AbstractDataset.java'],['tmp/files/llm4pc-defects4j-Chart-12-Kali-patch1/target-0-AbstractDataset.java'],overfitting
llm4pc-defects4j-Chart-15-Kali-patch1,defects4j-Chart-15,Kali,tmp/patches/cleaned/llm4pc-defects4j-Chart-15-Kali-patch1.patch,Overfitting,LLM4PC,['tmp/methods/llm4pc-defects4j-Chart-15-Kali-patch1/source-0.java'],['tmp/methods/llm4pc-defects4j-Chart-15-Kali-patch1/target-0.java'],kali,['tmp/files/llm4pc-defects4j-Chart-15-Kali-patch1/source-0-PiePlot3D.java'],['tmp/files/llm4pc-defects4j-Chart-15-Kali-patch1/target-0-PiePlot3D.java'],overfitting
llm4pc-defects4j-Math-84-Kali-patch1,defects4j-Math-84,Kali,tmp/patches/cleaned/llm4pc-defects4j-Math-84-Kali-patch1.patch,Overfitting,LLM4PC,['tmp/methods/llm4pc-defects4j-Math-84-Kali-patch1/source-0.java'],['tmp/methods/llm4pc-defects4j-Math-84-Kali-patch1/target-0.java'],kali,['tmp/files/llm4pc-defects4j-Math-84-Kali-patch1/source-0-MultiDirectional.java'],['tmp/files/llm4pc-defects4j-Math-84-Kali-patch1/target-0-MultiDirectional.java'],overfitting
llm4pc-defects4j-Math-95-Kali-patch1,defects4j-Math-95,Kali,tmp/patches/cleaned/llm4pc-defects4j-Math-95-Kali-patch1.patch,Overfitting,LLM4PC,['tmp/methods/llm4pc-defects4j-Math-95-Kali-patch1/source-0.java'],['tmp/methods/llm4pc-defects4j-Math-95-Kali-patch1/target-0.java'],kali,['tmp/files/llm4pc-defects4j-Math-95-Kali-patch1/source-0-FDistributionImpl.java'],['tmp/files/llm4pc-defects4j-Math-95-Kali-patch1/target-0-FDistributionImpl.java'],overfitting
llm4pc-defects4j-Math-31-Kali-patch1,defects4j-Math-31,Kali,tmp/patches/cleaned/llm4pc-defects4j-Math-31-Kali-patch1.patch,Overfitting,LLM4PC,['tmp/methods/llm4pc-defects4j-Math-31-Kali-patch1/source-0.java'],['tmp/methods/llm4pc-defects4j-Math-31-Kali-patch1/target-0.java'],kali,['tmp/files/llm4pc-defects4j-Math-31-Kali-patch1/source-0-ContinuedFraction.java'],['tmp/files/llm4pc-defects4j-Math-31-Kali-patch1/target-0-ContinuedFraction.java'],unknown
llm4pc-defects4j-Math-2-Kali-patch1,defects4j-Math-2,Kali,tmp/patches/cleaned/llm4pc-defects4j-Math-2-Kali-patch1.patch,Overfitting,LLM4PC,['tmp/methods/llm4pc-defects4j-Math-2-Kali-patch1/source-0.java'],['tmp/methods/llm4pc-defects4j-Math-2-Kali-patch1/target-0.java'],kali,['tmp/files/llm4pc-defects4j-Math-2-Kali-patch1/source-0-AbstractIntegerDistribution.java'],['tmp/files/llm4pc-defects4j-Math-2-Kali-patch1/target-0-AbstractIntegerDistribution.java'],overfitting
llm4pc-defects4j-Math-81-Kali-patch1,defects4j-Math-81,Kali,tmp/patches/cleaned/llm4pc-defects4j-Math-81-Kali-patch1.patch,Overfitting,LLM4PC,['tmp/methods/llm4pc-defects4j-Math-81-Kali-patch1/source-0.java'],['tmp/methods/llm4pc-defects4j-Math-81-Kali-patch1/target-0.java'],kali,['tmp/files/llm4pc-defects4j-Math-81-Kali-patch1/source-0-EigenDecompositionImpl.java'],['tmp/files/llm4pc-defects4j-Math-81-Kali-patch1/target-0-EigenDecompositionImpl.java'],overfitting
llm4pc-defects4j-Math-80-Kali-patch1,defects4j-Math-80,Kali,tmp/patches/cleaned/llm4pc-defects4j-Math-80-Kali-patch1.patch,Overfitting,LLM4PC,['tmp/methods/llm4pc-defects4j-Math-80-Kali-patch1/source-0.java'],['tmp/methods/llm4pc-defects4j-Math-80-Kali-patch1/target-0.java'],kali,['tmp/files/llm4pc-defects4j-Math-80-Kali-patch1/source-0-EigenDecompositionImpl.java'],['tmp/files/llm4pc-defects4j-Math-80-Kali-patch1/target-0-EigenDecompositionImpl.java'],overfitting
llm4pc-defects4j-Lang-63-DynaMoth-patch1,defects4j-Lang-63,DynaMoth,tmp/patches/cleaned/llm4pc-defects4j-Lang-63-DynaMoth-patch1.patch,Overfitting,LLM4PC,['tmp/methods/llm4pc-defects4j-Lang-63-DynaMoth-patch1/source-0.java'],['tmp/methods/llm4pc-defects4j-Lang-63-DynaMoth-patch1/target-0.java'],dynamoth,['tmp/files/llm4pc-defects4j-Lang-63-DynaMoth-patch1/source-0-DurationFormatUtils.java'],['tmp/files/llm4pc-defects4j-Lang-63-DynaMoth-patch1/target-0-DurationFormatUtils.java'],overfitting
llm4pc-defects4j-Lang-51-DynaMoth-patch1,defects4j-Lang-51,DynaMoth,tmp/patches/cleaned/llm4pc-defects4j-Lang-51-DynaMoth-patch1.patch,Overfitting,LLM4PC,['tmp/methods/llm4pc-defects4j-Lang-51-DynaMoth-patch1/source-0.java'],['tmp/methods/llm4pc-defects4j-Lang-51-DynaMoth-patch1/target-0.java'],dynamoth,['tmp/files/llm4pc-defects4j-Lang-51-DynaMoth-patch1/source-0-BooleanUtils.java'],['tmp/files/llm4pc-defects4j-Lang-51-DynaMoth-patch1/target-0-BooleanUtils.java'],overfitting
llm4pc-defects4j-Chart-5-DynaMoth-patch1,defects4j-Chart-5,DynaMoth,tmp/patches/cleaned/llm4pc-defects4j-Chart-5-DynaMoth-patch1.patch,Overfitting,LLM4PC,['tmp/methods/llm4pc-defects4j-Chart-5-DynaMoth-patch1/source-0.java'],['tmp/methods/llm4pc-defects4j-Chart-5-DynaMoth-patch1/target-0.java'],dynamoth,['tmp/files/llm4pc-defects4j-Chart-5-DynaMoth-patch1/source-0-XYSeries.java'],['tmp/files/llm4pc-defects4j-Chart-5-DynaMoth-patch1/target-0-XYSeries.java'],overfitting
llm4pc-defects4j-Chart-1-DynaMoth-patch1,defects4j-Chart-1,DynaMoth,tmp/patches/cleaned/llm4pc-defects4j-Chart-1-DynaMoth-patch1.patch,Overfitting,LLM4PC,['tmp/methods/llm4pc-defects4j-Chart-1-DynaMoth-patch1/source-0.java'],['tmp/methods/llm4pc-defects4j-Chart-1-DynaMoth-patch1/target-0.java'],dynamoth,['tmp/files/llm4pc-defects4j-Chart-1-DynaMoth-patch1/source-0-AbstractCategoryItemRenderer.java'],['tmp/files/llm4pc-defects4j-Chart-1-DynaMoth-patch1/target-0-AbstractCategoryItemRenderer.java'],correct
llm4pc-defects4j-Chart-13-DynaMoth-patch1,defects4j-Chart-13,DynaMoth,tmp/patches/cleaned/llm4pc-defects4j-Chart-13-DynaMoth-patch1.patch,Overfitting,LLM4PC,['tmp/methods/llm4pc-defects4j-Chart-13-DynaMoth-patch1/source-0.java'],['tmp/methods/llm4pc-defects4j-Chart-13-DynaMoth-patch1/target-0.java'],dynamoth,['tmp/files/llm4pc-defects4j-Chart-13-DynaMoth-patch1/source-0-BorderArrangement.java'],['tmp/files/llm4pc-defects4j-Chart-13-DynaMoth-patch1/target-0-BorderArrangement.java'],overfitting
llm4pc-defects4j-Chart-18-DynaMoth-patch1,defects4j-Chart-18,DynaMoth,tmp/patches/cleaned/llm4pc-defects4j-Chart-18-DynaMoth-patch1.patch,Overfitting,LLM4PC,['tmp/methods/llm4pc-defects4j-Chart-18-DynaMoth-patch1/source-0.java'],['tmp/methods/llm4pc-defects4j-Chart-18-DynaMoth-patch1/target-0.java'],dynamoth,['tmp/files/llm4pc-defects4j-Chart-18-DynaMoth-patch1/source-0-DefaultCategoryDataset.java'],['tmp/files/llm4pc-defects4j-Chart-18-DynaMoth-patch1/target-0-DefaultCategoryDataset.java'],overfitting
llm4pc-defects4j-Chart-25-DynaMoth-patch1,defects4j-Chart-25,DynaMoth,tmp/patches/cleaned/llm4pc-defects4j-Chart-25-DynaMoth-patch1.patch,Overfitting,LLM4PC,['tmp/methods/llm4pc-defects4j-Chart-25-DynaMoth-patch1/source-0.java'],['tmp/methods/llm4pc-defects4j-Chart-25-DynaMoth-patch1/target-0.java'],dynamoth,['tmp/files/llm4pc-defects4j-Chart-25-DynaMoth-patch1/source-0-StatisticalBarRenderer.java'],['tmp/files/llm4pc-defects4j-Chart-25-DynaMoth-patch1/target-0-StatisticalBarRenderer.java'],correct
llm4pc-defects4j-Chart-15-DynaMoth-patch1,defects4j-Chart-15,DynaMoth,tmp/patches/cleaned/llm4pc-defects4j-Chart-15-DynaMoth-patch1.patch,Overfitting,LLM4PC,['tmp/methods/llm4pc-defects4j-Chart-15-DynaMoth-patch1/source-0.java'],['tmp/methods/llm4pc-defects4j-Chart-15-DynaMoth-patch1/target-0.java'],dynamoth,['tmp/files/llm4pc-defects4j-Chart-15-DynaMoth-patch1/source-0-JFreeChart.java'],['tmp/files/llm4pc-defects4j-Chart-15-DynaMoth-patch1/target-0-JFreeChart.java'],overfitting
llm4pc-defects4j-Math-105-DynaMoth-patch1,defects4j-Math-105,DynaMoth,tmp/patches/cleaned/llm4pc-defects4j-Math-105-DynaMoth-patch1.patch,Overfitting,LLM4PC,['tmp/methods/llm4pc-defects4j-Math-105-DynaMoth-patch1/source-0.java'],['tmp/methods/llm4pc-defects4j-Math-105-DynaMoth-patch1/target-0.java'],dynamoth,['tmp/files/llm4pc-defects4j-Math-105-DynaMoth-patch1/source-0-SimpleRegression.java'],['tmp/files/llm4pc-defects4j-Math-105-DynaMoth-patch1/target-0-SimpleRegression.java'],unknown
llm4pc-defects4j-Math-85-DynaMoth-patch1,defects4j-Math-85,DynaMoth,tmp/patches/cleaned/llm4pc-defects4j-Math-85-DynaMoth-patch1.patch,Overfitting,LLM4PC,['tmp/methods/llm4pc-defects4j-Math-85-DynaMoth-patch1/source-0.java'],['tmp/methods/llm4pc-defects4j-Math-85-DynaMoth-patch1/target-0.java'],dynamoth,['tmp/files/llm4pc-defects4j-Math-85-DynaMoth-patch1/source-0-UnivariateRealSolverUtils.java'],['tmp/files/llm4pc-defects4j-Math-85-DynaMoth-patch1/target-0-UnivariateRealSolverUtils.java'],correct
llm4pc-defects4j-Math-80-DynaMoth-patch1,defects4j-Math-80,DynaMoth,tmp/patches/cleaned/llm4pc-defects4j-Math-80-DynaMoth-patch1.patch,Overfitting,LLM4PC,['tmp/methods/llm4pc-defects4j-Math-80-DynaMoth-patch1/source-0.java'],['tmp/methods/llm4pc-defects4j-Math-80-DynaMoth-patch1/target-0.java'],dynamoth,['tmp/files/llm4pc-defects4j-Math-80-DynaMoth-patch1/source-0-EigenDecompositionImpl.java'],['tmp/files/llm4pc-defects4j-Math-80-DynaMoth-patch1/target-0-EigenDecompositionImpl.java'],overfitting
llm4pc-defects4j-Math-49-DynaMoth-patch1,defects4j-Math-49,DynaMoth,tmp/patches/cleaned/llm4pc-defects4j-Math-49-DynaMoth-patch1.patch,Overfitting,LLM4PC,['tmp/methods/llm4pc-defects4j-Math-49-DynaMoth-patch1/source-0.java'],['tmp/methods/llm4pc-defects4j-Math-49-DynaMoth-patch1/target-0.java'],dynamoth,['tmp/files/llm4pc-defects4j-Math-49-DynaMoth-patch1/source-0-OpenMapRealVector.java'],['tmp/files/llm4pc-defects4j-Math-49-DynaMoth-patch1/target-0-OpenMapRealVector.java'],unknown
llm4pc-defects4j-Math-58-DynaMoth-patch1,defects4j-Math-58,DynaMoth,tmp/patches/cleaned/llm4pc-defects4j-Math-58-DynaMoth-patch1.patch,Overfitting,LLM4PC,['tmp/methods/llm4pc-defects4j-Math-58-DynaMoth-patch1/source-0.java'],['tmp/methods/llm4pc-defects4j-Math-58-DynaMoth-patch1/target-0.java'],dynamoth,['tmp/files/llm4pc-defects4j-Math-58-DynaMoth-patch1/source-0-LevenbergMarquardtOptimizer.java'],['tmp/files/llm4pc-defects4j-Math-58-DynaMoth-patch1/target-0-LevenbergMarquardtOptimizer.java'],overfitting
llm4pc-defects4j-Math-71-DynaMoth-patch1,defects4j-Math-71,DynaMoth,tmp/patches/cleaned/llm4pc-defects4j-Math-71-DynaMoth-patch1.patch,Overfitting,LLM4PC,['tmp/methods/llm4pc-defects4j-Math-71-DynaMoth-patch1/source-0.java'],['tmp/methods/llm4pc-defects4j-Math-71-DynaMoth-patch1/target-0.java'],dynamoth,['tmp/files/llm4pc-defects4j-Math-71-DynaMoth-patch1/source-0-AdaptiveStepsizeIntegrator.java'],['tmp/files/llm4pc-defects4j-Math-71-DynaMoth-patch1/target-0-AdaptiveStepsizeIntegrator.java'],overfitting
llm4pc-defects4j-Math-8-DynaMoth-patch1,defects4j-Math-8,DynaMoth,tmp/patches/cleaned/llm4pc-defects4j-Math-8-DynaMoth-patch1.patch,Overfitting,LLM4PC,['tmp/methods/llm4pc-defects4j-Math-8-DynaMoth-patch1/source-0.java'],['tmp/methods/llm4pc-defects4j-Math-8-DynaMoth-patch1/target-0.java'],dynamoth,['tmp/files/llm4pc-defects4j-Math-8-DynaMoth-patch1/source-0-DiscreteDistribution.java'],['tmp/files/llm4pc-defects4j-Math-8-DynaMoth-patch1/target-0-DiscreteDistribution.java'],overfitting
llm4pc-defects4j-Math-82-DynaMoth-patch1,defects4j-Math-82,DynaMoth,tmp/patches/cleaned/llm4pc-defects4j-Math-82-DynaMoth-patch1.patch,Overfitting,LLM4PC,['tmp/methods/llm4pc-defects4j-Math-82-DynaMoth-patch1/source-0.java'],['tmp/methods/llm4pc-defects4j-Math-82-DynaMoth-patch1/target-0.java'],dynamoth,['tmp/files/llm4pc-defects4j-Math-82-DynaMoth-patch1/source-0-SimplexSolver.java'],['tmp/files/llm4pc-defects4j-Math-82-DynaMoth-patch1/target-0-SimplexSolver.java'],correct
llm4pc-defects4j-Math-41-DynaMoth-patch1,defects4j-Math-41,DynaMoth,tmp/patches/cleaned/llm4pc-defects4j-Math-41-DynaMoth-patch1.patch,Overfitting,LLM4PC,['tmp/methods/llm4pc-defects4j-Math-41-DynaMoth-patch1/source-0.java'],['tmp/methods/llm4pc-defects4j-Math-41-DynaMoth-patch1/target-0.java'],dynamoth,['tmp/files/llm4pc-defects4j-Math-41-DynaMoth-patch1/source-0-Variance.java'],['tmp/files/llm4pc-defects4j-Math-41-DynaMoth-patch1/target-0-Variance.java'],overfitting
llm4pc-defects4j-Math-81-DynaMoth-patch1,defects4j-Math-81,DynaMoth,tmp/patches/cleaned/llm4pc-defects4j-Math-81-DynaMoth-patch1.patch,Overfitting,LLM4PC,['tmp/methods/llm4pc-defects4j-Math-81-DynaMoth-patch1/source-0.java'],['tmp/methods/llm4pc-defects4j-Math-81-DynaMoth-patch1/target-0.java'],dynamoth,['tmp/files/llm4pc-defects4j-Math-81-DynaMoth-patch1/source-0-EigenDecompositionImpl.java'],['tmp/files/llm4pc-defects4j-Math-81-DynaMoth-patch1/target-0-EigenDecompositionImpl.java'],overfitting
llm4pc-defects4j-Math-32-DynaMoth-patch1,defects4j-Math-32,DynaMoth,tmp/patches/cleaned/llm4pc-defects4j-Math-32-DynaMoth-patch1.patch,Overfitting,LLM4PC,['tmp/methods/llm4pc-defects4j-Math-32-DynaMoth-patch1/source-0.java'],['tmp/methods/llm4pc-defects4j-Math-32-DynaMoth-patch1/target-0.java'],dynamoth,['tmp/files/llm4pc-defects4j-Math-32-DynaMoth-patch1/source-0-PolygonsSet.java'],['tmp/files/llm4pc-defects4j-Math-32-DynaMoth-patch1/target-0-PolygonsSet.java'],overfitting
llm4pc-defects4j-Math-20-DynaMoth-patch1,defects4j-Math-20,DynaMoth,tmp/patches/cleaned/llm4pc-defects4j-Math-20-DynaMoth-patch1.patch,Overfitting,LLM4PC,['tmp/methods/llm4pc-defects4j-Math-20-DynaMoth-patch1/source-0.java'],['tmp/methods/llm4pc-defects4j-Math-20-DynaMoth-patch1/target-0.java'],dynamoth,['tmp/files/llm4pc-defects4j-Math-20-DynaMoth-patch1/source-0-CMAESOptimizer.java'],['tmp/files/llm4pc-defects4j-Math-20-DynaMoth-patch1/target-0-CMAESOptimizer.java'],overfitting
llm4pc-defects4j-Time-11-DynaMoth-patch1,defects4j-Time-11,DynaMoth,tmp/patches/cleaned/llm4pc-defects4j-Time-11-DynaMoth-patch1.patch,Overfitting,LLM4PC,['tmp/methods/llm4pc-defects4j-Time-11-DynaMoth-patch1/source-0.java'],['tmp/methods/llm4pc-defects4j-Time-11-DynaMoth-patch1/target-0.java'],dynamoth,['tmp/files/llm4pc-defects4j-Time-11-DynaMoth-patch1/source-0-DateTimeZoneBuilder.java'],['tmp/files/llm4pc-defects4j-Time-11-DynaMoth-patch1/target-0-DateTimeZoneBuilder.java'],correct
llm4pc-defects4j-Math-2-SOFix-patch2,defects4j-Math-2,SOFix,tmp/patches/cleaned/llm4pc-defects4j-Math-2-SOFix-patch2.patch,Overfitting,LLM4PC,['tmp/methods/llm4pc-defects4j-Math-2-SOFix-patch2/source-0.java'],['tmp/methods/llm4pc-defects4j-Math-2-SOFix-patch2/target-0.java'],sofix,['tmp/files/llm4pc-defects4j-Math-2-SOFix-patch2/source-0-AbstractIntegerDistribution.java'],['tmp/files/llm4pc-defects4j-Math-2-SOFix-patch2/target-0-AbstractIntegerDistribution.java'],overfitting
llm4pc-defects4j-Lang-43-CapGen-patch2,defects4j-Lang-43,CapGen,tmp/patches/cleaned/llm4pc-defects4j-Lang-43-CapGen-patch2.patch,Overfitting,LLM4PC,['tmp/methods/llm4pc-defects4j-Lang-43-CapGen-patch2/source-0.java'],['tmp/methods/llm4pc-defects4j-Lang-43-CapGen-patch2/target-0.java'],capgen,['tmp/files/llm4pc-defects4j-Lang-43-CapGen-patch2/source-0-ExtendedMessageFormat.java'],['tmp/files/llm4pc-defects4j-Lang-43-CapGen-patch2/target-0-ExtendedMessageFormat.java'],overfitting
llm4pc-defects4j-Lang-59-CapGen-patch13,defects4j-Lang-59,CapGen,tmp/patches/cleaned/llm4pc-defects4j-Lang-59-CapGen-patch13.patch,Overfitting,LLM4PC,['tmp/methods/llm4pc-defects4j-Lang-59-CapGen-patch13/source-0.java'],['tmp/methods/llm4pc-defects4j-Lang-59-CapGen-patch13/target-0.java'],capgen,['tmp/files/llm4pc-defects4j-Lang-59-CapGen-patch13/source-0-StrBuilder.java'],['tmp/files/llm4pc-defects4j-Lang-59-CapGen-patch13/target-0-StrBuilder.java'],overfitting
llm4pc-defects4j-Lang-59-CapGen-patch5,defects4j-Lang-59,CapGen,tmp/patches/cleaned/llm4pc-defects4j-Lang-59-CapGen-patch5.patch,Overfitting,LLM4PC,['tmp/methods/llm4pc-defects4j-Lang-59-CapGen-patch5/source-0.java'],['tmp/methods/llm4pc-defects4j-Lang-59-CapGen-patch5/target-0.java'],capgen,['tmp/files/llm4pc-defects4j-Lang-59-CapGen-patch5/source-0-StrBuilder.java'],['tmp/files/llm4pc-defects4j-Lang-59-CapGen-patch5/target-0-StrBuilder.java'],overfitting
llm4pc-defects4j-Lang-59-CapGen-patch1,defects4j-Lang-59,CapGen,tmp/patches/cleaned/llm4pc-defects4j-Lang-59-CapGen-patch1.patch,Overfitting,LLM4PC,['tmp/methods/llm4pc-defects4j-Lang-59-CapGen-patch1/source-0.java'],['tmp/methods/llm4pc-defects4j-Lang-59-CapGen-patch1/target-0.java'],capgen,['tmp/files/llm4pc-defects4j-Lang-59-CapGen-patch1/source-0-StrBuilder.java'],['tmp/files/llm4pc-defects4j-Lang-59-CapGen-patch1/target-0-StrBuilder.java'],overfitting
llm4pc-defects4j-Lang-43-CapGen-patch1,defects4j-Lang-43,CapGen,tmp/patches/cleaned/llm4pc-defects4j-Lang-43-CapGen-patch1.patch,Overfitting,LLM4PC,['tmp/methods/llm4pc-defects4j-Lang-43-CapGen-patch1/source-0.java'],['tmp/methods/llm4pc-defects4j-Lang-43-CapGen-patch1/target-0.java'],capgen,['tmp/files/llm4pc-defects4j-Lang-43-CapGen-patch1/source-0-ExtendedMessageFormat.java'],['tmp/files/llm4pc-defects4j-Lang-43-CapGen-patch1/target-0-ExtendedMessageFormat.java'],overfitting
llm4pc-defects4j-Lang-59-CapGen-patch2,defects4j-Lang-59,CapGen,tmp/patches/cleaned/llm4pc-defects4j-Lang-59-CapGen-patch2.patch,Overfitting,LLM4PC,['tmp/methods/llm4pc-defects4j-Lang-59-CapGen-patch2/source-0.java'],['tmp/methods/llm4pc-defects4j-Lang-59-CapGen-patch2/target-0.java'],capgen,['tmp/files/llm4pc-defects4j-Lang-59-CapGen-patch2/source-0-StrBuilder.java'],['tmp/files/llm4pc-defects4j-Lang-59-CapGen-patch2/target-0-StrBuilder.java'],overfitting
llm4pc-defects4j-Lang-59-CapGen-patch7,defects4j-Lang-59,CapGen,tmp/patches/cleaned/llm4pc-defects4j-Lang-59-CapGen-patch7.patch,Overfitting,LLM4PC,['tmp/methods/llm4pc-defects4j-Lang-59-CapGen-patch7/source-0.java'],['tmp/methods/llm4pc-defects4j-Lang-59-CapGen-patch7/target-0.java'],capgen,['tmp/files/llm4pc-defects4j-Lang-59-CapGen-patch7/source-0-StrBuilder.java'],['tmp/files/llm4pc-defects4j-Lang-59-CapGen-patch7/target-0-StrBuilder.java'],overfitting
llm4pc-defects4j-Lang-59-CapGen-patch4,defects4j-Lang-59,CapGen,tmp/patches/cleaned/llm4pc-defects4j-Lang-59-CapGen-patch4.patch,Overfitting,LLM4PC,['tmp/methods/llm4pc-defects4j-Lang-59-CapGen-patch4/source-0.java'],['tmp/methods/llm4pc-defects4j-Lang-59-CapGen-patch4/target-0.java'],capgen,['tmp/files/llm4pc-defects4j-Lang-59-CapGen-patch4/source-0-StrBuilder.java'],['tmp/files/llm4pc-defects4j-Lang-59-CapGen-patch4/target-0-StrBuilder.java'],overfitting
llm4pc-defects4j-Lang-43-CapGen-patch3,defects4j-Lang-43,CapGen,tmp/patches/cleaned/llm4pc-defects4j-Lang-43-CapGen-patch3.patch,Overfitting,LLM4PC,['tmp/methods/llm4pc-defects4j-Lang-43-CapGen-patch3/source-0.java'],['tmp/methods/llm4pc-defects4j-Lang-43-CapGen-patch3/target-0.java'],capgen,['tmp/files/llm4pc-defects4j-Lang-43-CapGen-patch3/source-0-ExtendedMessageFormat.java'],['tmp/files/llm4pc-defects4j-Lang-43-CapGen-patch3/target-0-ExtendedMessageFormat.java'],overfitting
llm4pc-defects4j-Lang-59-CapGen-patch11,defects4j-Lang-59,CapGen,tmp/patches/cleaned/llm4pc-defects4j-Lang-59-CapGen-patch11.patch,Overfitting,LLM4PC,['tmp/methods/llm4pc-defects4j-Lang-59-CapGen-patch11/source-0.java'],['tmp/methods/llm4pc-defects4j-Lang-59-CapGen-patch11/target-0.java'],capgen,['tmp/files/llm4pc-defects4j-Lang-59-CapGen-patch11/source-0-StrBuilder.java'],['tmp/files/llm4pc-defects4j-Lang-59-CapGen-patch11/target-0-StrBuilder.java'],overfitting
llm4pc-defects4j-Lang-59-CapGen-patch10,defects4j-Lang-59,CapGen,tmp/patches/cleaned/llm4pc-defects4j-Lang-59-CapGen-patch10.patch,Overfitting,LLM4PC,['tmp/methods/llm4pc-defects4j-Lang-59-CapGen-patch10/source-0.java'],['tmp/methods/llm4pc-defects4j-Lang-59-CapGen-patch10/target-0.java'],capgen,['tmp/files/llm4pc-defects4j-Lang-59-CapGen-patch10/source-0-StrBuilder.java'],['tmp/files/llm4pc-defects4j-Lang-59-CapGen-patch10/target-0-StrBuilder.java'],overfitting
llm4pc-defects4j-Lang-59-CapGen-patch12,defects4j-Lang-59,CapGen,tmp/patches/cleaned/llm4pc-defects4j-Lang-59-CapGen-patch12.patch,Overfitting,LLM4PC,['tmp/methods/llm4pc-defects4j-Lang-59-CapGen-patch12/source-0.java'],['tmp/methods/llm4pc-defects4j-Lang-59-CapGen-patch12/target-0.java'],capgen,['tmp/files/llm4pc-defects4j-Lang-59-CapGen-patch12/source-0-StrBuilder.java'],['tmp/files/llm4pc-defects4j-Lang-59-CapGen-patch12/target-0-StrBuilder.java'],overfitting
llm4pc-defects4j-Lang-59-CapGen-patch3,defects4j-Lang-59,CapGen,tmp/patches/cleaned/llm4pc-defects4j-Lang-59-CapGen-patch3.patch,Overfitting,LLM4PC,['tmp/methods/llm4pc-defects4j-Lang-59-CapGen-patch3/source-0.java'],['tmp/methods/llm4pc-defects4j-Lang-59-CapGen-patch3/target-0.java'],capgen,['tmp/files/llm4pc-defects4j-Lang-59-CapGen-patch3/source-0-StrBuilder.java'],['tmp/files/llm4pc-defects4j-Lang-59-CapGen-patch3/target-0-StrBuilder.java'],overfitting
llm4pc-defects4j-Lang-59-CapGen-patch6,defects4j-Lang-59,CapGen,tmp/patches/cleaned/llm4pc-defects4j-Lang-59-CapGen-patch6.patch,Overfitting,LLM4PC,['tmp/methods/llm4pc-defects4j-Lang-59-CapGen-patch6/source-0.java'],['tmp/methods/llm4pc-defects4j-Lang-59-CapGen-patch6/target-0.java'],capgen,['tmp/files/llm4pc-defects4j-Lang-59-CapGen-patch6/source-0-StrBuilder.java'],['tmp/files/llm4pc-defects4j-Lang-59-CapGen-patch6/target-0-StrBuilder.java'],overfitting
llm4pc-defects4j-Lang-59-CapGen-patch9,defects4j-Lang-59,CapGen,tmp/patches/cleaned/llm4pc-defects4j-Lang-59-CapGen-patch9.patch,Overfitting,LLM4PC,['tmp/methods/llm4pc-defects4j-Lang-59-CapGen-patch9/source-0.java'],['tmp/methods/llm4pc-defects4j-Lang-59-CapGen-patch9/target-0.java'],capgen,['tmp/files/llm4pc-defects4j-Lang-59-CapGen-patch9/source-0-StrBuilder.java'],['tmp/files/llm4pc-defects4j-Lang-59-CapGen-patch9/target-0-StrBuilder.java'],correct
llm4pc-defects4j-Lang-59-CapGen-patch8,defects4j-Lang-59,CapGen,tmp/patches/cleaned/llm4pc-defects4j-Lang-59-CapGen-patch8.patch,Overfitting,LLM4PC,['tmp/methods/llm4pc-defects4j-Lang-59-CapGen-patch8/source-0.java'],['tmp/methods/llm4pc-defects4j-Lang-59-CapGen-patch8/target-0.java'],capgen,['tmp/files/llm4pc-defects4j-Lang-59-CapGen-patch8/source-0-StrBuilder.java'],['tmp/files/llm4pc-defects4j-Lang-59-CapGen-patch8/target-0-StrBuilder.java'],correct
llm4pc-defects4j-Math-63-CapGen-patch1,defects4j-Math-63,CapGen,tmp/patches/cleaned/llm4pc-defects4j-Math-63-CapGen-patch1.patch,Overfitting,LLM4PC,['tmp/methods/llm4pc-defects4j-Math-63-CapGen-patch1/source-0.java'],['tmp/methods/llm4pc-defects4j-Math-63-CapGen-patch1/target-0.java'],capgen,['tmp/files/llm4pc-defects4j-Math-63-CapGen-patch1/source-0-MathUtils.java'],['tmp/files/llm4pc-defects4j-Math-63-CapGen-patch1/target-0-MathUtils.java'],overfitting
llm4pc-defects4j-Math-63-CapGen-patch2,defects4j-Math-63,CapGen,tmp/patches/cleaned/llm4pc-defects4j-Math-63-CapGen-patch2.patch,Overfitting,LLM4PC,['tmp/methods/llm4pc-defects4j-Math-63-CapGen-patch2/source-0.java'],['tmp/methods/llm4pc-defects4j-Math-63-CapGen-patch2/target-0.java'],capgen,['tmp/files/llm4pc-defects4j-Math-63-CapGen-patch2/source-0-MathUtils.java'],['tmp/files/llm4pc-defects4j-Math-63-CapGen-patch2/target-0-MathUtils.java'],overfitting
llm4pc-defects4j-Math-5-CapGen-patch2,defects4j-Math-5,CapGen,tmp/patches/cleaned/llm4pc-defects4j-Math-5-CapGen-patch2.patch,Overfitting,LLM4PC,['tmp/methods/llm4pc-defects4j-Math-5-CapGen-patch2/source-0.java'],['tmp/methods/llm4pc-defects4j-Math-5-CapGen-patch2/target-0.java'],capgen,['tmp/files/llm4pc-defects4j-Math-5-CapGen-patch2/source-0-Complex.java'],['tmp/files/llm4pc-defects4j-Math-5-CapGen-patch2/target-0-Complex.java'],overfitting
llm4pc-defects4j-Math-80-CapGen-patch2,defects4j-Math-80,CapGen,tmp/patches/cleaned/llm4pc-defects4j-Math-80-CapGen-patch2.patch,Overfitting,LLM4PC,['tmp/methods/llm4pc-defects4j-Math-80-CapGen-patch2/source-0.java'],['tmp/methods/llm4pc-defects4j-Math-80-CapGen-patch2/target-0.java'],capgen,['tmp/files/llm4pc-defects4j-Math-80-CapGen-patch2/source-0-EigenDecompositionImpl.java'],['tmp/files/llm4pc-defects4j-Math-80-CapGen-patch2/target-0-EigenDecompositionImpl.java'],overfitting
llm4pc-defects4j-Math-80-CapGen-patch1,defects4j-Math-80,CapGen,tmp/patches/cleaned/llm4pc-defects4j-Math-80-CapGen-patch1.patch,Overfitting,LLM4PC,['tmp/methods/llm4pc-defects4j-Math-80-CapGen-patch1/source-0.java'],['tmp/methods/llm4pc-defects4j-Math-80-CapGen-patch1/target-0.java'],capgen,['tmp/files/llm4pc-defects4j-Math-80-CapGen-patch1/source-0-EigenDecompositionImpl.java'],['tmp/files/llm4pc-defects4j-Math-80-CapGen-patch1/target-0-EigenDecompositionImpl.java'],overfitting
llm4pc-defects4j-Math-80-CapGen-patch5,defects4j-Math-80,CapGen,tmp/patches/cleaned/llm4pc-defects4j-Math-80-CapGen-patch5.patch,Overfitting,LLM4PC,['tmp/methods/llm4pc-defects4j-Math-80-CapGen-patch5/source-0.java'],['tmp/methods/llm4pc-defects4j-Math-80-CapGen-patch5/target-0.java'],capgen,['tmp/files/llm4pc-defects4j-Math-80-CapGen-patch5/source-0-EigenDecompositionImpl.java'],['tmp/files/llm4pc-defects4j-Math-80-CapGen-patch5/target-0-EigenDecompositionImpl.java'],overfitting
llm4pc-defects4j-Math-85-CapGen-patch1,defects4j-Math-85,CapGen,tmp/patches/cleaned/llm4pc-defects4j-Math-85-CapGen-patch1.patch,Overfitting,LLM4PC,['tmp/methods/llm4pc-defects4j-Math-85-CapGen-patch1/source-0.java'],['tmp/methods/llm4pc-defects4j-Math-85-CapGen-patch1/target-0.java'],capgen,['tmp/files/llm4pc-defects4j-Math-85-CapGen-patch1/source-0-UnivariateRealSolverUtils.java'],['tmp/files/llm4pc-defects4j-Math-85-CapGen-patch1/target-0-UnivariateRealSolverUtils.java'],overfitting
llm4pc-defects4j-Math-80-CapGen-patch6,defects4j-Math-80,CapGen,tmp/patches/cleaned/llm4pc-defects4j-Math-80-CapGen-patch6.patch,Overfitting,LLM4PC,['tmp/methods/llm4pc-defects4j-Math-80-CapGen-patch6/source-0.java'],['tmp/methods/llm4pc-defects4j-Math-80-CapGen-patch6/target-0.java'],capgen,['tmp/files/llm4pc-defects4j-Math-80-CapGen-patch6/source-0-EigenDecompositionImpl.java'],['tmp/files/llm4pc-defects4j-Math-80-CapGen-patch6/target-0-EigenDecompositionImpl.java'],overfitting
llm4pc-defects4j-Math-63-CapGen-patch8,defects4j-Math-63,CapGen,tmp/patches/cleaned/llm4pc-defects4j-Math-63-CapGen-patch8.patch,Overfitting,LLM4PC,['tmp/methods/llm4pc-defects4j-Math-63-CapGen-patch8/source-0.java'],['tmp/methods/llm4pc-defects4j-Math-63-CapGen-patch8/target-0.java'],capgen,['tmp/files/llm4pc-defects4j-Math-63-CapGen-patch8/source-0-MathUtils.java'],['tmp/files/llm4pc-defects4j-Math-63-CapGen-patch8/target-0-MathUtils.java'],overfitting
llm4pc-defects4j-Math-85-CapGen-patch2,defects4j-Math-85,CapGen,tmp/patches/cleaned/llm4pc-defects4j-Math-85-CapGen-patch2.patch,Overfitting,LLM4PC,['tmp/methods/llm4pc-defects4j-Math-85-CapGen-patch2/source-0.java'],['tmp/methods/llm4pc-defects4j-Math-85-CapGen-patch2/target-0.java'],capgen,['tmp/files/llm4pc-defects4j-Math-85-CapGen-patch2/source-0-UnivariateRealSolverUtils.java'],['tmp/files/llm4pc-defects4j-Math-85-CapGen-patch2/target-0-UnivariateRealSolverUtils.java'],overfitting
llm4pc-defects4j-Math-5-CapGen-patch1,defects4j-Math-5,CapGen,tmp/patches/cleaned/llm4pc-defects4j-Math-5-CapGen-patch1.patch,Overfitting,LLM4PC,['tmp/methods/llm4pc-defects4j-Math-5-CapGen-patch1/source-0.java'],['tmp/methods/llm4pc-defects4j-Math-5-CapGen-patch1/target-0.java'],capgen,['tmp/files/llm4pc-defects4j-Math-5-CapGen-patch1/source-0-Complex.java'],['tmp/files/llm4pc-defects4j-Math-5-CapGen-patch1/target-0-Complex.java'],overfitting
llm4pc-defects4j-Math-63-CapGen-patch6,defects4j-Math-63,CapGen,tmp/patches/cleaned/llm4pc-defects4j-Math-63-CapGen-patch6.patch,Overfitting,LLM4PC,['tmp/methods/llm4pc-defects4j-Math-63-CapGen-patch6/source-0.java'],['tmp/methods/llm4pc-defects4j-Math-63-CapGen-patch6/target-0.java'],capgen,['tmp/files/llm4pc-defects4j-Math-63-CapGen-patch6/source-0-MathUtils.java'],['tmp/files/llm4pc-defects4j-Math-63-CapGen-patch6/target-0-MathUtils.java'],overfitting
llm4pc-defects4j-Math-63-CapGen-patch5,defects4j-Math-63,CapGen,tmp/patches/cleaned/llm4pc-defects4j-Math-63-CapGen-patch5.patch,Overfitting,LLM4PC,['tmp/methods/llm4pc-defects4j-Math-63-CapGen-patch5/source-0.java'],['tmp/methods/llm4pc-defects4j-Math-63-CapGen-patch5/target-0.java'],capgen,['tmp/files/llm4pc-defects4j-Math-63-CapGen-patch5/source-0-MathUtils.java'],['tmp/files/llm4pc-defects4j-Math-63-CapGen-patch5/target-0-MathUtils.java'],overfitting
llm4pc-defects4j-Math-80-CapGen-patch7,defects4j-Math-80,CapGen,tmp/patches/cleaned/llm4pc-defects4j-Math-80-CapGen-patch7.patch,Overfitting,LLM4PC,['tmp/methods/llm4pc-defects4j-Math-80-CapGen-patch7/source-0.java'],['tmp/methods/llm4pc-defects4j-Math-80-CapGen-patch7/target-0.java'],capgen,['tmp/files/llm4pc-defects4j-Math-80-CapGen-patch7/source-0-EigenDecompositionImpl.java'],['tmp/files/llm4pc-defects4j-Math-80-CapGen-patch7/target-0-EigenDecompositionImpl.java'],overfitting
llm4pc-defects4j-Math-80-CapGen-patch4,defects4j-Math-80,CapGen,tmp/patches/cleaned/llm4pc-defects4j-Math-80-CapGen-patch4.patch,Overfitting,LLM4PC,['tmp/methods/llm4pc-defects4j-Math-80-CapGen-patch4/source-0.java'],['tmp/methods/llm4pc-defects4j-Math-80-CapGen-patch4/target-0.java'],capgen,['tmp/files/llm4pc-defects4j-Math-80-CapGen-patch4/source-0-EigenDecompositionImpl.java'],['tmp/files/llm4pc-defects4j-Math-80-CapGen-patch4/target-0-EigenDecompositionImpl.java'],overfitting
llm4pc-defects4j-Math-63-CapGen-patch7,defects4j-Math-63,CapGen,tmp/patches/cleaned/llm4pc-defects4j-Math-63-CapGen-patch7.patch,Overfitting,LLM4PC,['tmp/methods/llm4pc-defects4j-Math-63-CapGen-patch7/source-0.java'],['tmp/methods/llm4pc-defects4j-Math-63-CapGen-patch7/target-0.java'],capgen,['tmp/files/llm4pc-defects4j-Math-63-CapGen-patch7/source-0-MathUtils.java'],['tmp/files/llm4pc-defects4j-Math-63-CapGen-patch7/target-0-MathUtils.java'],overfitting
llm4pc-defects4j-Math-53-CapGen-patch2,defects4j-Math-53,CapGen,tmp/patches/cleaned/llm4pc-defects4j-Math-53-CapGen-patch2.patch,Overfitting,LLM4PC,['tmp/methods/llm4pc-defects4j-Math-53-CapGen-patch2/source-0.java'],['tmp/methods/llm4pc-defects4j-Math-53-CapGen-patch2/target-0.java'],capgen,['tmp/files/llm4pc-defects4j-Math-53-CapGen-patch2/source-0-Complex.java'],['tmp/files/llm4pc-defects4j-Math-53-CapGen-patch2/target-0-Complex.java'],overfitting
llm4pc-defects4j-Math-80-CapGen-patch9,defects4j-Math-80,CapGen,tmp/patches/cleaned/llm4pc-defects4j-Math-80-CapGen-patch9.patch,Overfitting,LLM4PC,['tmp/methods/llm4pc-defects4j-Math-80-CapGen-patch9/source-0.java'],['tmp/methods/llm4pc-defects4j-Math-80-CapGen-patch9/target-0.java'],capgen,['tmp/files/llm4pc-defects4j-Math-80-CapGen-patch9/source-0-EigenDecompositionImpl.java'],['tmp/files/llm4pc-defects4j-Math-80-CapGen-patch9/target-0-EigenDecompositionImpl.java'],overfitting
llm4pc-defects4j-Math-63-CapGen-patch4,defects4j-Math-63,CapGen,tmp/patches/cleaned/llm4pc-defects4j-Math-63-CapGen-patch4.patch,Overfitting,LLM4PC,['tmp/methods/llm4pc-defects4j-Math-63-CapGen-patch4/source-0.java'],['tmp/methods/llm4pc-defects4j-Math-63-CapGen-patch4/target-0.java'],capgen,['tmp/files/llm4pc-defects4j-Math-63-CapGen-patch4/source-0-MathUtils.java'],['tmp/files/llm4pc-defects4j-Math-63-CapGen-patch4/target-0-MathUtils.java'],overfitting
llm4pc-defects4j-Math-80-CapGen-patch10,defects4j-Math-80,CapGen,tmp/patches/cleaned/llm4pc-defects4j-Math-80-CapGen-patch10.patch,Overfitting,LLM4PC,['tmp/methods/llm4pc-defects4j-Math-80-CapGen-patch10/source-0.java'],['tmp/methods/llm4pc-defects4j-Math-80-CapGen-patch10/target-0.java'],capgen,['tmp/files/llm4pc-defects4j-Math-80-CapGen-patch10/source-0-EigenDecompositionImpl.java'],['tmp/files/llm4pc-defects4j-Math-80-CapGen-patch10/target-0-EigenDecompositionImpl.java'],overfitting
llm4pc-defects4j-Math-85-CapGen-patch3,defects4j-Math-85,CapGen,tmp/patches/cleaned/llm4pc-defects4j-Math-85-CapGen-patch3.patch,Overfitting,LLM4PC,['tmp/methods/llm4pc-defects4j-Math-85-CapGen-patch3/source-0.java'],['tmp/methods/llm4pc-defects4j-Math-85-CapGen-patch3/target-0.java'],capgen,['tmp/files/llm4pc-defects4j-Math-85-CapGen-patch3/source-0-UnivariateRealSolverUtils.java'],['tmp/files/llm4pc-defects4j-Math-85-CapGen-patch3/target-0-UnivariateRealSolverUtils.java'],overfitting
llm4pc-defects4j-Math-63-CapGen-patch3,defects4j-Math-63,CapGen,tmp/patches/cleaned/llm4pc-defects4j-Math-63-CapGen-patch3.patch,Overfitting,LLM4PC,['tmp/methods/llm4pc-defects4j-Math-63-CapGen-patch3/source-0.java'],['tmp/methods/llm4pc-defects4j-Math-63-CapGen-patch3/target-0.java'],capgen,['tmp/files/llm4pc-defects4j-Math-63-CapGen-patch3/source-0-MathUtils.java'],['tmp/files/llm4pc-defects4j-Math-63-CapGen-patch3/target-0-MathUtils.java'],overfitting
llm4pc-defects4j-Math-80-CapGen-patch8,defects4j-Math-80,CapGen,tmp/patches/cleaned/llm4pc-defects4j-Math-80-CapGen-patch8.patch,Overfitting,LLM4PC,['tmp/methods/llm4pc-defects4j-Math-80-CapGen-patch8/source-0.java'],['tmp/methods/llm4pc-defects4j-Math-80-CapGen-patch8/target-0.java'],capgen,['tmp/files/llm4pc-defects4j-Math-80-CapGen-patch8/source-0-EigenDecompositionImpl.java'],['tmp/files/llm4pc-defects4j-Math-80-CapGen-patch8/target-0-EigenDecompositionImpl.java'],overfitting
llm4pc-defects4j-Math-5-CapGen-patch3,defects4j-Math-5,CapGen,tmp/patches/cleaned/llm4pc-defects4j-Math-5-CapGen-patch3.patch,Overfitting,LLM4PC,['tmp/methods/llm4pc-defects4j-Math-5-CapGen-patch3/source-0.java'],['tmp/methods/llm4pc-defects4j-Math-5-CapGen-patch3/target-0.java'],capgen,['tmp/files/llm4pc-defects4j-Math-5-CapGen-patch3/source-0-Complex.java'],['tmp/files/llm4pc-defects4j-Math-5-CapGen-patch3/target-0-Complex.java'],overfitting
llm4pc-defects4j-Math-80-CapGen-patch3,defects4j-Math-80,CapGen,tmp/patches/cleaned/llm4pc-defects4j-Math-80-CapGen-patch3.patch,Overfitting,LLM4PC,['tmp/methods/llm4pc-defects4j-Math-80-CapGen-patch3/source-0.java'],['tmp/methods/llm4pc-defects4j-Math-80-CapGen-patch3/target-0.java'],capgen,['tmp/files/llm4pc-defects4j-Math-80-CapGen-patch3/source-0-EigenDecompositionImpl.java'],['tmp/files/llm4pc-defects4j-Math-80-CapGen-patch3/target-0-EigenDecompositionImpl.java'],overfitting
llm4pc-defects4j-Lang-27-jMutRepair-patch1,defects4j-Lang-27,jMutRepair,tmp/patches/cleaned/llm4pc-defects4j-Lang-27-jMutRepair-patch1.patch,Overfitting,LLM4PC,['tmp/methods/llm4pc-defects4j-Lang-27-jMutRepair-patch1/source-0.java'],['tmp/methods/llm4pc-defects4j-Lang-27-jMutRepair-patch1/target-0.java'],jmutrepair,['tmp/files/llm4pc-defects4j-Lang-27-jMutRepair-patch1/source-0-NumberUtils.java'],['tmp/files/llm4pc-defects4j-Lang-27-jMutRepair-patch1/target-0-NumberUtils.java'],overfitting
llm4pc-defects4j-Lang-22-jMutRepair-patch1,defects4j-Lang-22,jMutRepair,tmp/patches/cleaned/llm4pc-defects4j-Lang-22-jMutRepair-patch1.patch,Overfitting,LLM4PC,['tmp/methods/llm4pc-defects4j-Lang-22-jMutRepair-patch1/source-0.java'],['tmp/methods/llm4pc-defects4j-Lang-22-jMutRepair-patch1/target-0.java'],jmutrepair,['tmp/files/llm4pc-defects4j-Lang-22-jMutRepair-patch1/source-0-Fraction.java'],['tmp/files/llm4pc-defects4j-Lang-22-jMutRepair-patch1/target-0-Fraction.java'],overfitting
llm4pc-defects4j-Closure-21-jMutRepair-patch1,defects4j-Closure-21,jMutRepair,tmp/patches/cleaned/llm4pc-defects4j-Closure-21-jMutRepair-patch1.patch,Overfitting,LLM4PC,['tmp/methods/llm4pc-defects4j-Closure-21-jMutRepair-patch1/source-0.java'],['tmp/methods/llm4pc-defects4j-Closure-21-jMutRepair-patch1/target-0.java'],jmutrepair,['tmp/files/llm4pc-defects4j-Closure-21-jMutRepair-patch1/source-0-CheckSideEffects.java'],['tmp/files/llm4pc-defects4j-Closure-21-jMutRepair-patch1/target-0-CheckSideEffects.java'],overfitting
llm4pc-defects4j-Closure-126-jMutRepair-patch1,defects4j-Closure-126,jMutRepair,tmp/patches/cleaned/llm4pc-defects4j-Closure-126-jMutRepair-patch1.patch,Overfitting,LLM4PC,['tmp/methods/llm4pc-defects4j-Closure-126-jMutRepair-patch1/source-0.java'],['tmp/methods/llm4pc-defects4j-Closure-126-jMutRepair-patch1/target-0.java'],jmutrepair,['tmp/files/llm4pc-defects4j-Closure-126-jMutRepair-patch1/source-0-MinimizeExitPoints.java'],['tmp/files/llm4pc-defects4j-Closure-126-jMutRepair-patch1/target-0-MinimizeExitPoints.java'],correct
llm4pc-defects4j-Chart-25-jMutRepair-patch1,defects4j-Chart-25,jMutRepair,tmp/patches/cleaned/llm4pc-defects4j-Chart-25-jMutRepair-patch1.patch,Overfitting,LLM4PC,['tmp/methods/llm4pc-defects4j-Chart-25-jMutRepair-patch1/source-0.java'],['tmp/methods/llm4pc-defects4j-Chart-25-jMutRepair-patch1/target-0.java'],jmutrepair,['tmp/files/llm4pc-defects4j-Chart-25-jMutRepair-patch1/source-0-DefaultStatisticalCategoryDataset.java'],['tmp/files/llm4pc-defects4j-Chart-25-jMutRepair-patch1/target-0-DefaultStatisticalCategoryDataset.java'],overfitting
llm4pc-defects4j-Chart-26-jMutRepair-patch1,defects4j-Chart-26,jMutRepair,tmp/patches/cleaned/llm4pc-defects4j-Chart-26-jMutRepair-patch1.patch,Overfitting,LLM4PC,['tmp/methods/llm4pc-defects4j-Chart-26-jMutRepair-patch1/source-0.java'],['tmp/methods/llm4pc-defects4j-Chart-26-jMutRepair-patch1/target-0.java'],jmutrepair,['tmp/files/llm4pc-defects4j-Chart-26-jMutRepair-patch1/source-0-CategoryPlot.java'],['tmp/files/llm4pc-defects4j-Chart-26-jMutRepair-patch1/target-0-CategoryPlot.java'],overfitting
llm4pc-defects4j-Chart-7-jMutRepair-patch1,defects4j-Chart-7,jMutRepair,tmp/patches/cleaned/llm4pc-defects4j-Chart-7-jMutRepair-patch1.patch,Overfitting,LLM4PC,['tmp/methods/llm4pc-defects4j-Chart-7-jMutRepair-patch1/source-0.java'],['tmp/methods/llm4pc-defects4j-Chart-7-jMutRepair-patch1/target-0.java'],jmutrepair,['tmp/files/llm4pc-defects4j-Chart-7-jMutRepair-patch1/source-0-TimePeriodValues.java'],['tmp/files/llm4pc-defects4j-Chart-7-jMutRepair-patch1/target-0-TimePeriodValues.java'],overfitting
llm4pc-defects4j-Math-2-jMutRepair-patch1,defects4j-Math-2,jMutRepair,tmp/patches/cleaned/llm4pc-defects4j-Math-2-jMutRepair-patch1.patch,Overfitting,LLM4PC,['tmp/methods/llm4pc-defects4j-Math-2-jMutRepair-patch1/source-0.java'],['tmp/methods/llm4pc-defects4j-Math-2-jMutRepair-patch1/target-0.java'],jmutrepair,['tmp/files/llm4pc-defects4j-Math-2-jMutRepair-patch1/source-0-AbstractIntegerDistribution.java'],['tmp/files/llm4pc-defects4j-Math-2-jMutRepair-patch1/target-0-AbstractIntegerDistribution.java'],overfitting
llm4pc-defects4j-Math-28-jMutRepair-patch1,defects4j-Math-28,jMutRepair,tmp/patches/cleaned/llm4pc-defects4j-Math-28-jMutRepair-patch1.patch,Overfitting,LLM4PC,['tmp/methods/llm4pc-defects4j-Math-28-jMutRepair-patch1/source-0.java'],['tmp/methods/llm4pc-defects4j-Math-28-jMutRepair-patch1/target-0.java'],jmutrepair,['tmp/files/llm4pc-defects4j-Math-28-jMutRepair-patch1/source-0-SimplexSolver.java'],['tmp/files/llm4pc-defects4j-Math-28-jMutRepair-patch1/target-0-SimplexSolver.java'],overfitting
llm4pc-defects4j-Math-81-jMutRepair-patch1,defects4j-Math-81,jMutRepair,tmp/patches/cleaned/llm4pc-defects4j-Math-81-jMutRepair-patch1.patch,Overfitting,LLM4PC,['tmp/methods/llm4pc-defects4j-Math-81-jMutRepair-patch1/source-0.java'],['tmp/methods/llm4pc-defects4j-Math-81-jMutRepair-patch1/target-0.java'],jmutrepair,['tmp/files/llm4pc-defects4j-Math-81-jMutRepair-patch1/source-0-EigenDecompositionImpl.java'],['tmp/files/llm4pc-defects4j-Math-81-jMutRepair-patch1/target-0-EigenDecompositionImpl.java'],overfitting
llm4pc-defects4j-Math-52-jMutRepair-patch1,defects4j-Math-52,jMutRepair,tmp/patches/cleaned/llm4pc-defects4j-Math-52-jMutRepair-patch1.patch,Overfitting,LLM4PC,['tmp/methods/llm4pc-defects4j-Math-52-jMutRepair-patch1/source-0.java'],['tmp/methods/llm4pc-defects4j-Math-52-jMutRepair-patch1/target-0.java'],jmutrepair,['tmp/files/llm4pc-defects4j-Math-52-jMutRepair-patch1/source-0-Rotation.java'],['tmp/files/llm4pc-defects4j-Math-52-jMutRepair-patch1/target-0-Rotation.java'],overfitting
llm4pc-defects4j-Math-57-jMutRepair-patch1,defects4j-Math-57,jMutRepair,tmp/patches/cleaned/llm4pc-defects4j-Math-57-jMutRepair-patch1.patch,Overfitting,LLM4PC,['tmp/methods/llm4pc-defects4j-Math-57-jMutRepair-patch1/source-0.java'],['tmp/methods/llm4pc-defects4j-Math-57-jMutRepair-patch1/target-0.java'],jmutrepair,['tmp/files/llm4pc-defects4j-Math-57-jMutRepair-patch1/source-0-EuclideanIntegerPoint.java'],['tmp/files/llm4pc-defects4j-Math-57-jMutRepair-patch1/target-0-EuclideanIntegerPoint.java'],overfitting
llm4pc-defects4j-Math-50-jMutRepair-patch1,defects4j-Math-50,jMutRepair,tmp/patches/cleaned/llm4pc-defects4j-Math-50-jMutRepair-patch1.patch,Overfitting,LLM4PC,['tmp/methods/llm4pc-defects4j-Math-50-jMutRepair-patch1/source-0.java'],['tmp/methods/llm4pc-defects4j-Math-50-jMutRepair-patch1/target-0.java'],jmutrepair,['tmp/files/llm4pc-defects4j-Math-50-jMutRepair-patch1/source-0-BaseSecantSolver.java'],['tmp/files/llm4pc-defects4j-Math-50-jMutRepair-patch1/target-0-BaseSecantSolver.java'],overfitting
llm4pc-defects4j-Math-80-jMutRepair-patch1,defects4j-Math-80,jMutRepair,tmp/patches/cleaned/llm4pc-defects4j-Math-80-jMutRepair-patch1.patch,Overfitting,LLM4PC,['tmp/methods/llm4pc-defects4j-Math-80-jMutRepair-patch1/source-0.java'],['tmp/methods/llm4pc-defects4j-Math-80-jMutRepair-patch1/target-0.java'],jmutrepair,['tmp/files/llm4pc-defects4j-Math-80-jMutRepair-patch1/source-0-EigenDecompositionImpl.java'],['tmp/files/llm4pc-defects4j-Math-80-jMutRepair-patch1/target-0-EigenDecompositionImpl.java'],overfitting
llm4pc-defects4j-Lang-7-RSRepair-patch1,defects4j-Lang-7,RSRepair,tmp/patches/cleaned/llm4pc-defects4j-Lang-7-RSRepair-patch1.patch,Overfitting,LLM4PC,['tmp/methods/llm4pc-defects4j-Lang-7-RSRepair-patch1/source-0.java'],['tmp/methods/llm4pc-defects4j-Lang-7-RSRepair-patch1/target-0.java'],rsrepair,['tmp/files/llm4pc-defects4j-Lang-7-RSRepair-patch1/source-0-NumberUtils.java'],['tmp/files/llm4pc-defects4j-Lang-7-RSRepair-patch1/target-0-NumberUtils.java'],overfitting
llm4pc-defects4j-Lang-13-RSRepair-patch1,defects4j-Lang-13,RSRepair,tmp/patches/cleaned/llm4pc-defects4j-Lang-13-RSRepair-patch1.patch,Overfitting,LLM4PC,['tmp/methods/llm4pc-defects4j-Lang-13-RSRepair-patch1/source-0.java'],['tmp/methods/llm4pc-defects4j-Lang-13-RSRepair-patch1/target-0.java'],rsrepair,['tmp/files/llm4pc-defects4j-Lang-13-RSRepair-patch1/source-0-SerializationUtils.java'],['tmp/files/llm4pc-defects4j-Lang-13-RSRepair-patch1/target-0-SerializationUtils.java'],overfitting
llm4pc-defects4j-Closure-78-RSRepair-patch1,defects4j-Closure-78,RSRepair,tmp/patches/cleaned/llm4pc-defects4j-Closure-78-RSRepair-patch1.patch,Overfitting,LLM4PC,['tmp/methods/llm4pc-defects4j-Closure-78-RSRepair-patch1/source-0.java'],['tmp/methods/llm4pc-defects4j-Closure-78-RSRepair-patch1/target-0.java'],rsrepair,['tmp/files/llm4pc-defects4j-Closure-78-RSRepair-patch1/source-0-AbstractPeepholeOptimization.java'],['tmp/files/llm4pc-defects4j-Closure-78-RSRepair-patch1/target-0-AbstractPeepholeOptimization.java'],overfitting
llm4pc-defects4j-Closure-21-RSRepair-patch1,defects4j-Closure-21,RSRepair,tmp/patches/cleaned/llm4pc-defects4j-Closure-21-RSRepair-patch1.patch,Overfitting,LLM4PC,['tmp/methods/llm4pc-defects4j-Closure-21-RSRepair-patch1/source-0.java'],['tmp/methods/llm4pc-defects4j-Closure-21-RSRepair-patch1/target-0.java'],rsrepair,['tmp/files/llm4pc-defects4j-Closure-21-RSRepair-patch1/source-0-CheckSideEffects.java'],['tmp/files/llm4pc-defects4j-Closure-21-RSRepair-patch1/target-0-CheckSideEffects.java'],overfitting
llm4pc-defects4j-Closure-67-RSRepair-patch1,defects4j-Closure-67,RSRepair,tmp/patches/cleaned/llm4pc-defects4j-Closure-67-RSRepair-patch1.patch,Overfitting,LLM4PC,['tmp/methods/llm4pc-defects4j-Closure-67-RSRepair-patch1/source-0.java'],['tmp/methods/llm4pc-defects4j-Closure-67-RSRepair-patch1/target-0.java'],rsrepair,['tmp/files/llm4pc-defects4j-Closure-67-RSRepair-patch1/source-0-RemoveUnusedPrototypeProperties.java'],['tmp/files/llm4pc-defects4j-Closure-67-RSRepair-patch1/target-0-RemoveUnusedPrototypeProperties.java'],overfitting
llm4pc-defects4j-Closure-55-RSRepair-patch1,defects4j-Closure-55,RSRepair,tmp/patches/cleaned/llm4pc-defects4j-Closure-55-RSRepair-patch1.patch,Overfitting,LLM4PC,['tmp/methods/llm4pc-defects4j-Closure-55-RSRepair-patch1/source-0.java'],['tmp/methods/llm4pc-defects4j-Closure-55-RSRepair-patch1/target-0.java'],rsrepair,['tmp/files/llm4pc-defects4j-Closure-55-RSRepair-patch1/source-0-FunctionRewriter.java'],['tmp/files/llm4pc-defects4j-Closure-55-RSRepair-patch1/target-0-FunctionRewriter.java'],overfitting
llm4pc-defects4j-Closure-10-RSRepair-patch1,defects4j-Closure-10,RSRepair,tmp/patches/cleaned/llm4pc-defects4j-Closure-10-RSRepair-patch1.patch,Overfitting,LLM4PC,['tmp/methods/llm4pc-defects4j-Closure-10-RSRepair-patch1/source-0.java'],['tmp/methods/llm4pc-defects4j-Closure-10-RSRepair-patch1/target-0.java'],rsrepair,['tmp/files/llm4pc-defects4j-Closure-10-RSRepair-patch1/source-0-NodeUtil.java'],['tmp/files/llm4pc-defects4j-Closure-10-RSRepair-patch1/target-0-NodeUtil.java'],overfitting
llm4pc-defects4j-Closure-120-RSRepair-patch1,defects4j-Closure-120,RSRepair,tmp/patches/cleaned/llm4pc-defects4j-Closure-120-RSRepair-patch1.patch,Overfitting,LLM4PC,['tmp/methods/llm4pc-defects4j-Closure-120-RSRepair-patch1/source-0.java'],['tmp/methods/llm4pc-defects4j-Closure-120-RSRepair-patch1/target-0.java'],rsrepair,['tmp/files/llm4pc-defects4j-Closure-120-RSRepair-patch1/source-0-ReferenceCollectingCallback.java'],['tmp/files/llm4pc-defects4j-Closure-120-RSRepair-patch1/target-0-ReferenceCollectingCallback.java'],overfitting
llm4pc-defects4j-Closure-59-RSRepair-patch1,defects4j-Closure-59,RSRepair,tmp/patches/cleaned/llm4pc-defects4j-Closure-59-RSRepair-patch1.patch,Overfitting,LLM4PC,['tmp/methods/llm4pc-defects4j-Closure-59-RSRepair-patch1/source-0.java'],['tmp/methods/llm4pc-defects4j-Closure-59-RSRepair-patch1/target-0.java'],rsrepair,['tmp/files/llm4pc-defects4j-Closure-59-RSRepair-patch1/source-0-WarningLevel.java'],['tmp/files/llm4pc-defects4j-Closure-59-RSRepair-patch1/target-0-WarningLevel.java'],overfitting
llm4pc-defects4j-Closure-22-RSRepair-patch1,defects4j-Closure-22,RSRepair,tmp/patches/cleaned/llm4pc-defects4j-Closure-22-RSRepair-patch1.patch,Overfitting,LLM4PC,['tmp/methods/llm4pc-defects4j-Closure-22-RSRepair-patch1/source-0.java'],['tmp/methods/llm4pc-defects4j-Closure-22-RSRepair-patch1/target-0.java'],rsrepair,['tmp/files/llm4pc-defects4j-Closure-22-RSRepair-patch1/source-0-CheckSideEffects.java'],['tmp/files/llm4pc-defects4j-Closure-22-RSRepair-patch1/target-0-CheckSideEffects.java'],unknown
llm4pc-defects4j-Closure-75-RSRepair-patch1,defects4j-Closure-75,RSRepair,tmp/patches/cleaned/llm4pc-defects4j-Closure-75-RSRepair-patch1.patch,Overfitting,LLM4PC,['tmp/methods/llm4pc-defects4j-Closure-75-RSRepair-patch1/source-0.java'],['tmp/methods/llm4pc-defects4j-Closure-75-RSRepair-patch1/target-0.java'],rsrepair,['tmp/files/llm4pc-defects4j-Closure-75-RSRepair-patch1/source-0-NodeUtil.java'],['tmp/files/llm4pc-defects4j-Closure-75-RSRepair-patch1/target-0-NodeUtil.java'],overfitting
llm4pc-defects4j-Closure-33-RSRepair-patch1,defects4j-Closure-33,RSRepair,tmp/patches/cleaned/llm4pc-defects4j-Closure-33-RSRepair-patch1.patch,Overfitting,LLM4PC,['tmp/methods/llm4pc-defects4j-Closure-33-RSRepair-patch1/source-0.java'],['tmp/methods/llm4pc-defects4j-Closure-33-RSRepair-patch1/target-0.java'],rsrepair,['tmp/files/llm4pc-defects4j-Closure-33-RSRepair-patch1/source-0-PrototypeObjectType.java'],['tmp/files/llm4pc-defects4j-Closure-33-RSRepair-patch1/target-0-PrototypeObjectType.java'],overfitting
llm4pc-defects4j-Closure-61-RSRepair-patch1,defects4j-Closure-61,RSRepair,tmp/patches/cleaned/llm4pc-defects4j-Closure-61-RSRepair-patch1.patch,Overfitting,LLM4PC,['tmp/methods/llm4pc-defects4j-Closure-61-RSRepair-patch1/source-0.java'],['tmp/methods/llm4pc-defects4j-Closure-61-RSRepair-patch1/target-0.java'],rsrepair,['tmp/files/llm4pc-defects4j-Closure-61-RSRepair-patch1/source-0-Node.java'],['tmp/files/llm4pc-defects4j-Closure-61-RSRepair-patch1/target-0-Node.java'],overfitting
llm4pc-defects4j-Closure-114-RSRepair-patch1,defects4j-Closure-114,RSRepair,tmp/patches/cleaned/llm4pc-defects4j-Closure-114-RSRepair-patch1.patch,Overfitting,LLM4PC,"['tmp/methods/llm4pc-defects4j-Closure-114-RSRepair-patch1/source-0.java', 'tmp/methods/llm4pc-defects4j-Closure-114-RSRepair-patch1/source-1.java']","['tmp/methods/llm4pc-defects4j-Closure-114-RSRepair-patch1/target-0.java', 'tmp/methods/llm4pc-defects4j-Closure-114-RSRepair-patch1/target-1.java']",rsrepair,"['tmp/files/llm4pc-defects4j-Closure-114-RSRepair-patch1/source-0-AstChangeProxy.java', 'tmp/files/llm4pc-defects4j-Closure-114-RSRepair-patch1/source-1-NameAnalyzer.java']","['tmp/files/llm4pc-defects4j-Closure-114-RSRepair-patch1/target-0-AstChangeProxy.java', 'tmp/files/llm4pc-defects4j-Closure-114-RSRepair-patch1/target-1-NameAnalyzer.java']",overfitting
llm4pc-defects4j-Closure-121-RSRepair-patch1,defects4j-Closure-121,RSRepair,tmp/patches/cleaned/llm4pc-defects4j-Closure-121-RSRepair-patch1.patch,Overfitting,LLM4PC,['tmp/methods/llm4pc-defects4j-Closure-121-RSRepair-patch1/source-0.java'],['tmp/methods/llm4pc-defects4j-Closure-121-RSRepair-patch1/target-0.java'],rsrepair,['tmp/files/llm4pc-defects4j-Closure-121-RSRepair-patch1/source-0-InlineVariables.java'],['tmp/files/llm4pc-defects4j-Closure-121-RSRepair-patch1/target-0-InlineVariables.java'],overfitting
llm4pc-defects4j-Closure-124-RSRepair-patch1,defects4j-Closure-124,RSRepair,tmp/patches/cleaned/llm4pc-defects4j-Closure-124-RSRepair-patch1.patch,Overfitting,LLM4PC,['tmp/methods/llm4pc-defects4j-Closure-124-RSRepair-patch1/source-0.java'],['tmp/methods/llm4pc-defects4j-Closure-124-RSRepair-patch1/target-0.java'],rsrepair,['tmp/files/llm4pc-defects4j-Closure-124-RSRepair-patch1/source-0-ExploitAssigns.java'],['tmp/files/llm4pc-defects4j-Closure-124-RSRepair-patch1/target-0-ExploitAssigns.java'],overfitting
llm4pc-defects4j-Closure-112-RSRepair-patch1,defects4j-Closure-112,RSRepair,tmp/patches/cleaned/llm4pc-defects4j-Closure-112-RSRepair-patch1.patch,Overfitting,LLM4PC,['tmp/methods/llm4pc-defects4j-Closure-112-RSRepair-patch1/source-0.java'],['tmp/methods/llm4pc-defects4j-Closure-112-RSRepair-patch1/target-0.java'],rsrepair,['tmp/files/llm4pc-defects4j-Closure-112-RSRepair-patch1/source-0-TypeInference.java'],['tmp/files/llm4pc-defects4j-Closure-112-RSRepair-patch1/target-0-TypeInference.java'],overfitting
llm4pc-defects4j-Chart-5-RSRepair-patch1,defects4j-Chart-5,RSRepair,tmp/patches/cleaned/llm4pc-defects4j-Chart-5-RSRepair-patch1.patch,Overfitting,LLM4PC,['tmp/methods/llm4pc-defects4j-Chart-5-RSRepair-patch1/source-0.java'],['tmp/methods/llm4pc-defects4j-Chart-5-RSRepair-patch1/target-0.java'],rsrepair,['tmp/files/llm4pc-defects4j-Chart-5-RSRepair-patch1/source-0-XYSeries.java'],['tmp/files/llm4pc-defects4j-Chart-5-RSRepair-patch1/target-0-XYSeries.java'],overfitting
llm4pc-defects4j-Chart-12-RSRepair-patch1,defects4j-Chart-12,RSRepair,tmp/patches/cleaned/llm4pc-defects4j-Chart-12-RSRepair-patch1.patch,Overfitting,LLM4PC,['tmp/methods/llm4pc-defects4j-Chart-12-RSRepair-patch1/source-0.java'],['tmp/methods/llm4pc-defects4j-Chart-12-RSRepair-patch1/target-0.java'],rsrepair,['tmp/files/llm4pc-defects4j-Chart-12-RSRepair-patch1/source-0-MultiplePiePlot.java'],['tmp/files/llm4pc-defects4j-Chart-12-RSRepair-patch1/target-0-MultiplePiePlot.java'],correct
llm4pc-defects4j-Chart-25-RSRepair-patch1,defects4j-Chart-25,RSRepair,tmp/patches/cleaned/llm4pc-defects4j-Chart-25-RSRepair-patch1.patch,Overfitting,LLM4PC,"['tmp/methods/llm4pc-defects4j-Chart-25-RSRepair-patch1/source-0.java', 'tmp/methods/llm4pc-defects4j-Chart-25-RSRepair-patch1/source-1.java']","['tmp/methods/llm4pc-defects4j-Chart-25-RSRepair-patch1/target-0.java', 'tmp/methods/llm4pc-defects4j-Chart-25-RSRepair-patch1/target-1.java']",rsrepair,"['tmp/files/llm4pc-defects4j-Chart-25-RSRepair-patch1/source-0-DefaultStatisticalCategoryDataset.java', 'tmp/files/llm4pc-defects4j-Chart-25-RSRepair-patch1/source-1-StatisticalBarRenderer.java']","['tmp/files/llm4pc-defects4j-Chart-25-RSRepair-patch1/target-0-DefaultStatisticalCategoryDataset.java', 'tmp/files/llm4pc-defects4j-Chart-25-RSRepair-patch1/target-1-StatisticalBarRenderer.java']",overfitting
llm4pc-defects4j-Chart-13-RSRepair-patch1,defects4j-Chart-13,RSRepair,tmp/patches/cleaned/llm4pc-defects4j-Chart-13-RSRepair-patch1.patch,Overfitting,LLM4PC,"['tmp/methods/llm4pc-defects4j-Chart-13-RSRepair-patch1/source-0.java', 'tmp/methods/llm4pc-defects4j-Chart-13-RSRepair-patch1/source-1.java']","['tmp/methods/llm4pc-defects4j-Chart-13-RSRepair-patch1/target-0.java', 'tmp/methods/llm4pc-defects4j-Chart-13-RSRepair-patch1/target-1.java']",rsrepair,"['tmp/files/llm4pc-defects4j-Chart-13-RSRepair-patch1/source-0-BorderArrangement.java', 'tmp/files/llm4pc-defects4j-Chart-13-RSRepair-patch1/source-1-Range.java']","['tmp/files/llm4pc-defects4j-Chart-13-RSRepair-patch1/target-0-BorderArrangement.java', 'tmp/files/llm4pc-defects4j-Chart-13-RSRepair-patch1/target-1-Range.java']",overfitting
llm4pc-defects4j-Math-33-RSRepair-patch1,defects4j-Math-33,RSRepair,tmp/patches/cleaned/llm4pc-defects4j-Math-33-RSRepair-patch1.patch,Overfitting,LLM4PC,['tmp/methods/llm4pc-defects4j-Math-33-RSRepair-patch1/source-0.java'],['tmp/methods/llm4pc-defects4j-Math-33-RSRepair-patch1/target-0.java'],rsrepair,['tmp/files/llm4pc-defects4j-Math-33-RSRepair-patch1/source-0-SimplexTableau.java'],['tmp/files/llm4pc-defects4j-Math-33-RSRepair-patch1/target-0-SimplexTableau.java'],overfitting
llm4pc-defects4j-Math-28-RSRepair-patch1,defects4j-Math-28,RSRepair,tmp/patches/cleaned/llm4pc-defects4j-Math-28-RSRepair-patch1.patch,Overfitting,LLM4PC,['tmp/methods/llm4pc-defects4j-Math-28-RSRepair-patch1/source-0.java'],['tmp/methods/llm4pc-defects4j-Math-28-RSRepair-patch1/target-0.java'],rsrepair,['tmp/files/llm4pc-defects4j-Math-28-RSRepair-patch1/source-0-SimplexSolver.java'],['tmp/files/llm4pc-defects4j-Math-28-RSRepair-patch1/target-0-SimplexSolver.java'],overfitting
llm4pc-defects4j-Math-85-RSRepair-patch1,defects4j-Math-85,RSRepair,tmp/patches/cleaned/llm4pc-defects4j-Math-85-RSRepair-patch1.patch,Overfitting,LLM4PC,"['tmp/methods/llm4pc-defects4j-Math-85-RSRepair-patch1/source-0.java', 'tmp/methods/llm4pc-defects4j-Math-85-RSRepair-patch1/source-1.java']","['tmp/methods/llm4pc-defects4j-Math-85-RSRepair-patch1/target-0.java', 'tmp/methods/llm4pc-defects4j-Math-85-RSRepair-patch1/target-1.java']",rsrepair,"['tmp/files/llm4pc-defects4j-Math-85-RSRepair-patch1/source-0-UnivariateRealSolverUtils.java', 'tmp/files/llm4pc-defects4j-Math-85-RSRepair-patch1/source-1-AbstractContinuousDistribution.java']","['tmp/files/llm4pc-defects4j-Math-85-RSRepair-patch1/target-0-UnivariateRealSolverUtils.java', 'tmp/files/llm4pc-defects4j-Math-85-RSRepair-patch1/target-1-AbstractContinuousDistribution.java']",overfitting
llm4pc-defects4j-Math-80-RSRepair-patch1,defects4j-Math-80,RSRepair,tmp/patches/cleaned/llm4pc-defects4j-Math-80-RSRepair-patch1.patch,Overfitting,LLM4PC,['tmp/methods/llm4pc-defects4j-Math-80-RSRepair-patch1/source-0.java'],['tmp/methods/llm4pc-defects4j-Math-80-RSRepair-patch1/target-0.java'],rsrepair,['tmp/files/llm4pc-defects4j-Math-80-RSRepair-patch1/source-0-EigenDecompositionImpl.java'],['tmp/files/llm4pc-defects4j-Math-80-RSRepair-patch1/target-0-EigenDecompositionImpl.java'],overfitting
llm4pc-defects4j-Math-95-RSRepair-patch1,defects4j-Math-95,RSRepair,tmp/patches/cleaned/llm4pc-defects4j-Math-95-RSRepair-patch1.patch,Overfitting,LLM4PC,['tmp/methods/llm4pc-defects4j-Math-95-RSRepair-patch1/source-0.java'],['tmp/methods/llm4pc-defects4j-Math-95-RSRepair-patch1/target-0.java'],rsrepair,['tmp/files/llm4pc-defects4j-Math-95-RSRepair-patch1/source-0-FDistributionImpl.java'],['tmp/files/llm4pc-defects4j-Math-95-RSRepair-patch1/target-0-FDistributionImpl.java'],overfitting
llm4pc-defects4j-Math-84-RSRepair-patch1,defects4j-Math-84,RSRepair,tmp/patches/cleaned/llm4pc-defects4j-Math-84-RSRepair-patch1.patch,Overfitting,LLM4PC,['tmp/methods/llm4pc-defects4j-Math-84-RSRepair-patch1/source-0.java'],['tmp/methods/llm4pc-defects4j-Math-84-RSRepair-patch1/target-0.java'],rsrepair,['tmp/files/llm4pc-defects4j-Math-84-RSRepair-patch1/source-0-MultiDirectional.java'],['tmp/files/llm4pc-defects4j-Math-84-RSRepair-patch1/target-0-MultiDirectional.java'],overfitting
llm4pc-defects4j-Math-103-RSRepair-patch1,defects4j-Math-103,RSRepair,tmp/patches/cleaned/llm4pc-defects4j-Math-103-RSRepair-patch1.patch,Overfitting,LLM4PC,['tmp/methods/llm4pc-defects4j-Math-103-RSRepair-patch1/source-0.java'],['tmp/methods/llm4pc-defects4j-Math-103-RSRepair-patch1/target-0.java'],rsrepair,['tmp/files/llm4pc-defects4j-Math-103-RSRepair-patch1/source-0-Gamma.java'],['tmp/files/llm4pc-defects4j-Math-103-RSRepair-patch1/target-0-Gamma.java'],unknown
llm4pc-defects4j-Math-40-RSRepair-patch1,defects4j-Math-40,RSRepair,tmp/patches/cleaned/llm4pc-defects4j-Math-40-RSRepair-patch1.patch,Overfitting,LLM4PC,['tmp/methods/llm4pc-defects4j-Math-40-RSRepair-patch1/source-0.java'],['tmp/methods/llm4pc-defects4j-Math-40-RSRepair-patch1/target-0.java'],rsrepair,['tmp/files/llm4pc-defects4j-Math-40-RSRepair-patch1/source-0-BracketingNthOrderBrentSolver.java'],['tmp/files/llm4pc-defects4j-Math-40-RSRepair-patch1/target-0-BracketingNthOrderBrentSolver.java'],overfitting
llm4pc-defects4j-Math-58-RSRepair-patch1,defects4j-Math-58,RSRepair,tmp/patches/cleaned/llm4pc-defects4j-Math-58-RSRepair-patch1.patch,Overfitting,LLM4PC,['tmp/methods/llm4pc-defects4j-Math-58-RSRepair-patch1/source-0.java'],['tmp/methods/llm4pc-defects4j-Math-58-RSRepair-patch1/target-0.java'],rsrepair,['tmp/files/llm4pc-defects4j-Math-58-RSRepair-patch1/source-0-LevenbergMarquardtOptimizer.java'],['tmp/files/llm4pc-defects4j-Math-58-RSRepair-patch1/target-0-LevenbergMarquardtOptimizer.java'],overfitting
llm4pc-defects4j-Math-81-RSRepair-patch1,defects4j-Math-81,RSRepair,tmp/patches/cleaned/llm4pc-defects4j-Math-81-RSRepair-patch1.patch,Overfitting,LLM4PC,['tmp/methods/llm4pc-defects4j-Math-81-RSRepair-patch1/source-0.java'],['tmp/methods/llm4pc-defects4j-Math-81-RSRepair-patch1/target-0.java'],rsrepair,['tmp/files/llm4pc-defects4j-Math-81-RSRepair-patch1/source-0-EigenDecompositionImpl.java'],['tmp/files/llm4pc-defects4j-Math-81-RSRepair-patch1/target-0-EigenDecompositionImpl.java'],overfitting
llm4pc-defects4j-Closure-115-Arja-patch1,defects4j-Closure-115,Arja,tmp/patches/cleaned/llm4pc-defects4j-Closure-115-Arja-patch1.patch,Correct,LLM4PC,['tmp/methods/llm4pc-defects4j-Closure-115-Arja-patch1/source-0.java'],['tmp/methods/llm4pc-defects4j-Closure-115-Arja-patch1/target-0.java'],arja,['tmp/files/llm4pc-defects4j-Closure-115-Arja-patch1/source-0-FunctionInjector.java'],['tmp/files/llm4pc-defects4j-Closure-115-Arja-patch1/target-0-FunctionInjector.java'],overfitting
llm4pc-defects4j-Closure-126-Arja-patch1,defects4j-Closure-126,Arja,tmp/patches/cleaned/llm4pc-defects4j-Closure-126-Arja-patch1.patch,Correct,LLM4PC,['tmp/methods/llm4pc-defects4j-Closure-126-Arja-patch1/source-0.java'],['tmp/methods/llm4pc-defects4j-Closure-126-Arja-patch1/target-0.java'],arja,['tmp/files/llm4pc-defects4j-Closure-126-Arja-patch1/source-0-MinimizeExitPoints.java'],['tmp/files/llm4pc-defects4j-Closure-126-Arja-patch1/target-0-MinimizeExitPoints.java'],overfitting
llm4pc-defects4j-Chart-12-Arja-patch1,defects4j-Chart-12,Arja,tmp/patches/cleaned/llm4pc-defects4j-Chart-12-Arja-patch1.patch,Correct,LLM4PC,['tmp/methods/llm4pc-defects4j-Chart-12-Arja-patch1/source-0.java'],['tmp/methods/llm4pc-defects4j-Chart-12-Arja-patch1/target-0.java'],arja,['tmp/files/llm4pc-defects4j-Chart-12-Arja-patch1/source-0-MultiplePiePlot.java'],['tmp/files/llm4pc-defects4j-Chart-12-Arja-patch1/target-0-MultiplePiePlot.java'],overfitting
llm4pc-defects4j-Math-98-Arja-patch1,defects4j-Math-98,Arja,tmp/patches/cleaned/llm4pc-defects4j-Math-98-Arja-patch1.patch,Correct,LLM4PC,['tmp/methods/llm4pc-defects4j-Math-98-Arja-patch1/source-0.java'],['tmp/methods/llm4pc-defects4j-Math-98-Arja-patch1/target-0.java'],arja,['tmp/files/llm4pc-defects4j-Math-98-Arja-patch1/source-0-BigMatrixImpl.java'],['tmp/files/llm4pc-defects4j-Math-98-Arja-patch1/target-0-BigMatrixImpl.java'],overfitting
llm4pc-defects4j-Math-98-Arja-patch2,defects4j-Math-98,Arja,tmp/patches/cleaned/llm4pc-defects4j-Math-98-Arja-patch2.patch,Correct,LLM4PC,"['tmp/methods/llm4pc-defects4j-Math-98-Arja-patch2/source-0.java', 'tmp/methods/llm4pc-defects4j-Math-98-Arja-patch2/source-1.java']","['tmp/methods/llm4pc-defects4j-Math-98-Arja-patch2/target-0.java', 'tmp/methods/llm4pc-defects4j-Math-98-Arja-patch2/target-1.java']",arja,"['tmp/files/llm4pc-defects4j-Math-98-Arja-patch2/source-0-RealMatrixImpl.java', 'tmp/files/llm4pc-defects4j-Math-98-Arja-patch2/source-1-BigMatrixImpl.java']","['tmp/files/llm4pc-defects4j-Math-98-Arja-patch2/target-0-RealMatrixImpl.java', 'tmp/files/llm4pc-defects4j-Math-98-Arja-patch2/target-1-BigMatrixImpl.java']",overfitting
llm4pc-defects4j-Math-35-Arja-patch1,defects4j-Math-35,Arja,tmp/patches/cleaned/llm4pc-defects4j-Math-35-Arja-patch1.patch,Correct,LLM4PC,['tmp/methods/llm4pc-defects4j-Math-35-Arja-patch1/source-0.java'],['tmp/methods/llm4pc-defects4j-Math-35-Arja-patch1/target-0.java'],arja,['tmp/files/llm4pc-defects4j-Math-35-Arja-patch1/source-0-ElitisticListPopulation.java'],['tmp/files/llm4pc-defects4j-Math-35-Arja-patch1/target-0-ElitisticListPopulation.java'],overfitting
llm4pc-defects4j-Math-50-Arja-patch1,defects4j-Math-50,Arja,tmp/patches/cleaned/llm4pc-defects4j-Math-50-Arja-patch1.patch,Correct,LLM4PC,"['tmp/methods/llm4pc-defects4j-Math-50-Arja-patch1/source-0.java', 'tmp/methods/llm4pc-defects4j-Math-50-Arja-patch1/source-1.java']","['tmp/methods/llm4pc-defects4j-Math-50-Arja-patch1/target-0.java', 'tmp/methods/llm4pc-defects4j-Math-50-Arja-patch1/target-1.java']",arja,"['tmp/files/llm4pc-defects4j-Math-50-Arja-patch1/source-0-BaseSecantSolver.java', 'tmp/files/llm4pc-defects4j-Math-50-Arja-patch1/source-1-UnivariateRealSolverUtils.java']","['tmp/files/llm4pc-defects4j-Math-50-Arja-patch1/target-0-BaseSecantSolver.java', 'tmp/files/llm4pc-defects4j-Math-50-Arja-patch1/target-1-UnivariateRealSolverUtils.java']",overfitting
llm4pc-defects4j-Math-58-Arja-patch1,defects4j-Math-58,Arja,tmp/patches/cleaned/llm4pc-defects4j-Math-58-Arja-patch1.patch,Correct,LLM4PC,['tmp/methods/llm4pc-defects4j-Math-58-Arja-patch1/source-0.java'],['tmp/methods/llm4pc-defects4j-Math-58-Arja-patch1/target-0.java'],arja,['tmp/files/llm4pc-defects4j-Math-58-Arja-patch1/source-0-GaussianFitter.java'],['tmp/files/llm4pc-defects4j-Math-58-Arja-patch1/target-0-GaussianFitter.java'],overfitting
llm4pc-defects4j-Lang-45-Jaid-patch1,defects4j-Lang-45,Jaid,tmp/patches/cleaned/llm4pc-defects4j-Lang-45-Jaid-patch1.patch,Correct,LLM4PC,['tmp/methods/llm4pc-defects4j-Lang-45-Jaid-patch1/source-0.java'],['tmp/methods/llm4pc-defects4j-Lang-45-Jaid-patch1/target-0.java'],jaid,['tmp/files/llm4pc-defects4j-Lang-45-Jaid-patch1/source-0-WordUtils.java'],['tmp/files/llm4pc-defects4j-Lang-45-Jaid-patch1/target-0-WordUtils.java'],overfitting
llm4pc-defects4j-Lang-51-Jaid-patch4,defects4j-Lang-51,Jaid,tmp/patches/cleaned/llm4pc-defects4j-Lang-51-Jaid-patch4.patch,Correct,LLM4PC,['tmp/methods/llm4pc-defects4j-Lang-51-Jaid-patch4/source-0.java'],['tmp/methods/llm4pc-defects4j-Lang-51-Jaid-patch4/target-0.java'],jaid,['tmp/files/llm4pc-defects4j-Lang-51-Jaid-patch4/source-0-BooleanUtils.java'],['tmp/files/llm4pc-defects4j-Lang-51-Jaid-patch4/target-0-BooleanUtils.java'],correct
llm4pc-defects4j-Lang-38-Jaid-patch2,defects4j-Lang-38,Jaid,tmp/patches/cleaned/llm4pc-defects4j-Lang-38-Jaid-patch2.patch,Correct,LLM4PC,['tmp/methods/llm4pc-defects4j-Lang-38-Jaid-patch2/source-0.java'],['tmp/methods/llm4pc-defects4j-Lang-38-Jaid-patch2/target-0.java'],jaid,['tmp/files/llm4pc-defects4j-Lang-38-Jaid-patch2/source-0-FastDateFormat.java'],['tmp/files/llm4pc-defects4j-Lang-38-Jaid-patch2/target-0-FastDateFormat.java'],overfitting
llm4pc-defects4j-Lang-38-Jaid-patch4,defects4j-Lang-38,Jaid,tmp/patches/cleaned/llm4pc-defects4j-Lang-38-Jaid-patch4.patch,Correct,LLM4PC,['tmp/methods/llm4pc-defects4j-Lang-38-Jaid-patch4/source-0.java'],['tmp/methods/llm4pc-defects4j-Lang-38-Jaid-patch4/target-0.java'],jaid,['tmp/files/llm4pc-defects4j-Lang-38-Jaid-patch4/source-0-FastDateFormat.java'],['tmp/files/llm4pc-defects4j-Lang-38-Jaid-patch4/target-0-FastDateFormat.java'],overfitting
llm4pc-defects4j-Lang-38-Jaid-patch1,defects4j-Lang-38,Jaid,tmp/patches/cleaned/llm4pc-defects4j-Lang-38-Jaid-patch1.patch,Correct,LLM4PC,['tmp/methods/llm4pc-defects4j-Lang-38-Jaid-patch1/source-0.java'],['tmp/methods/llm4pc-defects4j-Lang-38-Jaid-patch1/target-0.java'],jaid,['tmp/files/llm4pc-defects4j-Lang-38-Jaid-patch1/source-0-FastDateFormat.java'],['tmp/files/llm4pc-defects4j-Lang-38-Jaid-patch1/target-0-FastDateFormat.java'],overfitting
llm4pc-defects4j-Lang-33-Jaid-patch1,defects4j-Lang-33,Jaid,tmp/patches/cleaned/llm4pc-defects4j-Lang-33-Jaid-patch1.patch,Correct,LLM4PC,['tmp/methods/llm4pc-defects4j-Lang-33-Jaid-patch1/source-0.java'],['tmp/methods/llm4pc-defects4j-Lang-33-Jaid-patch1/target-0.java'],jaid,['tmp/files/llm4pc-defects4j-Lang-33-Jaid-patch1/source-0-ClassUtils.java'],['tmp/files/llm4pc-defects4j-Lang-33-Jaid-patch1/target-0-ClassUtils.java'],overfitting
llm4pc-defects4j-Lang-51-Jaid-patch1,defects4j-Lang-51,Jaid,tmp/patches/cleaned/llm4pc-defects4j-Lang-51-Jaid-patch1.patch,Correct,LLM4PC,['tmp/methods/llm4pc-defects4j-Lang-51-Jaid-patch1/source-0.java'],['tmp/methods/llm4pc-defects4j-Lang-51-Jaid-patch1/target-0.java'],jaid,['tmp/files/llm4pc-defects4j-Lang-51-Jaid-patch1/source-0-BooleanUtils.java'],['tmp/files/llm4pc-defects4j-Lang-51-Jaid-patch1/target-0-BooleanUtils.java'],correct
llm4pc-defects4j-Lang-51-Jaid-patch3,defects4j-Lang-51,Jaid,tmp/patches/cleaned/llm4pc-defects4j-Lang-51-Jaid-patch3.patch,Correct,LLM4PC,['tmp/methods/llm4pc-defects4j-Lang-51-Jaid-patch3/source-0.java'],['tmp/methods/llm4pc-defects4j-Lang-51-Jaid-patch3/target-0.java'],jaid,['tmp/files/llm4pc-defects4j-Lang-51-Jaid-patch3/source-0-BooleanUtils.java'],['tmp/files/llm4pc-defects4j-Lang-51-Jaid-patch3/target-0-BooleanUtils.java'],correct
llm4pc-defects4j-Lang-51-Jaid-patch6,defects4j-Lang-51,Jaid,tmp/patches/cleaned/llm4pc-defects4j-Lang-51-Jaid-patch6.patch,Correct,LLM4PC,['tmp/methods/llm4pc-defects4j-Lang-51-Jaid-patch6/source-0.java'],['tmp/methods/llm4pc-defects4j-Lang-51-Jaid-patch6/target-0.java'],jaid,['tmp/files/llm4pc-defects4j-Lang-51-Jaid-patch6/source-0-BooleanUtils.java'],['tmp/files/llm4pc-defects4j-Lang-51-Jaid-patch6/target-0-BooleanUtils.java'],correct
llm4pc-defects4j-Lang-51-Jaid-patch5,defects4j-Lang-51,Jaid,tmp/patches/cleaned/llm4pc-defects4j-Lang-51-Jaid-patch5.patch,Correct,LLM4PC,['tmp/methods/llm4pc-defects4j-Lang-51-Jaid-patch5/source-0.java'],['tmp/methods/llm4pc-defects4j-Lang-51-Jaid-patch5/target-0.java'],jaid,['tmp/files/llm4pc-defects4j-Lang-51-Jaid-patch5/source-0-BooleanUtils.java'],['tmp/files/llm4pc-defects4j-Lang-51-Jaid-patch5/target-0-BooleanUtils.java'],correct
llm4pc-defects4j-Lang-33-Jaid-patch2,defects4j-Lang-33,Jaid,tmp/patches/cleaned/llm4pc-defects4j-Lang-33-Jaid-patch2.patch,Correct,LLM4PC,['tmp/methods/llm4pc-defects4j-Lang-33-Jaid-patch2/source-0.java'],['tmp/methods/llm4pc-defects4j-Lang-33-Jaid-patch2/target-0.java'],jaid,['tmp/files/llm4pc-defects4j-Lang-33-Jaid-patch2/source-0-ClassUtils.java'],['tmp/files/llm4pc-defects4j-Lang-33-Jaid-patch2/target-0-ClassUtils.java'],overfitting
llm4pc-defects4j-Lang-38-Jaid-patch3,defects4j-Lang-38,Jaid,tmp/patches/cleaned/llm4pc-defects4j-Lang-38-Jaid-patch3.patch,Correct,LLM4PC,['tmp/methods/llm4pc-defects4j-Lang-38-Jaid-patch3/source-0.java'],['tmp/methods/llm4pc-defects4j-Lang-38-Jaid-patch3/target-0.java'],jaid,['tmp/files/llm4pc-defects4j-Lang-38-Jaid-patch3/source-0-FastDateFormat.java'],['tmp/files/llm4pc-defects4j-Lang-38-Jaid-patch3/target-0-FastDateFormat.java'],overfitting
llm4pc-defects4j-Lang-55-Jaid-patch1,defects4j-Lang-55,Jaid,tmp/patches/cleaned/llm4pc-defects4j-Lang-55-Jaid-patch1.patch,Correct,LLM4PC,['tmp/methods/llm4pc-defects4j-Lang-55-Jaid-patch1/source-0.java'],['tmp/methods/llm4pc-defects4j-Lang-55-Jaid-patch1/target-0.java'],jaid,['tmp/files/llm4pc-defects4j-Lang-55-Jaid-patch1/source-0-StopWatch.java'],['tmp/files/llm4pc-defects4j-Lang-55-Jaid-patch1/target-0-StopWatch.java'],overfitting
llm4pc-defects4j-Closure-70-Jaid-patch1,defects4j-Closure-70,Jaid,tmp/patches/cleaned/llm4pc-defects4j-Closure-70-Jaid-patch1.patch,Correct,LLM4PC,['tmp/methods/llm4pc-defects4j-Closure-70-Jaid-patch1/source-0.java'],['tmp/methods/llm4pc-defects4j-Closure-70-Jaid-patch1/target-0.java'],jaid,['tmp/files/llm4pc-defects4j-Closure-70-Jaid-patch1/source-0-TypedScopeCreator.java'],['tmp/files/llm4pc-defects4j-Closure-70-Jaid-patch1/target-0-TypedScopeCreator.java'],overfitting
llm4pc-defects4j-Closure-33-Jaid-patch1,defects4j-Closure-33,Jaid,tmp/patches/cleaned/llm4pc-defects4j-Closure-33-Jaid-patch1.patch,Correct,LLM4PC,['tmp/methods/llm4pc-defects4j-Closure-33-Jaid-patch1/source-0.java'],['tmp/methods/llm4pc-defects4j-Closure-33-Jaid-patch1/target-0.java'],jaid,['tmp/files/llm4pc-defects4j-Closure-33-Jaid-patch1/source-0-PrototypeObjectType.java'],['tmp/files/llm4pc-defects4j-Closure-33-Jaid-patch1/target-0-PrototypeObjectType.java'],correct
llm4pc-defects4j-Closure-18-Jaid-patch1,defects4j-Closure-18,Jaid,tmp/patches/cleaned/llm4pc-defects4j-Closure-18-Jaid-patch1.patch,Correct,LLM4PC,['tmp/methods/llm4pc-defects4j-Closure-18-Jaid-patch1/source-0.java'],['tmp/methods/llm4pc-defects4j-Closure-18-Jaid-patch1/target-0.java'],jaid,['tmp/files/llm4pc-defects4j-Closure-18-Jaid-patch1/source-0-Compiler.java'],['tmp/files/llm4pc-defects4j-Closure-18-Jaid-patch1/target-0-Compiler.java'],overfitting
llm4pc-defects4j-Closure-31-Jaid-patch1,defects4j-Closure-31,Jaid,tmp/patches/cleaned/llm4pc-defects4j-Closure-31-Jaid-patch1.patch,Correct,LLM4PC,['tmp/methods/llm4pc-defects4j-Closure-31-Jaid-patch1/source-0.java'],['tmp/methods/llm4pc-defects4j-Closure-31-Jaid-patch1/target-0.java'],jaid,['tmp/files/llm4pc-defects4j-Closure-31-Jaid-patch1/source-0-Compiler.java'],['tmp/files/llm4pc-defects4j-Closure-31-Jaid-patch1/target-0-Compiler.java'],overfitting
llm4pc-defects4j-Chart-26-Jaid-patch2,defects4j-Chart-26,Jaid,tmp/patches/cleaned/llm4pc-defects4j-Chart-26-Jaid-patch2.patch,Correct,LLM4PC,['tmp/methods/llm4pc-defects4j-Chart-26-Jaid-patch2/source-0.java'],['tmp/methods/llm4pc-defects4j-Chart-26-Jaid-patch2/target-0.java'],jaid,['tmp/files/llm4pc-defects4j-Chart-26-Jaid-patch2/source-0-Axis.java'],['tmp/files/llm4pc-defects4j-Chart-26-Jaid-patch2/target-0-Axis.java'],correct
llm4pc-defects4j-Chart-26-Jaid-patch1,defects4j-Chart-26,Jaid,tmp/patches/cleaned/llm4pc-defects4j-Chart-26-Jaid-patch1.patch,Correct,LLM4PC,['tmp/methods/llm4pc-defects4j-Chart-26-Jaid-patch1/source-0.java'],['tmp/methods/llm4pc-defects4j-Chart-26-Jaid-patch1/target-0.java'],jaid,['tmp/files/llm4pc-defects4j-Chart-26-Jaid-patch1/source-0-Axis.java'],['tmp/files/llm4pc-defects4j-Chart-26-Jaid-patch1/target-0-Axis.java'],correct
llm4pc-defects4j-Chart-9-Jaid-patch1,defects4j-Chart-9,Jaid,tmp/patches/cleaned/llm4pc-defects4j-Chart-9-Jaid-patch1.patch,Correct,LLM4PC,['tmp/methods/llm4pc-defects4j-Chart-9-Jaid-patch1/source-0.java'],['tmp/methods/llm4pc-defects4j-Chart-9-Jaid-patch1/target-0.java'],jaid,['tmp/files/llm4pc-defects4j-Chart-9-Jaid-patch1/source-0-TimeSeries.java'],['tmp/files/llm4pc-defects4j-Chart-9-Jaid-patch1/target-0-TimeSeries.java'],correct
llm4pc-defects4j-Chart-24-Jaid-patch1,defects4j-Chart-24,Jaid,tmp/patches/cleaned/llm4pc-defects4j-Chart-24-Jaid-patch1.patch,Correct,LLM4PC,['tmp/methods/llm4pc-defects4j-Chart-24-Jaid-patch1/source-0.java'],['tmp/methods/llm4pc-defects4j-Chart-24-Jaid-patch1/target-0.java'],jaid,['tmp/files/llm4pc-defects4j-Chart-24-Jaid-patch1/source-0-GrayPaintScale.java'],['tmp/files/llm4pc-defects4j-Chart-24-Jaid-patch1/target-0-GrayPaintScale.java'],overfitting
llm4pc-defects4j-Chart-9-Jaid-patch2,defects4j-Chart-9,Jaid,tmp/patches/cleaned/llm4pc-defects4j-Chart-9-Jaid-patch2.patch,Correct,LLM4PC,['tmp/methods/llm4pc-defects4j-Chart-9-Jaid-patch2/source-0.java'],['tmp/methods/llm4pc-defects4j-Chart-9-Jaid-patch2/target-0.java'],jaid,['tmp/files/llm4pc-defects4j-Chart-9-Jaid-patch2/source-0-TimeSeries.java'],['tmp/files/llm4pc-defects4j-Chart-9-Jaid-patch2/target-0-TimeSeries.java'],correct
llm4pc-defects4j-Chart-24-Jaid-patch2,defects4j-Chart-24,Jaid,tmp/patches/cleaned/llm4pc-defects4j-Chart-24-Jaid-patch2.patch,Correct,LLM4PC,['tmp/methods/llm4pc-defects4j-Chart-24-Jaid-patch2/source-0.java'],['tmp/methods/llm4pc-defects4j-Chart-24-Jaid-patch2/target-0.java'],jaid,['tmp/files/llm4pc-defects4j-Chart-24-Jaid-patch2/source-0-GrayPaintScale.java'],['tmp/files/llm4pc-defects4j-Chart-24-Jaid-patch2/target-0-GrayPaintScale.java'],overfitting
llm4pc-defects4j-Chart-26-Jaid-patch3,defects4j-Chart-26,Jaid,tmp/patches/cleaned/llm4pc-defects4j-Chart-26-Jaid-patch3.patch,Correct,LLM4PC,['tmp/methods/llm4pc-defects4j-Chart-26-Jaid-patch3/source-0.java'],['tmp/methods/llm4pc-defects4j-Chart-26-Jaid-patch3/target-0.java'],jaid,['tmp/files/llm4pc-defects4j-Chart-26-Jaid-patch3/source-0-Axis.java'],['tmp/files/llm4pc-defects4j-Chart-26-Jaid-patch3/target-0-Axis.java'],correct
llm4pc-defects4j-Math-80-Jaid-patch1,defects4j-Math-80,Jaid,tmp/patches/cleaned/llm4pc-defects4j-Math-80-Jaid-patch1.patch,Correct,LLM4PC,['tmp/methods/llm4pc-defects4j-Math-80-Jaid-patch1/source-0.java'],['tmp/methods/llm4pc-defects4j-Math-80-Jaid-patch1/target-0.java'],jaid,['tmp/files/llm4pc-defects4j-Math-80-Jaid-patch1/source-0-EigenDecompositionImpl.java'],['tmp/files/llm4pc-defects4j-Math-80-Jaid-patch1/target-0-EigenDecompositionImpl.java'],overfitting
llm4pc-defects4j-Math-5-Jaid-patch3,defects4j-Math-5,Jaid,tmp/patches/cleaned/llm4pc-defects4j-Math-5-Jaid-patch3.patch,Correct,LLM4PC,['tmp/methods/llm4pc-defects4j-Math-5-Jaid-patch3/source-0.java'],['tmp/methods/llm4pc-defects4j-Math-5-Jaid-patch3/target-0.java'],jaid,['tmp/files/llm4pc-defects4j-Math-5-Jaid-patch3/source-0-Complex.java'],['tmp/files/llm4pc-defects4j-Math-5-Jaid-patch3/target-0-Complex.java'],overfitting
llm4pc-defects4j-Math-5-Jaid-patch1,defects4j-Math-5,Jaid,tmp/patches/cleaned/llm4pc-defects4j-Math-5-Jaid-patch1.patch,Correct,LLM4PC,['tmp/methods/llm4pc-defects4j-Math-5-Jaid-patch1/source-0.java'],['tmp/methods/llm4pc-defects4j-Math-5-Jaid-patch1/target-0.java'],jaid,['tmp/files/llm4pc-defects4j-Math-5-Jaid-patch1/source-0-Complex.java'],['tmp/files/llm4pc-defects4j-Math-5-Jaid-patch1/target-0-Complex.java'],overfitting
llm4pc-defects4j-Math-5-Jaid-patch2,defects4j-Math-5,Jaid,tmp/patches/cleaned/llm4pc-defects4j-Math-5-Jaid-patch2.patch,Correct,LLM4PC,['tmp/methods/llm4pc-defects4j-Math-5-Jaid-patch2/source-0.java'],['tmp/methods/llm4pc-defects4j-Math-5-Jaid-patch2/target-0.java'],jaid,['tmp/files/llm4pc-defects4j-Math-5-Jaid-patch2/source-0-Complex.java'],['tmp/files/llm4pc-defects4j-Math-5-Jaid-patch2/target-0-Complex.java'],overfitting
llm4pc-defects4j-Math-80-Jaid-patch2,defects4j-Math-80,Jaid,tmp/patches/cleaned/llm4pc-defects4j-Math-80-Jaid-patch2.patch,Correct,LLM4PC,['tmp/methods/llm4pc-defects4j-Math-80-Jaid-patch2/source-0.java'],['tmp/methods/llm4pc-defects4j-Math-80-Jaid-patch2/target-0.java'],jaid,['tmp/files/llm4pc-defects4j-Math-80-Jaid-patch2/source-0-EigenDecompositionImpl.java'],['tmp/files/llm4pc-defects4j-Math-80-Jaid-patch2/target-0-EigenDecompositionImpl.java'],overfitting
llm4pc-defects4j-Math-53-Jaid-patch1,defects4j-Math-53,Jaid,tmp/patches/cleaned/llm4pc-defects4j-Math-53-Jaid-patch1.patch,Correct,LLM4PC,['tmp/methods/llm4pc-defects4j-Math-53-Jaid-patch1/source-0.java'],['tmp/methods/llm4pc-defects4j-Math-53-Jaid-patch1/target-0.java'],jaid,['tmp/files/llm4pc-defects4j-Math-53-Jaid-patch1/source-0-Complex.java'],['tmp/files/llm4pc-defects4j-Math-53-Jaid-patch1/target-0-Complex.java'],correct
llm4pc-defects4j-Math-32-Jaid-patch1,defects4j-Math-32,Jaid,tmp/patches/cleaned/llm4pc-defects4j-Math-32-Jaid-patch1.patch,Correct,LLM4PC,['tmp/methods/llm4pc-defects4j-Math-32-Jaid-patch1/source-0.java'],['tmp/methods/llm4pc-defects4j-Math-32-Jaid-patch1/target-0.java'],jaid,['tmp/files/llm4pc-defects4j-Math-32-Jaid-patch1/source-0-PolygonsSet.java'],['tmp/files/llm4pc-defects4j-Math-32-Jaid-patch1/target-0-PolygonsSet.java'],correct
llm4pc-defects4j-Math-50-Jaid-patch1,defects4j-Math-50,Jaid,tmp/patches/cleaned/llm4pc-defects4j-Math-50-Jaid-patch1.patch,Correct,LLM4PC,['tmp/methods/llm4pc-defects4j-Math-50-Jaid-patch1/source-0.java'],['tmp/methods/llm4pc-defects4j-Math-50-Jaid-patch1/target-0.java'],jaid,['tmp/files/llm4pc-defects4j-Math-50-Jaid-patch1/source-0-BaseSecantSolver.java'],['tmp/files/llm4pc-defects4j-Math-50-Jaid-patch1/target-0-BaseSecantSolver.java'],correct
llm4pc-defects4j-Lang-59-TBar-patch1,defects4j-Lang-59,TBar,tmp/patches/cleaned/llm4pc-defects4j-Lang-59-TBar-patch1.patch,Correct,LLM4PC,['tmp/methods/llm4pc-defects4j-Lang-59-TBar-patch1/source-0.java'],['tmp/methods/llm4pc-defects4j-Lang-59-TBar-patch1/target-0.java'],tbar,['tmp/files/llm4pc-defects4j-Lang-59-TBar-patch1/source-0-StrBuilder.java'],['tmp/files/llm4pc-defects4j-Lang-59-TBar-patch1/target-0-StrBuilder.java'],overfitting
llm4pc-defects4j-Lang-47-TBar-patch1,defects4j-Lang-47,TBar,tmp/patches/cleaned/llm4pc-defects4j-Lang-47-TBar-patch1.patch,Correct,LLM4PC,['tmp/methods/llm4pc-defects4j-Lang-47-TBar-patch1/source-0.java'],['tmp/methods/llm4pc-defects4j-Lang-47-TBar-patch1/target-0.java'],tbar,['tmp/files/llm4pc-defects4j-Lang-47-TBar-patch1/source-0-StrBuilder.java'],['tmp/files/llm4pc-defects4j-Lang-47-TBar-patch1/target-0-StrBuilder.java'],overfitting
llm4pc-defects4j-Lang-33-TBar-patch1,defects4j-Lang-33,TBar,tmp/patches/cleaned/llm4pc-defects4j-Lang-33-TBar-patch1.patch,Correct,LLM4PC,['tmp/methods/llm4pc-defects4j-Lang-33-TBar-patch1/source-0.java'],['tmp/methods/llm4pc-defects4j-Lang-33-TBar-patch1/target-0.java'],tbar,['tmp/files/llm4pc-defects4j-Lang-33-TBar-patch1/source-0-ClassUtils.java'],['tmp/files/llm4pc-defects4j-Lang-33-TBar-patch1/target-0-ClassUtils.java'],overfitting
llm4pc-defects4j-Chart-20-TBar-patch1,defects4j-Chart-20,TBar,tmp/patches/cleaned/llm4pc-defects4j-Chart-20-TBar-patch1.patch,Correct,LLM4PC,['tmp/methods/llm4pc-defects4j-Chart-20-TBar-patch1/source-0.java'],['tmp/methods/llm4pc-defects4j-Chart-20-TBar-patch1/target-0.java'],tbar,['tmp/files/llm4pc-defects4j-Chart-20-TBar-patch1/source-0-ValueMarker.java'],['tmp/files/llm4pc-defects4j-Chart-20-TBar-patch1/target-0-ValueMarker.java'],overfitting
llm4pc-defects4j-Chart-9-TBar-patch1,defects4j-Chart-9,TBar,tmp/patches/cleaned/llm4pc-defects4j-Chart-9-TBar-patch1.patch,Correct,LLM4PC,['tmp/methods/llm4pc-defects4j-Chart-9-TBar-patch1/source-0.java'],['tmp/methods/llm4pc-defects4j-Chart-9-TBar-patch1/target-0.java'],tbar,['tmp/files/llm4pc-defects4j-Chart-9-TBar-patch1/source-0-TimeSeries.java'],['tmp/files/llm4pc-defects4j-Chart-9-TBar-patch1/target-0-TimeSeries.java'],correct
llm4pc-defects4j-Math-65-TBar-patch1,defects4j-Math-65,TBar,tmp/patches/cleaned/llm4pc-defects4j-Math-65-TBar-patch1.patch,Correct,LLM4PC,['tmp/methods/llm4pc-defects4j-Math-65-TBar-patch1/source-0.java'],['tmp/methods/llm4pc-defects4j-Math-65-TBar-patch1/target-0.java'],tbar,['tmp/files/llm4pc-defects4j-Math-65-TBar-patch1/source-0-AbstractLeastSquaresOptimizer.java'],['tmp/files/llm4pc-defects4j-Math-65-TBar-patch1/target-0-AbstractLeastSquaresOptimizer.java'],overfitting
llm4pc-defects4j-Math-11-TBar-patch1,defects4j-Math-11,TBar,tmp/patches/cleaned/llm4pc-defects4j-Math-11-TBar-patch1.patch,Correct,LLM4PC,['tmp/methods/llm4pc-defects4j-Math-11-TBar-patch1/source-0.java'],['tmp/methods/llm4pc-defects4j-Math-11-TBar-patch1/target-0.java'],tbar,['tmp/files/llm4pc-defects4j-Math-11-TBar-patch1/source-0-MultivariateNormalDistribution.java'],['tmp/files/llm4pc-defects4j-Math-11-TBar-patch1/target-0-MultivariateNormalDistribution.java'],overfitting
llm4pc-defects4j-Chart-24-FixMiner-patch1,defects4j-Chart-24,FixMiner,tmp/patches/cleaned/llm4pc-defects4j-Chart-24-FixMiner-patch1.patch,Correct,LLM4PC,['tmp/methods/llm4pc-defects4j-Chart-24-FixMiner-patch1/source-0.java'],['tmp/methods/llm4pc-defects4j-Chart-24-FixMiner-patch1/target-0.java'],fixminer,['tmp/files/llm4pc-defects4j-Chart-24-FixMiner-patch1/source-0-GrayPaintScale.java'],['tmp/files/llm4pc-defects4j-Chart-24-FixMiner-patch1/target-0-GrayPaintScale.java'],overfitting
llm4pc-defects4j-Math-22-FixMiner-patch1,defects4j-Math-22,FixMiner,tmp/patches/cleaned/llm4pc-defects4j-Math-22-FixMiner-patch1.patch,Correct,LLM4PC,['tmp/methods/llm4pc-defects4j-Math-22-FixMiner-patch1/source-0.java'],['tmp/methods/llm4pc-defects4j-Math-22-FixMiner-patch1/target-0.java'],fixminer,['tmp/files/llm4pc-defects4j-Math-22-FixMiner-patch1/source-0-FDistribution.java'],['tmp/files/llm4pc-defects4j-Math-22-FixMiner-patch1/target-0-FDistribution.java'],overfitting
llm4pc-defects4j-Math-30-FixMiner-patch1,defects4j-Math-30,FixMiner,tmp/patches/cleaned/llm4pc-defects4j-Math-30-FixMiner-patch1.patch,Correct,LLM4PC,['tmp/methods/llm4pc-defects4j-Math-30-FixMiner-patch1/source-0.java'],['tmp/methods/llm4pc-defects4j-Math-30-FixMiner-patch1/target-0.java'],fixminer,['tmp/files/llm4pc-defects4j-Math-30-FixMiner-patch1/source-0-MannWhitneyUTest.java'],['tmp/files/llm4pc-defects4j-Math-30-FixMiner-patch1/target-0-MannWhitneyUTest.java'],overfitting
llm4pc-defects4j-Math-57-FixMiner-patch1,defects4j-Math-57,FixMiner,tmp/patches/cleaned/llm4pc-defects4j-Math-57-FixMiner-patch1.patch,Correct,LLM4PC,['tmp/methods/llm4pc-defects4j-Math-57-FixMiner-patch1/source-0.java'],['tmp/methods/llm4pc-defects4j-Math-57-FixMiner-patch1/target-0.java'],fixminer,['tmp/files/llm4pc-defects4j-Math-57-FixMiner-patch1/source-0-KMeansPlusPlusClusterer.java'],['tmp/files/llm4pc-defects4j-Math-57-FixMiner-patch1/target-0-KMeansPlusPlusClusterer.java'],overfitting
llm4pc-defects4j-Math-79-FixMiner-patch1,defects4j-Math-79,FixMiner,tmp/patches/cleaned/llm4pc-defects4j-Math-79-FixMiner-patch1.patch,Correct,LLM4PC,['tmp/methods/llm4pc-defects4j-Math-79-FixMiner-patch1/source-0.java'],['tmp/methods/llm4pc-defects4j-Math-79-FixMiner-patch1/target-0.java'],fixminer,['tmp/files/llm4pc-defects4j-Math-79-FixMiner-patch1/source-0-MathUtils.java'],['tmp/files/llm4pc-defects4j-Math-79-FixMiner-patch1/target-0-MathUtils.java'],overfitting
llm4pc-defects4j-Math-75-FixMiner-patch1,defects4j-Math-75,FixMiner,tmp/patches/cleaned/llm4pc-defects4j-Math-75-FixMiner-patch1.patch,Correct,LLM4PC,['tmp/methods/llm4pc-defects4j-Math-75-FixMiner-patch1/source-0.java'],['tmp/methods/llm4pc-defects4j-Math-75-FixMiner-patch1/target-0.java'],fixminer,['tmp/files/llm4pc-defects4j-Math-75-FixMiner-patch1/source-0-Frequency.java'],['tmp/files/llm4pc-defects4j-Math-75-FixMiner-patch1/target-0-Frequency.java'],overfitting
llm4pc-defects4j-Lang-7-jKali-patch1,defects4j-Lang-7,jKali,tmp/patches/cleaned/llm4pc-defects4j-Lang-7-jKali-patch1.patch,Correct,LLM4PC,['tmp/methods/llm4pc-defects4j-Lang-7-jKali-patch1/source-0.java'],['tmp/methods/llm4pc-defects4j-Lang-7-jKali-patch1/target-0.java'],jkali,['tmp/files/llm4pc-defects4j-Lang-7-jKali-patch1/source-0-NumberUtils.java'],['tmp/files/llm4pc-defects4j-Lang-7-jKali-patch1/target-0-NumberUtils.java'],overfitting
llm4pc-defects4j-Lang-10-jKali-patch1,defects4j-Lang-10,jKali,tmp/patches/cleaned/llm4pc-defects4j-Lang-10-jKali-patch1.patch,Correct,LLM4PC,['tmp/methods/llm4pc-defects4j-Lang-10-jKali-patch1/source-0.java'],['tmp/methods/llm4pc-defects4j-Lang-10-jKali-patch1/target-0.java'],jkali,['tmp/files/llm4pc-defects4j-Lang-10-jKali-patch1/source-0-FastDateParser.java'],['tmp/files/llm4pc-defects4j-Lang-10-jKali-patch1/target-0-FastDateParser.java'],overfitting
llm4pc-defects4j-Closure-126-jKali-patch1,defects4j-Closure-126,jKali,tmp/patches/cleaned/llm4pc-defects4j-Closure-126-jKali-patch1.patch,Correct,LLM4PC,['tmp/methods/llm4pc-defects4j-Closure-126-jKali-patch1/source-0.java'],['tmp/methods/llm4pc-defects4j-Closure-126-jKali-patch1/target-0.java'],jkali,['tmp/files/llm4pc-defects4j-Closure-126-jKali-patch1/source-0-MinimizeExitPoints.java'],['tmp/files/llm4pc-defects4j-Closure-126-jKali-patch1/target-0-MinimizeExitPoints.java'],overfitting
llm4pc-defects4j-Math-50-jKali-patch1,defects4j-Math-50,jKali,tmp/patches/cleaned/llm4pc-defects4j-Math-50-jKali-patch1.patch,Correct,LLM4PC,['tmp/methods/llm4pc-defects4j-Math-50-jKali-patch1/source-0.java'],['tmp/methods/llm4pc-defects4j-Math-50-jKali-patch1/target-0.java'],jkali,['tmp/files/llm4pc-defects4j-Math-50-jKali-patch1/source-0-BaseSecantSolver.java'],['tmp/files/llm4pc-defects4j-Math-50-jKali-patch1/target-0-BaseSecantSolver.java'],overfitting
llm4pc-defects4j-Math-82-ACS-patch1,defects4j-Math-82,ACS,tmp/patches/cleaned/llm4pc-defects4j-Math-82-ACS-patch1.patch,Correct,LLM4PC,['tmp/methods/llm4pc-defects4j-Math-82-ACS-patch1/source-0.java'],['tmp/methods/llm4pc-defects4j-Math-82-ACS-patch1/target-0.java'],acs,['tmp/files/llm4pc-defects4j-Math-82-ACS-patch1/source-0-SimplexSolver.java'],['tmp/files/llm4pc-defects4j-Math-82-ACS-patch1/target-0-SimplexSolver.java'],correct
llm4pc-defects4j-Lang-44-Nopol-patch1,defects4j-Lang-44,Nopol,tmp/patches/cleaned/llm4pc-defects4j-Lang-44-Nopol-patch1.patch,Correct,LLM4PC,['tmp/methods/llm4pc-defects4j-Lang-44-Nopol-patch1/source-0.java'],['tmp/methods/llm4pc-defects4j-Lang-44-Nopol-patch1/target-0.java'],nopol,['tmp/files/llm4pc-defects4j-Lang-44-Nopol-patch1/source-0-NumberUtils.java'],['tmp/files/llm4pc-defects4j-Lang-44-Nopol-patch1/target-0-NumberUtils.java'],unknown
llm4pc-defects4j-Chart-5-Nopol-patch1,defects4j-Chart-5,Nopol,tmp/patches/cleaned/llm4pc-defects4j-Chart-5-Nopol-patch1.patch,Correct,LLM4PC,['tmp/methods/llm4pc-defects4j-Chart-5-Nopol-patch1/source-0.java'],['tmp/methods/llm4pc-defects4j-Chart-5-Nopol-patch1/target-0.java'],nopol,['tmp/files/llm4pc-defects4j-Chart-5-Nopol-patch1/source-0-XYSeries.java'],['tmp/files/llm4pc-defects4j-Chart-5-Nopol-patch1/target-0-XYSeries.java'],overfitting
llm4pc-defects4j-Chart-14-ACS-patch1,defects4j-Chart-14,ACS,tmp/patches/cleaned/llm4pc-defects4j-Chart-14-ACS-patch1.patch,Correct,LLM4PC,"['tmp/methods/llm4pc-defects4j-Chart-14-ACS-patch1/source-0.java', 'tmp/methods/llm4pc-defects4j-Chart-14-ACS-patch1/source-1.java']","['tmp/methods/llm4pc-defects4j-Chart-14-ACS-patch1/target-0.java', 'tmp/methods/llm4pc-defects4j-Chart-14-ACS-patch1/target-1.java']",acs,"['tmp/files/llm4pc-defects4j-Chart-14-ACS-patch1/source-0-CategoryPlot.java', 'tmp/files/llm4pc-defects4j-Chart-14-ACS-patch1/source-1-XYPlot.java']","['tmp/files/llm4pc-defects4j-Chart-14-ACS-patch1/target-0-CategoryPlot.java', 'tmp/files/llm4pc-defects4j-Chart-14-ACS-patch1/target-1-XYPlot.java']",correct
llm4pc-defects4j-Math-35-ACS-patch1,defects4j-Math-35,ACS,tmp/patches/cleaned/llm4pc-defects4j-Math-35-ACS-patch1.patch,Correct,LLM4PC,['tmp/methods/llm4pc-defects4j-Math-35-ACS-patch1/source-0.java'],['tmp/methods/llm4pc-defects4j-Math-35-ACS-patch1/target-0.java'],acs,['tmp/files/llm4pc-defects4j-Math-35-ACS-patch1/source-0-ElitisticListPopulation.java'],['tmp/files/llm4pc-defects4j-Math-35-ACS-patch1/target-0-ElitisticListPopulation.java'],correct
llm4pc-defects4j-Math-34-HDRepair-patch1,defects4j-Math-34,HDRepair,tmp/patches/cleaned/llm4pc-defects4j-Math-34-HDRepair-patch1.patch,Correct,LLM4PC,['tmp/methods/llm4pc-defects4j-Math-34-HDRepair-patch1/source-0.java'],['tmp/methods/llm4pc-defects4j-Math-34-HDRepair-patch1/target-0.java'],hdrepair,['tmp/files/llm4pc-defects4j-Math-34-HDRepair-patch1/source-0-ListPopulation.java'],['tmp/files/llm4pc-defects4j-Math-34-HDRepair-patch1/target-0-ListPopulation.java'],overfitting
llm4pc-defects4j-Lang-57-HDRepair-patch1,defects4j-Lang-57,HDRepair,tmp/patches/cleaned/llm4pc-defects4j-Lang-57-HDRepair-patch1.patch,Correct,LLM4PC,['tmp/methods/llm4pc-defects4j-Lang-57-HDRepair-patch1/source-0.java'],['tmp/methods/llm4pc-defects4j-Lang-57-HDRepair-patch1/target-0.java'],hdrepair,['tmp/files/llm4pc-defects4j-Lang-57-HDRepair-patch1/source-0-LocaleUtils.java'],['tmp/files/llm4pc-defects4j-Lang-57-HDRepair-patch1/target-0-LocaleUtils.java'],overfitting
llm4pc-defects4j-Lang-58-Nopol-patch1,defects4j-Lang-58,Nopol,tmp/patches/cleaned/llm4pc-defects4j-Lang-58-Nopol-patch1.patch,Correct,LLM4PC,['tmp/methods/llm4pc-defects4j-Lang-58-Nopol-patch1/source-0.java'],['tmp/methods/llm4pc-defects4j-Lang-58-Nopol-patch1/target-0.java'],nopol,['tmp/files/llm4pc-defects4j-Lang-58-Nopol-patch1/source-0-NumberUtils.java'],['tmp/files/llm4pc-defects4j-Lang-58-Nopol-patch1/target-0-NumberUtils.java'],correct
llm4pc-defects4j-Lang-24-ACS-patch1,defects4j-Lang-24,ACS,tmp/patches/cleaned/llm4pc-defects4j-Lang-24-ACS-patch1.patch,Correct,LLM4PC,['tmp/methods/llm4pc-defects4j-Lang-24-ACS-patch1/source-0.java'],['tmp/methods/llm4pc-defects4j-Lang-24-ACS-patch1/target-0.java'],acs,['tmp/files/llm4pc-defects4j-Lang-24-ACS-patch1/source-0-NumberUtils.java'],['tmp/files/llm4pc-defects4j-Lang-24-ACS-patch1/target-0-NumberUtils.java'],correct
llm4pc-defects4j-Time-19-HDRepair-patch1,defects4j-Time-19,HDRepair,tmp/patches/cleaned/llm4pc-defects4j-Time-19-HDRepair-patch1.patch,Correct,LLM4PC,['tmp/methods/llm4pc-defects4j-Time-19-HDRepair-patch1/source-0.java'],['tmp/methods/llm4pc-defects4j-Time-19-HDRepair-patch1/target-0.java'],hdrepair,['tmp/files/llm4pc-defects4j-Time-19-HDRepair-patch1/source-0-DateTimeZone.java'],['tmp/files/llm4pc-defects4j-Time-19-HDRepair-patch1/target-0-DateTimeZone.java'],overfitting
llm4pc-defects4j-Math-89-ACS-patch1,defects4j-Math-89,ACS,tmp/patches/cleaned/llm4pc-defects4j-Math-89-ACS-patch1.patch,Correct,LLM4PC,['tmp/methods/llm4pc-defects4j-Math-89-ACS-patch1/source-0.java'],['tmp/methods/llm4pc-defects4j-Math-89-ACS-patch1/target-0.java'],acs,['tmp/files/llm4pc-defects4j-Math-89-ACS-patch1/source-0-Frequency.java'],['tmp/files/llm4pc-defects4j-Math-89-ACS-patch1/target-0-Frequency.java'],overfitting
llm4pc-defects4j-Math-3-ACS-patch1,defects4j-Math-3,ACS,tmp/patches/cleaned/llm4pc-defects4j-Math-3-ACS-patch1.patch,Correct,LLM4PC,['tmp/methods/llm4pc-defects4j-Math-3-ACS-patch1/source-0.java'],['tmp/methods/llm4pc-defects4j-Math-3-ACS-patch1/target-0.java'],acs,['tmp/files/llm4pc-defects4j-Math-3-ACS-patch1/source-0-MathArrays.java'],['tmp/files/llm4pc-defects4j-Math-3-ACS-patch1/target-0-MathArrays.java'],overfitting
llm4pc-defects4j-Math-53-jGenProg-patch1,defects4j-Math-53,jGenProg,tmp/patches/cleaned/llm4pc-defects4j-Math-53-jGenProg-patch1.patch,Correct,LLM4PC,['tmp/methods/llm4pc-defects4j-Math-53-jGenProg-patch1/source-0.java'],['tmp/methods/llm4pc-defects4j-Math-53-jGenProg-patch1/target-0.java'],jgenprog,['tmp/files/llm4pc-defects4j-Math-53-jGenProg-patch1/source-0-Complex.java'],['tmp/files/llm4pc-defects4j-Math-53-jGenProg-patch1/target-0-Complex.java'],overfitting
llm4pc-defects4j-Math-90-ACS-patch1,defects4j-Math-90,ACS,tmp/patches/cleaned/llm4pc-defects4j-Math-90-ACS-patch1.patch,Correct,LLM4PC,['tmp/methods/llm4pc-defects4j-Math-90-ACS-patch1/source-0.java'],['tmp/methods/llm4pc-defects4j-Math-90-ACS-patch1/target-0.java'],acs,['tmp/files/llm4pc-defects4j-Math-90-ACS-patch1/source-0-Frequency.java'],['tmp/files/llm4pc-defects4j-Math-90-ACS-patch1/target-0-Frequency.java'],overfitting
llm4pc-defects4j-Math-70-HDRepair-patch1,defects4j-Math-70,HDRepair,tmp/patches/cleaned/llm4pc-defects4j-Math-70-HDRepair-patch1.patch,Correct,LLM4PC,['tmp/methods/llm4pc-defects4j-Math-70-HDRepair-patch1/source-0.java'],['tmp/methods/llm4pc-defects4j-Math-70-HDRepair-patch1/target-0.java'],hdrepair,['tmp/files/llm4pc-defects4j-Math-70-HDRepair-patch1/source-0-BisectionSolver.java'],['tmp/files/llm4pc-defects4j-Math-70-HDRepair-patch1/target-0-BisectionSolver.java'],overfitting
llm4pc-defects4j-Math-25-ACS-patch1,defects4j-Math-25,ACS,tmp/patches/cleaned/llm4pc-defects4j-Math-25-ACS-patch1.patch,Correct,LLM4PC,['tmp/methods/llm4pc-defects4j-Math-25-ACS-patch1/source-0.java'],['tmp/methods/llm4pc-defects4j-Math-25-ACS-patch1/target-0.java'],acs,['tmp/files/llm4pc-defects4j-Math-25-ACS-patch1/source-0-HarmonicFitter.java'],['tmp/files/llm4pc-defects4j-Math-25-ACS-patch1/target-0-HarmonicFitter.java'],overfitting
llm4pc-defects4j-Math-5-ACS-patch1,defects4j-Math-5,ACS,tmp/patches/cleaned/llm4pc-defects4j-Math-5-ACS-patch1.patch,Correct,LLM4PC,['tmp/methods/llm4pc-defects4j-Math-5-ACS-patch1/source-0.java'],['tmp/methods/llm4pc-defects4j-Math-5-ACS-patch1/target-0.java'],acs,['tmp/files/llm4pc-defects4j-Math-5-ACS-patch1/source-0-Complex.java'],['tmp/files/llm4pc-defects4j-Math-5-ACS-patch1/target-0-Complex.java'],overfitting
llm4pc-defects4j-Math-5-jGenProg-patch1,defects4j-Math-5,jGenProg,tmp/patches/cleaned/llm4pc-defects4j-Math-5-jGenProg-patch1.patch,Correct,LLM4PC,['tmp/methods/llm4pc-defects4j-Math-5-jGenProg-patch1/source-0.java'],['tmp/methods/llm4pc-defects4j-Math-5-jGenProg-patch1/target-0.java'],jgenprog,['tmp/files/llm4pc-defects4j-Math-5-jGenProg-patch1/source-0-Complex.java'],['tmp/files/llm4pc-defects4j-Math-5-jGenProg-patch1/target-0-Complex.java'],overfitting
llm4pc-defects4j-Math-50-Nopol-patch1,defects4j-Math-50,Nopol,tmp/patches/cleaned/llm4pc-defects4j-Math-50-Nopol-patch1.patch,Correct,LLM4PC,['tmp/methods/llm4pc-defects4j-Math-50-Nopol-patch1/source-0.java'],['tmp/methods/llm4pc-defects4j-Math-50-Nopol-patch1/target-0.java'],nopol,['tmp/files/llm4pc-defects4j-Math-50-Nopol-patch1/source-0-BaseSecantSolver.java'],['tmp/files/llm4pc-defects4j-Math-50-Nopol-patch1/target-0-BaseSecantSolver.java'],overfitting
llm4pc-defects4j-Math-85-ACS-patch1,defects4j-Math-85,ACS,tmp/patches/cleaned/llm4pc-defects4j-Math-85-ACS-patch1.patch,Correct,LLM4PC,['tmp/methods/llm4pc-defects4j-Math-85-ACS-patch1/source-0.java'],['tmp/methods/llm4pc-defects4j-Math-85-ACS-patch1/target-0.java'],acs,['tmp/files/llm4pc-defects4j-Math-85-ACS-patch1/source-0-UnivariateRealSolverUtils.java'],['tmp/files/llm4pc-defects4j-Math-85-ACS-patch1/target-0-UnivariateRealSolverUtils.java'],correct
llm4pc-defects4j-Time-15-ACS-patch1,defects4j-Time-15,ACS,tmp/patches/cleaned/llm4pc-defects4j-Time-15-ACS-patch1.patch,Correct,LLM4PC,['tmp/methods/llm4pc-defects4j-Time-15-ACS-patch1/source-0.java'],['tmp/methods/llm4pc-defects4j-Time-15-ACS-patch1/target-0.java'],acs,['tmp/files/llm4pc-defects4j-Time-15-ACS-patch1/source-0-FieldUtils.java'],['tmp/files/llm4pc-defects4j-Time-15-ACS-patch1/target-0-FieldUtils.java'],overfitting
llm4pc-defects4j-Math-99-ACS-patch1,defects4j-Math-99,ACS,tmp/patches/cleaned/llm4pc-defects4j-Math-99-ACS-patch1.patch,Correct,LLM4PC,['tmp/methods/llm4pc-defects4j-Math-99-ACS-patch1/source-0.java'],['tmp/methods/llm4pc-defects4j-Math-99-ACS-patch1/target-0.java'],acs,['tmp/files/llm4pc-defects4j-Math-99-ACS-patch1/source-0-MathUtils.java'],['tmp/files/llm4pc-defects4j-Math-99-ACS-patch1/target-0-MathUtils.java'],overfitting
llm4pc-defects4j-Chart-19-ACS-patch1,defects4j-Chart-19,ACS,tmp/patches/cleaned/llm4pc-defects4j-Chart-19-ACS-patch1.patch,Correct,LLM4PC,['tmp/methods/llm4pc-defects4j-Chart-19-ACS-patch1/source-0.java'],['tmp/methods/llm4pc-defects4j-Chart-19-ACS-patch1/target-0.java'],acs,['tmp/files/llm4pc-defects4j-Chart-19-ACS-patch1/source-0-CategoryPlot.java'],['tmp/files/llm4pc-defects4j-Chart-19-ACS-patch1/target-0-CategoryPlot.java'],correct
llm4pc-defects4j-Lang-55-Nopol-patch1,defects4j-Lang-55,Nopol,tmp/patches/cleaned/llm4pc-defects4j-Lang-55-Nopol-patch1.patch,Correct,LLM4PC,['tmp/methods/llm4pc-defects4j-Lang-55-Nopol-patch1/source-0.java'],['tmp/methods/llm4pc-defects4j-Lang-55-Nopol-patch1/target-0.java'],nopol,['tmp/files/llm4pc-defects4j-Lang-55-Nopol-patch1/source-0-StopWatch.java'],['tmp/files/llm4pc-defects4j-Lang-55-Nopol-patch1/target-0-StopWatch.java'],overfitting
llm4pc-defects4j-Math-93-ACS-patch1,defects4j-Math-93,ACS,tmp/patches/cleaned/llm4pc-defects4j-Math-93-ACS-patch1.patch,Correct,LLM4PC,['tmp/methods/llm4pc-defects4j-Math-93-ACS-patch1/source-0.java'],['tmp/methods/llm4pc-defects4j-Math-93-ACS-patch1/target-0.java'],acs,['tmp/files/llm4pc-defects4j-Math-93-ACS-patch1/source-0-MathUtils.java'],['tmp/files/llm4pc-defects4j-Math-93-ACS-patch1/target-0-MathUtils.java'],correct
llm4pc-defects4j-Closure-126-SketchFix-patch1,defects4j-Closure-126,SketchFix,tmp/patches/cleaned/llm4pc-defects4j-Closure-126-SketchFix-patch1.patch,Correct,LLM4PC,['tmp/methods/llm4pc-defects4j-Closure-126-SketchFix-patch1/source-0.java'],['tmp/methods/llm4pc-defects4j-Closure-126-SketchFix-patch1/target-0.java'],sketchfix,['tmp/files/llm4pc-defects4j-Closure-126-SketchFix-patch1/source-0-MinimizeExitPoints.java'],['tmp/files/llm4pc-defects4j-Closure-126-SketchFix-patch1/target-0-MinimizeExitPoints.java'],correct
llm4pc-defects4j-Chart-9-SketchFix-patch1,defects4j-Chart-9,SketchFix,tmp/patches/cleaned/llm4pc-defects4j-Chart-9-SketchFix-patch1.patch,Correct,LLM4PC,['tmp/methods/llm4pc-defects4j-Chart-9-SketchFix-patch1/source-0.java'],['tmp/methods/llm4pc-defects4j-Chart-9-SketchFix-patch1/target-0.java'],sketchfix,['tmp/files/llm4pc-defects4j-Chart-9-SketchFix-patch1/source-0-TimeSeries.java'],['tmp/files/llm4pc-defects4j-Chart-9-SketchFix-patch1/target-0-TimeSeries.java'],correct
llm4pc-defects4j-Chart-11-SketchFix-patch1,defects4j-Chart-11,SketchFix,tmp/patches/cleaned/llm4pc-defects4j-Chart-11-SketchFix-patch1.patch,Correct,LLM4PC,['tmp/methods/llm4pc-defects4j-Chart-11-SketchFix-patch1/source-0.java'],['tmp/methods/llm4pc-defects4j-Chart-11-SketchFix-patch1/target-0.java'],sketchfix,['tmp/files/llm4pc-defects4j-Chart-11-SketchFix-patch1/source-0-ShapeUtilities.java'],['tmp/files/llm4pc-defects4j-Chart-11-SketchFix-patch1/target-0-ShapeUtilities.java'],overfitting
llm4pc-defects4j-Chart-8-SketchFix-patch1,defects4j-Chart-8,SketchFix,tmp/patches/cleaned/llm4pc-defects4j-Chart-8-SketchFix-patch1.patch,Correct,LLM4PC,['tmp/methods/llm4pc-defects4j-Chart-8-SketchFix-patch1/source-0.java'],['tmp/methods/llm4pc-defects4j-Chart-8-SketchFix-patch1/target-0.java'],sketchfix,['tmp/files/llm4pc-defects4j-Chart-8-SketchFix-patch1/source-0-Week.java'],['tmp/files/llm4pc-defects4j-Chart-8-SketchFix-patch1/target-0-Week.java'],overfitting
llm4pc-defects4j-Math-50-SketchFix-patch1,defects4j-Math-50,SketchFix,tmp/patches/cleaned/llm4pc-defects4j-Math-50-SketchFix-patch1.patch,Correct,LLM4PC,['tmp/methods/llm4pc-defects4j-Math-50-SketchFix-patch1/source-0.java'],['tmp/methods/llm4pc-defects4j-Math-50-SketchFix-patch1/target-0.java'],sketchfix,['tmp/files/llm4pc-defects4j-Math-50-SketchFix-patch1/source-0-BaseSecantSolver.java'],['tmp/files/llm4pc-defects4j-Math-50-SketchFix-patch1/target-0-BaseSecantSolver.java'],overfitting
llm4pc-defects4j-Math-53-jGenProg-patch2,defects4j-Math-53,jGenProg,tmp/patches/cleaned/llm4pc-defects4j-Math-53-jGenProg-patch2.patch,Correct,LLM4PC,['tmp/methods/llm4pc-defects4j-Math-53-jGenProg-patch2/source-0.java'],['tmp/methods/llm4pc-defects4j-Math-53-jGenProg-patch2/target-0.java'],jgenprog,['tmp/files/llm4pc-defects4j-Math-53-jGenProg-patch2/source-0-Complex.java'],['tmp/files/llm4pc-defects4j-Math-53-jGenProg-patch2/target-0-Complex.java'],overfitting
llm4pc-defects4j-Math-5-jGenProg-patch2,defects4j-Math-5,jGenProg,tmp/patches/cleaned/llm4pc-defects4j-Math-5-jGenProg-patch2.patch,Correct,LLM4PC,['tmp/methods/llm4pc-defects4j-Math-5-jGenProg-patch2/source-0.java'],['tmp/methods/llm4pc-defects4j-Math-5-jGenProg-patch2/target-0.java'],jgenprog,['tmp/files/llm4pc-defects4j-Math-5-jGenProg-patch2/source-0-Complex.java'],['tmp/files/llm4pc-defects4j-Math-5-jGenProg-patch2/target-0-Complex.java'],overfitting
llm4pc-defects4j-Lang-7-ACS-patch1,defects4j-Lang-7,ACS,tmp/patches/cleaned/llm4pc-defects4j-Lang-7-ACS-patch1.patch,Correct,LLM4PC,['tmp/methods/llm4pc-defects4j-Lang-7-ACS-patch1/source-0.java'],['tmp/methods/llm4pc-defects4j-Lang-7-ACS-patch1/target-0.java'],acs,['tmp/files/llm4pc-defects4j-Lang-7-ACS-patch1/source-0-NumberUtils.java'],['tmp/files/llm4pc-defects4j-Lang-7-ACS-patch1/target-0-NumberUtils.java'],overfitting
llm4pc-defects4j-Lang-24-ACS-patch2,defects4j-Lang-24,ACS,tmp/patches/cleaned/llm4pc-defects4j-Lang-24-ACS-patch2.patch,Correct,LLM4PC,['tmp/methods/llm4pc-defects4j-Lang-24-ACS-patch2/source-0.java'],['tmp/methods/llm4pc-defects4j-Lang-24-ACS-patch2/target-0.java'],acs,['tmp/files/llm4pc-defects4j-Lang-24-ACS-patch2/source-0-NumberUtils.java'],['tmp/files/llm4pc-defects4j-Lang-24-ACS-patch2/target-0-NumberUtils.java'],correct
llm4pc-defects4j-Chart-19-ACS-patch2,defects4j-Chart-19,ACS,tmp/patches/cleaned/llm4pc-defects4j-Chart-19-ACS-patch2.patch,Correct,LLM4PC,['tmp/methods/llm4pc-defects4j-Chart-19-ACS-patch2/source-0.java'],['tmp/methods/llm4pc-defects4j-Chart-19-ACS-patch2/target-0.java'],acs,['tmp/files/llm4pc-defects4j-Chart-19-ACS-patch2/source-0-CategoryPlot.java'],['tmp/files/llm4pc-defects4j-Chart-19-ACS-patch2/target-0-CategoryPlot.java'],correct
llm4pc-defects4j-Chart-14-ACS-patch2,defects4j-Chart-14,ACS,tmp/patches/cleaned/llm4pc-defects4j-Chart-14-ACS-patch2.patch,Correct,LLM4PC,"['tmp/methods/llm4pc-defects4j-Chart-14-ACS-patch2/source-0.java', 'tmp/methods/llm4pc-defects4j-Chart-14-ACS-patch2/source-1.java']","['tmp/methods/llm4pc-defects4j-Chart-14-ACS-patch2/target-0.java', 'tmp/methods/llm4pc-defects4j-Chart-14-ACS-patch2/target-1.java']",acs,"['tmp/files/llm4pc-defects4j-Chart-14-ACS-patch2/source-0-CategoryPlot.java', 'tmp/files/llm4pc-defects4j-Chart-14-ACS-patch2/source-1-XYPlot.java']","['tmp/files/llm4pc-defects4j-Chart-14-ACS-patch2/target-0-CategoryPlot.java', 'tmp/files/llm4pc-defects4j-Chart-14-ACS-patch2/target-1-XYPlot.java']",correct
llm4pc-defects4j-Math-82-ACS-patch2,defects4j-Math-82,ACS,tmp/patches/cleaned/llm4pc-defects4j-Math-82-ACS-patch2.patch,Correct,LLM4PC,['tmp/methods/llm4pc-defects4j-Math-82-ACS-patch2/source-0.java'],['tmp/methods/llm4pc-defects4j-Math-82-ACS-patch2/target-0.java'],acs,['tmp/files/llm4pc-defects4j-Math-82-ACS-patch2/source-0-SimplexSolver.java'],['tmp/files/llm4pc-defects4j-Math-82-ACS-patch2/target-0-SimplexSolver.java'],correct
llm4pc-defects4j-Math-25-ACS-patch2,defects4j-Math-25,ACS,tmp/patches/cleaned/llm4pc-defects4j-Math-25-ACS-patch2.patch,Correct,LLM4PC,['tmp/methods/llm4pc-defects4j-Math-25-ACS-patch2/source-0.java'],['tmp/methods/llm4pc-defects4j-Math-25-ACS-patch2/target-0.java'],acs,['tmp/files/llm4pc-defects4j-Math-25-ACS-patch2/source-0-HarmonicFitter.java'],['tmp/files/llm4pc-defects4j-Math-25-ACS-patch2/target-0-HarmonicFitter.java'],overfitting
llm4pc-defects4j-Math-89-ACS-patch2,defects4j-Math-89,ACS,tmp/patches/cleaned/llm4pc-defects4j-Math-89-ACS-patch2.patch,Correct,LLM4PC,['tmp/methods/llm4pc-defects4j-Math-89-ACS-patch2/source-0.java'],['tmp/methods/llm4pc-defects4j-Math-89-ACS-patch2/target-0.java'],acs,['tmp/files/llm4pc-defects4j-Math-89-ACS-patch2/source-0-Frequency.java'],['tmp/files/llm4pc-defects4j-Math-89-ACS-patch2/target-0-Frequency.java'],overfitting
llm4pc-defects4j-Math-5-ACS-patch2,defects4j-Math-5,ACS,tmp/patches/cleaned/llm4pc-defects4j-Math-5-ACS-patch2.patch,Correct,LLM4PC,['tmp/methods/llm4pc-defects4j-Math-5-ACS-patch2/source-0.java'],['tmp/methods/llm4pc-defects4j-Math-5-ACS-patch2/target-0.java'],acs,['tmp/files/llm4pc-defects4j-Math-5-ACS-patch2/source-0-Complex.java'],['tmp/files/llm4pc-defects4j-Math-5-ACS-patch2/target-0-Complex.java'],overfitting
llm4pc-defects4j-Math-35-ACS-patch2,defects4j-Math-35,ACS,tmp/patches/cleaned/llm4pc-defects4j-Math-35-ACS-patch2.patch,Correct,LLM4PC,['tmp/methods/llm4pc-defects4j-Math-35-ACS-patch2/source-0.java'],['tmp/methods/llm4pc-defects4j-Math-35-ACS-patch2/target-0.java'],acs,['tmp/files/llm4pc-defects4j-Math-35-ACS-patch2/source-0-ElitisticListPopulation.java'],['tmp/files/llm4pc-defects4j-Math-35-ACS-patch2/target-0-ElitisticListPopulation.java'],correct
llm4pc-defects4j-Math-90-ACS-patch2,defects4j-Math-90,ACS,tmp/patches/cleaned/llm4pc-defects4j-Math-90-ACS-patch2.patch,Correct,LLM4PC,['tmp/methods/llm4pc-defects4j-Math-90-ACS-patch2/source-0.java'],['tmp/methods/llm4pc-defects4j-Math-90-ACS-patch2/target-0.java'],acs,['tmp/files/llm4pc-defects4j-Math-90-ACS-patch2/source-0-Frequency.java'],['tmp/files/llm4pc-defects4j-Math-90-ACS-patch2/target-0-Frequency.java'],overfitting
llm4pc-defects4j-Math-3-ACS-patch2,defects4j-Math-3,ACS,tmp/patches/cleaned/llm4pc-defects4j-Math-3-ACS-patch2.patch,Correct,LLM4PC,['tmp/methods/llm4pc-defects4j-Math-3-ACS-patch2/source-0.java'],['tmp/methods/llm4pc-defects4j-Math-3-ACS-patch2/target-0.java'],acs,['tmp/files/llm4pc-defects4j-Math-3-ACS-patch2/source-0-MathArrays.java'],['tmp/files/llm4pc-defects4j-Math-3-ACS-patch2/target-0-MathArrays.java'],overfitting
llm4pc-defects4j-Math-61-ACS-patch1,defects4j-Math-61,ACS,tmp/patches/cleaned/llm4pc-defects4j-Math-61-ACS-patch1.patch,Correct,LLM4PC,['tmp/methods/llm4pc-defects4j-Math-61-ACS-patch1/source-0.java'],['tmp/methods/llm4pc-defects4j-Math-61-ACS-patch1/target-0.java'],acs,['tmp/files/llm4pc-defects4j-Math-61-ACS-patch1/source-0-PoissonDistributionImpl.java'],['tmp/files/llm4pc-defects4j-Math-61-ACS-patch1/target-0-PoissonDistributionImpl.java'],overfitting
llm4pc-defects4j-Math-99-ACS-patch2,defects4j-Math-99,ACS,tmp/patches/cleaned/llm4pc-defects4j-Math-99-ACS-patch2.patch,Correct,LLM4PC,['tmp/methods/llm4pc-defects4j-Math-99-ACS-patch2/source-0.java'],['tmp/methods/llm4pc-defects4j-Math-99-ACS-patch2/target-0.java'],acs,['tmp/files/llm4pc-defects4j-Math-99-ACS-patch2/source-0-MathUtils.java'],['tmp/files/llm4pc-defects4j-Math-99-ACS-patch2/target-0-MathUtils.java'],overfitting
llm4pc-defects4j-Math-85-ACS-patch2,defects4j-Math-85,ACS,tmp/patches/cleaned/llm4pc-defects4j-Math-85-ACS-patch2.patch,Correct,LLM4PC,['tmp/methods/llm4pc-defects4j-Math-85-ACS-patch2/source-0.java'],['tmp/methods/llm4pc-defects4j-Math-85-ACS-patch2/target-0.java'],acs,['tmp/files/llm4pc-defects4j-Math-85-ACS-patch2/source-0-UnivariateRealSolverUtils.java'],['tmp/files/llm4pc-defects4j-Math-85-ACS-patch2/target-0-UnivariateRealSolverUtils.java'],correct
llm4pc-defects4j-Time-15-ACS-patch2,defects4j-Time-15,ACS,tmp/patches/cleaned/llm4pc-defects4j-Time-15-ACS-patch2.patch,Correct,LLM4PC,['tmp/methods/llm4pc-defects4j-Time-15-ACS-patch2/source-0.java'],['tmp/methods/llm4pc-defects4j-Time-15-ACS-patch2/target-0.java'],acs,['tmp/files/llm4pc-defects4j-Time-15-ACS-patch2/source-0-FieldUtils.java'],['tmp/files/llm4pc-defects4j-Time-15-ACS-patch2/target-0-FieldUtils.java'],overfitting
llm4pc-defects4j-Lang-39-SimFix-patch1,defects4j-Lang-39,SimFix,tmp/patches/cleaned/llm4pc-defects4j-Lang-39-SimFix-patch1.patch,Correct,LLM4PC,['tmp/methods/llm4pc-defects4j-Lang-39-SimFix-patch1/source-0.java'],['tmp/methods/llm4pc-defects4j-Lang-39-SimFix-patch1/target-0.java'],simfix,['tmp/files/llm4pc-defects4j-Lang-39-SimFix-patch1/source-0-StringUtils.java'],['tmp/files/llm4pc-defects4j-Lang-39-SimFix-patch1/target-0-StringUtils.java'],overfitting
llm4pc-defects4j-Lang-58-SimFix-patch1,defects4j-Lang-58,SimFix,tmp/patches/cleaned/llm4pc-defects4j-Lang-58-SimFix-patch1.patch,Correct,LLM4PC,['tmp/methods/llm4pc-defects4j-Lang-58-SimFix-patch1/source-0.java'],['tmp/methods/llm4pc-defects4j-Lang-58-SimFix-patch1/target-0.java'],simfix,['tmp/files/llm4pc-defects4j-Lang-58-SimFix-patch1/source-0-NumberUtils.java'],['tmp/files/llm4pc-defects4j-Lang-58-SimFix-patch1/target-0-NumberUtils.java'],unknown
llm4pc-defects4j-Lang-33-SimFix-patch1,defects4j-Lang-33,SimFix,tmp/patches/cleaned/llm4pc-defects4j-Lang-33-SimFix-patch1.patch,Correct,LLM4PC,['tmp/methods/llm4pc-defects4j-Lang-33-SimFix-patch1/source-0.java'],['tmp/methods/llm4pc-defects4j-Lang-33-SimFix-patch1/target-0.java'],simfix,['tmp/files/llm4pc-defects4j-Lang-33-SimFix-patch1/source-0-ClassUtils.java'],['tmp/files/llm4pc-defects4j-Lang-33-SimFix-patch1/target-0-ClassUtils.java'],correct
llm4pc-defects4j-Lang-60-SimFix-patch1,defects4j-Lang-60,SimFix,tmp/patches/cleaned/llm4pc-defects4j-Lang-60-SimFix-patch1.patch,Correct,LLM4PC,['tmp/methods/llm4pc-defects4j-Lang-60-SimFix-patch1/source-0.java'],['tmp/methods/llm4pc-defects4j-Lang-60-SimFix-patch1/target-0.java'],simfix,['tmp/files/llm4pc-defects4j-Lang-60-SimFix-patch1/source-0-StrBuilder.java'],['tmp/files/llm4pc-defects4j-Lang-60-SimFix-patch1/target-0-StrBuilder.java'],overfitting
llm4pc-defects4j-Lang-43-SimFix-patch1,defects4j-Lang-43,SimFix,tmp/patches/cleaned/llm4pc-defects4j-Lang-43-SimFix-patch1.patch,Correct,LLM4PC,['tmp/methods/llm4pc-defects4j-Lang-43-SimFix-patch1/source-0.java'],['tmp/methods/llm4pc-defects4j-Lang-43-SimFix-patch1/target-0.java'],simfix,['tmp/files/llm4pc-defects4j-Lang-43-SimFix-patch1/source-0-ExtendedMessageFormat.java'],['tmp/files/llm4pc-defects4j-Lang-43-SimFix-patch1/target-0-ExtendedMessageFormat.java'],overfitting
llm4pc-defects4j-Closure-68-SimFix-patch1,defects4j-Closure-68,SimFix,tmp/patches/cleaned/llm4pc-defects4j-Closure-68-SimFix-patch1.patch,Correct,LLM4PC,['tmp/methods/llm4pc-defects4j-Closure-68-SimFix-patch1/source-0.java'],['tmp/methods/llm4pc-defects4j-Closure-68-SimFix-patch1/target-0.java'],simfix,['tmp/files/llm4pc-defects4j-Closure-68-SimFix-patch1/source-0-JsDocInfoParser.java'],['tmp/files/llm4pc-defects4j-Closure-68-SimFix-patch1/target-0-JsDocInfoParser.java'],overfitting
llm4pc-defects4j-Closure-115-SimFix-patch1,defects4j-Closure-115,SimFix,tmp/patches/cleaned/llm4pc-defects4j-Closure-115-SimFix-patch1.patch,Correct,LLM4PC,['tmp/methods/llm4pc-defects4j-Closure-115-SimFix-patch1/source-0.java'],['tmp/methods/llm4pc-defects4j-Closure-115-SimFix-patch1/target-0.java'],simfix,['tmp/files/llm4pc-defects4j-Closure-115-SimFix-patch1/source-0-FunctionInjector.java'],['tmp/files/llm4pc-defects4j-Closure-115-SimFix-patch1/target-0-FunctionInjector.java'],overfitting
llm4pc-defects4j-Closure-6-SimFix-patch1,defects4j-Closure-6,SimFix,tmp/patches/cleaned/llm4pc-defects4j-Closure-6-SimFix-patch1.patch,Correct,LLM4PC,['tmp/methods/llm4pc-defects4j-Closure-6-SimFix-patch1/source-0.java'],['tmp/methods/llm4pc-defects4j-Closure-6-SimFix-patch1/target-0.java'],simfix,['tmp/files/llm4pc-defects4j-Closure-6-SimFix-patch1/source-0-TypeValidator.java'],['tmp/files/llm4pc-defects4j-Closure-6-SimFix-patch1/target-0-TypeValidator.java'],overfitting
llm4pc-defects4j-Closure-19-SimFix-patch1,defects4j-Closure-19,SimFix,tmp/patches/cleaned/llm4pc-defects4j-Closure-19-SimFix-patch1.patch,Correct,LLM4PC,['tmp/methods/llm4pc-defects4j-Closure-19-SimFix-patch1/source-0.java'],['tmp/methods/llm4pc-defects4j-Closure-19-SimFix-patch1/target-0.java'],simfix,['tmp/files/llm4pc-defects4j-Closure-19-SimFix-patch1/source-0-ClosureReverseAbstractInterpreter.java'],['tmp/files/llm4pc-defects4j-Closure-19-SimFix-patch1/target-0-ClosureReverseAbstractInterpreter.java'],overfitting
llm4pc-defects4j-Chart-7-SimFix-patch1,defects4j-Chart-7,SimFix,tmp/patches/cleaned/llm4pc-defects4j-Chart-7-SimFix-patch1.patch,Correct,LLM4PC,['tmp/methods/llm4pc-defects4j-Chart-7-SimFix-patch1/source-0.java'],['tmp/methods/llm4pc-defects4j-Chart-7-SimFix-patch1/target-0.java'],simfix,['tmp/files/llm4pc-defects4j-Chart-7-SimFix-patch1/source-0-TimePeriodValues.java'],['tmp/files/llm4pc-defects4j-Chart-7-SimFix-patch1/target-0-TimePeriodValues.java'],overfitting
llm4pc-defects4j-Chart-20-SimFix-patch1,defects4j-Chart-20,SimFix,tmp/patches/cleaned/llm4pc-defects4j-Chart-20-SimFix-patch1.patch,Correct,LLM4PC,['tmp/methods/llm4pc-defects4j-Chart-20-SimFix-patch1/source-0.java'],['tmp/methods/llm4pc-defects4j-Chart-20-SimFix-patch1/target-0.java'],simfix,['tmp/files/llm4pc-defects4j-Chart-20-SimFix-patch1/source-0-ValueMarker.java'],['tmp/files/llm4pc-defects4j-Chart-20-SimFix-patch1/target-0-ValueMarker.java'],overfitting
llm4pc-defects4j-Math-53-SimFix-patch1,defects4j-Math-53,SimFix,tmp/patches/cleaned/llm4pc-defects4j-Math-53-SimFix-patch1.patch,Correct,LLM4PC,['tmp/methods/llm4pc-defects4j-Math-53-SimFix-patch1/source-0.java'],['tmp/methods/llm4pc-defects4j-Math-53-SimFix-patch1/target-0.java'],simfix,['tmp/files/llm4pc-defects4j-Math-53-SimFix-patch1/source-0-Complex.java'],['tmp/files/llm4pc-defects4j-Math-53-SimFix-patch1/target-0-Complex.java'],overfitting
llm4pc-defects4j-Math-71-SimFix-patch1,defects4j-Math-71,SimFix,tmp/patches/cleaned/llm4pc-defects4j-Math-71-SimFix-patch1.patch,Correct,LLM4PC,['tmp/methods/llm4pc-defects4j-Math-71-SimFix-patch1/source-0.java'],['tmp/methods/llm4pc-defects4j-Math-71-SimFix-patch1/target-0.java'],simfix,['tmp/files/llm4pc-defects4j-Math-71-SimFix-patch1/source-0-EmbeddedRungeKuttaIntegrator.java'],['tmp/files/llm4pc-defects4j-Math-71-SimFix-patch1/target-0-EmbeddedRungeKuttaIntegrator.java'],overfitting
llm4pc-defects4j-Math-41-SimFix-patch1,defects4j-Math-41,SimFix,tmp/patches/cleaned/llm4pc-defects4j-Math-41-SimFix-patch1.patch,Correct,LLM4PC,['tmp/methods/llm4pc-defects4j-Math-41-SimFix-patch1/source-0.java'],['tmp/methods/llm4pc-defects4j-Math-41-SimFix-patch1/target-0.java'],simfix,['tmp/files/llm4pc-defects4j-Math-41-SimFix-patch1/source-0-Variance.java'],['tmp/files/llm4pc-defects4j-Math-41-SimFix-patch1/target-0-Variance.java'],overfitting
llm4pc-defects4j-Math-5-SimFix-patch1,defects4j-Math-5,SimFix,tmp/patches/cleaned/llm4pc-defects4j-Math-5-SimFix-patch1.patch,Correct,LLM4PC,['tmp/methods/llm4pc-defects4j-Math-5-SimFix-patch1/source-0.java'],['tmp/methods/llm4pc-defects4j-Math-5-SimFix-patch1/target-0.java'],simfix,['tmp/files/llm4pc-defects4j-Math-5-SimFix-patch1/source-0-Complex.java'],['tmp/files/llm4pc-defects4j-Math-5-SimFix-patch1/target-0-Complex.java'],overfitting
llm4pc-defects4j-Math-72-SimFix-patch1,defects4j-Math-72,SimFix,tmp/patches/cleaned/llm4pc-defects4j-Math-72-SimFix-patch1.patch,Correct,LLM4PC,['tmp/methods/llm4pc-defects4j-Math-72-SimFix-patch1/source-0.java'],['tmp/methods/llm4pc-defects4j-Math-72-SimFix-patch1/target-0.java'],simfix,['tmp/files/llm4pc-defects4j-Math-72-SimFix-patch1/source-0-BrentSolver.java'],['tmp/files/llm4pc-defects4j-Math-72-SimFix-patch1/target-0-BrentSolver.java'],overfitting
llm4pc-defects4j-Lang-6-AVATAR-patch1,defects4j-Lang-6,AVATAR,tmp/patches/cleaned/llm4pc-defects4j-Lang-6-AVATAR-patch1.patch,Correct,LLM4PC,['tmp/methods/llm4pc-defects4j-Lang-6-AVATAR-patch1/source-0.java'],['tmp/methods/llm4pc-defects4j-Lang-6-AVATAR-patch1/target-0.java'],avatar,['tmp/files/llm4pc-defects4j-Lang-6-AVATAR-patch1/source-0-CharSequenceTranslator.java'],['tmp/files/llm4pc-defects4j-Lang-6-AVATAR-patch1/target-0-CharSequenceTranslator.java'],overfitting
llm4pc-defects4j-Lang-57-AVATAR-patch1,defects4j-Lang-57,AVATAR,tmp/patches/cleaned/llm4pc-defects4j-Lang-57-AVATAR-patch1.patch,Correct,LLM4PC,['tmp/methods/llm4pc-defects4j-Lang-57-AVATAR-patch1/source-0.java'],['tmp/methods/llm4pc-defects4j-Lang-57-AVATAR-patch1/target-0.java'],avatar,['tmp/files/llm4pc-defects4j-Lang-57-AVATAR-patch1/source-0-LocaleUtils.java'],['tmp/files/llm4pc-defects4j-Lang-57-AVATAR-patch1/target-0-LocaleUtils.java'],overfitting
llm4pc-defects4j-Lang-10-AVATAR-patch1,defects4j-Lang-10,AVATAR,tmp/patches/cleaned/llm4pc-defects4j-Lang-10-AVATAR-patch1.patch,Correct,LLM4PC,['tmp/methods/llm4pc-defects4j-Lang-10-AVATAR-patch1/source-0.java'],['tmp/methods/llm4pc-defects4j-Lang-10-AVATAR-patch1/target-0.java'],avatar,['tmp/files/llm4pc-defects4j-Lang-10-AVATAR-patch1/source-0-FastDateParser.java'],['tmp/files/llm4pc-defects4j-Lang-10-AVATAR-patch1/target-0-FastDateParser.java'],overfitting
llm4pc-defects4j-Lang-7-AVATAR-patch1,defects4j-Lang-7,AVATAR,tmp/patches/cleaned/llm4pc-defects4j-Lang-7-AVATAR-patch1.patch,Correct,LLM4PC,['tmp/methods/llm4pc-defects4j-Lang-7-AVATAR-patch1/source-0.java'],['tmp/methods/llm4pc-defects4j-Lang-7-AVATAR-patch1/target-0.java'],avatar,['tmp/files/llm4pc-defects4j-Lang-7-AVATAR-patch1/source-0-NumberUtils.java'],['tmp/files/llm4pc-defects4j-Lang-7-AVATAR-patch1/target-0-NumberUtils.java'],correct
llm4pc-defects4j-Closure-2-AVATAR-patch1,defects4j-Closure-2,AVATAR,tmp/patches/cleaned/llm4pc-defects4j-Closure-2-AVATAR-patch1.patch,Correct,LLM4PC,['tmp/methods/llm4pc-defects4j-Closure-2-AVATAR-patch1/source-0.java'],['tmp/methods/llm4pc-defects4j-Closure-2-AVATAR-patch1/target-0.java'],avatar,['tmp/files/llm4pc-defects4j-Closure-2-AVATAR-patch1/source-0-TypeCheck.java'],['tmp/files/llm4pc-defects4j-Closure-2-AVATAR-patch1/target-0-TypeCheck.java'],overfitting
llm4pc-defects4j-Closure-46-AVATAR-patch1,defects4j-Closure-46,AVATAR,tmp/patches/cleaned/llm4pc-defects4j-Closure-46-AVATAR-patch1.patch,Correct,LLM4PC,['tmp/methods/llm4pc-defects4j-Closure-46-AVATAR-patch1/source-0.java'],['tmp/methods/llm4pc-defects4j-Closure-46-AVATAR-patch1/target-0.java'],avatar,['tmp/files/llm4pc-defects4j-Closure-46-AVATAR-patch1/source-0-RecordType.java'],['tmp/files/llm4pc-defects4j-Closure-46-AVATAR-patch1/target-0-RecordType.java'],overfitting
llm4pc-defects4j-Closure-62-AVATAR-patch1,defects4j-Closure-62,AVATAR,tmp/patches/cleaned/llm4pc-defects4j-Closure-62-AVATAR-patch1.patch,Correct,LLM4PC,['tmp/methods/llm4pc-defects4j-Closure-62-AVATAR-patch1/source-0.java'],['tmp/methods/llm4pc-defects4j-Closure-62-AVATAR-patch1/target-0.java'],avatar,['tmp/files/llm4pc-defects4j-Closure-62-AVATAR-patch1/source-0-LightweightMessageFormatter.java'],['tmp/files/llm4pc-defects4j-Closure-62-AVATAR-patch1/target-0-LightweightMessageFormatter.java'],overfitting
llm4pc-defects4j-Closure-115-AVATAR-patch1,defects4j-Closure-115,AVATAR,tmp/patches/cleaned/llm4pc-defects4j-Closure-115-AVATAR-patch1.patch,Correct,LLM4PC,['tmp/methods/llm4pc-defects4j-Closure-115-AVATAR-patch1/source-0.java'],['tmp/methods/llm4pc-defects4j-Closure-115-AVATAR-patch1/target-0.java'],avatar,['tmp/files/llm4pc-defects4j-Closure-115-AVATAR-patch1/source-0-FunctionInjector.java'],['tmp/files/llm4pc-defects4j-Closure-115-AVATAR-patch1/target-0-FunctionInjector.java'],overfitting
llm4pc-defects4j-Closure-73-AVATAR-patch1,defects4j-Closure-73,AVATAR,tmp/patches/cleaned/llm4pc-defects4j-Closure-73-AVATAR-patch1.patch,Correct,LLM4PC,['tmp/methods/llm4pc-defects4j-Closure-73-AVATAR-patch1/source-0.java'],['tmp/methods/llm4pc-defects4j-Closure-73-AVATAR-patch1/target-0.java'],avatar,['tmp/files/llm4pc-defects4j-Closure-73-AVATAR-patch1/source-0-CodeGenerator.java'],['tmp/files/llm4pc-defects4j-Closure-73-AVATAR-patch1/target-0-CodeGenerator.java'],overfitting
llm4pc-defects4j-Closure-38-AVATAR-patch1,defects4j-Closure-38,AVATAR,tmp/patches/cleaned/llm4pc-defects4j-Closure-38-AVATAR-patch1.patch,Correct,LLM4PC,['tmp/methods/llm4pc-defects4j-Closure-38-AVATAR-patch1/source-0.java'],['tmp/methods/llm4pc-defects4j-Closure-38-AVATAR-patch1/target-0.java'],avatar,['tmp/files/llm4pc-defects4j-Closure-38-AVATAR-patch1/source-0-CodeConsumer.java'],['tmp/files/llm4pc-defects4j-Closure-38-AVATAR-patch1/target-0-CodeConsumer.java'],overfitting
llm4pc-defects4j-Chart-4-AVATAR-patch1,defects4j-Chart-4,AVATAR,tmp/patches/cleaned/llm4pc-defects4j-Chart-4-AVATAR-patch1.patch,Correct,LLM4PC,['tmp/methods/llm4pc-defects4j-Chart-4-AVATAR-patch1/source-0.java'],['tmp/methods/llm4pc-defects4j-Chart-4-AVATAR-patch1/target-0.java'],avatar,['tmp/files/llm4pc-defects4j-Chart-4-AVATAR-patch1/source-0-XYPlot.java'],['tmp/files/llm4pc-defects4j-Chart-4-AVATAR-patch1/target-0-XYPlot.java'],correct
llm4pc-defects4j-Chart-11-AVATAR-patch1,defects4j-Chart-11,AVATAR,tmp/patches/cleaned/llm4pc-defects4j-Chart-11-AVATAR-patch1.patch,Correct,LLM4PC,['tmp/methods/llm4pc-defects4j-Chart-11-AVATAR-patch1/source-0.java'],['tmp/methods/llm4pc-defects4j-Chart-11-AVATAR-patch1/target-0.java'],avatar,['tmp/files/llm4pc-defects4j-Chart-11-AVATAR-patch1/source-0-ShapeUtilities.java'],['tmp/files/llm4pc-defects4j-Chart-11-AVATAR-patch1/target-0-ShapeUtilities.java'],overfitting
llm4pc-defects4j-Chart-1-AVATAR-patch1,defects4j-Chart-1,AVATAR,tmp/patches/cleaned/llm4pc-defects4j-Chart-1-AVATAR-patch1.patch,Correct,LLM4PC,['tmp/methods/llm4pc-defects4j-Chart-1-AVATAR-patch1/source-0.java'],['tmp/methods/llm4pc-defects4j-Chart-1-AVATAR-patch1/target-0.java'],avatar,['tmp/files/llm4pc-defects4j-Chart-1-AVATAR-patch1/source-0-AbstractCategoryItemRenderer.java'],['tmp/files/llm4pc-defects4j-Chart-1-AVATAR-patch1/target-0-AbstractCategoryItemRenderer.java'],overfitting
llm4pc-defects4j-Chart-24-AVATAR-patch1,defects4j-Chart-24,AVATAR,tmp/patches/cleaned/llm4pc-defects4j-Chart-24-AVATAR-patch1.patch,Correct,LLM4PC,['tmp/methods/llm4pc-defects4j-Chart-24-AVATAR-patch1/source-0.java'],['tmp/methods/llm4pc-defects4j-Chart-24-AVATAR-patch1/target-0.java'],avatar,['tmp/files/llm4pc-defects4j-Chart-24-AVATAR-patch1/source-0-GrayPaintScale.java'],['tmp/files/llm4pc-defects4j-Chart-24-AVATAR-patch1/target-0-GrayPaintScale.java'],overfitting
llm4pc-defects4j-Math-59-AVATAR-patch1,defects4j-Math-59,AVATAR,tmp/patches/cleaned/llm4pc-defects4j-Math-59-AVATAR-patch1.patch,Correct,LLM4PC,['tmp/methods/llm4pc-defects4j-Math-59-AVATAR-patch1/source-0.java'],['tmp/methods/llm4pc-defects4j-Math-59-AVATAR-patch1/target-0.java'],avatar,['tmp/files/llm4pc-defects4j-Math-59-AVATAR-patch1/source-0-FastMath.java'],['tmp/files/llm4pc-defects4j-Math-59-AVATAR-patch1/target-0-FastMath.java'],overfitting
llm4pc-defects4j-Math-89-AVATAR-patch1,defects4j-Math-89,AVATAR,tmp/patches/cleaned/llm4pc-defects4j-Math-89-AVATAR-patch1.patch,Correct,LLM4PC,['tmp/methods/llm4pc-defects4j-Math-89-AVATAR-patch1/source-0.java'],['tmp/methods/llm4pc-defects4j-Math-89-AVATAR-patch1/target-0.java'],avatar,['tmp/files/llm4pc-defects4j-Math-89-AVATAR-patch1/source-0-Frequency.java'],['tmp/files/llm4pc-defects4j-Math-89-AVATAR-patch1/target-0-Frequency.java'],overfitting
llm4pc-defects4j-Math-4-AVATAR-patch1,defects4j-Math-4,AVATAR,tmp/patches/cleaned/llm4pc-defects4j-Math-4-AVATAR-patch1.patch,Correct,LLM4PC,"['tmp/methods/llm4pc-defects4j-Math-4-AVATAR-patch1/source-0.java', 'tmp/methods/llm4pc-defects4j-Math-4-AVATAR-patch1/source-1.java']","['tmp/methods/llm4pc-defects4j-Math-4-AVATAR-patch1/target-0.java', 'tmp/methods/llm4pc-defects4j-Math-4-AVATAR-patch1/target-1.java']",avatar,"['tmp/files/llm4pc-defects4j-Math-4-AVATAR-patch1/source-0-SubLine.java', 'tmp/files/llm4pc-defects4j-Math-4-AVATAR-patch1/source-1-SubLine.java']","['tmp/files/llm4pc-defects4j-Math-4-AVATAR-patch1/target-0-SubLine.java', 'tmp/files/llm4pc-defects4j-Math-4-AVATAR-patch1/target-1-SubLine.java']",correct
llm4pc-defects4j-Closure-126-GenProg-patch1,defects4j-Closure-126,GenProg,tmp/patches/cleaned/llm4pc-defects4j-Closure-126-GenProg-patch1.patch,Correct,LLM4PC,['tmp/methods/llm4pc-defects4j-Closure-126-GenProg-patch1/source-0.java'],['tmp/methods/llm4pc-defects4j-Closure-126-GenProg-patch1/target-0.java'],genprog,['tmp/files/llm4pc-defects4j-Closure-126-GenProg-patch1/source-0-MinimizeExitPoints.java'],['tmp/files/llm4pc-defects4j-Closure-126-GenProg-patch1/target-0-MinimizeExitPoints.java'],overfitting
llm4pc-defects4j-Lang-46-Nopol-patch1,defects4j-Lang-46,Nopol,tmp/patches/cleaned/llm4pc-defects4j-Lang-46-Nopol-patch1.patch,Correct,LLM4PC,['tmp/methods/llm4pc-defects4j-Lang-46-Nopol-patch1/source-0.java'],['tmp/methods/llm4pc-defects4j-Lang-46-Nopol-patch1/target-0.java'],nopol,['tmp/files/llm4pc-defects4j-Lang-46-Nopol-patch1/source-0-StringEscapeUtils.java'],['tmp/files/llm4pc-defects4j-Lang-46-Nopol-patch1/target-0-StringEscapeUtils.java'],overfitting
llm4pc-defects4j-Lang-7-kPAR-patch1,defects4j-Lang-7,kPAR,tmp/patches/cleaned/llm4pc-defects4j-Lang-7-kPAR-patch1.patch,Correct,LLM4PC,['tmp/methods/llm4pc-defects4j-Lang-7-kPAR-patch1/source-0.java'],['tmp/methods/llm4pc-defects4j-Lang-7-kPAR-patch1/target-0.java'],kpar,['tmp/files/llm4pc-defects4j-Lang-7-kPAR-patch1/source-0-NumberUtils.java'],['tmp/files/llm4pc-defects4j-Lang-7-kPAR-patch1/target-0-NumberUtils.java'],correct
llm4pc-defects4j-Closure-40-kPAR-patch1,defects4j-Closure-40,kPAR,tmp/patches/cleaned/llm4pc-defects4j-Closure-40-kPAR-patch1.patch,Correct,LLM4PC,['tmp/methods/llm4pc-defects4j-Closure-40-kPAR-patch1/source-0.java'],['tmp/methods/llm4pc-defects4j-Closure-40-kPAR-patch1/target-0.java'],kpar,['tmp/files/llm4pc-defects4j-Closure-40-kPAR-patch1/source-0-NameAnalyzer.java'],['tmp/files/llm4pc-defects4j-Closure-40-kPAR-patch1/target-0-NameAnalyzer.java'],overfitting
llm4pc-defects4j-Closure-86-SequenceR-patch1,defects4j-Closure-86,SequenceR,tmp/patches/cleaned/llm4pc-defects4j-Closure-86-SequenceR-patch1.patch,Correct,LLM4PC,['tmp/methods/llm4pc-defects4j-Closure-86-SequenceR-patch1/source-0.java'],['tmp/methods/llm4pc-defects4j-Closure-86-SequenceR-patch1/target-0.java'],sequencer,['tmp/files/llm4pc-defects4j-Closure-86-SequenceR-patch1/source-0-NodeUtil.java'],['tmp/files/llm4pc-defects4j-Closure-86-SequenceR-patch1/target-0-NodeUtil.java'],overfitting
llm4pc-defects4j-Closure-73-SequenceR-patch2,defects4j-Closure-73,SequenceR,tmp/patches/cleaned/llm4pc-defects4j-Closure-73-SequenceR-patch2.patch,Correct,LLM4PC,['tmp/methods/llm4pc-defects4j-Closure-73-SequenceR-patch2/source-0.java'],['tmp/methods/llm4pc-defects4j-Closure-73-SequenceR-patch2/target-0.java'],sequencer,['tmp/files/llm4pc-defects4j-Closure-73-SequenceR-patch2/source-0-CodeGenerator.java'],['tmp/files/llm4pc-defects4j-Closure-73-SequenceR-patch2/target-0-CodeGenerator.java'],overfitting
llm4pc-defects4j-Closure-18-SequenceR-patch1,defects4j-Closure-18,SequenceR,tmp/patches/cleaned/llm4pc-defects4j-Closure-18-SequenceR-patch1.patch,Correct,LLM4PC,['tmp/methods/llm4pc-defects4j-Closure-18-SequenceR-patch1/source-0.java'],['tmp/methods/llm4pc-defects4j-Closure-18-SequenceR-patch1/target-0.java'],sequencer,['tmp/files/llm4pc-defects4j-Closure-18-SequenceR-patch1/source-0-Compiler.java'],['tmp/files/llm4pc-defects4j-Closure-18-SequenceR-patch1/target-0-Compiler.java'],correct
llm4pc-defects4j-Closure-73-SequenceR-patch1,defects4j-Closure-73,SequenceR,tmp/patches/cleaned/llm4pc-defects4j-Closure-73-SequenceR-patch1.patch,Correct,LLM4PC,['tmp/methods/llm4pc-defects4j-Closure-73-SequenceR-patch1/source-0.java'],['tmp/methods/llm4pc-defects4j-Closure-73-SequenceR-patch1/target-0.java'],sequencer,['tmp/files/llm4pc-defects4j-Closure-73-SequenceR-patch1/source-0-CodeGenerator.java'],['tmp/files/llm4pc-defects4j-Closure-73-SequenceR-patch1/target-0-CodeGenerator.java'],overfitting
llm4pc-defects4j-Chart-1-SequenceR-patch1,defects4j-Chart-1,SequenceR,tmp/patches/cleaned/llm4pc-defects4j-Chart-1-SequenceR-patch1.patch,Correct,LLM4PC,['tmp/methods/llm4pc-defects4j-Chart-1-SequenceR-patch1/source-0.java'],['tmp/methods/llm4pc-defects4j-Chart-1-SequenceR-patch1/target-0.java'],sequencer,['tmp/files/llm4pc-defects4j-Chart-1-SequenceR-patch1/source-0-AbstractCategoryItemRenderer.java'],['tmp/files/llm4pc-defects4j-Chart-1-SequenceR-patch1/target-0-AbstractCategoryItemRenderer.java'],overfitting
llm4pc-defects4j-Chart-9-SequenceR-patch1,defects4j-Chart-9,SequenceR,tmp/patches/cleaned/llm4pc-defects4j-Chart-9-SequenceR-patch1.patch,Correct,LLM4PC,['tmp/methods/llm4pc-defects4j-Chart-9-SequenceR-patch1/source-0.java'],['tmp/methods/llm4pc-defects4j-Chart-9-SequenceR-patch1/target-0.java'],sequencer,['tmp/files/llm4pc-defects4j-Chart-9-SequenceR-patch1/source-0-TimeSeries.java'],['tmp/files/llm4pc-defects4j-Chart-9-SequenceR-patch1/target-0-TimeSeries.java'],overfitting
llm4pc-defects4j-Math-75-SequenceR-patch1,defects4j-Math-75,SequenceR,tmp/patches/cleaned/llm4pc-defects4j-Math-75-SequenceR-patch1.patch,Correct,LLM4PC,['tmp/methods/llm4pc-defects4j-Math-75-SequenceR-patch1/source-0.java'],['tmp/methods/llm4pc-defects4j-Math-75-SequenceR-patch1/target-0.java'],sequencer,['tmp/files/llm4pc-defects4j-Math-75-SequenceR-patch1/source-0-Frequency.java'],['tmp/files/llm4pc-defects4j-Math-75-SequenceR-patch1/target-0-Frequency.java'],overfitting
llm4pc-defects4j-Math-5-SequenceR-patch1,defects4j-Math-5,SequenceR,tmp/patches/cleaned/llm4pc-defects4j-Math-5-SequenceR-patch1.patch,Correct,LLM4PC,['tmp/methods/llm4pc-defects4j-Math-5-SequenceR-patch1/source-0.java'],['tmp/methods/llm4pc-defects4j-Math-5-SequenceR-patch1/target-0.java'],sequencer,['tmp/files/llm4pc-defects4j-Math-5-SequenceR-patch1/source-0-Complex.java'],['tmp/files/llm4pc-defects4j-Math-5-SequenceR-patch1/target-0-Complex.java'],overfitting
llm4pc-defects4j-Math-82-SequenceR-patch1,defects4j-Math-82,SequenceR,tmp/patches/cleaned/llm4pc-defects4j-Math-82-SequenceR-patch1.patch,Correct,LLM4PC,['tmp/methods/llm4pc-defects4j-Math-82-SequenceR-patch1/source-0.java'],['tmp/methods/llm4pc-defects4j-Math-82-SequenceR-patch1/target-0.java'],sequencer,['tmp/files/llm4pc-defects4j-Math-82-SequenceR-patch1/source-0-SimplexSolver.java'],['tmp/files/llm4pc-defects4j-Math-82-SequenceR-patch1/target-0-SimplexSolver.java'],overfitting
llm4pc-defects4j-Math-82-SequenceR-patch2,defects4j-Math-82,SequenceR,tmp/patches/cleaned/llm4pc-defects4j-Math-82-SequenceR-patch2.patch,Correct,LLM4PC,['tmp/methods/llm4pc-defects4j-Math-82-SequenceR-patch2/source-0.java'],['tmp/methods/llm4pc-defects4j-Math-82-SequenceR-patch2/target-0.java'],sequencer,['tmp/files/llm4pc-defects4j-Math-82-SequenceR-patch2/source-0-SimplexSolver.java'],['tmp/files/llm4pc-defects4j-Math-82-SequenceR-patch2/target-0-SimplexSolver.java'],overfitting
llm4pc-defects4j-Closure-115-Kali-patch1,defects4j-Closure-115,Kali,tmp/patches/cleaned/llm4pc-defects4j-Closure-115-Kali-patch1.patch,Correct,LLM4PC,['tmp/methods/llm4pc-defects4j-Closure-115-Kali-patch1/source-0.java'],['tmp/methods/llm4pc-defects4j-Closure-115-Kali-patch1/target-0.java'],kali,['tmp/files/llm4pc-defects4j-Closure-115-Kali-patch1/source-0-FunctionInjector.java'],['tmp/files/llm4pc-defects4j-Closure-115-Kali-patch1/target-0-FunctionInjector.java'],overfitting
llm4pc-defects4j-Math-50-Kali-patch1,defects4j-Math-50,Kali,tmp/patches/cleaned/llm4pc-defects4j-Math-50-Kali-patch1.patch,Correct,LLM4PC,['tmp/methods/llm4pc-defects4j-Math-50-Kali-patch1/source-0.java'],['tmp/methods/llm4pc-defects4j-Math-50-Kali-patch1/target-0.java'],kali,['tmp/files/llm4pc-defects4j-Math-50-Kali-patch1/source-0-BaseSecantSolver.java'],['tmp/files/llm4pc-defects4j-Math-50-Kali-patch1/target-0-BaseSecantSolver.java'],overfitting
llm4pc-defects4j-Math-50-DynaMoth-patch1,defects4j-Math-50,DynaMoth,tmp/patches/cleaned/llm4pc-defects4j-Math-50-DynaMoth-patch1.patch,Correct,LLM4PC,['tmp/methods/llm4pc-defects4j-Math-50-DynaMoth-patch1/source-0.java'],['tmp/methods/llm4pc-defects4j-Math-50-DynaMoth-patch1/target-0.java'],dynamoth,['tmp/files/llm4pc-defects4j-Math-50-DynaMoth-patch1/source-0-BaseSecantSolver.java'],['tmp/files/llm4pc-defects4j-Math-50-DynaMoth-patch1/target-0-BaseSecantSolver.java'],overfitting
llm4pc-defects4j-Lang-51-SOFix-patch1,defects4j-Lang-51,SOFix,tmp/patches/cleaned/llm4pc-defects4j-Lang-51-SOFix-patch1.patch,Correct,LLM4PC,['tmp/methods/llm4pc-defects4j-Lang-51-SOFix-patch1/source-0.java'],['tmp/methods/llm4pc-defects4j-Lang-51-SOFix-patch1/target-0.java'],sofix,['tmp/files/llm4pc-defects4j-Lang-51-SOFix-patch1/source-0-BooleanUtils.java'],['tmp/files/llm4pc-defects4j-Lang-51-SOFix-patch1/target-0-BooleanUtils.java'],overfitting
llm4pc-defects4j-Lang-6-SOFix-patch1,defects4j-Lang-6,SOFix,tmp/patches/cleaned/llm4pc-defects4j-Lang-6-SOFix-patch1.patch,Correct,LLM4PC,['tmp/methods/llm4pc-defects4j-Lang-6-SOFix-patch1/source-0.java'],['tmp/methods/llm4pc-defects4j-Lang-6-SOFix-patch1/target-0.java'],sofix,['tmp/files/llm4pc-defects4j-Lang-6-SOFix-patch1/source-0-CharSequenceTranslator.java'],['tmp/files/llm4pc-defects4j-Lang-6-SOFix-patch1/target-0-CharSequenceTranslator.java'],overfitting
llm4pc-defects4j-Chart-4-SOFix-patch1,defects4j-Chart-4,SOFix,tmp/patches/cleaned/llm4pc-defects4j-Chart-4-SOFix-patch1.patch,Correct,LLM4PC,['tmp/methods/llm4pc-defects4j-Chart-4-SOFix-patch1/source-0.java'],['tmp/methods/llm4pc-defects4j-Chart-4-SOFix-patch1/target-0.java'],sofix,['tmp/files/llm4pc-defects4j-Chart-4-SOFix-patch1/source-0-XYPlot.java'],['tmp/files/llm4pc-defects4j-Chart-4-SOFix-patch1/target-0-XYPlot.java'],correct
llm4pc-defects4j-Chart-26-SOFix-patch1,defects4j-Chart-26,SOFix,tmp/patches/cleaned/llm4pc-defects4j-Chart-26-SOFix-patch1.patch,Correct,LLM4PC,['tmp/methods/llm4pc-defects4j-Chart-26-SOFix-patch1/source-0.java'],['tmp/methods/llm4pc-defects4j-Chart-26-SOFix-patch1/target-0.java'],sofix,['tmp/files/llm4pc-defects4j-Chart-26-SOFix-patch1/source-0-Axis.java'],['tmp/files/llm4pc-defects4j-Chart-26-SOFix-patch1/target-0-Axis.java'],overfitting
llm4pc-defects4j-Chart-24-SOFix-patch1,defects4j-Chart-24,SOFix,tmp/patches/cleaned/llm4pc-defects4j-Chart-24-SOFix-patch1.patch,Correct,LLM4PC,['tmp/methods/llm4pc-defects4j-Chart-24-SOFix-patch1/source-0.java'],['tmp/methods/llm4pc-defects4j-Chart-24-SOFix-patch1/target-0.java'],sofix,['tmp/files/llm4pc-defects4j-Chart-24-SOFix-patch1/source-0-GrayPaintScale.java'],['tmp/files/llm4pc-defects4j-Chart-24-SOFix-patch1/target-0-GrayPaintScale.java'],overfitting
llm4pc-defects4j-Math-85-SOFix-patch1,defects4j-Math-85,SOFix,tmp/patches/cleaned/llm4pc-defects4j-Math-85-SOFix-patch1.patch,Correct,LLM4PC,['tmp/methods/llm4pc-defects4j-Math-85-SOFix-patch1/source-0.java'],['tmp/methods/llm4pc-defects4j-Math-85-SOFix-patch1/target-0.java'],sofix,['tmp/files/llm4pc-defects4j-Math-85-SOFix-patch1/source-0-UnivariateRealSolverUtils.java'],['tmp/files/llm4pc-defects4j-Math-85-SOFix-patch1/target-0-UnivariateRealSolverUtils.java'],overfitting
llm4pc-defects4j-Math-70-SOFix-patch1,defects4j-Math-70,SOFix,tmp/patches/cleaned/llm4pc-defects4j-Math-70-SOFix-patch1.patch,Correct,LLM4PC,['tmp/methods/llm4pc-defects4j-Math-70-SOFix-patch1/source-0.java'],['tmp/methods/llm4pc-defects4j-Math-70-SOFix-patch1/target-0.java'],sofix,['tmp/files/llm4pc-defects4j-Math-70-SOFix-patch1/source-0-BisectionSolver.java'],['tmp/files/llm4pc-defects4j-Math-70-SOFix-patch1/target-0-BisectionSolver.java'],overfitting
llm4pc-defects4j-Math-80-SOFix-patch1,defects4j-Math-80,SOFix,tmp/patches/cleaned/llm4pc-defects4j-Math-80-SOFix-patch1.patch,Correct,LLM4PC,['tmp/methods/llm4pc-defects4j-Math-80-SOFix-patch1/source-0.java'],['tmp/methods/llm4pc-defects4j-Math-80-SOFix-patch1/target-0.java'],sofix,['tmp/files/llm4pc-defects4j-Math-80-SOFix-patch1/source-0-EigenDecompositionImpl.java'],['tmp/files/llm4pc-defects4j-Math-80-SOFix-patch1/target-0-EigenDecompositionImpl.java'],overfitting
llm4pc-defects4j-Math-33-SOFix-patch1,defects4j-Math-33,SOFix,tmp/patches/cleaned/llm4pc-defects4j-Math-33-SOFix-patch1.patch,Correct,LLM4PC,['tmp/methods/llm4pc-defects4j-Math-33-SOFix-patch1/source-0.java'],['tmp/methods/llm4pc-defects4j-Math-33-SOFix-patch1/target-0.java'],sofix,['tmp/files/llm4pc-defects4j-Math-33-SOFix-patch1/source-0-SimplexTableau.java'],['tmp/files/llm4pc-defects4j-Math-33-SOFix-patch1/target-0-SimplexTableau.java'],overfitting
llm4pc-defects4j-Math-50-SOFix-patch1,defects4j-Math-50,SOFix,tmp/patches/cleaned/llm4pc-defects4j-Math-50-SOFix-patch1.patch,Correct,LLM4PC,['tmp/methods/llm4pc-defects4j-Math-50-SOFix-patch1/source-0.java'],['tmp/methods/llm4pc-defects4j-Math-50-SOFix-patch1/target-0.java'],sofix,['tmp/files/llm4pc-defects4j-Math-50-SOFix-patch1/source-0-BaseSecantSolver.java'],['tmp/files/llm4pc-defects4j-Math-50-SOFix-patch1/target-0-BaseSecantSolver.java'],overfitting
llm4pc-defects4j-Lang-43-CapGen-patch3,defects4j-Lang-43,CapGen,tmp/patches/cleaned/llm4pc-defects4j-Lang-43-CapGen-patch3.patch,Correct,LLM4PC,['tmp/methods/llm4pc-defects4j-Lang-43-CapGen-patch3/source-0.java'],['tmp/methods/llm4pc-defects4j-Lang-43-CapGen-patch3/target-0.java'],capgen,['tmp/files/llm4pc-defects4j-Lang-43-CapGen-patch3/source-0-ExtendedMessageFormat.java'],['tmp/files/llm4pc-defects4j-Lang-43-CapGen-patch3/target-0-ExtendedMessageFormat.java'],overfitting
llm4pc-defects4j-Lang-57-CapGen-patch1,defects4j-Lang-57,CapGen,tmp/patches/cleaned/llm4pc-defects4j-Lang-57-CapGen-patch1.patch,Correct,LLM4PC,['tmp/methods/llm4pc-defects4j-Lang-57-CapGen-patch1/source-0.java'],['tmp/methods/llm4pc-defects4j-Lang-57-CapGen-patch1/target-0.java'],capgen,['tmp/files/llm4pc-defects4j-Lang-57-CapGen-patch1/source-0-LocaleUtils.java'],['tmp/files/llm4pc-defects4j-Lang-57-CapGen-patch1/target-0-LocaleUtils.java'],overfitting
llm4pc-defects4j-Lang-57-CapGen-patch3,defects4j-Lang-57,CapGen,tmp/patches/cleaned/llm4pc-defects4j-Lang-57-CapGen-patch3.patch,Correct,LLM4PC,['tmp/methods/llm4pc-defects4j-Lang-57-CapGen-patch3/source-0.java'],['tmp/methods/llm4pc-defects4j-Lang-57-CapGen-patch3/target-0.java'],capgen,['tmp/files/llm4pc-defects4j-Lang-57-CapGen-patch3/source-0-LocaleUtils.java'],['tmp/files/llm4pc-defects4j-Lang-57-CapGen-patch3/target-0-LocaleUtils.java'],overfitting
llm4pc-defects4j-Lang-26-CapGen-patch1,defects4j-Lang-26,CapGen,tmp/patches/cleaned/llm4pc-defects4j-Lang-26-CapGen-patch1.patch,Correct,LLM4PC,['tmp/methods/llm4pc-defects4j-Lang-26-CapGen-patch1/source-0.java'],['tmp/methods/llm4pc-defects4j-Lang-26-CapGen-patch1/target-0.java'],capgen,['tmp/files/llm4pc-defects4j-Lang-26-CapGen-patch1/source-0-FastDateFormat.java'],['tmp/files/llm4pc-defects4j-Lang-26-CapGen-patch1/target-0-FastDateFormat.java'],overfitting
llm4pc-defects4j-Lang-57-CapGen-patch2,defects4j-Lang-57,CapGen,tmp/patches/cleaned/llm4pc-defects4j-Lang-57-CapGen-patch2.patch,Correct,LLM4PC,['tmp/methods/llm4pc-defects4j-Lang-57-CapGen-patch2/source-0.java'],['tmp/methods/llm4pc-defects4j-Lang-57-CapGen-patch2/target-0.java'],capgen,['tmp/files/llm4pc-defects4j-Lang-57-CapGen-patch2/source-0-LocaleUtils.java'],['tmp/files/llm4pc-defects4j-Lang-57-CapGen-patch2/target-0-LocaleUtils.java'],overfitting
llm4pc-defects4j-Math-58-CapGen-patch1,defects4j-Math-58,CapGen,tmp/patches/cleaned/llm4pc-defects4j-Math-58-CapGen-patch1.patch,Correct,LLM4PC,['tmp/methods/llm4pc-defects4j-Math-58-CapGen-patch1/source-0.java'],['tmp/methods/llm4pc-defects4j-Math-58-CapGen-patch1/target-0.java'],capgen,['tmp/files/llm4pc-defects4j-Math-58-CapGen-patch1/source-0-GaussianFitter.java'],['tmp/files/llm4pc-defects4j-Math-58-CapGen-patch1/target-0-GaussianFitter.java'],overfitting
llm4pc-defects4j-Math-63-CapGen-patch1,defects4j-Math-63,CapGen,tmp/patches/cleaned/llm4pc-defects4j-Math-63-CapGen-patch1.patch,Correct,LLM4PC,['tmp/methods/llm4pc-defects4j-Math-63-CapGen-patch1/source-0.java'],['tmp/methods/llm4pc-defects4j-Math-63-CapGen-patch1/target-0.java'],capgen,['tmp/files/llm4pc-defects4j-Math-63-CapGen-patch1/source-0-MathUtils.java'],['tmp/files/llm4pc-defects4j-Math-63-CapGen-patch1/target-0-MathUtils.java'],overfitting
llm4pc-defects4j-Math-65-CapGen-patch1,defects4j-Math-65,CapGen,tmp/patches/cleaned/llm4pc-defects4j-Math-65-CapGen-patch1.patch,Correct,LLM4PC,['tmp/methods/llm4pc-defects4j-Math-65-CapGen-patch1/source-0.java'],['tmp/methods/llm4pc-defects4j-Math-65-CapGen-patch1/target-0.java'],capgen,['tmp/files/llm4pc-defects4j-Math-65-CapGen-patch1/source-0-AbstractLeastSquaresOptimizer.java'],['tmp/files/llm4pc-defects4j-Math-65-CapGen-patch1/target-0-AbstractLeastSquaresOptimizer.java'],overfitting
llm4pc-defects4j-Math-53-CapGen-patch1,defects4j-Math-53,CapGen,tmp/patches/cleaned/llm4pc-defects4j-Math-53-CapGen-patch1.patch,Correct,LLM4PC,['tmp/methods/llm4pc-defects4j-Math-53-CapGen-patch1/source-0.java'],['tmp/methods/llm4pc-defects4j-Math-53-CapGen-patch1/target-0.java'],capgen,['tmp/files/llm4pc-defects4j-Math-53-CapGen-patch1/source-0-Complex.java'],['tmp/files/llm4pc-defects4j-Math-53-CapGen-patch1/target-0-Complex.java'],overfitting
llm4pc-defects4j-Math-85-jMutRepair-patch1,defects4j-Math-85,jMutRepair,tmp/patches/cleaned/llm4pc-defects4j-Math-85-jMutRepair-patch1.patch,Correct,LLM4PC,['tmp/methods/llm4pc-defects4j-Math-85-jMutRepair-patch1/source-0.java'],['tmp/methods/llm4pc-defects4j-Math-85-jMutRepair-patch1/target-0.java'],jmutrepair,['tmp/files/llm4pc-defects4j-Math-85-jMutRepair-patch1/source-0-UnivariateRealSolverUtils.java'],['tmp/files/llm4pc-defects4j-Math-85-jMutRepair-patch1/target-0-UnivariateRealSolverUtils.java'],overfitting
llm4pc-defects4j-Math-82-jMutRepair-patch1,defects4j-Math-82,jMutRepair,tmp/patches/cleaned/llm4pc-defects4j-Math-82-jMutRepair-patch1.patch,Correct,LLM4PC,['tmp/methods/llm4pc-defects4j-Math-82-jMutRepair-patch1/source-0.java'],['tmp/methods/llm4pc-defects4j-Math-82-jMutRepair-patch1/target-0.java'],jmutrepair,['tmp/files/llm4pc-defects4j-Math-82-jMutRepair-patch1/source-0-SimplexSolver.java'],['tmp/files/llm4pc-defects4j-Math-82-jMutRepair-patch1/target-0-SimplexSolver.java'],overfitting
llm4pc-defects4j-Closure-115-RSRepair-patch1,defects4j-Closure-115,RSRepair,tmp/patches/cleaned/llm4pc-defects4j-Closure-115-RSRepair-patch1.patch,Correct,LLM4PC,['tmp/methods/llm4pc-defects4j-Closure-115-RSRepair-patch1/source-0.java'],['tmp/methods/llm4pc-defects4j-Closure-115-RSRepair-patch1/target-0.java'],rsrepair,['tmp/files/llm4pc-defects4j-Closure-115-RSRepair-patch1/source-0-FunctionInjector.java'],['tmp/files/llm4pc-defects4j-Closure-115-RSRepair-patch1/target-0-FunctionInjector.java'],overfitting
llm4pc-defects4j-Closure-126-RSRepair-patch1,defects4j-Closure-126,RSRepair,tmp/patches/cleaned/llm4pc-defects4j-Closure-126-RSRepair-patch1.patch,Correct,LLM4PC,['tmp/methods/llm4pc-defects4j-Closure-126-RSRepair-patch1/source-0.java'],['tmp/methods/llm4pc-defects4j-Closure-126-RSRepair-patch1/target-0.java'],rsrepair,['tmp/files/llm4pc-defects4j-Closure-126-RSRepair-patch1/source-0-MinimizeExitPoints.java'],['tmp/files/llm4pc-defects4j-Closure-126-RSRepair-patch1/target-0-MinimizeExitPoints.java'],overfitting
